materials-id,composition,target
40257,YbTiO3,False
37020,YTcN3,False
51304,NdBS3,False
27071,KAuF4,True
37015,VMo,False
28937,AlCoO3,False
9257,Be2CrFe,False
10162,BeFe2Re,False
50967,CePr3,False
11509,BeNiGe2,False
35721,Sm3Sc,False
3794,CF2,False
37819,LiTiCoO4,False
8456,Be2InRe,False
47358,Ti2Sb,False
26128,ZnRh2O4,False
44432,LiRhF6,False
33594,Ba2InBrO3,False
50489,PuPt3,False
44830,Li3TaO4,False
37265,SmSnAu2,False
47005,MgCrO3,False
52171,KCu2S2O10,False
21154,Ca3MnO4,False
22492,HoTaO4,False
37881,Li3VPCO7,False
50921,RbS,False
26415,NdInAu2,False
4272,TaBeBr4,False
27096,NdTa3O9,False
1215,LaCuSb2,False
46936,Pm2PtRh,False
6007,Be2FeIr,False
48480,LiMn2P2H4O10,False
47040,Te5Mo4S3,False
4018,MgBeCu4,True
43811,Na2AgSbCl6,True
26480,In6TeO12,False
52707,Na2AgAs,False
7137,Al2O3,False
53439,LaAlO2,False
22478,CuBr,False
37305,TbH3,False
16770,Li3Eu,False
905,WSe2,False
46627,Pr2Au,False
118,YbNi5,False
32062,Er2ZnTc,False
53876,BeTeBr,False
33345,HoP2Ru2,False
15116,Li2NiSnO4,False
35296,MnAlPd2,False
24727,VO2,False
24521,YCoF5,False
41412,H8PtN2Cl2O2,False
34718,Lu2TlAg,False
25741,SbPO4,False
29899,ZnFeF4,True
3902,MgBIr,False
38019,TbKS2,False
24054,NaCuTe,True
48260,SbAsF,False
4504,NdCr2B6,False
50112,Li2MnCl4,False
7846,BeGaP,False
36575,NpP3,False
5379,BaCaTi,False
27969,ZrSbRu2,False
49317,Lu3BiRu4O14,False
8983,PrTaO4,False
52804,LiFe2O3,False
14506,Tb3Dy,False
46832,Dy3Co6Sn5,False
13745,Na2HfN2,False
35208,K3YB2O6,False
52979,Cu2SnSe3,False
2308,BaMg7,False
16711,AlInSb2,False
41848,NiB2O4,False
26983,YTlTe2,False
38013,Zn2PtRh,False
52667,BaYO,False
50925,Sr2PrFe3O9,False
34974,Sm3Cr,False
8980,MnBe2Cd,False
23814,NaRuO2,False
19965,CuS2,False
2998,Nb5Ge3,False
36293,NaTmO2,False
9362,Sr3MgPtO6,False
38930,Li2Si2Ni2O7,False
53620,InBr4O,False
14090,MgTi,False
38783,CeRh3C,False
38877,Ba2SbI,False
51809,TiNF,False
15540,ErTmPd2,False
104,BaSm2CoO5,False
31177,LiLuF4,True
11776,ReCl6,False
7785,YbGeIr,False
20053,PrCdAu,True
49566,Li7Mn5O12,False
48262,Rb2AlOF5,True
12361,Li8FeO5F,False
1071,Lu5NiPb3,False
12282,TbCaPd2,False
3461,Ca3SiBr2,False
6433,Sr2CuB2O6,False
9177,NpCr2Ge2,False
9016,HfBeCu,False
30502,TmAlSi,False
42924,Al3Ni2,False
11921,Na3LuSi2O7,False
6281,Tb2Al3Si2,False
51677,RbSnBr3,False
25853,ZnBi2O4,False
20146,K2NaAuF6,True
48733,Nb3IrSe8,False
307,Li3P7,False
35669,Tm5Sb3,False
19047,U3Al3CoRh2,False
35536,NaCdO3,False
23243,TaS2,False
32980,Al4Bi2O9,False
54123,Sr7CaIr2O12,False
43297,LiZnNi2,False
5862,Ba4HfTi,False
42886,CaPtO3,False
16655,CrS2,False
32431,SmAg2Sn,False
24784,Tl3PO4,False
31819,Yb3Sb5O12,False
464,SmCoSb2,False
5753,YBeMo,False
14938,CdBr2N2,False
37958,Li2MnF6,False
11764,BN,False
35586,AgSbTe2,False
12705,Pr3Hf,False
30706,CdCl2,False
8583,CaBe2Tl,False
16723,BaAs2Pd2,False
42887,CoNiTe4,False
22515,SrVO3,False
14959,CdI2,False
50431,CeYIn6,False
32473,TiZnCo2,False
15987,ZrMnCu2Se4,False
50041,Li4Fe3Ni3O12,False
33082,BaCa3O4,False
46430,Te2Mo3WSe6,False
52325,UAgF6,False
2755,KTaBe2,False
27409,Li2HgPt,False
5737,EuP2Rh2,False
16953,Li2MgZn,False
9586,LiNbO2,False
49999,H4C7O2,False
33523,Co2CuS4,False
4917,BaInPb2,False
21572,BaPrMn2O5,False
1910,BeNi4Os,False
50898,Rb2TaAgI6,False
7253,Sc2BeSb,False
31861,Sc2AgOs,False
32385,LiCa2Rh,False
13141,Na2SrBe,False
26310,MgSn,False
5239,Ba2HfNi,False
32079,TbYbRh2,False
32276,ErTe2,False
21680,LiBeAs,False
34808,TaTiMn2,False
50077,BaH2Br,False
45814,Ta2Hg3SO4F10,False
1006,LaMnO3,False
44691,YbP5,False
28242,U3Cl,False
7602,LiH,False
36561,Th3B,False
26245,FeO2,False
36918,Sr2CuCN2O2,False
49906,LiAsO,False
18903,Sr2MgMoO6,False
28308,K2NaHg,True
863,MnTe,False
6084,BeTe2Pd,False
30630,HoAlAu2,False
3818,Te2Au,False
47551,LiSiAg2,False
28808,RbSb,False
42602,BaTmFeCuO5,False
34755,RbAcO3,False
17833,ZnH10C7O4,False
13466,Na2LiBiBr6,True
53558,Sr3Ta2ZnO9,False
51229,CIN,False
45624,CeH3O3,False
28461,InP,False
20791,TaVO4,False
42222,Tm2SnAu2,False
13701,K4GeH4N2O3,False
14788,LaBrO,False
8287,Li12Mg3Si4,False
3921,K4TeP4H10O20,False
46822,ScRe2,False
37422,AcCrO3,False
31219,YbNi4Au,False
29361,FeBr3,False
8008,NaNbO2,False
42536,Nd4MnSe6O,False
21469,Pb4Se3S,False
18120,ZnCdO2,False
12042,Be2C,False
51406,Fe3O5F,False
28859,Li2AgAs,False
26450,Mg3C,False
29198,KPt2Se3,False
25577,SbO2,False
41458,YbSn2Pd,False
18388,Rb2NaYCl6,True
6263,BeSiCl,False
24415,ReF6,False
18099,OsPt4,False
4670,BiPO4,False
51645,BaZnF,False
31734,BaHg,False
6574,Tb4Ga12Pt,False
35891,PrLuIn2,False
18634,CoPt3,False
17590,KTlCo4Se4,False
7942,SrCd2,False
48984,Ba2LaMn2O7,False
42463,Rb3Pb,True
54397,Li3Cr5O8,False
40126,UCo2Si2,False
25009,Rb2SnAs2,False
40295,Li12Mn2O9,False
42586,Mn2ZnS4,False
23907,LiDy2Br5,False
20719,SrCd2Sb2,True
27122,MoH2O4,False
12531,TaVH4,False
17901,ZnH4C4O4,False
30984,TmB4Rh,False
14747,Tm2InNi2,False
39348,Cd2P3Cl,False
41251,Be2P2O7,False
48256,AsSF,False
36557,Ho3In,False
24392,BaTe,False
41836,Ca2SnS4,False
32724,DyIn3Cu2,True
32116,Pr2AlCo2,False
52914,K2NaNbO2F4,False
136,PH5N2O4,False
48484,Y2GaN3,False
22112,TmI2,False
19095,TlIn,False
37160,Ba3Te,False
15066,TiS2,False
35254,TbSe,False
50632,LiCoSiO4,False
12499,LiCo3OF5,False
40325,Ca2YBiO5,False
132,Ho6ReO12,False
18084,Al2TcPd,False
34364,V3Os,False
1213,Li3Cr2Ni2O8,False
16281,KYO3,False
7772,CoI2,False
47722,Na2InGaF6,True
27601,Ba5Sb4,False
25031,CaNi2O4,False
33298,Pm2SiNi,False
5746,Ba4PdRh,False
31291,AlZnIr2,False
23485,BiN,False
9077,SmH2,False
47875,AgPS,False
32249,NaClO4,False
20484,Ba2CoNiS4,False
6911,BeTlMo,False
46784,LiAgO,False
41723,Ba4VTe,False
41591,ErInPd2,False
39005,LiVFeO4,False
24253,LiCuCO3,False
35932,Rb3Tc,False
9026,KRb2ScI6,True
7531,Be2CoBi,False
14009,CaIn2N2,False
1559,Ba4HgP,False
6408,CaBeCd2,True
31493,SrAl2S4,False
4428,LaZnAsO,False
37266,YbMgO3,False
41465,Mn2N,False
22143,HgMo6S8,False
32575,V3B2,False
25106,NaSi2N3,False
49984,BaSr4Fe5O10,False
43911,LiGa2Pt,False
17745,ZrCoSn,False
42266,HoAgSn2,False
34615,TbSmHg2,True
14144,DySe,False
12870,CaV3O7,False
46863,Te3Pd10,False
53574,Li3MnCoO5,False
33035,Ti3Bi,False
18098,NaAg3,False
12814,TiCu2,False
33996,PtO2,False
15623,HoSi2,False
30923,CaNi2S4,False
978,BaYIn,False
1527,PrMo6O12,False
30974,BaZn2Sn2,True
47210,Rb2NaPrI6,True
54294,Ca2Br,False
46357,KMgF3,True
24234,Sr3P4,False
6604,Tb2B2C3,False
39468,HoZn,False
28125,TlNi2S2,False
6256,Yb2CdSb2,True
32722,ScB4Ir3,False
52368,HSO,False
53228,Li2VCr3O8,False
29714,CaIn2O4,False
27157,V2CdO6,False
4985,LiBeCd,False
28482,BiPd,False
11524,As2W,False
41682,Ba4CdCu,True
46712,TbScO3,False
35465,ZrBeSi,False
16902,InGaCuAgSe4,False
34344,Sm2TlCd,False
42339,YTmRu2,False
42569,LuPS4,False
41198,CeNi5,False
47975,MnHO2,False
8279,BeCo2Br,False
47149,SmAlGa,False
45337,SrB2Ir2,False
25276,CuCSN,False
3839,Ba4ReTc,False
45762,CaSnS3,False
41269,SbPbClO2,False
11352,MgBe2P,False
48155,Mg2Mn3NiS8,False
43059,LiLa2Al,False
40820,Li3CoCu4O8,False
21900,NiO,False
1642,CaGaGe,True
28755,KLiMnS2,False
47820,CaN,False
47480,Dy3Mn3Ga2Si,False
52021,Li2Mn3FeO8,False
41093,Ca3SnH2,False
36362,Mg5H8O9,False
24836,BaYCuMoO5,False
14639,Ca3PCl3,False
49842,YPbS,False
4565,Ba2ScPb,False
34062,Li3CuS2,False
11532,BeCr2Tc,False
14480,RbSiBiS4,False
25559,Ca2VN3,False
14770,YAlFe,False
10525,ScHCl,False
4838,BaSnPb2,False
3040,CaMg3,False
20510,MgOs,False
48846,CaZrO2,False
10466,CaMg5,False
22960,ScGaO3,False
48932,MgZn5N4,False
11742,MgCd3,False
45979,Yb4As3,False
11633,ZrVF6,False
2669,K2SnBr6,True
43091,Li4TeO5,False
24533,BaCu,True
14330,PrMnCoGe2,False
26780,CaV4S8,False
12397,Be2PbCl,False
23889,ZnCrF6,False
11148,U2RuC2,False
15750,K2O,False
18827,UCuSi,False
11995,K2Be2Se,False
10046,CaBe2Cr,False
19996,Tl2Cl3,False
907,Ba4HgBi,False
41292,CeNi2As2,False
39306,Li4Mn3FeB4O12,False
52559,NaMnO4,False
42370,Li2NiO3,False
30496,Tl2CuAsO4,False
7641,DySi2Rh3,False
25042,Li2DyTl,False
35001,Nd3I,False
41156,Dy3PbC,False
1519,HfScBe2,False
35815,Tb2Tl,False
6969,MgBeSe,False
26730,CrSe2,False
25298,CrAgSe2,False
1847,ErZnPd,False
37102,SeCl,False
26803,TiF3,False
13189,MnBe2Ni,False
41578,DyHg2,False
54233,AgSbF,False
47199,MnVP2,False
45935,Sc2CoSi2,False
26429,Sb2Te3,False
54447,GaPS4,False
29599,InI3O9,False
46154,NdCd2,False
48424,NdGa2Co3,False
27612,MnGaNi2,False
21968,K3BiTe3,False
19757,LiMnF3,False
34622,K2H4Pt,False
77,CeTiO3,False
32143,Tl3VSe4,False
54041,MgSc,False
54537,BiSe2,False
44648,DyAgTe2,False
34305,NdB4Ir4,False
40613,FeNi,False
17760,Hf3Bi,False
33699,HoCl2,True
17287,La2In3Sn3,False
47928,AlB3,False
26584,CeYIn2,False
6462,NaBeV,False
24709,Ba3P4,False
42528,LuMgIn,True
6465,Zr2Be2Tl,False
54208,ZrIn,False
11430,BeMo4Os,False
41629,LiCoP2O7,False
48812,Y3Co,False
49641,CaWO4,False
47134,K2YHgCl6,True
19092,Ca4CN4,False
3470,Rb2ZnCl4,True
44313,NaSbS2,False
10574,Fe3BO6,False
13596,Li3Mn4O8,False
49549,Sr4Fe4O11,False
39731,Li2Mn2CuO6,False
32148,Sc3P2,False
16474,TlAu3,False
41528,Cd2Hg,False
40211,MgBi2O4,False
33947,Pr2O3,False
36434,Mn2CrO6,False
40406,Ho2ZnIr,False
43880,Mn3ZnN,False
32059,Dy4Sb3,False
30588,In3AsSe3,False
27947,CrFeTe,False
897,Ba4TeW,False
947,Y6TeO12,False
20563,Bi4Te3,False
30576,HfVSi,False
15906,KNaMg2F6,False
51249,SrF2,True
38962,AlCoO3,False
29562,YBiO3,False
5422,BaCd2Bi,True
5467,NpH3,False
24500,PrZn5,True
34171,Sc2RuAu,False
38114,InH5N2F2,False
36535,Ga3Ge,False
11236,Be2ZnRh,False
30538,Ba3P2,False
7261,NdFeGe2,False
6545,Mg3Zn,False
46470,Li2CO3,False
10992,NbPS,False
42785,PrInAg2,False
31422,NdSnPd,False
19340,SmTmS2,False
21101,Rb2HgBiI6,True
30325,Mo3WSe4S4,False
26779,TaS2,False
24450,Sb2Rh,False
28138,Pm2RuRh,False
28751,SrHfO3,False
857,Be2FeW,False
44486,Tl2Bi2Te3Se,False
41421,BaGe2S5,False
19738,Li2CrNiO4,False
34841,ZrCoAs,False
28864,CaUS2,False
21695,HfThTc2,False
15778,Li2VFeO4,False
18420,EuNiP,False
42731,CePuCo4,False
43526,NpRu2,False
26198,MgCrSiO5,False
43783,Mg5Ge,True
27788,TmAlO3,False
40960,TiNiSb,False
15632,NdYZn2,False
30722,Te2MoWSe2,False
31988,LiSiBO4,False
41725,Ba4TaSb,False
9385,Mg6NbCo,False
23753,BC2N,False
12103,MgF2,True
6983,Ti2AsOs,False
5016,VFeAs,False
33623,LiZn2Pt,True
38731,InSb2Se4Br,False
6169,SrGa2,True
10535,NaMnBe2,False
24642,CaCoF6,True
46347,YClO,False
46491,In5AgS8,False
53075,TiOF4,False
24464,BaPrCo2O6,False
16090,Ca2Ti6N2O11,False
39538,NiH12Cl2O6,False
2575,Fe3O4,False
41990,Dy2Ge2O7,False
4080,MgTi,False
19546,H6C7SO,False
1510,Li3TiNi2O6,False
26393,Rb2TaCuSe4,False
36935,MgS2O7,False
23519,ZnCu2N2,False
16731,Na2RuAuF6,False
23887,Li3FeSiO5,False
37510,BOsO3,False
41617,P2Se5,False
17950,H6C6SO,False
22421,Li4CuF7,False
30403,Rb2KCoF6,False
20734,BaNdFe2O6,False
48601,NaGe,False
9644,TiBeP,False
28413,Ba2CuPd,False
20432,Yb3P,False
34650,Ti2ZnRe,False
19920,YbCeCu2,False
36917,V2ReRu,False
4754,Ba2CaMo,False
33122,Mg4P6Rh7,False
8060,BaEuFe2O5,False
28073,CaSb2O4,False
52,RbVF3,False
10721,MgBe2Sn,False
53039,Y6CrGe2S14,False
35046,LiCeO3,False
47677,Zn3Si,True
34690,MnNiP,False
54533,BaSe2,False
10143,HfBeTl,False
30561,ZnPPt5,False
13669,NbFe2,False
50221,HfBeP,False
53655,MgN,False
36273,CeBrO,False
20192,Y3Sb,False
43934,SmAlSi,False
5995,NpO,False
33964,Be2CuRh,False
47747,B5H11,False
44917,NpGe2Rh2,False
17710,Y3Bi,False
4644,TbSnPt2,False
41149,Sr5As3H,False
11873,BeRuPb2,False
11278,TiBe4Nb,False
31853,NpSeO,False
27709,SrMg,False
5428,BaLiRh2,False
6162,Eu2PI,False
27772,NbSiRu2,False
8193,InNiAs,False
17227,BaLaFe2O6,False
44352,BaAgSb,False
11830,ScBe2Sb,False
34360,IClOF,False
17595,NbMo,False
41996,SrGe2Ir2,False
21235,Be2ReCl,False
279,Ti3Ge,False
35377,Ho3Zr,False
14314,Ba3NiO4,False
17650,PdAu3,False
18969,H2C,False
23009,Dy2Se3,False
6147,BeCoIr2,False
801,RuN6Cl2,False
15207,LiCd2Ni,True
43628,Cr3As,False
20774,Ba3La,False
34142,ReRh3,False
27540,Hf3N2O3,False
40706,CuCl,False
52744,Er4OsBr4,False
35382,PuRu2,False
40309,InSb,False
10855,Li3CrS4,False
34962,SmGaO3,False
51164,BaTe,False
19726,K2LiPrCl6,True
5304,KBa2Pd,False
38389,Li2MnO2F,False
33780,HoSnRh2,False
43862,AgSbSeS,False
18311,HfSiTe,False
33929,YSi3Ni,False
19627,BaGa2SiS6,False
19476,Li2Mn3SnO8,False
26768,Li4TiO4,False
31541,KF,False
16502,RbBiO2,False
29506,MgCrO2,False
14298,Tb3Te,False
23135,SrScBe,False
43411,BH6N,False
34669,LiTm2Co,False
26454,Pm3Y,False
28166,Sc2AgSn,False
12920,NdCdNi4,False
35078,NaYSi,False
16429,MgGaCu3Se4,False
36842,Nd3Ho,False
43444,NiO2,False
37140,SmY3,False
52212,CaAlH2,False
26052,Nd3Se4,False
52825,Li7FeO5F,False
27062,CoO,False
47763,SnCI,False
46558,BaLi2Mg2Si2,False
13835,KCN,False
50225,BeTePd,False
14131,Rb2AlInI6,True
9344,ZrV2,False
53436,K2Se,False
43689,TmLuMg2,False
9112,Be2FeBr,False
2487,BaPtRh2,False
20811,CuAsS,False
24967,RbSb,False
8415,BeReSn2,False
2285,Rb2Cd5As4,True
10821,Be2CoBr,False
32615,RbOsO3,False
47368,ZnHgSe2,True
19127,LaBeAl3,False
17098,LiGa2Ir,False
20433,ErCdPt2,False
47874,SrCdP,True
51192,BaAgSe,False
19890,YCo,False
19299,BaFe2P2,False
45656,VO2,False
19597,YbMg2,False
29452,Ag2SO4,False
54002,Ge2O,False
20896,Te2Mo,False
6966,SnAsIr,False
24602,Tl2Sn2S5,False
250,Mn3Ga,False
22981,AlSnO3,False
21234,YbMgGa4,True
22605,DyInPd2,False
15019,K2TlCuF6,True
16217,CaCdO2,False
40267,ErAl3,False
15567,ErAgSe2,False
10684,SrBeV2,False
40556,Li2VSiO5,False
6288,Al5BO9,False
5508,BaCr2Cd,False
16142,Zr2Cu3Sb3,False
30031,AlCu3,False
2197,Dy3S3N,False
43702,K2TlHgBr6,True
52127,KZn2P2O8,False
2928,Os2O3F7,False
11326,TaPS,False
5028,Mg7W,False
41647,Ho4Ga16Co3,False
2259,Nd2NCl3,False
28700,Ni9O13,False
2311,ZrCu,False
22849,MgAl2Se4,False
15258,MnPd2Au,False
34620,NaSbF4,True
12134,Ca3SbP,False
8,LuNi4Sn,False
15274,CdCu2Se2,True
33759,CoNi2Se4,False
50918,Li2VFeS4,False
41455,ZnMo3,False
17155,AgBrO3,False
7212,KTaB2O6,False
43715,Sm3CuSnS7,False
45952,NaMnTe2,False
26164,SmHg2,False
20339,ThO2,False
13785,TaAgO3,False
40501,LiFeCoO4,False
19105,LiPm2Sn,False
45820,LiSnRh2,False
13453,LaBeCu2,False
38102,KGeBr3,False
8577,BeHgSb2,False
25824,ZnSb2O4,False
48410,Li2As,False
36320,LiV4OF11,False
12729,Fe4O5F3,False
49335,LiFeOF2,False
31183,RbUCuS3,False
49350,LiV3O2F6,False
23970,PrH3O3,False
50200,ZnCl3,False
48422,NaCaBe2B2O6F,False
20459,BiPbBrO2,False
18578,MnBr2,False
51655,NaPdS2,False
30181,Ho3AlN,False
2933,Zn8B3H3O14,False
1830,Ba4NbTl,False
44399,Yb2InGa,True
43160,ZrMnF6,False
13983,GeBr2,True
43453,Tl3Ge,False
53953,ZnHCl,False
10094,BeCoBr4,False
52844,CaNb2CuBrO7,False
22999,Sm2CdS4,False
16935,TiH22C12O4,False
39668,MnSb3P4O16,False
25458,HoIO,False
32452,HfCoSn,False
31119,Te2MoW2Se2S2,False
8591,Li2BeCl2,False
54107,Ag3O,False
26589,TbHg2,False
18346,HC2SNO2,False
37442,Ti2AlCr,False
12557,BeReOs2,False
1350,BaNaMg,False
17158,YbPmCd2,True
34359,RbDyO3,False
22219,MgTePb2O6,False
29034,ZnCo2O4,False
53468,Li3Fe5Co2O12,False
26784,BaNiO3,False
21905,Np2InNi2,False
42980,KCo2P2,False
41230,NdH2ClO2,False
4761,Ba4OsW,False
31880,Te2MoW2S4,False
33858,TmAl7Au3,False
35915,TmSi3,False
38226,Mg2FeO4,False
3372,Na2SrP4O12,False
18562,Rb3AuO,True
49161,GaI,True
18289,H4C5,False
21140,CaMn2Bi2,False
4524,LiB11,False
33157,TmCdPd2,False
29262,KSb2Se4,False
24037,MgSi2SnO6,False
4762,Ba4MgW,False
2629,Cu2NiSb,False
7242,Fe2CuAs2H2O10,False
52159,DyAl3,False
54078,KBa3Bi4O12,False
28714,Lu2MgSe4,False
6814,BeInIr2,False
46738,BaHfS3,False
12860,BeGa2W,False
53453,MgSnO2,False
23453,NbSe2Br2,False
40922,CaCO3,False
36834,Mg2SiO4,False
4362,Ba4TcSn,False
37371,YbAcGa2,True
18416,Nb6GaGe,False
54145,HoNi4P2,False
18516,TbTmIn2,False
17731,RbAuF3,True
42086,Ba3Fe2Cl2O5,False
47037,Rb3NbS4,False
30308,BaLi2Mg2Ge2,False
51422,Li4MnF7,False
32093,Li3CeBi2,False
9511,Be2ZnHg,False
24342,BaAg2,True
19415,SmFeAsO,False
13167,Ca2ThSi8O20,False
35575,Na2CdHg,True
47035,Ho2Co12P7,False
46820,Ba2Pb,True
47489,CaIrN2,False
12304,BeTcNi,False
19451,HoNpRu2,False
50922,LiZn2Ag,True
1720,BeCo4Hg,False
3909,BaSi,False
48810,CoSiMo,False
43207,ThPt,False
43652,Li2MnFeB2O6,False
5163,BaZn2Re,False
6421,AuCl2,False
48529,KTmMo2O8,False
24428,InCuSe2,False
5537,LiBeOs,False
51072,BaBrO,False
41118,Li3Cu2SbO6,False
35468,SrCa3O4,False
27820,DyYHg2,False
37816,TbGaRh2,False
4231,KN3,False
28629,CrTe,False
26946,YbHg2,False
42989,Rb2Mo3O10,False
9116,MoC,False
53975,HOF,False
15842,PrSnAu,False
42299,Sr2HfO4,False
32821,MgSc2Os,False
20763,Na2CuAsF6,True
42982,DyHo3,False
49479,LaMg2Cr3S8,False
36737,NaCa2In,True
49464,Sr3AlN3,False
18059,PrMnIn,False
24918,P4Ru,False
23001,SrHIO,False
39829,Sr2CoSO3,False
37270,Ac3Tl,False
5585,ZrBe2Rh,False
39902,KAuI3,True
53726,AsP,False
27834,AlTl2F5,True
39607,SnClF,True
26312,TbVO4,False
567,SrRuO3,False
6030,CaCdAu,False
19598,SnBr2,True
36225,SnH10Cl4O5,False
4695,SmOs2,False
8349,HfBe2Hg,False
52261,YMgMoS4,False
20276,VOF3,False
25525,ZnFe2O4,False
49036,CrNO3,False
910,Ba4SiSn,False
21018,TlBSe3,False
5841,BaCoSO,False
48521,BaCaI,False
43057,K3In,False
26709,RbHS,False
27106,MnIn2W,False
9527,Be2SiTe,False
26247,MnSnPt,False
1669,KCo2O4,False
48617,NaPO3,False
26440,LiNbO3,False
1828,TlSe,False
35271,TmO3,False
2403,TaBePb4,False
44077,K2YAgF6,True
47112,AgClO3,False
48757,HCI,False
34783,TiPt3,False
10263,SrBe2Cr,False
19013,K2Fe2SeS3,False
17888,Tm3In,False
22348,RbAuO3,False
26850,CaMg3,False
26487,Bi2O5,False
21467,NdAlSi,False
31480,Pm2AgPt,False
9869,NaAsP,False
26544,AlNi,False
4047,K4BeNb,False
8731,Fe2O3F,False
28101,TiNi,False
6642,BeTlBi,False
48662,PbSeO,False
28705,CaGe2O5,False
34439,DySnRh2,False
25811,CaTiO3,False
5996,BeCdPb2,False
39230,LiTi2Ir,False
16464,NaU2Cl6,False
27184,Na4UO5,False
30818,ZrIr,False
30585,Tc3P,False
24284,NdCu5,True
24349,SrZnO2,False
48871,Sm2MgSe4,False
46471,Te6MoW3Se2,False
46651,NdScO3,False
7941,BeTlSi,False
49786,MnAg2SnSe4,False
45568,Cd3In,True
38238,Li4Mn3OF11,False
40115,Mn3SnC,False
34922,Rb3In,False
43429,Rb2GaAgI6,True
22465,TmCu5,True
48440,Li2H,False
21542,BaMgOs2,False
44693,Sb3Au,False
24549,Hg2P3Cl,False
27273,ZnN,False
24537,YVO3,False
34862,Mo3WSe4S4,False
38281,Li3Fe2Si2O8,False
52965,CaInTe,False
31847,Ir2S3,False
38511,Yb3Ti,False
46623,AsPd5,False
13921,Ba2PdN2,False
46480,K6MnSe4,False
5431,PrZr2F11,False
21006,ZrCdAg2,False
20377,Rb2AlAuBr6,True
9923,BeZnTc,False
51592,AlV2O4,False
4094,Ba4BeOs,False
26919,HfOs3,False
39485,PaCl5,False
39082,TiZnO2,False
28791,MgZrCd2,True
23701,LiTiTe2,False
115,LiNiN,False
8889,YBeZn2,False
29258,CeFe4P12,False
49823,SnH4C2F2,False
19669,ErPRu2C,False
48303,BaAuO,False
49376,AgH3BrN,False
33682,RbPS3,False
19772,Tc3Ru,False
10555,DyCoSi2,False
15417,TbBRh3,False
10765,SrScBe2,False
45980,CdPt,False
5110,Ba4RePd,False
35517,NdH3O3,False
15440,Th3Ti,False
52220,KLaTa2O7,False
51483,NaBiF2,True
20869,Zn2CuAu,True
37865,Li4CrO5,False
28046,Ti2TcRu,False
41122,PuFe2Si2,False
34253,ScSi3Ni,False
27031,NpH3,False
9149,Ac3Nd,False
40800,Ba2YMn3O7,False
46023,TiZnPO5,False
35147,Co2Si,False
49707,MgNi2O4,False
48658,PbSeO,False
14443,ErTl,False
16846,CaTiS2,False
22496,Er2Co3Ge5,False
8156,LiCuS,False
10688,Mg6SbMo,False
11177,OsO4,False
26064,PrAlO3,False
33537,ScNbTc2,False
52183,TlBi2Cl7,False
4042,BaRu2Cl,False
8403,Be2PtRh,False
38675,K3AlH6,False
36841,CaNd3,False
25190,K2NiP2,False
36483,VS,False
6087,MgZn3,False
11030,Ba4SnGe,False
28339,Li2CaMg,False
36888,PtRh3,False
37688,Na3ZnPCO7,False
50452,K4BaU3O12,False
54328,RbMoCl,False
33980,LuCdRh2,False
1497,KBa4Mn,False
39599,Ti3O5,False
22523,ZnH6C5O4,False
19247,TiCrO4,False
3359,SmClO,False
43458,LaNdAl4,False
44955,ZrB2,False
44888,Ba4NaBi3O12,False
32402,Sc2InAg,False
17398,Rb2HgAuF6,True
33765,HoLuTl2,False
40154,LuB2Ru,False
48297,Li4Mn3CrO8,False
33783,Pr3SiAgS7,False
15233,NbCrO4,False
47735,RbTiCl3,False
38812,Nd2CuIr,False
40522,DyAgSn,False
47521,KRb3,False
13142,KNi2Se2,False
47505,V6GaSi,False
47028,NbWSe4,False
15495,Ti2CuSb3,False
28201,Al5CuS8,False
41544,Y3B7W,False
17917,Eu2AgGe,False
20188,Mn4Hg3Au,False
27949,Lu2GaTc,False
872,LuNbO4,False
12640,Be2PPd,False
35623,NaCoO2,False
8308,MgBe2Tc,False
13175,HfBe2Pt,False
35970,Cu2HgGeSe4,False
8483,BeSbAs,False
8917,LiBe2P,False
7029,UCo,False
45128,Ho6CoTe2,False
15676,Ta2CrNO5,False
38674,ZnMo2O4,False
53840,BaMgSb,False
14274,Ho4SiGe3,False
3090,KNaB2H8,False
19599,CdH12C8O4,False
13748,Er3Pb,False
28578,Rb2VAgSe4,False
24176,MoH4O5,False
25234,AlWF5,False
21705,DyHoTl2,False
4936,LuB4Ru,False
2475,TaTiBe,False
36278,NiSeO4,False
28842,Hf2TcIr,False
12601,Be2MoSe,False
7680,Tc2AsIr,False
47214,NaLi3,False
9987,Fe3Pd,False
9254,BeCoCu,False
16647,TbSnAu,False
12700,Ge2Sb2Te5,False
20003,TbLi3,False
21898,UO3,False
9893,Be2BiCl,False
27625,Li2HgAs,False
43654,LiCoSiO4,False
5285,Ba4LaW,False
11753,BeVPt2,False
20183,Yb2CdPd2,True
40162,CoB,False
11153,BePtPb,False
16287,YbSb2,False
14220,NbS,False
27767,PaTlAu2,False
15800,Rb3AuF6,True
38363,CeCuSn,False
7084,MnInPd2,False
40809,Yb3Rb,True
31544,HgN3,False
20317,K3AsBr6,True
22951,KAlP4H4O14,False
43803,BaMn2O3,False
37416,RbPbBr3,False
3474,BeVCd4,True
7236,CrHgAs,False
49294,YGeS,False
32765,NaNdHg2,True
14621,Sc2Ti2O7,False
2344,InMoS2,False
39602,Li5Mn2V3O10,False
1268,Ba4ZrTa,False
9882,BeGaCu2,False
9010,AlPt3,False
3518,BaGaBi2,False
26340,Na3AgO2,False
37479,CoH12Br2O6,False
24541,LiCaUF8,False
4602,K2CdN12,False
35605,TbRh5,False
2692,Ce2ZrO6,False
22974,TlClO3,False
5088,FeB2,False
49973,BaBiBr,False
44617,NaVS2,False
22697,HfSe3,False
48778,NaHC,False
48165,ZnSO,False
45417,ScAsO4,False
8586,BeGeTe,False
38190,Mn6O7F5,False
23372,CeNiSb2,False
36053,BaAg5,True
27923,K2NaCd,True
19258,RbBH4,False
13763,PHSF2,False
35950,LuSiIr,False
18496,H5C8,False
9139,YbNaO2,False
33603,YbB4Os,False
30875,Ho2Si3Rh,False
52138,V4OF11,False
959,BaAg2SnSe4,False
14741,Li2VO2F,False
5226,Ba4SbP,False
13030,CeSiPt,False
8363,TaBe2Se,False
18692,ScBC,False
46704,P4S7,False
24496,CrCl2,False
31321,Sr3Sb2,False
9170,CeGa6,True
14696,DyAlSi,False
36158,Fe3O4,False
43781,KCo2S2,False
6967,HfBePd,False
44600,LiTlO2,False
17808,HS7N,False
23747,SrTeO4,False
36990,LiTl2InF6,True
37580,TmGe,False
22051,K2LiSbCl6,True
332,Mg9Si5,False
49495,K2Te,False
53239,HfC3,False
6015,TaBe2Ru,False
26178,DyPd2,False
7368,SrBeSb,False
21891,CrNi3,False
25858,Rh3Se8,False
1420,Ba4ZrP,False
28492,TiRu3,False
2413,MgAlSi,False
42450,U2Cu2As3O,False
17238,Nb3Al,False
11274,ScBeCl,False
34631,LiNbIr2,False
31811,LiMgVO4,False
28975,NaCd2Ag,False
2674,SrTeO3,False
46210,NdSnRh,False
45424,SrCaIn2,True
32809,Pm2PdPt,False
18591,HC,False
25589,CaSn2O4,False
19673,CoH4Cl2O2,False
33249,ScB12,False
50667,CuN2,False
19736,Na2AgAs,False
37733,NbC,False
5615,YbMoClO4,False
10937,KBeRh2,False
11350,TbCoO3,False
30137,Ca3BiAs,False
18394,NdTe2,False
354,K2O,False
3989,Eu3S2F4,False
28744,NaErPO4F,False
48951,RbNaCl2,True
1733,K3SmP2O8,False
1908,NdInNi,False
46701,PrInAu,False
26054,GaAs,False
18071,HfTaRu2,False
42614,GeF4,True
40649,Sr5Al9,False
49895,NaLiAs,False
50261,Ni6OF11,False
43003,CeThN2,False
37555,RbOsO3,False
2372,UGeTe,False
49756,SrSO,False
37899,NiP2S6,False
31450,TbSbPd,False
48644,BeCdSe,False
5255,BaLiTe2,False
24982,RuF4,False
26236,BaAs2Rh2,False
13913,Y2HgO4,False
47950,PCl3,False
43178,YO2,False
32578,TbGeIr,False
14127,Fe3PtN,False
48219,Ba4Pd3BrO6,False
34370,BeVOs2,False
33240,TmCuSe2,False
44959,NbInSe2,False
44601,K3ClO,False
40301,MnAl2O4,False
52653,BaInF2,False
25504,Sr2UZnO6,False
21397,SrH4O3,False
45742,Nb5Ni4P4,False
29068,HfN2,False
1779,Rb6Si10O23,False
6357,TbRbSe2,False
3215,PrAlPd,False
29844,Ca2Mo3O8,False
40695,CeInPd,False
27127,KSc2F7,False
41068,MgV2S4,False
43405,ErMgAu2,False
32789,NdSb12Os4,False
4268,LiHoSe2,False
37835,MgTlF3,True
1043,Ba4SrRe,False
25694,Ca3C3Cl2,False
35674,HfB2,False
19758,Rb2TlSbCl6,True
19333,Li3Nb6O11,False
31953,LiAl2Ni,False
49760,Y3Ir,False
7999,ScBeTe2,False
8392,Ca4TiN4,False
35861,RbTmO3,False
51834,YVF,False
42354,Mg5Pb,True
38533,CrAg2O4,False
3668,KI,False
43289,LiDyO2,False
8040,BS2N2OF7,False
44904,CuSn,False
52146,NaMoF3,False
11496,Fe2Ge,False
50302,InSnBr3,False
44308,ZnCrCu3Se4,False
43941,NdB3O6,False
52139,Rb2Nb3Br9,False
29886,Na3MnO3,False
54046,NaNbS,False
17350,Pa3Re,False
39965,NpCo2Si2,False
41407,ThB2O5,False
29938,CeCrO3,False
50885,K2ScHgCl6,True
14950,NbNiB,False
13191,TbBaO3,False
27343,UH2O4,False
41989,NbIr3,False
25483,K3Na2LiTeO6,False
5897,Ba4GeRh,False
38971,Rb3AsSe16,False
8842,LuSnAu,False
45867,Sm3AlN,False
39234,ZrTlCuS3,False
19433,CdH10C7O4,False
22315,LuIn2,False
31971,Zr2TlC,False
48358,Pr2Al2Fe15,False
18540,Rb3AsBr6,True
18950,Ti3Cu4,False
27158,PaN,False
41026,SrPb3,False
30208,MnCoSe,False
16277,ZrTaCo4,False
14227,FeP3H6O9,False
17575,Dy3Bi,False
22978,Zr2Au,False
53568,Tb4Sb6Rh7,False
3345,MnF3,False
27292,VS,False
47954,TiCuS,False
14841,CoReO4,False
32254,Ho2CdIn,False
7770,Li2TiCoO4,False
23699,NaMnSe2,False
38243,Li8VO5F,False
23914,TiAu,False
28969,LiDyO2,False
13544,K2YBe,False
28209,Ag2Te,False
9407,TiTe,False
47553,YP2Pd2,False
12717,BeReCl2,False
18707,TiZnCu2,False
10341,Ba4TiPd,False
38282,MnPO4,False
7632,CaCeMg6,True
2367,BaMgNi2,False
36355,MoPb,False
48228,ZnPS,False
23074,BeInSi2,False
24679,SrGa2Te4,False
16349,LiH3Se2O6,False
18993,Pr3TlC,False
36746,VS2,False
22965,CeInAg2,False
37393,Zn2P3S9,False
20834,ThP,False
15636,K2NaYBr6,True
14883,CaSi,False
14789,TaAlNi2,False
27295,KBrF4,False
54030,LiTe,False
23831,InSe,False
1817,Ho3Se4O12F,False
50268,FeCoPt2,False
44381,Li3InF6,False
10595,HfMnBe2,False
52196,Tc2O3F,False
40427,Li2Co3SbO8,False
31578,LiBe2Ir,False
13766,CeSi2Ag2,False
33258,LiPm2Ru,False
20389,Ce2Ge3Rh,False
10756,Ba4HfNi,False
47272,CuCl,True
54318,LiGaCl,True
20871,TiAl3,False
53774,Li2AuO2,False
1601,Ti2Sn3,False
25797,ZnCo4O8,False
37284,SmYAg2,False
51117,UTaC2,False
8445,BeSeBr,False
799,Ba4GaPb,False
50051,H2C2O,False
3433,BeBi4Rh,False
10432,Be2MoCl,False
13534,HfMg6V,False
29428,V2ZnO5,False
32470,Pm2TlCd,False
28245,LiWO2,False
20095,AlGaNi2,False
9120,Li2CrS3,False
13307,SbOF,False
29894,CrN2,False
30564,TaTi2N3,False
24816,MnSbO4,False
52532,V3Cr3B8,False
6136,Pr2PbS4,False
33383,Ba2CuBrO2,False
20312,ErInAu2,False
3302,BaZnPt2,False
31289,SrZnPb,True
9047,CaBeCu2,False
10312,Sr2BeCu,False
9168,Rb3Cu8S6,False
28729,Mg2Ti3O8,False
14746,YLuRu2,False
31315,AlFeRh2,False
16041,MoPt,False
30072,CrN,False
26020,SmFe2Si2,False
12307,Mg6GaMo,False
42902,MgZn2,False
36840,DyAl8Cu4,False
257,RbNiO3,False
25624,V2O5,False
39688,LaS,False
20228,BaTiO3,False
7223,HfV2As,False
24405,AlNi3,False
5861,Li2AgF3,False
18565,YMn2SiGe,False
34699,RbAsO3,False
38966,Fe2Si,False
20198,H4C7S,False
25730,Mn6O11F,False
12473,Be2PdBr,False
15462,Ga2NiS4,False
39954,YbGe2Ru2,False
30069,Pa3Mo,False
24043,Ti3V2O9,False
2015,ThAgPO,False
20159,Al2CoO4,False
53766,SbAuF,False
3267,BaGeBi2,False
7708,SiNi2,False
11614,BaHCl,False
26419,Li4CO4,False
52482,Ba2YMn3O7,False
51248,SmCoO3,False
861,FeSO4,False
42324,Ti2FeCo,False
45373,TmTiGe,False
27928,MgZn2Rh,False
48775,TiH16C9O4,False
30628,YHf2Pb,False
16742,DyB3Mo,False
41671,AgO,False
27527,CoAsS,False
20275,Ce2CdSb4,False
48692,CaAsO,False
48325,NF2,False
6854,PrAlNi,False
42542,TeMoS,False
35604,BaHg2Cl2O2,False
29113,SnGe2O6,False
36240,SbO2F,False
37646,LiMn5O3F5,False
41360,NaS,False
20423,K3GaI6,True
46853,Ti3N,False
37703,Li4Co3O2F6,False
43543,NdCdAu,True
7132,NdSi2Au2,False
53,Sr2Ti2As2OF2,False
16509,Y4S3N2,False
48528,MgSi2SnO6,False
38200,Li2VNiO4,False
31557,CeZr3O8,False
38419,K2MnS2,False
42753,Li2CeIn,False
23399,RbCaH3,False
15459,HoAgSn,False
28820,Sr2PdAu,False
13529,HfBeGa,False
9727,BeFeNi,False
30120,PtCl2,False
35555,Pm2ZnRh,False
45593,TiGaCo2,False
18200,HoBr2,True
17984,LiIn3,True
43846,Er6CoBi2,False
47727,Er2AlCd,False
53736,PbCN,False
21893,Ca2TiIrO6,False
51875,AuC2,False
39125,RbPb2Br5,False
29994,FeO2,False
39606,Rb2RhF6,False
30570,HF,False
25863,CaMg,False
45468,Li4VF6,False
12935,Ga2Ru,False
7988,LiMn2O3F,False
16132,CaMg3,False
27012,Tl3Ir,False
3675,YMnB4,False
39539,Tb2Pt,False
31817,NpGaRh2,False
34232,Rb3Ac,False
25991,AgClO4,False
50644,TaAgS3,False
48724,Co2SbO6,False
35466,Ba2TlZn,True
54026,AlNO,False
7256,BeGaRu,False
49246,Mn3CuO8,False
26030,ZrSe4Cl6,False
32344,DyFe5,False
53582,CdSbBr,False
47412,PrZnAgAs2,False
24620,H4WNCl6,False
45281,Ta2CS2,False
50410,LiGa3,False
18238,YTiGe,False
36412,BaLi2Ca,False
11598,Be2CuOs,False
36035,AgB2,False
16148,Mo2AsP3,False
53316,LaN2,False
19133,TeMo2Se3,False
5692,BaHgSb,True
6177,RbAlO2,False
48265,Ho2Te3,False
21202,Ti2Co3Te3O16,False
27007,MnCu2SiS4,False
11013,NiS2,False
11681,BeBiIr2,False
21055,Al3GaN4,False
54245,Li3V4SnO12,False
44929,Rb2BrCl6F,True
25375,K2GeSe3,False
23835,ZnCo3C,False
37400,Li3Cr,False
9493,SrBe2Zn,False
22559,Rb2HgF4,True
14179,SrZrSi2O7,False
41064,CaIn,False
33879,Li4TiS4,False
24210,BH4O2F3,False
31455,K2HfF6,False
22498,Co5O8,False
38176,Li2FeNiO4,False
48705,CaAsP,False
40020,Y2Sn2O7,False
38104,Li4Fe3CoO8,False
12384,NaMg6Cr,False
8331,KBeNi2,False
20615,Mn2VIn,False
47504,Li2NdGa,False
23101,NaNb6O15F,False
44260,Co3Ni,False
17393,ZnCo3,False
36855,AuSe,False
23762,ZnCu2O4,False
7416,BeCdCu2,True
51938,HPbCl,False
37382,Te7Mo6S5,False
31367,NaNd2IrO6,False
48826,CaGaSi,False
37315,SiHg3,False
15959,U2TeSe,False
47029,LuOs3,False
51523,NaCoPO4,False
45152,ReSn3,False
322,ZnTe,False
26527,NaTl2Pd,True
46770,HoPO4,False
49972,Au3S,False
53738,BHO2,False
33059,ThHg2,False
24905,CaMnF6,False
40249,NaSr2AlP3,False
10833,BiB6,False
44863,Sr3PbO,True
44815,Y2V2O7,False
48312,IN,False
30174,HfC,False
39687,Rb2Se3,False
27432,Mg2SnN2,False
35617,TeMoWSe2S,False
53762,Nb6CdS8,False
29913,ScSn,False
48895,LiTmO2,False
29547,CaAg2O4,False
5462,Ba4AgAuO6,False
43283,TbAgSn2,False
39723,LiCu2Ge,False
36162,NaHO,False
19430,TmMnIn,False
48319,I3N,False
50266,GaGeTe2,False
16013,KI,True
9432,NaBe2Pb,False
28684,CeNdI4,False
41614,NiN,False
6665,Sr2HfBe,False
36948,PrZnSbO,False
32847,HfPaTc2,False
27675,Rb4CO4,False
15261,GaGe3,False
21367,Sc3Nb,False
1871,LiAgF2,False
38609,HoH2,False
40043,As4S3,False
30634,YSbPd2,False
2222,Sr2TiO4,False
50634,ScAgS2,False
35215,TmMg2Sc,False
41249,Ti3Al,False
9942,AsPdAu,False
42619,InPbCl3,True
31777,MgH2O2,False
45167,Pr3Sb5O12,False
34451,Ca3Co2O6,False
24925,Cr3O,False
28652,MoWSe2S2,False
19662,SrNiSn3,False
31743,Ba2MgReO6,False
33545,TlCl,False
21987,KSnOs,False
4843,Ag2PHO4,False
51222,Cr2TeSe,False
3481,Ba2TlV,False
16189,CrClO,False
24498,LiInGe,False
18287,ErTmCd2,True
7839,EuSb2,False
45426,Zr3Mn,False
25869,SiO2,False
10836,CaNi5H,False
17814,Cu2Se,False
36788,ZrTe3,False
1701,Ba4LiNi,False
21218,RbNa2Bi,True
12098,Sr3Cu,True
23717,UO3,False
9766,Fe2AsCl,False
37863,Be2NiIr,False
27016,HfAl3,False
15185,Ba3SnO,False
45674,Ho3InC,False
50229,CoBiO3,False
31374,TeH6O6,False
48501,Sr3Ir2N4,False
39191,ScCuHg2,False
33090,FeCoSn,False
32517,TeMoWS3,False
46729,Ag2Hg7P8I6,False
37055,SmGe3,False
7939,Na2PtO2,False
9621,YbTe,True
8696,LiMg6Si,True
15893,Hf2RePd,False
13268,Mg6GaW,False
14529,K2RbNdBr6,True
29963,ScHO2,False
1607,FeAg3C6N6,False
27367,LuSeClO3,False
11093,NaAlSi4,False
53408,MgCl2,False
3209,KZnSb,True
51389,NaMn2O4,False
27,Ce2Al16Pt9,False
43923,K2AsAuI6,True
44751,PRu,False
53938,BiO3,False
54239,ZrPa,False
15578,Ta2Tl4S11,False
49156,TiH12C7O4,False
45998,NaF,False
12512,PrNi2Sb2,False
45860,KBiF6,False
53650,PBr2,False
37194,TmAl3C3,False
17569,K2AlTlCl6,True
44227,Na2AgIrF6,False
19044,SrPrScO4,False
49238,SiGeN,False
27387,Ti2ReOs,False
50899,LaVSb3,False
29805,UFeS3,False
2678,Li2VP2HO8,False
1252,Ta4BeTc,False
37693,VOF,False
22893,CsPbF3,True
36350,Li2VF6,False
25684,NiP3O9,False
20345,MgH6N2Cl2,False
41084,InSb,False
7843,TiBe2Pt,False
45051,CdCuSb,False
40980,Er3PbC,False
34839,K3V,False
40130,PrCo2,False
35960,Rb3Ca,True
11334,CaHfBe2,False
7597,BeCoP,False
2347,NiBiO3,False
53605,MgSe2,False
44429,Li2MgBi,False
6569,CuBr2N6,False
44468,CoTePb2O6,False
35504,ScBIr3,False
51797,CaC,False
46068,NdAgAu2,False
16949,CoSi,False
21662,NdZnPO,False
31524,MnAlIr2,False
48884,Li7Mn2Co3O12,False
48976,NaYCl,False
48981,Sr3ZnCoO6,False
35369,ScGaRu2,False
29851,BaNbS3,False
54184,YFe4Cu3O12,False
33310,NaUBO5,False
46191,AgBi2S3Cl,False
50573,U7Mo,False
24852,DyP5,False
34780,ScTlRh2,False
40179,Tb2SnS5,False
40973,CaPb3,False
7964,LaInPd2,False
4088,Ba2ZnIn,False
36562,BrClO,False
27226,Tm3V,False
8121,Fe2AsAu,False
23182,SmNbO4,False
11719,Ga2Ir,False
16651,YbAgS2,False
40862,NaMnSb,False
41431,K2FeC4O4,False
6547,V5Se4,False
37067,PmHo3,False
48688,AgPbCl,True
41621,Hf3Te2,False
94,LiFeF3,False
4248,AlAu2,False
46375,Te4Mo3S2,False
2979,LiAuF6,True
31460,CaInAu2,False
7298,YGaO3,False
31595,Dy2CdSe4,False
49192,GeCl,False
2899,Na6FeSe4,False
26530,V2ZnO4,False
12155,Be2InBi,False
50595,Ca2N,False
37705,SmFeP,False
38570,InBi,False
51750,VCuO4,False
34160,SbPt3,False
10542,Be2VTe,False
36341,Mg3Cr,False
11187,BeCo2W,False
2753,TaN,False
35106,LuH3O3,False
6459,SmSnAu,False
20284,Rb2HgAsI6,True
27826,SnO2,False
46752,Pr3Si2S8Br,False
44414,Cr3Te2Se2,False
37481,TePd3,False
4170,Ba4TaGe,False
33556,NiF3,False
16194,Lu2TlZn,False
29699,Tb2FeSi2,False
17094,Sr2LiGa,True
33459,SmH3,False
12522,NaLaBe,False
28191,Rb3Pt,True
17157,YUO4,False
20490,Yb3Ag,True
43015,Ba3Bi2TeO9,False
568,CdP2H4O4,False
24877,NaGaH4,False
46673,Nd5Ge3,False
36747,CdI2,False
30147,DyAu,False
17268,Nd2HgPb,False
4909,KAuSe2,False
17096,ZnCu2GeSe4,False
33795,LuBi2IO4,False
27816,BaPd2S4,False
37706,AgN,False
17670,LuB2Os3,False
52551,UAl6Fe6,False
6640,MgMn2Be,False
50938,TcBr3,False
45930,Na4SrSi3O9,False
14640,CaZrO3,False
42795,LaPmZn2,True
25849,YbBi2ClO4,False
26056,CuI2O6,False
32687,ZrZn,False
15798,Zn3P2,False
2797,DyCdGa,True
37197,MoCl4O,False
9214,LiHS,False
2286,Li3LaP2,False
52442,SrSnH4,False
10462,BeVFe2,False
31866,LiCl,False
30221,Si2Ru,False
22151,CuSnRh2,False
45390,ZnMoF5,False
18670,HfRu,False
486,Sb2S3O12,False
36976,GaBr3,True
38251,LiVF3,False
44259,LaMnCuGe2,False
25026,Te2MoW3Se4S2,False
5257,Li4V3OF11,False
26583,RbAgO2,False
33302,SiSbPt5,False
47176,Yb3Na,True
2384,Ta4BeV,False
19895,Ba2HfS4,False
1103,BeIr4Se,False
13212,TbLaC4,False
15230,Y3Mn3Ga2Ge,False
52553,LiZr2O3,False
48641,BeCdSe,False
22713,V3Pt,False
47102,Sc5Ga3,False
49521,Sr3CaFe4O12,False
50142,Ba2O,False
37152,PrH,False
22320,K2LaAgCl6,True
15780,VBrO,False
24449,BaH4O6,False
27391,MnGaNi2,False
13960,K3SbO3,False
49473,ZnInS,True
16729,SrFe2As2,False
24351,Zn2GeSe4,False
23347,Si3H,False
53929,BiO,False
50303,LiMgBr,False
51793,Ca2C,False
5404,Li2MnNb3O8,False
4006,Ba4TcTe,False
18683,In3Sn,True
41092,Ta2InCuTe4,False
24919,SrCo2As2,False
13769,Th2Ag,False
27683,CS2,False
47867,CdMoO,False
28324,MgCoF4,True
27332,TiZnAu2,False
33959,RbCuF3,True
43389,Rb3IrF6,True
13323,ThSe2O7,False
9489,Be2SiCl,False
42282,PrB2Ir3,False
44638,Sr2ZnPt,True
39116,LaBi,False
34071,HfTc2W,False
20590,Na3Sb,True
54345,U3Nb,False
8394,Be2PPb,False
24402,Tl6SBr4,False
25752,ScC,False
33550,HfCu3,False
24080,Bi2OsAu,False
52225,KBa2Bi2O9,False
30939,Na6Mg2C4SO16,False
26628,ScRu3,False
52773,TiCrAgS4,False
39425,FeP,False
35720,HoNi4B,False
34988,Tm2Al3Si2,False
7619,V2AsAu,False
12461,SrP2Os2,False
52433,SrSiH2,False
35975,YGa2Ni,False
15092,CeVO3,False
37760,NbC,False
44562,Na2CoGeO4,False
22041,TaSe2,False
18694,CuCO3,False
40626,Cu2H3ClO3,False
35820,SmPPt,False
47291,TbNd3,False
18744,SiSbOs2,False
43768,B4MoRu2,False
35005,Li3Cu,False
20179,NaErCl4,True
3127,LiPd2Pb,False
19184,TmGaCu2,True
50690,Er7CoI12,False
25613,Co3O2F4,False
40324,LiMn3O6,False
12433,U5Ge4,False
24474,Mg6Si7Ni16,False
45684,Hf3Cu4Si2,False
2500,Pr3Si2Cl3O7,False
30796,HoInCo4,False
7788,BeGaW,False
43105,Ni3Pb2SeS,False
13561,LiAl2Au,False
7698,KNaB2H8,False
7036,BeCrNi2,False
48039,Mn3OF5,False
44782,MgFeF5,True
40423,PuSb,False
20961,TmMn2Ge2,False
27484,LiEr2Ga,False
53053,Sr4Zr3TiO12,False
14381,AlCrO3,False
46818,BaMgSn4O8,False
36823,Ho3Hg,False
39652,Rb2CrCl4,False
7436,TmCuSb2,False
22494,Li4FeSi2O7,False
32269,Sr2MgIrO6,False
30765,Si2NiSe4,False
36676,SmTmRu2,False
18791,Nb6OsAu,False
38420,ErAlAg2,False
33431,YbNaAu2,True
26702,ZrAsIr,False
30165,KNaSmTaO5,False
16798,SrRhO3,False
27207,Li3Pb,False
358,NiAgF3,True
53964,Li3Fe2P2C2O14,False
44709,Nd2Te4O11,False
47768,Dy4Te7,False
28318,MnAs,False
12496,LiFeF4,False
23015,YCuO2,False
27047,ErAl8Fe4,False
22904,DyTmO3,False
12532,AgPdF6,True
37757,Cr5Si4O14,False
11596,BaInGe,True
28920,Sr3BiP,False
40524,SrSm2O4,False
12951,CdN2Cl2,False
44316,Na2PdO6,False
25708,Sb4I2O5,False
53639,NaZnSe,False
45541,CaCr2O4,False
44588,CrFe2Te4,False
53193,La2VFeO6,False
50691,Nd3Zn,False
49124,H2CSN2O,False
2054,Ga3Cl7,False
40657,Na3SiSnBO7,False
34269,Rb3Nd,True
30424,MgSeO4,False
46695,RuC3Br2O3,False
9138,NdMg2Ni9,False
930,Li4CoO2F2,False
26998,YPd2,False
45480,Tm3GaC,False
10049,PaPt5,False
39825,LiGa2Au,True
32447,Th3Co3Sb4,False
47960,RbPbCl,False
32720,ZrCo,False
12170,HfMg6Mo,False
7272,BeTc2Ge,False
2683,BaTm2CoO5,False
51918,Rb2TeAu,True
5151,BaSrHf,False
5881,KTi2Be,False
21050,AlNiF5,True
5819,BaHgW2,False
35333,LiTm2Pt,False
49577,HfH6C5O4,False
49457,ZnH18C11O4,False
27874,NaN3,False
9235,Be2CdCu,False
36599,W3C,False
27998,YInPd2,False
38793,Li7Sb2S2,False
5766,VOF3,False
40247,V2CuO6,False
5288,Rb2Be2O3,False
36279,CoSnF6,False
1882,MnO2,False
32297,ZrTi2H4,False
41861,Bi2Te3,False
47638,Ga3Si,False
26604,Te2Ir,False
44891,AlSCl7,False
30621,CeS2,False
27696,Ti2ZnOs,False
32923,SmCoSi,False
16510,LuMg2Sc,False
49846,H13C9,False
22888,Co3W,False
32699,ThTl3,False
19265,DyCd,False
32622,V2CrOs,False
17089,AlCu3,False
8971,Be2NiPd,False
10720,PuC,False
25689,InCuS2,False
21096,TmCo2Sn,False
36102,HfO2,False
22420,Li2HfO3,False
5024,Ba4HfW,False
43594,Lu3O2F5,False
31694,Sr2CdIn,True
53915,BeSiTe,False
10718,Be2ZnSe,False
11163,NaBeNi2,False
47901,IClO,False
28187,Y2AlTl,False
19241,SmFe2O4,False
17648,PuB,False
26058,Al6Cd4TeO12,False
18554,LiSnN,False
50525,Sr3Zr3N5,False
39638,YPd2Pb,False
51644,NaNiO,False
2111,DyNiB4,False
19040,LiNi3OF5,False
6107,LiBH,False
43054,BH3OF4,False
24445,NaCl,False
17388,Te2W,False
6212,NbCu3S4,False
40367,Li4Co3Ni5O16,False
6507,Er3Sb4Au3,False
6750,TaTe2,False
6053,LiAuS,False
51149,BaSrS,False
11667,Li5Co2O6,False
32002,ErS2,False
32947,RbVCl3,False
14278,Ba7Al4Ge9,False
52078,Li4Nb3Cr3Ni2O16,False
20874,ScNi3,False
50064,BaGaBr,False
38080,ZnSiN2,False
47644,K2TlInF6,True
46907,Yb2LiInGe2,True
6923,BeSi2Rh,False
34538,ErBPd3,False
53604,MnInBr3,False
1062,Ba4GaTe,True
23720,CaZnSO,False
42647,Mg3Al18Cr2,False
49422,TmSbO4,False
40918,SmInIr,False
47926,YMgCo2Ni2,False
22547,FeRh,False
16745,YbHfO3,False
16419,Tl3Sb,False
21846,Rb2CoSe2,False
17736,ZnCdTe2,True
22802,Ca3N2,False
46472,MoW3Se6S2,False
51099,BaCdSe,False
7181,Y2Ni3B6,False
5523,BaNa2Si,False
49649,MgB2H8,False
51257,Rb4TiO4,False
19836,Te2MoWSeS,False
8436,BaZnAsF,True
9805,CaMnBe2,False
37105,Hg3Bi,False
10812,Be2GaTe,False
27801,ZrIr3,False
17551,BaO,False
29479,Ca3BiSb,False
1795,LuGa3,True
26629,MgO,False
38933,MnFe3P4O16,False
23862,BiOF,False
5653,PrCdGa,True
6259,PrPt2,False
25976,PuAs,False
22196,SrZrZn,False
14273,Ga2HgS4,False
6345,MgBe2Br,False
40364,BaH2O3,False
17974,PmS,False
36688,AlH3O3,False
30460,YbAl10Fe2,False
43114,Rb2ScHgBr6,True
4914,SnN2Cl6,False
6670,SrBe2P,False
1555,Ti3Sn,False
14503,MnAl2Cu,False
37148,SrAgO2,False
2457,CdB2H8,False
41459,Er2FeC4,False
39111,Y2GaHg,False
49699,CdH12C8O4,False
53158,LiHN,False
7855,CaBePb2,False
53691,Li2AuS2,False
5401,BaSn2Pb,False
6112,ZrBeBi,False
783,Ba4TiCu,False
4381,BaPdRh2,False
29240,SbO2,False
36503,MoCl5,False
42716,Cd3PI3,True
20841,H14C9O3,False
44894,Sc3BPb,False
3805,Ag3Sb,False
13431,CeAlIr,False
51005,BaSrSi4,False
28794,Nb5Si3,False
19074,LiAuS,False
31014,LiCaGaF6,True
27725,Ti2MoIr,False
38741,PrCd2,False
46144,BaH4I2O2,False
49690,CdH10C7O4,False
10121,BeCu2Os,False
41123,Ni3N,False
19702,SiPAu,False
27172,Li3Ga,False
24278,BaSe3,False
51515,NaBiO2,False
24408,LaZn,False
17727,Bi3Au,False
28777,MgGa,False
15529,Ba2MgMoO6,False
121,Ba4NaRh,False
14324,Mg2Sb,False
34200,ZrN2,False
21909,Sm2TeO6,False
8895,BeSi2Ru2,False
30732,In3Ru,False
5637,YBe2Bi,False
36033,TiPRu,False
25336,CuSbS2,False
47989,Lu3Ga5Co,False
590,NbP,False
43703,SmGePd,False
51829,CaTeO,False
28721,Te2MoW3Se4S2,False
7162,Be2CoRu,False
19714,Li2P2WO8,False
45737,Cd2Os2O7,False
43985,CuAsO3,False
9894,Rb2Hg2PdCl8,False
30957,LiNi2P3O10,False
18315,MgCuBi,False
41260,PrOF,True
43068,Y2O3,False
51408,Na3CoO3,False
45950,Ag2Hg7P8Br6,False
40434,CaTiO2,False
15052,CeSe2,False
42757,KAg3S2,False
35503,Yb2Nd2O5,False
20781,Yb3CaIn2Ge4,True
3350,BaCuRh2,False
27760,BiPt,False
52000,Li2Mn3TeO8,False
10600,LiIn2CuTe4,False
34302,Rb3Er,True
9222,Ba2MgWO6,False
44789,Na2PrO3,False
34547,LiFe2F6,False
17697,CrMoF6,False
5544,BaGaPt2,False
11084,Li8CoO6,False
19230,RbCuO2,False
51915,RbTeAu,False
38624,Li2TiMnO4,False
29589,Ba2YB2ClO6,False
20252,SnH12C6F2,False
3241,Ba3Sn2As4,False
5414,BaTcCl,False
21039,NpPt3,False
13070,VIr3,False
2048,SiO2,False
21722,KSr3,True
30077,Mg9Sn5,False
34769,Tb2IrRh,False
52996,GaTeCl,False
38030,Li8CrFe3O12,False
7963,Li2PrGe,False
26282,Zn3Sn,True
24384,TiCo5O12,False
19811,Ca2CuRh,False
43955,KDyO2,False
43819,Cd3Pd,True
37931,Te2Pt,False
11591,Be2FeSi,False
9733,KBe2Pt,False
27427,ZrPd,False
51763,AsSeI,False
4376,BaCdSe,False
44457,VFe3Si4,False
18919,H6C6SO,False
52065,Mn3O2F5,False
50224,TbScS3,False
5830,BeCuSe2,False
360,LiGa2Pd,False
5625,SbS24I3,False
27075,BiAsO4,False
5112,BaGa2Co,False
25690,Ti2BRh6,False
7869,TaAsRh2,False
54322,CuSn7,False
49101,Zn2NF,False
37349,TiPN3,False
27746,BeGaPd2,False
49558,LiI3,False
6610,BeSnCl,False
39316,Ba2BeBi,False
29593,BaH4O3,False
25045,CeH2,False
28464,NiAgSe2,False
46460,CeAlO3,False
34456,Tm2OsPd,False
46498,Nb2Se3,False
20779,UH2O4,False
5999,TaBeW2,False
10169,KBeNb,False
13414,LiAcO3,False
21857,H5C7SNO,False
40480,LiPmZn2,True
6503,NaBe2Sn,False
13850,InCo3SnS2,False
54087,Ag3I,True
27138,Lu3Si,False
13215,Dy6MnBi2,False
30245,PrBi,False
21481,Rb2CdO2,True
36474,AlSi,False
5910,TlNi,False
21393,Au2S,False
18010,H4C7S2O,False
45806,SmGa3,True
18450,ScGeRu,False
30357,Al3CrO6,False
41237,AgHgSI,False
23931,AgNO3,False
52359,SmAs2Pd3,False
28727,U2AlCo3,False
47117,Tb2AgPd,False
43797,Dy2MgCd,False
17589,Ba4IrO6,False
43208,InSb,False
51218,ScBeSe,False
22887,BaTiO3,False
42046,Ca3SnS5,False
38833,LiBeSb,False
2217,Li7Pb2,False
49778,H3C2,False
45206,Li3Ca,False
40183,UCo2Ge2,False
43099,TmUTe6,False
52032,Dy2Ga8Co,False
6163,CeZn3,False
10687,LiBeSb2,False
37858,Li2VOF3,False
1005,NiBr2,False
17299,DySnAu,False
11165,BeCr2Pt,False
37673,NbSe2,False
4707,Li3MnF7,False
42876,NaAuS2O8,False
50101,BaWCl,False
40934,GaCo2Ni,False
42517,KCNO,False
10553,TmB2Ir3,False
16311,Sm3Cd,False
47746,Sb2Au3F18,False
3977,KAgSe,True
19391,Na2LaCuCl6,True
5442,P2PbAu2,False
50241,Ba2InSbSe5,False
41808,CrPO4,False
52297,Li3NbV2O6,False
52953,LiSmSn,False
12756,SrLi2Be,False
21386,LiMnSiO4,False
4559,ErSi2Au2,False
320,SrCaO3,False
37440,ScAl3,False
20681,CrB2Ru,False
44642,ErBiRh,False
39148,TiAlFeCo,False
40250,Tm2Pb2O7,False
13723,NpNi2Ge2,False
51981,ZrSiO,False
32018,Ba2P7Cl,False
22710,Li2HN,False
8803,ScBeW2,False
723,K2NdP5O15,False
3157,Hg2PCl2,True
6544,BePIr,False
2587,Mg2Cu2P2H12O15,False
51841,LiN,False
15241,SmCo5,False
50817,HfZrNb2,False
5203,Na5P3O10,False
3060,BaVSi2,False
25527,YSi2,False
30414,FeH3,False
42927,Ta2SnO6,False
34234,VRu3,False
16160,KFe2Se2,False
32312,GaGeRu2,False
31992,Te4MoW3Se2S2,False
8516,ZrMn2As,False
34513,Fe2PO5,False
46005,ErHO2,False
20107,La2MgAl3,False
54421,BiP3,False
54125,Nd3Al11,False
50369,K2NaEuCl6,True
13205,NpH16C4N8ClO6,False
32683,ErAl4Mo2,False
249,Mn2SiRu,False
34374,NdF3,False
38602,Li2VC2O6,False
20800,Hf2Cu,False
50138,BaCuSi2O6,False
28384,CeTe,False
44295,RuW,False
22937,Ti3Zn2O8,False
12163,CeHfMg6,False
32481,Ti3Os,False
27521,Ho3P,False
9091,LiHfAs,False
5275,Ba4TlIr,False
16799,K2VO2F3,False
4357,CoCl2O6,False
31209,SmZnRh,False
18383,Na3BiF6,True
37662,CoPHO5,False
50483,AlCr3O8,False
30855,Mg4Ta2O9,False
37413,Li3Co,False
39630,CoBiO4,False
10246,HfBe2Fe,False
38403,AlTlMo2O8,False
43029,KNaB2H8,False
484,BaLiCa,False
17723,Sr2MnGaO5F,False
21317,PrY,False
30890,Re2N,False
3020,BaNa2Tc,False
51341,SrNdNiO4,False
25187,YMn2O4,False
40851,KMnAs,False
40752,MnPH6NO5,False
39769,LuCuSe2,False
5542,LiCo2O2F3,False
18234,HfTaN2,False
22295,H7C8,False
49143,NaFe2PbF9,False
31825,PrMgHg2,True
20647,V4HC3,False
3292,BaSi2Ir,False
45006,La3Te4,False
45044,Si2Ru,False
39,Ba4NaGe,True
7776,Be2VCo,False
26381,MgZn,False
49423,ScIO2,False
13222,Tb2AlCo2,False
7910,NaNi2O3,False
4251,Tl2SiHgSe4,False
2981,LiH20C8BrO4,False
53373,BaNF,False
43544,CaTiO3,False
37699,MoPt,False
26087,H3S,False
3801,YbNi4As2,False
12415,ScBeBi,False
23713,Er3InN,False
14594,Er2AlNi2,False
39565,Ag2CO3,False
45208,Li3FeSiCO7,False
39100,Y2PtAu,False
23420,Fe2NiO4,False
35040,HNO,False
22255,U3As2Se,False
30686,YbDy2S4,False
11593,CaBe2Ni,False
5445,BaBiPb,False
19520,CaTlBr3,True
3549,BaHfGa2,False
40514,NiAs,False
39383,HfAlNi,False
16137,AgPd2Au,False
22532,SrBiAu,False
42446,Al5Mo,False
14590,Y2CdHg,False
51104,YMnCo,False
4906,Mg3Ti,False
34286,Co2NiSe4,False
38895,Li2Si2NiO6,False
34500,LiCd2Pd,True
38131,Li3MgPCO7,False
19817,PrCo2Si2,False
27050,Cu3Si,False
1760,Mg3SbO4,False
48451,PtS,False
642,LiCoOF2,False
35879,SmBr,True
46129,K2TiO3,False
28987,GaCuS2,False
22808,Mg2Al2Se5,False
41286,TbH3O3,False
22433,Ca4As2O,False
35689,Ca2CdIn,True
5351,BAsO4,False
19968,CaAl2Zn2,True
34937,MoIr3,False
31425,Sc5Ge3,False
39024,Li2Ti4VO8,False
43620,VOF,False
15021,KMnP,False
39634,SnF2,True
49567,LiSbP,False
11252,TiBe2Nb,False
28564,Mg2Cr3O8,False
46124,MnNb4S8,False
20224,Nd5AgSe8,False
11289,BeNi2P,False
7269,Si2MoAs,False
36951,ScSnO3,False
29662,Ca3FeRhO6,False
18734,Tm2TeS2,False
31840,DyCdHg2,True
43578,GaNi3,False
40437,CeCuGe,False
7359,K2CdSnSe4,False
33627,SiO2,False
17720,Yb2H6Ru,False
27904,ZnSiTc2,False
20501,PPb3,False
24769,MoWSe3S,False
41718,NbAl3,False
29528,Ce2CdSe4,False
11117,BaMg6B,True
48133,Sr2NF,False
15080,TbCu2Ge2,False
36698,Ti2H4Pd,False
22443,ThInCu2,False
29685,YCrO4,False
8134,Ga2AsRh5,False
609,H3AuC2NCl,False
29785,BaGaGeH,False
5516,Ba4MnPt,False
48845,Li3Mn2CoO6,False
54367,SmU3,False
23774,FeAgO2,False
32526,Li5BiS4,False
27576,Sr2UNi,False
19553,MgTi3,False
33192,TiMnRh2,False
23801,Te4W3S2,False
10364,ZrBe2Br,False
10433,HfBeCl,False
7944,Be2TcP,False
39526,Zn2CuRh,False
30067,Ti4CoBi2,False
43139,Na2InCuCl6,True
23031,LiMnF3,False
52463,Er2Si5Rh3,False
46939,K3Mo2Cl9,False
11712,CeMg3,False
8160,TcMo2As,False
36401,CaC2S2N2,False
11808,Ca2CoO3,False
40523,Li2CrPO4F,False
49560,Li7Mn4CoO12,False
2743,Li2UMo2O10,False
2878,Ba2NdCu3O6,False
44818,NpGe2Pd2,False
31588,KNaH2,False
18910,YbZnO3,False
40634,TlCu2S2,False
8553,U2BiN2,False
5308,BaTiSi2,False
659,ZnFeRh2,False
22819,KAsF6,True
9973,KBe2Sb,False
31181,Sb2TeSe2,False
2337,Cu2S,False
41863,BaAlGe,False
43156,GaI3O9,False
37609,MoO3,False
35939,ScGe2,False
13160,KH,False
3398,Mg3ZrO4,False
3731,BaTl2Bi,False
848,HoCoSn2,False
30568,VCoTe,False
51212,FeOF,False
46058,RbSnI3,True
12495,MnBeCu2,False
35095,LuS2,False
14557,Sc3P2,False
19950,TbScGe,False
9085,SmMnGe2,False
19404,LiNd2Rh,False
31831,Hf2ReIr,False
1770,TiNi,False
48009,ZnAgO,False
25238,CuHClO,False
48379,NaLaSe,False
47853,SrCa3S,True
47968,VAgO3,False
38194,Cr2O5,False
50639,AgPtO,False
7644,PuGaNi,False
17161,Mg3Tl,False
9490,TaBe2Sb,False
42108,TaIn3O7,False
46839,UMn4Al8,False
44442,PrAlCo4,False
35182,TbBS3,False
15732,TbRb3Cl6,True
6396,BeV2Tc,False
33197,Ti2TcRh,False
19831,MgHg5,True
49866,VCo3AsO8,False
29760,Tb2Ti2S2O5,False
26144,V2N,False
39258,PrSO,False
13322,NdSiPt,False
22730,CaPr2Te4,False
39776,Mn2NiO6,False
11811,Ti2CuNi,False
26823,WF4,False
45474,KP2Rh2,False
21282,MgH2Se2O6,False
13002,MnBeCr2,False
18262,Sr2PdO3,False
29756,MnOF,False
27362,MnAgO3,False
698,TmSi2Ni2,False
18487,Pu3Np,False
48438,Sr2BO3,False
45937,RbClO3,False
4729,BaSn2Te,False
50206,CaBeRh,False
19868,SnH16C9O6,False
41715,CrH8C4S4N6,False
47247,AcLa,False
11725,BeCu2Se,False
25522,HoAl8Fe4,False
3790,Dy2B4C,False
15013,LiAg5F12,True
28679,BaYCl5,False
36092,Li4Fe2Cu3O10,False
45264,BiO2,False
17288,In3S,False
3616,BaScPb2,False
47736,WS8Cl6,False
488,Mn3Se3O10,False
16982,MgCdTe2,False
30311,VH,False
11794,KBeHg2,False
20789,NdTmZn2,True
36787,TeMoWSe3,False
52585,SiB,False
34599,MnSnIr,False
38529,Li3FeSb4O12,False
16344,SiPN3,False
45710,MgAuO2,False
2450,LiFeCoO4,False
23478,CaGe2Ru2,False
53873,CdO2,False
38665,Ca4PtO6,False
43218,La3Cd,False
27819,Dy3In,False
32764,Cr3C2,False
5156,BaCu2Cl,True
17200,MnSiP2,False
36266,LiMnC2O6,False
30160,DyAl2Ni,False
1097,VPbO3,False
41192,ThSb,False
3529,Sr2NO6,False
9428,BePPd2,False
17591,Tl3S,False
520,Na6CoO4,False
20260,ZnCu3,True
34857,TeMoWSe2S,False
26835,LiMg2,False
31296,AcSbAu2,False
13965,UCuSn,False
8767,LiNiPO4,False
19556,ErUTe4,False
35505,PrH3,False
53789,BaCaBr,False
8914,RbYMg6,True
52416,HS3,False
31123,HgH12Cl2O14,False
30214,CrNiSb,False
12226,BeCoPd,False
25994,LiBe,False
8529,NdCoSi2,False
38884,PrH2,False
7039,BeGePd2,False
44034,YbGeAu,True
4889,Ba2CrW,False
4997,Ba4RhSe,False
18012,Li2NiSnO4,False
52449,SrSnH2,False
52809,CoPO4F,False
41335,ZnSiO3,False
25593,CeP12Ru4,False
2497,SrCd2Pd,True
16727,H3C3O,False
16397,KSmTe2,False
48330,NaIO3,False
52012,Li2CoO3,False
34260,SmMgCd2,True
39373,CaV2O4,False
33089,Na4Al3Si3IO12,False
32981,Er2Re2Si2C,False
10793,BeNi2W,False
46985,TiInAu2,False
52905,HfBrN,False
34310,Lu2ZnTc,False
14869,YbBiAu,False
38370,DyIr3,False
38676,NdBi,False
37301,Th3Mg,False
50063,CrBPbO4,False
5739,PrAlCu,False
47470,Nd2ZnHg,True
6711,BeTlCd4,True
47212,Li5TlIn,False
11662,Hf2MgBe,False
22061,YbLi2Tl,False
44214,Cd3Ga,True
52365,LiNiOF,False
40255,LuSBr,False
15802,K2LiLaCl6,True
38934,SnPd,False
47849,Ba3WN3,False
33001,KNiIO6,False
41728,IrBr6O2,False
29131,Zr5Sb3,False
23222,Pr2NiO4,False
54181,TlBSe2,False
15128,Dy2TlZn,False
11510,Sc2Be2Pd,False
54285,ZrW,False
34601,Rb3Mo,False
50655,NaCrF,False
21260,H8C7N2,False
33903,HfScRh2,False
54409,SOF,False
26485,AlFe,False
33819,FeCuS2,False
27942,CrCuSe2,False
3636,Ba2CrPb,False
27035,V2CdO6,False
47583,Rb2LiTaI6,False
28342,Ca2PdRh,False
20954,CoO2,False
43082,CdBi3,False
26007,ThNb4O12,False
44637,TbHoRh2,False
7616,Li2BeSiO4,False
41993,YbCd,False
51995,Li4AlCr3O8,False
2053,LiMn2F5,False
16785,MgAl2Ge2,False
26271,MnSb,False
39171,CeBPt3,False
48340,InH2,False
40112,MgAl2H8,False
12676,YbAlB4,False
16619,Li2VCrO4,False
19468,LiPrS2,False
7320,ScRu2,False
20865,HoUTe4,False
3197,BaLiTl2,True
1292,LiMn2P2O8,False
2169,Pr3GaC,False
3854,La3Cu4P4O2,False
13563,K2BeSb,False
54376,MnSn7,False
6957,ScBe2Te,False
5234,Ba4CoTc,False
51870,AuC,False
23875,PbS,False
20988,Pu3Ta,False
37990,Li2MnCoO4,False
6963,RbCSO3F3,False
45620,MgSn2O5,False
4352,FeOF,False
10616,Be2InW,False
32785,AcAgAu2,False
42030,YbGa2,False
20239,ZrSi2Ni2,False
21771,TiZnBi2O6,False
29907,CrGe2O6,False
49625,CdH4C4O4,False
38467,LiCoO2,False
46457,Er3Ru2,False
25974,SrTiSi2O7,False
24178,Li2MnF4,False
13686,Mg6VNi,False
54194,HeZr,False
52030,CoPO4,False
45031,Na2ZrCu2S4,False
18277,DyMgGa,True
26871,BaSb2,False
24896,LiAsO3,False
41281,ZnP2O6,False
36448,Dy2Te5O13,False
38542,ZrCo,False
18535,YZrFe4,False
39498,Th2Zn,False
29412,Nb2Tl2O7,False
14405,PmEr3,False
7343,TaBe2Sb,False
37117,MgScCd2,True
27182,Tm3Th,False
53795,LiMn5Cu2O12,False
53624,NaCaAs2,False
27293,MoO2,False
15,CdAs2O6,False
19090,Mn3AlC,False
7157,BeCrSn2,False
13682,LiZrPd2,False
43948,NdFe2,False
25144,NdMn2,False
14077,YbLuHg2,True
52484,Ce2Al9Rh3,False
52390,RbBa2Fe2F9,False
48752,HCI2,False
43255,Rb2TlSbBr6,True
34978,Sm3Th,False
27948,Li2TlPd,False
25753,BaPb2BrF5,True
44284,Rb2LiSbBr6,True
38707,TlGaSe2,False
43121,LiAsF6,False
34983,NaMnF4,False
32405,SmGeAu,False
46031,ScSn2,False
28274,CaFeF4,True
54023,NaInS,False
21758,Ag2Se,False
12873,CrS2,False
4025,BaZrSe2,False
35449,Te2Mo3WSe4S2,False
21772,NdSi2Pt2,False
37508,PbAuO2,False
3069,NdAl3,False
15749,NaSm2Se3,False
50723,ThMn2SiC,False
15858,Al2HgS4,False
50725,Li4MnCo2O7,False
9434,LiCaBe,False
4699,DyMgAg,False
32300,MgTaRu2,False
46676,KIO3,False
45372,Ce2Zn6Ge3,True
30288,NaAl11O17,False
38003,Li6NiOF6,False
6860,Be2CrCl,False
48301,BaAuO,False
586,CaO,False
25125,ErSnAu,False
45302,Li8Cr3SbO12,False
46461,TiBO3,False
44241,LiFe3O4,False
349,Ba4CoW,False
24213,BaZnSn,True
52204,ZnSiAg2S4,False
46226,ZnB3Ir4,False
44375,CuAsPbO4,False
40837,MoH2O4,False
18888,CdH6C5O4,False
25355,SiS2,False
1915,CoO,False
44243,BaHfO3,False
12020,Ca2BeIr,False
21384,MnZnS2,False
10961,UMn2,False
40478,Li2FeO2F,False
48516,BaCaI,True
27549,Mn2VGe,False
22426,LiFePO4,False
29328,MoWS4,False
44979,U2MnN3,False
4623,BaSrCl2,True
23658,Na2PdC2,False
35751,GeI2,False
53769,MgCoSiO4,False
3104,Li2U3P4O20,False
39756,Sr2CdAg,False
8753,AsWBr,False
34828,HfSi,False
53344,LiO3,False
28921,AgSb2F12,False
44373,Be2V,False
29370,MnSnO3,False
51706,YNbO,False
32582,Al3BN4,False
45090,BaPb,True
51745,VMoO5,False
38901,Mn3O2F2,False
45720,Rb2LiVS4,False
31009,CaGeO3,False
18939,CoSnF6,False
27713,U3Pa,False
41316,HfCuSi2,False
50685,HgI,False
44792,V3Sb,False
32685,Li2CaSn,False
247,ThTi2O6,False
12115,TiBe2Os,False
48406,Ho8In3Co,False
2040,BeVCo4,False
31034,Sr2CuO2F2,False
48012,HgI,False
11110,US2,False
32858,TiGaIr2,False
45677,Ho2CdS4,False
19149,KNbS2,False
16179,Cd3FeS4,False
40775,Pa3Zn,False
51223,Li3Co3NiO8,False
8389,NaInSe2,False
17384,PtSeS,False
41745,SiO2,False
2473,BaNiP2,False
13281,TmCuGe,False
47984,GeF3,False
18393,Pr2ZnAs4,False
14592,YRh2Pb,False
52876,SrNCl,False
209,YbIn2Pt,False
20521,TiBr2,False
21177,Ag3Au,True
10695,YBe2Tl,False
48774,HoAsS,False
22317,SrAl2,False
29442,CrS2,False
12484,HfBeCd2,False
3465,BaAsPt,False
20663,TmSe,False
22977,InAgTe2,False
41731,K2HfF6,False
49780,Tl2SO2,False
13249,Mg6CrW,False
42601,Lu2Mn2O7,False
37771,CrW2O8,False
34409,DyCdPd2,False
22517,MgCrF6,False
6168,BaCaCr,False
53868,B3As,False
40407,RbFeMo2O8,False
19325,H4C4SO,False
33239,LaCdAg2,True
48654,Tb2B6Rh9,False
47582,CeAlNi4,False
50990,Cu10Hg2Sb4S13,False
47205,MnNi2Sb,False
31279,Tb3KF10,False
43348,ZnH2O2,False
27141,NiCO3,False
36177,Sn2OF2,False
36846,Ce3Br,False
29302,TlAgBr3,False
51969,ClO,False
5670,BeNiHg,False
17818,Rb2LiCeCl6,True
50419,LiBO,False
46799,Y3Pt,False
29397,BaGaCu2,True
34459,LuTaRu2,False
22279,FeSiGe,False
20111,Ba2CuS2Cl2,False
40408,Na6S2ClO8F,False
29721,CaTiF5,False
15348,TaGaCo2,False
26277,KPO3,False
52257,Ca4RhN4,False
52524,BH,False
51943,NaHg,False
48857,Ca2O,False
13493,Ac2TlIn,True
16804,PmNdZn2,True
22716,Ca3PbN,False
19569,La2AgHg,False
33300,Sc2ZnIr,False
49248,GeN,False
15356,Zr2TaN3,False
22914,ThPd,False
34404,Li3Nb,False
44301,AlCuSnSe4,False
51833,BaYFe4O7,False
2079,BeZnGe4,False
3146,NbCuO3,False
31434,Pm2MgTl,False
30335,CrN2,False
50518,Lu3Mg2CrS8,False
11491,LiCrO2,False
17792,ThSi2Cu2,False
1183,TaBe2Os,False
23033,NaCuO2,False
16883,K2MnSO4F3,False
26619,PrCd2,False
23558,Sr5Au2O8,False
41329,LuTiSi,False
26032,FePO4,False
41446,BaNi4O8,False
10883,BeCr4Pd,False
38892,CaBi2O4,False
28414,Er2Be2GeO7,False
25219,FeF3,False
54503,TbGa3,False
259,HoAg,False
4400,Ba4PSe,False
41110,Na3VH6O7,False
42570,UTeP,False
50696,RbSnO3,False
2188,NbSe2SN2ClF6,False
7453,SiO2,False
31944,Sc2AgIr,False
32746,KSbO3,False
23355,CoBi2O6,False
23622,UV2O6,False
29863,OsN2,False
45497,ThPS,False
35573,SrGaSiH,False
18571,Na3TlI6,True
23078,Cd3PCl3,True
48633,CaBeSe,False
21999,PrFeSi2,False
17454,Ag8S,False
31619,CrN,False
92,YbAsPd,False
6495,VS2N3Cl2,False
20408,TmCo2Si2,False
52753,Ba3Ho2MoO9,False
49285,V4O5F7,False
14911,Y2Ni2Sn,False
10070,Mn2NbGa,False
10924,BaLiH3,False
19287,Ti2GaRe,False
43854,LiSnPt2,False
18467,GaAgSe2,False
50636,DyErAl2,False
33842,PmAg3,False
719,Ba4NbPb,False
45164,Ho4NiB14,False
34591,MgCd,False
41778,BaPd2,False
5698,Li6CuB4O10,False
11700,LiTiSe2O2,False
40216,Mo6PbSe8,False
47623,K2NaSmCl6,True
6531,BeHgIr,False
30474,Lu3AlN,False
52635,Nb4H3S8,False
30740,YbNaF4,True
28334,ZnCo2O4,False
42904,TmInPt2,False
43624,K5Br4Cl,True
45346,TmBi2ClO4,False
49477,InS2,False
19857,Rb2NaCeCl6,True
42810,Zr2Np,False
16223,HoGePd,False
10727,Be2VRh,False
2358,BH3O3,False
5069,KAg2PS4,False
4673,Ba2TeMo,False
29480,VSi2O6,False
54291,Ca2Br,False
27694,TaS2,False
35451,MgPd5,False
32101,IrRu3,False
46448,CaMgSi2O6,False
34781,LuHO2,False
6128,Ca2H6Ru,False
47990,LiCoF4,False
25928,InAgS2,False
23951,Ce3Pb,False
25092,ErMg,False
51508,NaAlSe2,False
44655,CeSiOs,False
52885,HBrO2,False
18089,Rb2YAuBr6,True
22004,BaC4O4,False
21596,SrAcIn2,True
36399,Ba2UMnO6,False
8256,Zn2As2O7,False
42182,AgPb3,False
1203,CaSi2,False
28734,Hf2NiMo,False
11751,Li2CuSnO4,False
51715,NbZnO2,False
45499,YSi2,False
32189,U2Co3Si5,False
13199,LiInSi2O6,False
38324,Sr2CdHg,True
7350,Na2BeBi,False
31454,CdInPd2,False
19545,K2Mg2Si2O7,False
39875,UIn3,False
53457,LiCu,False
26275,CeS,False
21793,YbAl2,False
37149,SmGeO3,False
6399,NaBH8N2,False
5768,La2MgNi2,False
31257,YbH3Pd,False
39523,Lu2V2O7,False
7111,MgAsRh2,False
23868,Co2B,False
40754,LiCoSnO4,False
48239,Er2Zr2O7,False
10941,V2O5,False
7697,SrZnAsF,True
20175,YbErSe2,False
20664,Sr2ZrMoO6,False
4334,Ba4TcHg,False
47363,USn2,False
51913,HNCl,False
26427,SmCd2,False
28291,CrH,False
29999,CrF5,False
11453,MnNF3,False
31504,NiPRh,False
10151,Sr2BeZn,True
18567,USi3,False
23985,DyCoO3,False
23883,Mg2H2O3,False
7933,NbAsOs2,False
42914,Li2CoO2,False
30525,U2AlCo2,False
30020,OsC2,False
21593,ScI3O9,False
53575,ZrNbO4,False
4155,LuCuSn,False
45076,Na2DyPCO7,False
50900,HAuO2,False
15777,AgPt3,False
15926,AuCl,False
53895,LiBeSb,False
47370,YbGaCu4,True
20288,K4IrO4,False
4780,NiAg2O2,False
31021,AcZnAu2,True
27185,ZrSi,False
13494,CuMoF6,False
9930,Be2SeBr,False
16815,DyErTl2,False
7849,NaBiS2,False
54129,Ag3Se,False
52615,BaRuCl,False
29595,CaCu2O4,False
572,BaB2S3O13,False
29483,Rb2NaBiF6,True
23203,NiN,False
49524,Li4MnCo2O7,False
10035,Sr2BeNi,False
39168,TiS,False
20651,H9C11SN,False
53990,SrSeF,False
1655,Ca4BeTe,False
30690,VO2,False
3546,BaSrPb2,False
53967,VAgO4,False
8544,AuCClO,False
34628,CaSnS3,False
3192,Bi2PdO4,False
20518,YCoC,False
49717,VPbO2,False
7534,LaBAs,False
38214,TaCuN2,False
28985,MgMo6O16,False
22767,CuTcBi,False
440,K3Rh,False
17258,Tb3In,False
5021,BaZnBi2,False
9463,AsRhW2,False
50744,SrSi2Pt2,False
25810,Sr2ZnReO6,False
32310,SrNd2Se4,False
15491,Yb2LiIn,True
11318,NbO,False
36808,Nd3Hg,False
15629,BaGe3Pd,False
5195,Ba4CrTc,False
11012,LaMg6Nb,False
45890,Ba5Ru2Cl2O9,False
52513,V4HgO10,False
14585,RbZrCu3Se4,False
18222,Cr3Pt,False
6999,Ag2HgI4,False
29733,C3N,False
14702,CaBi2,False
23941,CdAg2O4,False
23404,CaHN,False
19139,SnH18C10O4,False
15486,Fe2O3,False
17361,CaAcTl2,True
43238,GaAsO4,False
18618,InSn3,False
23997,MgCuSi2O6,False
6784,Be2CdRe,False
25003,LiNi2O4,False
25848,ZnAg2O4,False
48702,Sr4Al6MoO16,False
43824,ZnCu2O4,False
2230,La2NiO4,False
5003,Ba2TiRe,False
26029,Fe7O8,False
43882,PrNi2P2,False
33787,Tm2MgIr,False
9520,ZrAsPt,False
37758,Na2TmPCO7,False
30700,Ba3SbN,False
16774,TmAs,False
24299,ICl3,False
6361,MnBeTl,False
49918,NaAsO,False
34457,SrOsO3,False
742,FeCu2GeSe4,False
1476,Ba2VP2O11,False
7883,ZnRe2As,False
20289,Y3Si,False
50010,H10C8O3,False
42809,TbFeCu,False
12622,BeGe4Sb,False
20633,TmSi2Cu2,False
30882,Ba3AsN,False
45321,CdI2,False
11333,Be2FeSe,False
22854,Rb2CO3,False
48518,BaCaI,False
33139,CrSbP2O8,False
692,Ba4CoCl,False
2092,Sm3InN,False
22826,YIr,False
32374,LiHoHg2,True
39482,H2PbO2,False
50526,CeZnNi4,False
13014,SrZn2P2,False
3949,YNiGe2,False
29435,AlSbO3,False
15531,Na2GaAgF6,True
30078,ThPt3,False
45735,Re3Mo,False
28372,TiMo3,False
47357,LaBiPd,False
9389,K2NaAuCl6,True
9027,BeCdSe2,False
39404,Ba4BiSe,False
14073,Sr2Mg,False
27858,AlHO2,False
43874,LiCoSiO4,False
53110,Dy5Co2Bi,False
30616,Ba3BiAs,False
53651,Na2Se,False
25178,CaSiSnO5,False
28815,Hg3Te2Br2,True
24377,LiTiS2,False
50304,Li7Cr2O8,False
246,SiNi,False
48398,BCF2,False
22217,ZrHCl,False
51296,NdCO4,False
46696,LiBiO2,False
40525,Pt3Pb,False
32266,Li3NdSb2,False
53008,TbGa4Co8,False
43228,Rb2HgBiCl6,True
47338,Na2CrN2,False
48372,RbLaF4,True
15248,PmRh3,False
33601,DyMgAg2,True
38349,TeMoWSe2S,False
35193,Ti3Au,False
12623,Mg6BMo,False
19933,SrCaCr2O6,False
51831,CaTeO,False
14199,Li3Fe2Si2O8,False
6283,NaTaBe,False
5331,BaNi2Cl,False
22883,PrSF,True
21471,Mg2NbFe,False
24798,TeMo2Se3,False
16536,Tm2MgNi2,False
53586,Ta2H4O7,False
47777,SiC,False
18198,Zr3S4,False
12670,CrRh2Se4,False
27937,SiO2,False
50311,Fe2OF3,False
39957,BaMn2O8,False
32739,Dy2Re2Si2C,False
1709,CaMo5O8,False
19371,Ba2PuZnO6,False
3376,BaScSb2,False
51747,SrCN,False
14637,Tm2Mo2C3,False
40062,BiO2,False
30230,HfAl2,False
37920,Li2VOF5,False
46607,Li2ZrF6,False
2423,Rb4Tc6S13,False
40972,DyMgIn,True
47980,RbPdCl,False
37745,LiNi2O4,False
41017,Ba2TlCuO5,False
20129,H2C3SO2,False
43157,GaPd3,False
7522,BeP2Br,False
16018,NaHO,False
32118,Sc2AgRu,False
27753,YMg,False
19517,LiAgF2,True
33857,AlZnRh2,False
52652,BaSr2I6,True
13900,RbAs2Rh2,False
33764,Te2MoWSeS,False
23364,YNi2O4,False
48353,P2Ir,False
2542,CoSnO3,False
33386,TiSiPd,False
18649,TiCu2Sn,False
31676,Ti2InN,False
1668,Tl2CdSnTe4,False
10675,NaHfBe2,False
26365,Zn2Bi2O5,False
45753,YbIn3,True
34935,HgPPt5,False
44879,KNa2,True
44589,CeMgAu2,False
23677,Li3P2WO8,False
248,Ba4TaCo,False
44108,HfPRu,False
44880,ZnH2SeO5,False
24585,Na2FeO4,False
35185,Ho2CuTc,False
43493,Sm2AlAg3,False
7302,Mg7Zr,True
49141,Ga2I,False
29850,Ni2GeO4,False
21703,Al2ZnS4,False
31521,Si2N2O,False
4427,BaTaTe,False
23637,SiC,False
25001,NaHS,False
45917,Bi2O3,False
6588,LiBi3I2O4,False
43599,Nb3Ir,False
1028,Li3FeF6,False
15121,ZrZnPd2,False
38997,Li4Cr5O10,False
8273,SrIF,True
23826,PrCu5,True
20089,SnH12C6F2,False
51139,PrGa2Co3,False
49990,BiBO3,False
53730,KLa2Ag3Te8,False
40798,ZnSn2O4,False
14725,CeGaNi4,False
3371,TlPd3,False
26289,NaMgF3,False
24764,Tm2S3,False
699,HfReSi,False
18368,ZnH6C5O4,False
15500,NaAg2,False
30352,HfSb2,False
39963,Fe3Si2O8,False
217,VOF3,False
40738,HfS2,False
41693,Rb2CrCl4,False
49955,Ho4FeSn8,False
18482,NdAl2Si2,False
12534,In2Ag2GeS6,False
23189,Na2Be2O3,False
47075,NbW17Se36,False
24734,Mg3V2O8,False
22382,InCo2N2,False
11197,CeAl3Au,False
5178,BaYMo2,False
17414,Nd2MnFe3Ge4,False
7821,AsRu2Pt,False
40843,Hg2W2O7,False
52198,Mo6PbSe4S4,False
52342,SrHI,False
29319,NbN,False
37944,LiCrBO3,False
13089,Mg6VCo,False
16453,InSb,False
10335,Er2Mo2C3,False
42991,LiPm2Co,False
46937,Pd7Se2,False
51587,Ti2MnO4,False
15253,CeAgPb,False
8088,FeOF,False
858,H3N,False
25556,VO2,False
41157,CaCu5,True
48132,NaSbO,False
41392,ZnGaRh2,False
18031,ZnH6C5O4,False
8581,ReSbAs,False
48274,SrAsF2,True
21610,NbAgO3,False
26832,Rb2SiS3,False
37778,Li4Cr3FeO8,False
40002,V2ZnO4,False
20759,TiB4Mo,False
51348,Cd2Mo3O8,False
29642,MgMnF4,False
31347,Rb2ThF6,True
2415,CuAs2O4,False
44641,Ca2GaHg,True
50324,Li4PBr,False
38695,Li2CrO3,False
7201,SrBe2Cl,False
46,BeReBi4,False
7146,Na3VO4,False
39802,ScBi,False
21716,Sr2Pb3,False
30374,FeCN2,False
50166,Li2VFeP2O8,False
43398,CeAl3Cu,False
20698,ThBRh3,False
22360,HoBRh3,False
17863,K2RuAuF6,False
20083,H6C11S2O,False
40506,NdCoSi,False
44556,LaCeZn2,False
20434,LiThRh2,False
25850,K4CO4,False
949,Ba4ZrSc,False
19590,BeF2,True
34893,SbTeO3,False
10026,LiBe2Ni,False
31456,Nb2Co12P7,False
35103,LiGa3,False
8780,Be2InSn,False
44161,ScHO2,False
49579,MnVH4O2F5,False
1563,Ba4VHg,False
4974,MnNiAs,False
36573,BeAu3,False
7337,BeTe2Se,False
12644,Ba2U2O7,False
53338,Rb2CoO3,False
51516,Ba2AlCu3O7,False
44805,BaZrB2O6,False
47832,CdPdF,True
50024,B2SO2,False
4625,NaLi2Bi,False
37126,Rb2InGaF6,True
10130,CaTe,True
36455,NdRh3,False
23,LiSbF6,True
3362,Ca4TiN4,False
49922,H5C3,False
37132,Hg3Ir,False
51233,Cd2GaCuSe4,False
43977,SnSbPt,False
26622,MgTi2O5,False
4438,BaHgPb,False
1491,Ba4SrMn,False
190,Sc3RhC4,False
10631,CeMg6B,False
8869,BeNb2Cu,False
28586,MnBi2Te4,False
39109,HfMo2,False
6773,LiHfBe2,False
26984,KVCu2S4,False
36914,Rh3Br,False
45634,DyGeRh,False
5090,NiI2,False
43895,Na2GaAgBr6,True
8968,BeZn2Pd2,False
35809,LaMnO3,False
51332,Sr2YFe3O8,False
45351,NdCo9Si4,False
47252,GaAg3,True
37424,Ca2SnS4,False
32522,PaAlTc2,False
44941,NaMoO2,False
37361,Te2MoW3Se4S2,False
5824,Cd2OsC6N6,False
50404,Cu3Rh,False
13668,Dy2Si3,False
27004,HfMg,False
38340,Pb7Cl2F12,False
43083,YbGa7Au3,True
16960,LiV3O6,False
6359,Li2FeO2F,False
46983,Hf2Fe,False
14400,Pb3N4,False
39036,LiFeC2O6,False
41461,ZrBe5,False
4977,BeGaFe,False
463,Mg5Si6,False
49994,Pr2MgSe4,False
4952,CaCrF6,False
52743,Ca2La2Ti3CuO12,False
34093,Lu3Ga5Ni,False
4053,BaNaHg2,False
22524,CeSn2Ir2,False
38522,Li5Mn7O12,False
27108,Li3AsO4,False
34001,CaCdPd2,False
15268,AlTeCl7,False
42408,Mn8O13F3,False
19195,Rb2LiPrI6,True
27330,Cr3Fe,False
19033,GaCo4,False
42285,Nd3Dy,False
29615,Re2O7,False
39874,K2NaAg3C6N6,False
14806,Y3Er,False
2181,BeTeIr4,False
36105,Na3GaSe3,False
5711,BaMgCl,True
4133,Na3FeO4,False
38317,Li2AlVO4,False
19320,TiOF2,False
41071,Pu3Pb,False
35828,NbTc2Ge,False
44104,BClO2F4,False
25352,MgAl10O16,False
36179,CdI2,False
5277,BaInSn,True
47687,Hf2Al3Cu,False
12906,Be2GaTc,False
5954,LiAlSi2O6,False
7200,SiPt3,False
11741,TaBe2Cd,False
46432,ErB2C2,False
49227,Li5Mn3Ni2O10,False
2388,LiScO2,False
19427,MgSc2Ga,False
25989,SmS,False
3697,BaCaSe,False
1414,Ba4GeBr,False
8137,Be2ZnBr,False
42140,KRb2SmCl6,True
4544,KNiAu3C6N6,False
49516,Li4Co3O7,False
50689,HgI3,True
28840,SrC2,False
5581,K3AlF6,True
916,BeCd4Rh,True
47309,Y2MgCd,False
2871,BeGe4Te,False
14103,Mg3SiO4F2,False
8265,BeCdBi,False
30836,TmSbPd,False
25887,MnC4NO5,False
24603,TaCo2,False
29663,MnGeO3,False
41667,NbI5,False
27916,Li2TmIn,False
31960,OsC2,False
30540,TaSbO4,False
33479,SiO2,False
25217,VPbClO3,False
49406,AlAg3,False
15929,TlBiPbS3,False
32885,V2TcRu,False
8837,BeCdMo2,False
31585,MnSe2,False
33433,TiTc2Mo,False
10700,TiBe2Br,False
24341,LuZn,False
49126,Co2AsClO4,False
45032,BaSO4,False
31378,Y2TiO5,False
31796,Sc2SiB2Ir5,False
18027,Sc3InC,False
37917,Al2PdCl8,False
53970,NaHF2,False
25827,ZnTeMoO6,False
51076,HfAlPt2,False
26714,DyHg2,False
40164,Ba2YTlFe2O7,False
15001,GaCu3,False
29632,YSbO3,False
37012,Tl2InGaF6,True
25085,PrBrO,False
44446,Ho3Ga,False
46978,Sn7Os3,False
7484,Sc2BeIn,False
8514,NaBeGe,False
42474,K2WSe4,False
37860,RbSeBr3,True
52954,SnCS,False
12693,MnCo3O8,False
5564,Li2RhO3,False
31084,Nb4CoP,False
39716,CaSnO3,False
36805,AuClO2,False
38567,K3SO4F,False
443,HfGe2,False
31147,Te4MoW3Se4,False
46767,Tl4SnTe3,False
31387,Pm2MgSn,False
6355,PdN2Cl6,False
28867,TiCdRh2,False
41897,Sc6Al16Ir7,False
29404,Pr7O12,False
2757,Na6ZnSn2,True
13795,CaCuSb,True
23435,TcNiW,False
54178,TlBSe,False
32502,PmTlAg2,False
2206,Na4BeAlSi4ClO12,False
2658,Nd2BiN,False
32658,LiPrHg2,True
30058,Fe4Cu3O12,False
14371,RbHSeO4,False
27495,LaBi3,False
20832,NaCa3,True
20709,ZnReO4,False
53900,HPdCl,False
15108,MnHgS2,False
9872,BeInTe2,False
10611,LaMnO3,False
13372,Yb3Ba,False
16721,K2LiRuF6,False
20299,Ir4W,False
37013,MgZr3,False
31807,PdSeO4,False
18807,UPt2Au3,False
3240,Te2W,False
42496,Ba4GaHg,True
6213,SrTl2Pd,True
10085,BeGaSb2,False
54220,La5Sn3,False
1857,YBe2Cd,False
10270,Sc2Se3O9,False
28149,ScHgAu2,False
36080,Ca2AlSnO5,False
16130,Sm2Bi,False
47279,Ta2TcOs,False
42056,YbNi2Sn,False
17082,UGeAu,False
767,V6O7F5,False
2300,KMg3O4,False
10585,Be2NbSi,False
10584,KBe2Mo,False
15243,Cu2BrCl,True
30212,HfN2,False
53798,ZnCN2,False
42698,LiPF6,False
34101,Ce3AlC,False
45724,LuBiO3,False
4403,Ba2ScBi,False
49753,SnSO,False
3761,ThSi2Ru2,False
16076,MnAlCu2,False
10464,CeMg6Cd,True
21487,Ba2AgBi,True
36776,Nd3Cr,False
7723,NaScBe,False
47681,InAgSe2,False
12618,PdBr4N2,False
25222,NiO2,False
11268,Li2Fe3O6,False
23318,ScH3O3,False
6602,LaH3O3,False
8761,Li2MnSiO4,False
10932,Ta2BeRu,False
34785,Lu3Al,False
29106,MgMn2O4,False
10944,KBePt,False
34425,LuSbPd2,False
36679,XeF3,True
16523,AcAlO3,False
41632,NpFe2,False
45159,BeAu2,False
11731,Li2CuS2,False
17738,Te4MoW3Se2S2,False
23028,Li3MnCo2O6,False
1404,MnPO4,False
12535,NdSi3Os,False
8498,ReTeAs,False
10517,BeNbPt2,False
22413,Mn3Zn,False
14470,K2AlAuCl6,True
47807,CaSbN,False
36593,SmHoHg2,True
52335,Ti2Cr4Si5,False
18753,CaCo2P2,False
19459,Mg2H6Ru,False
12931,Cr2CoSe4,False
50188,BaP2,False
33261,TiO,False
53467,LiF3,False
20522,NbInPb2O6,False
45829,CoAsSe,False
5130,Li2B2S5,False
12914,LaCuO3,False
23888,NiMoO4,False
12344,MnBe2In,False
40450,Mn3FeO8,False
11339,LiMg2Ga,False
7140,NaYBe2,False
23529,SrNiIr2,False
985,Ba4ZnGa,True
43306,Ga2CuAgS4,False
12847,YbCuPb,True
26588,CaGe2,False
48371,CaBC,False
19548,BaSrFe4O8,False
8807,Ti2AsRh,False
16365,Na3Zn,False
25310,SiH3I,False
9670,NaBeV2,False
15122,DyMnFe,False
34576,DySb,False
24208,Yb2Sn,True
40970,Ta2AgF12,False
30763,Ba2YTlSn2O7,False
41652,Sr2TaCrO6,False
30970,TiAu2,False
53369,ZrCrO4,False
5898,MnAsRu,False
14023,YB2Ir3,False
21290,H3C2O,False
41250,InGaTe2,False
54301,CaTaO,False
2758,PrAlCu,False
28881,TlPd3O4,False
26470,NaO,False
41851,VBr2O,False
12574,TaBePd2,False
14380,Tl2SeO4,False
21450,SbPt3,False
4301,CoS2,False
6383,Ba4TcW,False
45856,Rb3Na,False
35554,Fe9Cu3O16,False
21856,NaAlH2CO5,False
10234,MnBe2Ge,False
18395,Ac2MgGa,True
13852,TiNCl,False
36323,CuH2SeO5,False
19286,AlCoF5,False
9786,BeTl2Ni,False
2815,AgCN3O2,False
31338,TaNi3,False
31986,HfMgIr2,False
48436,MgAlO3,False
8129,BeCdBr,False
41395,PrRe2,False
31137,HoS2,False
52142,NaMoF,False
32186,Y2MgAl,False
2238,Sr2Cu2NiS2O2,False
40155,Mn3Cd2O8,False
23556,MoWSe2S2,False
10990,LiTaBe2,False
49333,KBa3Y2Co6O16,False
44761,Sm3Se4,False
42889,K2Na3TlO4,False
1568,S2N2Cl,False
16907,Li3CrCo2O6,False
452,Ni5O4,False
39692,Na2Mn2O3,False
3612,KO,False
37275,SrAuO2,False
34543,LiGaPd2,False
2012,DyCrO3,False
21014,HoCo2Ge2,False
18583,YSe,False
34223,ScInIr2,False
48185,SrTaO,False
21371,LiCrSnO4,False
25324,Pr2ZnIr,False
3689,LiH2N,False
48467,BiSbTe2,False
37486,RbCaCl3,False
54250,Mn3O5F,False
29943,BaCeI4,True
11459,Y5Mg,False
36713,Mn11ZnO16,False
38897,Fe3O2F4,False
53289,HCl,False
29601,Li2MnF4,False
45543,Ho2Be2SiO7,False
28108,YCo2O4,False
12923,La2BeOs,False
4379,BaSiNi2,False
30935,ZrRu3,False
43342,Na4TiAs2O9,False
49874,H13C12,False
40687,PdPb2,False
32590,RbEr3F10,True
53671,PbSeBr,False
29739,RbTe,False
53623,CaNd3Mn4O12,False
42116,YTl,False
31420,NiAs2,False
11858,SrCoO3,False
45166,BaCuP,False
12017,Zr2MnBe,False
14960,PrGaCo2,False
3366,NbBr5,False
32999,ThInAg2,False
4225,MnSn,False
14295,Na3AuF6,True
10847,Ba4TcMo,False
1257,KSn2Se4,False
19855,TiS2,False
44401,HfTiB4,False
43371,Mo3Pd,False
3283,Rb2CrF6,False
28180,Mg2CdPb,True
37888,AlTeI7,False
19395,HoBiPt,False
24466,Nd2Pt2O7,False
25727,Li2O,False
47911,GaCuO2,False
48448,MnFe5O8,False
7306,ErCo12B6,False
53231,SrZnF2,True
3038,ZrTe2,False
50979,Li2BN2,False
1087,V3OF7,False
51519,NaBiO2,False
12066,Mg6FeSi,False
48881,YbSbO4,False
3199,V2CoO6,False
40092,BaZnF4,True
5506,Dy2Al3Si2,False
13346,UNi2Ge2,False
9052,BeIn2Bi,False
24419,Mg2SiO4,False
49210,NiSnO3,False
45714,ZnRhF6,True
49047,AlBH2,False
28852,CdN,False
35772,KRb2ScF6,True
41594,YAl2Ni,False
12981,Mg6TiNb,False
45648,SrMo6S8,False
46566,KCrF6,False
49746,Li5Co7O12,False
52140,MgO,False
28024,Ba3N2,False
26239,Na2PtSe2,False
1424,Na2HgPb,True
45368,Li2CaSiO4,False
6875,Ca6FeN5,False
40163,DyIn5Rh,False
36627,TmPa3,False
15235,CeSe2,False
17319,Rb2TmAuCl6,True
32509,LiHgPd2,False
17109,CeB2Ru3,False
33689,SiTc2W,False
53993,AlC3,False
12692,YbMg2Bi2,True
9054,YNiO3,False
19948,LaCeHg2,False
43875,LiFeN,False
23313,KGa3,True
33697,PrSnAu2,False
27953,Pm2CdIn,False
1772,PrCr2B6,False
31677,Sb2Pb2O7,False
49447,Mn2IrN3,False
53894,Cr2B2Ir,False
39593,VFeO4,False
27731,VFeCoGe,False
12530,Pb2IO2,False
40542,TiCdO3,False
13592,NbSb,False
13354,K2Te2Pd,False
32414,HoB2,False
24230,LiNiO2,False
15775,K3Li,False
7274,Co6O7F5,False
52887,HBrO,False
2513,LaCu5,False
14284,ReOsRu,False
41525,LiMn2S4,False
33609,YbZnAu2,True
439,MgBe2N2,False
49260,NaGeO2,False
547,Na3YCl6,False
47861,RbAgSe,False
49701,BAsP2,False
37433,AlClO,False
34027,Rb2MgF4,True
42922,NiPtO2,False
50406,TbInGe2O7,False
10577,Li2H2SeO5,False
2316,SmGe2Rh2,False
27617,Mg3Ga,False
11267,Ba4GeSb,False
51575,BBrN,False
20854,CaRuN2,False
38528,MoS2,False
50322,Ba2GdUO6,False
42687,CaTmPd2,False
34754,KH8N3,False
19982,Te4MoW3Se2S2,False
41961,PCl2OF,False
22379,LiSiBiO4,False
588,RbFeO3,False
4578,BAsO4,False
52629,Nd2CuTe4,False
38211,LiV2O2F3,False
28099,HoTlSe2,False
4422,ErClO,False
42533,Pr2CuSi3Rh2,False
3435,BaNa2Os,False
12638,Rb2CuAsF6,True
12658,TiS2,False
9602,Be2VCl,False
38493,Li4NbFe3O8,False
34477,PrSm3,False
29643,Ca2V3O8,False
28358,Al2OsRu,False
37472,YC,False
53136,MnTlF3,False
5173,Li4Ti3V3Te2O16,False
18676,BaY2F8,False
4724,Ba2MgV,False
2802,Er5BiAu2,False
2332,HfInAu2,False
43591,PmGaPd2,False
884,Cu5Si2S7,False
5973,K2Tc,False
9943,MnBe2Rh,False
44165,Rb3HoCl6,True
10639,HfMg6Ti,False
29421,BaPr2ZnS5,False
33606,SrTePd,False
43287,SrAl2Te4,False
30121,Ba3AsN,False
2732,PrSi2Ag2,False
35578,MnZn,False
47033,Ba2Ti2CuF14,False
23036,AlAgS2,False
15126,Pr5C2Cl9,False
19953,TlBiTeSe,False
29419,VZnSF5,False
32985,MnBe2Pt,False
6460,BeIrW2,False
16007,Sr2ZnP2,False
5689,Be2RuCl,False
2419,K3Co,False
27005,CeGa,False
43523,Ce2NiGe3,False
15787,KRb2DyCl6,True
18087,Zr2V3Fe,False
17015,SrFeO2F,False
38193,Ce2O3,False
17669,H5C9S2NO,False
3811,BaNi2Br,False
24768,Ba2ZrS4,False
42319,AcZn2Cd,True
30127,Li2MnCr3O8,False
34272,LiMgP,False
31913,HfMnSi,False
33058,MgGeRh2,False
13719,TiOF,False
10972,Mn2BeHg,False
38199,PuFe2Si2,False
36568,SrTa2H2O7,False
28992,CoSnRh2,False
30702,Ni3SnN,False
5393,BaCoNi2,False
43603,Tm2AgAu,False
15382,Mg9CuO10,False
37528,Yb3Os,False
30284,PtC,False
33719,YbSnRh2,False
29701,BaRhO3,False
7728,TiBeV,False
43930,PrTl,False
24060,Ba2Zn3As2O2,False
51062,Ho2Co2I,False
14347,TeO2,False
24732,TiF2,False
46257,LiCoSiO4,False
7077,Sr2TiBe2,False
23474,Rb6AlSb3,False
2801,Er3CoSi3,False
6523,BeTeIr,False
50600,Rb2AsAuF6,True
38843,NdAu,False
27506,LiZn2Pd,True
20104,NaBO2,False
12437,CaZn3,False
44636,Sm3ErS4,False
4336,ErCo5,False
11042,Li2FeCoO4,False
45124,LiTl2GaF6,True
35363,TmGe2,False
28607,MgTiO3,False
11051,BeNbSn2,False
17994,LiBiS2,False
36400,ZrScCd2,False
37720,Li2VC2O6,False
23514,P2Rh,False
7221,BeFeGe,False
34658,SmTlAg2,False
47237,HfNb,False
28957,Pr3CuSnS7,False
20117,SrZnIn3,True
41416,YAlPd,False
27361,Ho2RuRh,False
38071,Cr3O8,False
889,RbBiC4S4N4,False
22589,LaMnSbO,False
38987,FeCu2SnS4,False
27457,BiSe,False
28927,KThCuS3,False
25300,YVO3,False
19585,SmMn2SiC,False
29780,SbCl3,False
4086,BaLi4Cr,False
36626,YbOs3,False
48108,NOF2,False
38701,TmClO,False
25282,AlCoF5,False
42679,InBiO3,False
2631,Sr5B3ClO9,False
6623,BaAg2SnSe4,False
2728,BaIF,True
6552,BeInSe,False
9417,NdBrO,False
13992,Li3AlSiO5,False
40891,TaGaNi2,False
27796,WBr2O2,False
43520,Na3Hg,True
36089,TbH3O3,False
24097,Sm2Zr2O7,False
51471,MnVO3,False
25036,YCuS2,False
100,Ho3Co2Ge4,False
13407,VAs2,False
4574,BaGaCl2,True
19075,SrLa3,False
48016,LiAlH,False
137,AlFeO3,False
10994,Ta2BeCo,False
38236,KAgCl3,True
14593,MnHg3,True
9777,ScBeGe,False
15150,SiAg2P2,False
32653,KWO3,False
2913,TiMnO3,False
53703,Au2S,False
4135,Ba4HgOs,False
51998,Ca2FeOsO6,False
13721,SrLiAl3N4,False
21539,BaMg2In2,True
9909,TcAsIr2,False
17019,ZrScRu2,False
49062,AlBN2,False
1932,Sm3SiCuSe7,False
13690,CaNi5H,False
47059,RbGaCl4,True
30997,NdSe2,False
45807,SrNi2Ge,False
20591,Nb6SnGe,False
7528,K2PdBr4,True
40394,Tb2In,False
47249,Pr2MgCd,False
39572,SnF2,False
48607,NaOsO,False
16385,Nd2FeSb4,False
52417,HfPt4,False
13248,Yb3Sn,True
17943,Sb2S3,False
29362,Ag3PS4,False
33505,MgTa2N3,False
34195,AcSe3,False
43700,CoBiO3,False
3936,Ba4SiW,False
28860,LiMgIn2,False
6441,Li4CoO3F,False
42453,Rb2CoS2,False
23397,SbSCl9,False
30302,MoF4,False
1727,BeIn4Ir,False
34826,MgTaIr2,False
46242,YAlO3,False
8856,BeRu2Pb,False
831,Ca3Ni7B2,False
3256,K3Sb,True
3937,Ba2YSb,False
35629,BaCo2P2O8,False
23394,RbNO3,False
22086,H4C6S,False
28756,Hg3Te2Cl2,True
17633,CdBi3,False
9008,CuBi2O4,False
22403,La2Cu3Ni,False
18387,LiV2OF5,False
4261,Mn5As4,False
20216,Li2VF4,False
14453,CaB2H8,False
31430,LiCdAs,False
22488,MnFeAs,False
5296,BaLiHg2,True
4276,La3AlC,False
31568,DyZnIn,True
25584,MgSn2O4,False
21238,MgScIr2,False
4659,BaCoBr2,False
31254,Yb2MgS4,False
48891,Li7Mn4CoO12,False
33618,InSbS3,False
2389,Li4ZrF8,False
17656,KSnAs,False
33454,Ti2RePd,False
44933,Yb5Sn3,False
39987,Sr3ZnPtO6,False
7951,BC7,False
47787,BiTeIr,False
2510,Ba3Al3Ga2,False
7008,LiBeNi2,False
32338,KAlH4,False
4267,V2Se9,False
12131,MoO2,False
17775,KSrI3,True
18778,NaMnO2,False
49040,As2H6CO6,False
38872,AuSe,False
41904,SmI,False
35999,NaCaTl2,True
33234,YbGeO3,False
29565,Mn3Zn2O8,False
53224,SiHO2,False
34177,Li2AcPb,False
44090,VCrC2,False
14868,TbGe5,False
29816,MnGa,False
7606,BeTl2Br,False
32423,ErCoO3,False
37666,CdI2,False
20849,KTaPt,False
14406,NdSi3Ir,False
36164,SnC2S2N2,False
4168,KBaBi2,False
26412,Na3Bi,False
34763,Hf2IrRu,False
50622,CaGe2Pt2,False
6117,MgBeCr,False
25033,V12P7,False
20336,MgNb3,False
4947,Ba4SbPd,False
9176,Mg3Mn,False
806,MnPS3,False
48031,InS,False
13711,KCa12Si4S2O26F,False
52656,SiHg2O2F6,False
10697,BeCdGe2,False
5586,CaZn2,False
47118,Al2O3,False
47599,LaCeRu4,False
25439,Tb2Ti2O7,False
31242,HoZn2,True
53758,AuOF,False
36113,Na5Zr2F13,False
52713,CaBe2P2,False
48194,SrTaO2,False
11216,Pr2IrPd,False
6717,CrO,False
21502,Yb2TlZn,True
13708,MgSn2,False
32572,Sc2GaCu,False
2228,V4O7F5,False
18325,Te2MoW3Se4S2,False
33193,CaNdCd2,True
41925,Hf5Sb9,False
5905,BaPbF6,True
47825,CaZnO,True
41007,MnCoGe,False
49223,Tb2HfAl9,False
29372,Ca3N2,False
21336,Na2PtO3,False
30948,TiVO4,False
21553,Ba2TlCo2O7,False
19922,KLiSnO2,False
6003,Y3AlNiS7,False
13284,BeMoSe,False
23405,Na3UF7,False
26287,AlAsO4,False
46465,LuGeIr,False
30529,CeCoSi,False
31202,Pa3P4,False
26886,Ca2CdHg,False
18236,CaAsAu,False
11974,Mg6NbSb,False
30082,ZnCr2O5,False
11906,Ca4BeRh,False
9580,CrSe2,False
2089,AgSbC6N4O2F6,False
12070,SmFeO3,False
30130,MgH2,False
6236,AlHO2,False
21482,YbMn2As2,False
25422,C3N4,False
25691,BaMgGe,True
47596,LaCd2Cu,True
18592,Ti3TlC,False
35169,ThSb,False
9728,MnBe2Ga,False
28177,Ca2CdAg,True
42682,K2AlHgCl6,True
10116,KH3C2O3,False
31695,PaCo3,False
2309,MnBe2Nb,False
16831,HfTaV4,False
40761,MnVAs,False
23471,BiSb2Os,False
10954,Be2GeP,False
19828,Ho2C,False
21602,TaI2O,False
34138,KSnSO4F,False
48770,Li4CoTeO6,False
35857,YRh5,False
28632,LaSbTe,False
5750,Ba4GeOs,False
25274,MgCoSiO5,False
2607,Ba4Ir3O10,False
14166,Na3Ca,False
47702,Cd3P,True
34805,RbZn4As3,True
4593,Na2AgAs,False
5847,YbB4Rh,False
14081,K2ScTlCl6,True
21506,K2PtSe2,False
46333,BaV2P4O14,False
30080,Sr2CoReO6,False
23254,SnTe,False
26858,OsC,False
29903,CrTe,False
45331,Li8Al3Si5,False
3952,BaTa2Be,False
14388,RbTlF3,False
16403,Rb2AlHgF6,True
15434,Mg3Si2,False
24168,TeMoWSeS2,False
6721,CeAs12Os4,False
43816,K4NaCl5,True
5685,CoPO4,False
14304,Sc2Te3,False
5286,Ba4CuRh,False
39449,Mn3O4F2,False
38832,CaVO2,False
12969,Y2CI2,False
16756,PmNd,False
4661,Ba2GaSi,False
26445,NdCrO4,False
22509,In2ReB,False
29149,Li2V3F8,False
49187,ZnH6C5O4,False
38920,Mg2PbO4,False
2063,Sr2Sc2B4O11,False
30152,ZnSiO3,False
39075,Mn4CrO8,False
35606,NiPd3,False
23880,YMn2S4,False
43567,Na14Mn2O9,False
18538,Li2SiNiO4,False
54276,ZrTl,False
42304,WO3,False
49378,AlGaO2,False
19659,PrSi2Ni,False
26554,Al3Zn,False
53267,H3C,False
40429,K8PO3,False
46973,Ta2Zn2SnO8,False
14517,Sr5Mg,False
20482,CoNiP2S6,False
38375,Yb4Cl6O,True
54153,YAg3,False
35428,YLuTl2,False
11658,BeRhSe,False
44409,InGaSb2,False
19793,K2Se,False
50927,PmYIn2,False
30056,CaCo2O5,False
50269,LiMnAlO3,False
8597,Li2Mn3CoO8,False
28331,YCdAg2,False
46193,LiMo2AsO9,False
32958,Ca4Cl6O,True
3228,PbSe,False
43589,Tb2TeS2,False
20595,NaZnP,False
35774,Dy2C,False
11150,NaBe2Cl,False
22355,Ir4Os,False
5799,PrSiO4,False
24002,CoO2,False
9623,Pr2Ir2O7,False
18435,GaAg3,False
31252,ErMnO3,False
39502,ScIr2,False
26994,MgGa3,False
49113,NaNbF4,False
35550,K3Mo,False
9470,MnBeSn2,False
19112,Cu2NiSn,False
34170,TiAlPd2,False
21845,Al5CuSe8,False
44102,LaPmGa2,False
54579,Sm3N,False
8390,CdBr2,True
30880,Ge3As4,False
49770,TeSO,False
47542,CoMo,False
23693,Sr3BiN,False
52278,HF,False
25226,Mo3WSe4S4,False
22946,WF5,False
9270,MnBeV2,False
9324,Ba3Pb5,False
7677,K3NbS4,False
51882,InSbS,False
16404,LiFeAs,False
52211,LiLaC2N4,False
20995,NdYMg2,False
18884,Y2ZnAg,False
51503,Na2W2O7,False
21146,Sr3Mn2O7,False
36697,TbLiTl2,False
26350,MgCd,False
42366,La2Ru2I,False
48515,Li6NiCl8,False
28275,CaYZn2,False
47842,CaSnS,False
41527,NaSrBO3,False
16146,MgTa2N3,False
46240,AsPdSe,False
24226,ErTa3O9,False
30571,K2GeI6O18,False
41202,SrIn2Ir,False
34792,CeFe4As12,False
47001,Dy2O3,False
2912,B5H12NO12,False
344,HgBr2,True
12813,LuSi2Pt2,False
30223,Er3P4Pd7,False
48968,TiH18C11O4,False
29584,MnAlO3,False
26213,RbB,False
42137,Rb2ScTlI6,True
10136,Be2HgPt,False
2602,PrCuSi,False
44849,NdAl3,False
21888,NaMn2O4,False
4211,CuBr2,True
18491,In2Bi,False
27210,H3S,False
30745,TiCr2Te4,False
9033,LiSc2Be,False
6606,MnBeCd,False
27333,NpAs3,False
30301,CrNi3,False
34194,LiSi3,False
44303,ThCoSi2,False
34090,AcN,False
33311,Na2LiN,False
30429,CaCoSi,False
11199,Te4Mo3WS4,False
28369,SiC,False
17245,Ti3S2,False
51572,IBr,False
14660,Rb2SmAgCl6,True
54183,BSe,False
10131,CaCd,False
48847,Ba3CaTa2O9,False
17767,Ba2Ge3,False
31105,Ga2BiAs,False
26550,TbKGeS4,False
5455,CuHgSeBr,True
24251,VO,False
20409,NaErS2,False
38825,Li2CrO4,False
35632,Nd2Sb,False
33645,Tm2CoOs,False
3627,Ba2NaGa,True
53675,AsC,False
20485,AlFe3H,False
1702,Ba4ZrSe,False
40787,Li5Nb2Fe3O10,False
26505,Y6UO12,False
25637,ZrHgAu2,False
10796,Mn2BeIr,False
11641,Ta2CN3,False
17919,Rb2TlAgCl6,True
43686,LuCoO3,False
4590,Tl4HgBr6,True
51930,TlBiF4,False
31548,Hf4Al3,False
123,AlInO3,False
11482,Be2CrCu,False
27208,PdN,False
4402,Ba2YV,False
41105,SrLuCuS3,False
42589,CeScAl4,False
27684,SrLi2Ge,False
5319,HfCuSiAs,False
52330,KLaF4,True
21654,CdH20C12O4,False
37463,ScAl,False
5912,Ba4OsPb,False
43633,LiYSe2,False
42638,WO3,False
38277,PdN,False
44215,NdAlNi4,False
18560,V6CoNi,False
35383,SmYIn2,False
12840,BeRhBr2,False
52086,Li2InF3,False
39713,Sm2InHg,False
38329,RbCdCl3,True
23363,Cd2H2SO6,False
48886,CaH10C7O4,False
43767,NdVO3,False
11796,BeCu4Re,False
33542,Zn2Si3Pb4SO15,False
23965,Sn2OF2,False
29196,Th3Sb4,False
22908,Al5CuS8,False
19570,H3C3SNO,False
4159,Nb5Ge3B,False
39496,SmCuO3,False
10943,TbSnGe,False
53763,SbAuF2,False
33321,SmSbTe,False
46921,LiVP2O7,False
26,SiS,False
45878,Lu7Te2Pd2,False
12715,SmMnO3,False
53360,BaTcCl,False
12374,Ba2Sc2O5,False
28663,ZnInRh2,False
34224,TiSnRu2,False
28591,YTlSe2,False
20109,SnP,False
8665,TiBe2Pb,False
16733,RbFe2Se3,False
46781,Li2Cr3SbO8,False
30011,BaNa6O4,False
5461,BaNbCd,False
9799,Be2CdTc,False
47054,TlH4NCl4,False
927,CeP2,False
15794,Te2AuI,False
27373,YThRu2,False
52764,As2SeS2,False
45165,K2NaFeF6,True
7608,NdSi2Rh3,False
32126,NdB6,False
36335,IrCl4F6,False
51126,Ti3NbAl2C2,False
41245,Sr2FeO4,False
39604,Li4MnFe3O8,False
35202,Rb3Ho,True
26048,NaV2O5,False
1275,YMg7,False
49806,CdH18C11O4,False
48629,BeAs2,False
17003,SrSnP,False
3639,BaTlP2,False
40794,MoWSe3S,False
33512,LiHfPd2,False
26696,IrPb,False
222,Ba2MgH6,False
50185,Li5Mn3Co2O10,False
38225,Li2MnO2F,False
45000,Fe3W3N,False
34216,Ba2FeMoO6,False
8782,SrAl2H2,False
38826,TiClO,False
4847,PrMg2Ni9,False
17253,RbSrCl3,True
13111,TmAlZn,False
22950,SrLiBi,False
34594,ZrBiRh,False
41811,HfOs,False
11107,BeGe2Bi,False
27841,RbHfAgTe3,False
44999,RbMgAsH12O10,False
29843,MgPdAu2,False
43790,Tb2CdCu2,True
3464,NbPt3,False
28725,BePRu2,False
25949,HfB12,False
31772,CaSnHg,False
20702,CaMnSe2,False
4840,Li4Mn3OF8,False
6316,LiBePb2,False
39503,TaAsO4,False
37626,Li2TiCr2O6,False
38543,NbCrF6,False
19975,ErCo2Ge2,False
45944,TiSb2,False
28872,KInP2S7,False
34415,Rb3Na,False
21099,YbSi2Pd2,False
37749,Ge2S3I2,False
37943,Zr2InC,False
43963,Cr3PdN,False
33747,TiSnPd2,False
53177,Mn3Ni4Sb,False
47718,ZrZnNi2,False
2850,SnSO4,False
19703,Y2CuPt,False
31246,Hf2CuGe4,False
53540,LiV4O5F7,False
27247,OsN2,False
50585,V4O3F5,False
36851,Al3Ga,False
14374,Sr2Mg,False
29000,BrCl,True
50262,HfNb2VC4,False
5283,Ba4OsCl,False
25403,Cu2Cl2O,False
25851,Sr3CaCr2S2O5,False
1698,Ba2CoMoO6,False
44910,LiCu2PO4,False
50793,SnTePb4S4,False
11834,Co2B,False
7562,HoNiSn,False
2315,BaPt2,False
41523,ErCd2,False
47373,YBiO2F2,False
8036,VSb4O12,False
31786,Mg2RhAu,False
12205,TlHPd3,False
25990,VN,False
2670,Ca2FeWO6,False
1724,Na4BePd,False
17684,ZnH4C4O4,False
27281,HoHO2,False
1161,La3Ge4Rh4,False
32549,PaAlRu2,False
53198,KNb4AgP2S20,False
17294,CdGeN2,False
31984,SrAs4Rh6,False
12091,RbMg6Al,False
43276,TlGaS2,False
48780,FeMoP,False
1794,SmB3O6,False
19501,ZrAlNi2,False
6052,Ti4AlN3,False
32365,LiPaRu2,False
34198,Rb3Ag,True
18825,La2SbAu3,False
42933,Li4CoO4,False
41507,Lu2O3,False
19011,LaMn2Si2,False
13844,KMg6Sn,True
39047,Yb2V2O7,False
26321,BaAuCl,True
29134,YN,False
50023,LiVC2O6,False
52915,PCl,False
14969,CoSi2Se4,False
32197,UI4,False
5566,BaCdTe,False
29229,HoFe2B2,False
36312,RbS,False
12090,K3NO4,False
8876,CaFeO2,False
20567,Lu3GaC,False
47179,Nd2Ga5Au3,False
17112,CaCeCd2,True
50779,AlSO,False
1590,TePCl9,False
41070,Na2H4Pd,False
54258,ZrSc,False
22102,MgCuSn,False
182,LiSmAlF6,False
47725,Ce3Dy,False
5694,Li3Co5OF11,False
11316,YbAs,False
4290,Ba4CaP,False
43580,KBiSe2,False
3882,LiBC,False
37737,Ti2AlFe,False
6571,CrC,False
3206,EuCl3,True
52125,V2O3F,False
40389,Sm3In,False
19393,UPd2Pb,False
50308,LiMgBr,True
54337,GaSn7,False
27883,Sm2IrRu,False
21946,LaZn2Ag,True
23613,LaMnO3,False
36387,AgTeNO5,False
39458,DyCuSe2,False
2264,YRe4B4,False
39293,Y2W2O9,False
43127,Th2N3,False
42178,K2RbCeCl6,True
8402,LiBH4,False
42274,Hg2SeO3,False
14670,Ba2Nd2Ti2Cu2O11,False
10354,Rb3ScI6,True
49,BeCu4W,False
40277,V2Bi4O11,False
27318,Na3Sn,True
50366,V2O3F,False
1073,FeSb2O6,False
45651,CaGe2Pd2,False
1975,LiMg3,False
22072,NdTa3O9,False
7112,BeCdFe,False
52583,SrCaTi2O6,False
26375,ScTlCd,False
46993,K2NaInSb2,True
6813,BeZn2Cu,True
3852,Ba2PbCl,True
36005,SmCd3,True
19822,CuPd,False
10476,BeGeIr2,False
48252,InAsH2O5,False
32563,Dy5Si3,False
22113,AlInB,False
17474,LiIn2Rh,False
28074,TbCl,True
11346,Be2InTe,False
10171,AgHg,False
2136,K4V5CuClO15,False
1516,Mg3FeO4,False
847,Li4MnV3O8,False
12072,Ca2ZrBe,False
15186,ZrSbRu2,False
3344,LiNiAsO4,False
41347,TiAlAu,False
22591,YbAlO3,False
10093,MnOF,False
21597,YSi2Ir2,False
23895,CoSb2Br2O3,False
17404,TmMgPd2,False
11545,La2SeO2,False
19,Mo3WSe6S2,False
24262,BaMnGe,False
33546,SrLi2Pb,False
34350,Tm2OsAu,False
41978,SrAsO3,False
18844,PtRh,False
14138,ThS,False
44441,Tb3Pm,False
16215,YbZn2Si2,False
32842,TeMoWSeS2,False
12905,SiO2,False
25464,CuHO2,False
52407,HSeO2,False
41393,TlI3,True
27798,Li4CO4,False
50995,KSn3,False
24203,SrNd2O4,False
20114,Pr2UTe4,False
29754,CaAl9Co2,False
41193,HfFeGe,False
16543,Li2VO2F2,False
37062,Sm3Dy,False
24324,ZrBrN,False
49264,Li5Fe5Cu2O12,False
1168,CeCrGe3,False
3076,BaNaMo2,False
45318,Pr2MgNi2,False
15203,PmNdRu2,False
8719,Li2CoSiO4,False
4693,Tl2PtCl6,False
16291,BaErO3,False
24596,TiSi2O6,False
45949,ErS,False
29308,TmCuS2,False
9539,NaBeRu,False
49359,AlGaN,False
20125,CaAgSn,True
28835,InBi2S4Cl,False
10622,HgIrO3,False
19024,Ba2CuN2,False
5269,BaZnSb,False
45187,In7GeIrO8,False
3269,Ce4C2Br5,False
12727,KH3Se2O6,False
29550,CdCo3N,False
29323,Ge2SbO6,False
39398,BeGa4Pd,False
17403,TiZn2Pd,False
37515,LuBr3,True
40749,Nb3Au2,False
12162,Be2PdPb,False
40056,NaAgF4,True
9496,BeNiPb2,False
30851,LiPt3,False
50096,Fe2P3O10,False
44267,UGa3,False
13170,Mg6TiNb,False
26808,W2SeS3,False
45053,Cu6OF11,True
15414,Mn2CuNiSb2,False
14265,Er2InNi2,False
46555,NdFeAsO,False
27486,NaTa3,False
53072,CoNO,False
41310,InAuO2,False
44356,GaAg3F6,True
9020,SiPd2,False
2814,YbCdSn,True
37478,W2N,False
5140,Li6Co6O5F11,False
45379,Pr4Ge3,False
15369,ZnPd2,False
8152,BeGeRh2,False
46133,AgSbF6,True
50144,KSrVO4,False
5045,BaNaSn,False
14731,CaAg3,False
35752,AgSbTe2,False
9746,BeCuTe2,False
5049,BaSrSn,False
18721,TiAl3Ge,False
47260,Fe6Ge2N,False
13277,Mg6CdCo,True
36245,SmCuSeO,False
35980,UB2Os3,False
53368,NaAlTe2,False
51065,HoB3Mo,False
34796,TmBiPd2,False
21566,InGe3,False
39451,Te2SO7,False
6542,HC,False
35848,Sm3Hg,False
52929,CuIO3,False
26680,ScH3,False
42747,BaNaCuBrO2,False
41793,Be12Mo,False
40678,MnNiGe,False
40623,Rb3Sm,False
6972,Mg3BO4,False
4407,Yb4As3,False
7421,ZrReAs,False
43971,Na2AlHgF6,True
2777,CeFeSb2,False
19764,NaMoF6,False
45393,HoCu2O4,False
26447,DyCd2,False
10831,TiGeSb,False
27790,WN,False
17187,Dy2SbO2,False
50444,LiRuRhO4,False
15694,K3AsI6,True
46108,Ga2O3,False
42388,Li7VO5F,False
31467,CaYRh2,False
266,MoWSe2S2,False
19750,K2RbNdF6,True
27471,BeSiAs2,False
22755,LaCd,False
24355,ZnSn2N2,False
48403,TiCrCuSe4,False
39371,Mg3Sb,False
11635,HfBe2Rh,False
3339,Mg3AlPt2,False
24256,Nb2CoS4,False
39014,Li5SbS,False
31855,DyCoSi,False
9305,YBeTe,False
4615,Ba4InFe,False
53214,YSnF,False
15072,YbLiCu2P2,False
12848,MnBe2Os,False
47513,YPOs2C,False
47051,NbW3Se8,False
35081,Mg2Rh,False
19928,NaNiO2,False
39379,Ba4CrPb,False
10379,Be2CuIr,False
40305,VOF3,False
21940,Li2CeAs2,False
1869,H6N4O9,False
37641,AlCrO4,False
20753,BaMn2Sb2,False
51280,Li4Mn3O7,False
25034,Tb3BWO9,False
52903,NaVF3,False
48716,Re2MoSe4,False
33282,Sm3Si2Cl5O6,False
33792,Te4MoW2S2,False
38197,PtO3,False
27195,MgCr4S8,False
13989,BaGe3Ir,False
37573,RhN,False
48546,BaCl,False
39876,Sc2MnS4,False
26176,Bi2TeO6,False
14598,SrEr2O4,False
10545,TaBe2Se,False
26149,CuAu,False
39705,Ag3PO4,False
16992,LiLaSO,False
16493,ErNiBi,False
20251,TiH18C10O4,False
9492,KZrBe2,False
6276,Li2Mn4O5F3,False
36002,ZrFe2,False
54554,Sm3Hg,False
13927,Zr2Sn,False
47431,Li2MnFeO4,False
48288,HgCl,False
49118,SrPF,False
36176,ZnP2H4O4,False
34017,SbRh3,False
39835,LiV2OF5,False
18890,PHN2,False
52131,NaMoF,False
48572,BaGeH2,False
11941,Mg6TiB,False
50816,SrPtO,False
44487,Ag2Te,False
51224,CIN,False
32418,Ti2MnRu,False
13385,NdTlZn,True
49075,KNiPO4,False
19043,H8C9S,False
22656,Na3As,False
45821,MnCo2Ge,False
1355,KCeGeSe4,False
18062,Li2SnIr,False
47294,Ti2GaTc,False
25953,Fe3Sn2S8,False
35845,TaRh3,False
9828,BaZn2As2,False
36850,TmAs3,False
40034,NaZr2NiF11,False
42185,Ba2Tc2O5,False
22005,LiSbN2,False
18586,Ti2FeRu,False
46121,Zr3GeO8,False
7958,BeGaSi,False
49016,CoSeO,False
41779,HfGa3,False
31581,ZrB,False
25299,BaYCuSnO5,False
34368,K3Sm,True
47791,LiAgO,False
27399,TiHgO3,False
48653,HfBeRu,False
29964,HoN,False
47109,RbCr3S5,False
52859,Li7Co5O12,False
2178,SeN2Cl6,False
27868,RuN,False
32620,Pm2CoIr,False
36706,KLiICl,True
45133,Te5Mo4S3,False
4399,HoNiB4,False
32253,MgH4Cl2O2,False
24196,TiO2,False
27851,CdSiP2,False
7979,KBe2Si,False
22821,NaH2Pd3,False
44013,Ba5Al2In2IrClO13,False
17325,CaYZn2,True
45834,Al5W,False
17191,Sr5ZnCd4,True
15161,Cr2HO4,False
30889,MnH2O2,False
47097,MgZn,False
35936,Li4Co3NiO8,False
325,RbCaO3,False
9240,FeCoBO4,False
32370,CeCo2B2C,False
23186,NiO2,False
28685,CuBiSeO,False
15087,KAsOF4,False
21483,MnNi,False
28832,MnTc2Mo,False
34419,Sr2BiAu,True
51301,LiH2N,False
49310,Li4Mn3Nb2Cu3O16,False
1059,Ba4TiTl,False
49346,HfMgO,False
45800,TaO3,False
47632,VAg4O4,False
7901,Be2CrBr,False
18832,NbCo2Sn,False
13896,Ce2Mg,False
25671,LiV3O4,False
27839,VC3,False
5305,Ba4HgRh,False
15342,Yb3Dy,True
21765,Nb3Ni,False
47143,AcLa3,False
36395,Rb2AuBr,True
43101,Y2MgTl,False
51132,Tb2In3Cu,False
50176,LiFeP2O7,False
5074,SnPb2O4,False
29751,CaAl2O4,False
34679,BN,False
51365,CdPdF4,True
33070,Li2PmTl,False
29887,Ca3BiN,False
37485,YWN3,False
27912,YScZn2,False
25016,ZnB2Ir2,False
16008,Rb2TmAgCl6,True
35956,RbUAuSe3,False
45839,CaZnGe,True
41011,TePb,False
16270,ThFe5,False
43723,CrPt,False
38041,Li2Cr3SnO8,False
45792,ThGe2,False
32195,ErZnGa,False
31195,SrB4O7,False
32369,Pr2CdNi2,False
51136,LiNi2O4,False
48926,Sn4Rh,False
28665,Sr2In2O5,False
33950,Ho2IrRu,False
51695,ScCCl,False
5081,BaCa2Mg,False
24676,CaHoMn2O6,False
23614,Er2Zr2O7,False
36064,NaLi2Pb,False
32408,Pm2SiPd,False
25157,Nd2Mg,False
9109,BeZnCu4,True
13051,KCa3,False
8779,NaBeMo,False
27070,NaIO3,False
33987,Zr3Ag,False
26233,Sc2AlAu,False
26727,Mg3Fe,False
30282,ZrSn2,False
50437,MgSi2,False
29188,Tl2Pt,False
52399,MnVGa5,False
48706,Sr3ZrTi2O9,False
52520,K2Se,True
48530,BaZnCl2,False
31941,UH2O4,False
22856,As2Pb4S6ICl,False
43592,K2LiBiCl6,True
35885,TeMoWSeS2,False
33205,MoW2Se2S4,False
21638,Ga3Hg,False
37574,Au3S,False
42931,LuSF,True
142,Sm2ZnS4,False
8985,Mg6CoW,False
28012,LiY2Tc,False
28757,MnV2Mo,False
12300,Be2NbHg,False
25576,Na2Cu2TeO6,False
13602,Be2FeSe,False
14706,K2NiO2,False
15974,SmPd3,False
8501,BeSiBr,False
15671,LaCoSi2,False
41800,K2SO4,False
21995,CaB2H4O6,False
49382,Ba3ZnIrRuO9,False
9037,Sc2BeCo,False
43779,UTl2Te2O8,False
39459,Li2VGeO5,False
27863,CdCu2Rh,False
35763,LiHg3,False
39078,V2P2O7,False
37977,NaVPCO7,False
4368,Ba4CoRh,False
37240,Na2ZnSe2,False
23018,NpSi2Cu2,False
19618,YbMg,False
12297,CrCoPt2,False
32801,NbAlOs2,False
39140,HfMgHg2,False
35367,Mg3Ru2,False
24247,Mg3Ni2O7,False
25657,Nb2CrOs,False
10174,Mn2Be2Te,False
18711,TiV,False
1570,H5N3O3,False
15123,NaErP4O12,False
22718,TiO,False
4828,BaCd2Te,False
37493,TcB,False
21119,GaAu,False
28871,Fe2GeO4,False
39516,TiBi2O5,False
49890,CdH20C12O4,False
21943,Pr2TlIn,False
16540,Na3InBr6,True
35679,Li2PrIn,False
8155,NaTl,False
5398,CeNiSnH,False
35641,MnZn3,True
25088,Ag2HgI4,False
50103,BaSbF,False
41456,Zr6Sb2Pt,False
25614,MgVRu2,False
44932,AlBiO3,False
47230,NdGaAu2,False
40342,AlMo3F15,False
20344,SrAs2Ru2,False
865,K2PdO2,False
51171,BaTe,False
41307,KCu2P2H3O8F2,False
31789,ScBRh3,False
34118,Sm2ZnIr,False
35447,Ti2Ag,False
33626,Mg2ZnB2Ir5,False
14497,Ce2Mg,False
29839,Ag3AsS3,False
17397,Th2Si3Os,False
3397,LiRuF6,False
46224,Ag3AsO4,False
38509,OsC,False
54180,Ca3Ru4O14,False
49070,TiAsRu,False
14208,Mn3N2,False
9820,Be2VBr,False
6344,CaMg7,True
37525,AsH5COF6,False
1762,MgGaAu,True
11890,Ta2Be2Pb,False
46238,UPd2S4,False
1600,BeVIn4,False
35600,SrBeF4,True
10107,Be2InRu,False
41913,HoGeAu,False
2244,K2MgMo2H4O10,False
37922,TbPd,False
42868,UCoNiGe2,False
3760,HfCoSn,False
52354,Tb2Al5Ge2,False
1379,Ba4ScHg,False
35398,LuPb3,False
30351,SmTe2,False
17586,Pu2TeO2,False
17758,Ba3Na,False
10502,NaBe2Sn,False
205,Ni2Sn4Au,False
32390,LiCa2Al,False
42393,Ba4NbBr,False
26280,ZrTi2O,False
9435,KO2,False
11912,NaV6O11,False
39358,Fe2OF3,False
701,CaZn3Se4,True
32393,CaCu4P2,False
19502,UMn2SiC,False
30833,SnMo6S8,False
7477,Ba2CaCu2HgO6,False
4915,KBaHg2,False
12796,Rb2NiF4,True
18515,CdH16C10O4,False
21527,MgH2C3O4,False
14038,AlSeBr3N,False
51394,TbMnO3,False
42593,SmSbO4,False
33668,FeF2,False
7069,Zn3N2,False
38805,Co3OF5,False
7142,Na2VO3,False
32751,Sc2TcPt,False
50520,Sr10MnN8,False
18759,PrNd,False
30806,SmAs2Pd2,False
42523,TaTeN,False
41584,SrIn2Te4,False
11815,ThSi3Ru,False
1938,Na4CuAs2O8,False
1496,Ba2BiP,False
37142,MoO3,False
21423,Sr3Al2Si2,False
378,LiFeF3,False
53849,BaRh,False
47689,SrNbNO2,False
13889,TbNi5,False
38153,LiVF4,False
29023,TiCdO3,False
5960,TmCoGe2,False
27840,LiPmAu2,False
47814,Al4InAgTe8,False
28096,MgMnF5,False
18762,H5C6S2N,False
51230,Cd3Hg,True
8687,PrHg3,True
27088,DyBiPd,False
49835,H20PbC12O4,False
50562,SnCO2,False
14206,K3B12H12Br,False
37208,SrAcZn2,True
18857,Tl3Ag,False
40199,BPt,False
26181,P3N5,False
39303,LiMn3Ni2O8,False
23585,SrLiH3,False
41099,ZrMo2,False
26878,Ti2MnRe,False
12240,TeWS,False
49799,TiSnO3,False
44419,Rb2LiRuF6,False
31829,HoGeIr,False
15254,FeMo3As4,False
940,Ba4ZrNb,False
5361,BaYSb,False
7865,HfBeSe2,False
28580,LiZrHg2,False
34639,YAlO3,False
2595,BaCuP2,False
4317,Li3FeO2F2,False
25539,TmCrO4,False
54521,Sm3B,False
13353,LaRh2,False
16572,Tb2O3,False
53555,NbZnO,False
34398,Tb2Si5Ru3,False
50274,PbBrCl,False
12830,Na2Li3FeO4,False
35810,Ru3Cl,False
51580,Li3Fe2O6,False
21086,Ti4Fe,False
29154,CaC2,False
40212,YAgPb,False
52756,Ba2YCu3O6,False
47423,PrZnAgP2,False
9173,K3MnH5,False
11926,K2Li3FeO4,False
11530,V5Sb4,False
22434,VGa,False
41868,Ti2O3,False
16319,ReRuCl2,False
13826,CuH12N2Cl4O2,False
14254,ErHCl,False
41765,Ba3MgSb2O9,False
45009,BaAlBO3F2,False
30694,TbCuSn,False
738,YBrO,False
53602,CaAsN,False
36908,Mn5CoO12,False
416,HfTe2,False
19483,H10C14O,False
32619,PmTlTe2,False
15138,CaFe2As2,False
22797,AlCrF5,False
46417,ThMnSe3,False
20536,USO,False
5565,BaMoCl,False
46813,ZnNiP2O7,False
12141,CdHgC4S4N4,False
5064,BaNaTi4,False
6767,TeI,False
41325,TiAlAu2,False
9469,Be2HgBr,False
1021,Mg4MnBe,False
35508,Li4Mn3Co2Ni3O16,False
16031,MnIn2Te4,False
33941,ZrS,False
14445,Tm2S2O,False
28254,Be2PtAu,False
14034,Ga3Pt5,False
33348,CaErRh2,False
16108,SnTe2Pd6,False
21051,Li2UO4,False
2621,VBiO4,False
21849,DyMn2SiC,False
38946,CaAl2,False
4795,BaB2F8,False
1409,NdAlPt,False
25923,NbRhO4,False
35777,PbAuO2,False
153,Li3CrSiO5,False
34838,Li3UO4,False
5253,Np2InPt2,False
36699,ZrNCl,False
34887,Li3Au,False
42758,MgZn3O4,False
13881,IrC2,False
24883,Li3BrO,False
35477,TbGa3,True
47036,MgTi2S4,False
45376,Na6MnTe4,False
29447,BaGa2Se4,False
48523,Lu3Mg2TiS8,False
34984,Ho2RuAu,False
27032,TiMn5O12,False
36811,Li2VFeP2O8,False
28514,W2NCl8,False
10830,La2Fe2I,False
43887,SrLiO3,False
1969,KGe2BO6,False
35563,BeSe,False
46054,UAl4,False
26309,NbO,False
40323,Li3TiCu4O8,False
53544,LiSb,False
12471,MgTaBe2,False
26257,CuO2F,False
303,Ba4ScNb,False
37655,LiFeSiO4,False
53577,MgC2,False
3257,Fe3Pt,False
51859,Li2CoNi3O8,False
13575,SrHI,False
8502,NaAsRh2,False
15689,XeF2,True
45843,MgSn2O4,False
7859,MgBe2Cu,False
23894,Te2MoWS2,False
29618,Sr3AsN,False
1000,KBaMn,False
24227,Y2Mo2O7,False
3450,LiN3,False
33954,YbAcZn2,True
13598,Be2MoOs,False
19399,RbDyO2,False
14174,Ba3Li,False
37620,LiFeC2O6,False
33313,DyCoSn,False
1114,Ba4GaCl,True
18710,H6C4S,False
15314,Li2TiTe3O12,False
47709,SbO2,False
3847,Fe3Se4,False
33984,Tm2MgRu,False
3849,Ba2NbCl,False
28382,SrBe3O4,False
3957,K2PtO6,False
36885,NpSb3,False
47406,LiFeSi2O6,False
26790,NaSbO3,False
48985,TlPdCl,False
45245,NdZn,False
31985,KFe2S3,False
37593,KO3,False
49114,NdTm3S6,False
19056,DyCo5,False
36897,Li6Mn5CoO12,False
41340,Li2FeAsCO7,False
45670,Ba3Cu2Cl2O4,False
4000,Nd3Ni13B2,False
24872,MgO,False
41577,TiGePd,False
6976,BeV2Cr,False
18906,CdAg,False
305,VFeRu2,False
46399,Li4Ca3Si2N6,False
41021,ScInCu2,False
13008,Ta2MoS6,False
18290,InSb,False
54585,NdSm3,False
1499,Ba4GePb,False
2963,Fe2PO5,False
7848,NaReAs,False
43128,TmH3C3O6,False
11179,Be2InPt2,False
35739,SmAg2Ge2,False
16879,NaHg3,False
16826,Fe3Co3Ge2,False
20707,HfH6C5O4,False
23594,CeAl5Ni2,False
43828,Zn4CoSe5,False
49408,Ag6SbAsS6,False
26452,NaB,False
42212,CuAu3,False
32978,Te4Mo2WS2,False
28709,CuAuSe4,False
5278,ScAl,False
6988,PrTlO3,False
9744,CaBe2Os,False
48524,BaZnCl,False
22967,LiInSe2,False
11407,CuMoS4N,False
44391,LaErTl2,False
32679,MgAlPd2,False
36753,Sm3Er,False
18848,LaCoO3,False
36711,Dy2IrRh,False
42710,MnPPd,False
22571,Ag6Mo2ClO7F3,False
11147,Be2NbSi,False
41195,CaNiWO6,False
51031,PrDy3,False
5676,BaYSb2,False
12810,Zr2V6Sb9,False
17121,Rb2PuO4,False
6763,BeFePt,False
30354,Ca2Sb3O8,False
35990,Er2AgIr,False
27056,Ca3Zn,False
36396,CrAgS2,False
30327,PrSbTe,False
26925,CdAgSb,True
7097,Be2CuW,False
8006,SbCl3F2,False
4904,BaCoTe,False
6194,ScBeGa4,False
319,PrMgAg,False
51590,MnSbO4,False
5783,KCo,False
27806,GaP,False
11412,Li3N,False
15065,K2PrCuCl6,True
52869,ScNCl,False
45075,Na3VBAsO7,False
27036,MnS,False
2320,CaSiPd,False
37764,TbCdAu2,False
9399,Ta2FeAs,False
34422,NaAc2Sn,False
6170,LuAlAu,False
3993,BaBeV2,False
52589,BaBeO,False
30534,WC,False
5997,Na2BeIr,False
30479,Na2FeCuC6N6,False
33717,DySnRu2,False
25139,FeCoO4,False
26845,Cd2GaAgS4,False
31874,Dy3CuSnS7,False
7583,TbFeGe2,False
40232,CaAg2O4,False
9164,CaBeIr2,False
40503,ThGa2,False
29719,TmFe2,False
27159,Tm2ZnRh,False
37689,Dy2RuRh,False
18080,ZnCu2SnSe4,False
41301,LuSiRu,False
39925,CaMn2P2,False
36051,DyAl,False
34649,Mg2SnO4,False
32006,Tb2Ge2Ru,False
38679,ThTi2O6,False
15204,HgPd5Se,False
24643,RbNaO,True
41781,KBiP2S6,False
52792,Mg2Cr3FeS8,False
25943,MoWSe2S2,False
50547,BaLaMn2O6,False
36919,MgTl3,True
12442,PmNdGa2,False
30520,Cr2B,False
41497,Ba2Mn2Sb2O,False
13226,Sr2ZnSb2,False
29810,ErTlTe2,False
6500,BeCuSb,False
25754,CdIn4I6,True
35722,Zn3Hg,True
23989,LaVO3,False
41947,LiAl2Ir,False
28151,Na3RhN6O12,False
30108,Fe2O3F,False
5218,BaRh2Se,False
21864,RbCuCl3,True
23128,Cu2H3ClO3,False
36799,LiMnPO4,False
25062,WCl6,False
29583,SbO2,False
24229,Co2As,False
6517,BePSe,False
6738,V5SiB2,False
7377,DyB6,False
37291,Ti3Be,False
431,Mg3Sb,False
22881,BiOF,False
26479,AlFe,False
42830,AlNi,False
25235,ErCuS2,False
39785,LiTiCl3,False
9393,Ti5TlSe8,False
44913,MnCoO4,False
16300,Na3CuO3,False
39275,RbGa3S5,False
37458,ThTe2I2,False
5119,Ba4GeMo,False
33799,Yb2Ni12As7,False
10342,BeCoHg2,False
31073,Ba2DyReO6,False
19121,YNi2Ge2,False
26906,Rb3Al,False
42052,Tl2Pd,False
24897,CuH6N4O4,False
47506,KInCl3,True
2441,Mg6FeSi,False
52842,Li2MnF4,False
7087,BeTc2Os,False
28479,EuZnGe,False
37498,YN,False
40320,K4Na2FeH3F12,False
43422,La2Al3GaPd4,False
38811,LiTiFeO4,False
509,AlPO4,False
19863,V3Cr,False
20176,ZrH6C5O4,False
51284,Mn5CrO12,False
27862,Ti3O,False
14669,MoS2,False
23349,ReSnGe,False
42967,MgGa3,True
34515,Na2Al2B2O7,False
36214,MoN,False
45822,Si2W,False
3445,BaTiB2O6,False
33841,Li2ZnAu,False
46869,FeCuO2,False
35766,YbCu5,True
15330,YC2,False
24870,CrO2,False
38857,Li2MnF5,False
32377,PrZnSn,True
25619,LiCd2Ni,False
9624,Ca2BeBi,False
44385,Mg3ZnO4,False
41549,LiGa,False
45414,MnAsO4,False
5137,USnRu,False
16023,VSnRh2,False
42494,H5IO6,False
31612,TmGeRu,False
48475,YBO4,False
49028,Yb2Ga9Co3,False
15265,K4NaCl5,False
7382,Te2Au,False
32530,CoTc3,False
5636,CrB4,False
46707,Te7Mo6S5,False
21899,La5Mg,False
19284,SrNdCoO4,False
52584,SmGaPd,False
48387,LaS2,False
9208,BeCoBr,False
42288,K2NaPrCl6,True
38797,Li3CoNi3O8,False
20197,Cd2GeO4,False
30246,Cd3P2,False
32577,Lu2Fe2Si2C,False
51863,LiNiO2,False
17000,H4C9S3O,False
44092,Nd3Si2S8Br,False
53739,Dy2Si3Pd,False
492,Ba4CrTe,False
5513,YNi4Au,False
28521,Tl2HgSe,True
38320,TlNiF3,True
34550,RbCa3,True
11445,Rb2VAgS4,False
3907,MgTi3,False
21277,HoP,False
26641,HCN,False
30292,BaZrP2O8,False
45288,Ca3CrN3,False
3547,EuNiGe2,False
48259,LiHS,False
44199,Na2LiScF6,True
39559,AsSeBr,False
35194,HoErAl2,False
20266,KBO2,False
41400,Mg2AgPt,False
5206,BaLiTi2,False
32800,Dy2ZnIn,False
29334,Ba2H3I,False
24194,CdGeAs2,False
45719,LuIr,False
39803,UTe,False
7783,Ba2CoAg2Se2O2,False
34492,Np3Sn,False
18958,Ce3Mg2Rh4,False
4221,YbLiO2,False
21760,PrSi2Ni2,False
46734,Tl3CoCl5,False
10054,LaMg6Mo,False
36721,NaDy3,False
11734,Be2CdNi,False
39995,USe,False
39488,NaDyO2,False
30631,YSb2,False
26220,SrS,True
4871,BaSr2Te,False
39262,Ti3Ir,False
17445,SnPbN2,False
19969,Ho2TeO6,False
23215,TiCuHg2,False
54566,LaSm3,False
8692,CoAs,False
29276,ReC2,False
11557,AgPd2Pb,False
43678,K2PdBr3Cl,True
16332,HoTmRu2,False
8915,BeCuNi2,False
37344,TeWSe,False
47961,GaMoSe4,False
35659,Li2TlPb,False
1715,Be2FeCl,False
19825,LiUN2,False
49202,GeCl2,False
32550,TmTi2Ga4,False
46198,CaAg2O4,False
15424,Cr3Se4,False
33293,NbSe3,False
15831,DyFe2O4,False
43996,Rb2AlTlBr6,True
53374,NbAlO3,False
8276,SrMg6V,False
26026,CdHgPd2,False
27074,ZnCr2S4,False
1405,Ba4TlP,False
17257,Ti2MoPd,False
43151,Ba2CuWO6,False
46618,ZrSb2,False
45689,TbInCu,False
1920,MgCrF6,False
30911,Mn2MoP12,False
16640,Cr2N,False
32372,ErGe,False
51004,MgIn3,False
24404,Ba3NaRuO6,False
11378,Be2NbCo,False
37427,Yb2BaCa,True
45001,URu3,False
22389,TlI,False
12314,Be2CrMo,False
42582,Na3FePCO7,False
46326,GaMo4S8,False
44123,In3SbTe4,False
30728,CeSe2,False
16869,CaBC,False
1150,Mg7Cr,True
35997,NdErTl2,False
54224,ZrMo,False
15892,AgBO3,False
39452,YbY2S4,False
14871,RbH,False
46941,Ba5Al5Sn,False
12525,Li3As,False
33942,Rb2GeF6,False
11455,TaBe2Bi,False
45020,AlCu3,False
6679,Tb3TaO7,False
48624,Y2MnS4,False
36313,PaCl4,False
30975,Y5Ge3,False
52285,MgSiH6O6,False
4396,BaTiBr,False
36265,H12PbC8O4,False
37785,MgSnO3,False
20525,Rb2LiNdF6,True
52035,HoSiPt,False
8082,Be2NbP,False
44629,TbPrFe4,False
22919,NaZnF3,True
20072,LiLuIn2,False
51890,LiYIr,False
42476,Mg4BeV,False
2274,Mg2Ge,False
38653,NaDySe2,False
17207,Li2FeCo3O8,False
32896,TeMoWSe3,False
29723,BiO2,False
4786,Ba4MgRe,False
36478,PrH3O3,False
37788,MnN,False
47785,CoO2,False
3400,Cr4OF11,False
24901,MnF4,False
22667,Li3Fe2CoO6,False
23184,Rb3Sb,True
53911,Y3AlCoS7,False
9793,Be2CrMo,False
45967,Sc7Cl12,False
38342,LiLu3,False
19959,LiMnF3,False
51259,NbVO4,False
46438,VBiPbO5,False
17796,K2TaAgCl6,False
28733,Ca2PAu,False
26157,AlVNi,False
29177,CaMn2O4,False
36429,Tl2GeS3,False
37182,AgPtO2,False
19116,SnH10C10O4,False
26957,Ag2GeS3,False
21847,Er2CdOs,False
41280,Sn2Pt,False
52593,BaBrCl,False
2350,Sc3Co,False
18081,Y2AlRu,False
12239,BeV2Si,False
47952,PCl3,False
8709,Be2ZnW,False
51914,MgMoN,False
42223,ZrTiCN,False
6529,NaTaBe,False
26012,PrAg,False
13053,LiCaMg6,True
23506,Mo3O8,False
37321,SmMo6S8,False
33357,CdPd3,False
15765,LiCd2Cu,True
983,Ba4YV,False
51709,RuCN,False
30024,Li3Mn5Cu2O12,False
40952,Mn2CoSn,False
8662,BeV2Cu,False
28742,Mg2FeN2,False
38333,Ca3AlN3,False
14574,YbLi3,False
17939,TbMg3,True
15037,ZnMoF6,False
25535,CdI2,False
39729,HoMnGe,False
1800,BeIn4Pb,False
54479,P3Pt,False
38836,Fe8N,False
27560,Li5Nb2Cu3O10,False
7179,CaBe2Ge,False
20100,ZrSnTe,False
46556,BaZn5,True
34337,BeVCo2,False
52003,Sr4Fe3ClO8,False
26632,Ga2TeS2,False
52602,Ba2BrCl3,True
22609,BaEr2CoO5,False
40545,Li2MnCo3O8,False
1906,GaCuTe2,False
42055,ZrZnNi4,False
9125,Ba3AlHO4,False
26799,AgB2,False
45731,PuMn2,False
53325,HS2,False
49985,BiBO2,False
2145,Ti3Bi4O12,False
50018,H7C3O3,False
36334,Ba2AlCr3O8,False
52189,Tb2Te3,False
52921,Li3MnCoO5,False
41032,Fe2As,False
26504,InPO4,False
1378,LiBeFe4,False
29137,SrCe2S4,False
32480,Mg4As6Rh7,False
33224,YbTmPt2,False
51545,CaBrO,False
37101,FeO2,False
10017,Rb3InBr6,True
30504,ScBPt3,False
39755,ScOF,False
12713,LiCo2OF3,False
39442,Tb3Co2Ge4,False
52946,InNF,False
45196,SmSe,False
20004,Rb3ScCl6,True
18811,SnH24C13O4,False
39206,LiCoSiO4,False
38656,Rb3Bi,True
46237,ZnSn2O5,False
4868,Ba4ZnOs,False
3827,BaRu2Pt,False
26913,SiO2,False
13357,UOs2,False
52960,Ti2Co,False
33751,LuPS4,False
48150,YOF,False
24237,Re2AuSe,False
10137,BeTcHg2,False
1834,PH3O4,False
53698,PbBr,False
20941,NdHoZn2,True
16082,KMg3,False
2019,BeGaCl4,False
9364,SrBe2In,False
16362,HfAl3,False
13767,Rb2NbCl6,False
10962,Be2FeIr,False
46200,Ag2S,False
45027,Mn3B2O6,False
28997,MoSe2Cl12,False
363,GeTe,False
34687,KCeSe4,False
38321,GeCl4,False
26376,SrZrCo,False
42456,Ba6Co25S27,False
13926,CoCO3,False
39884,Li8CeO6,False
6938,UFe2B6,False
37451,YC,False
48131,SrNF2,False
25186,WO3,False
32671,Li2FeCuC6N6,False
19188,AlAgO2,False
46244,MoRu3,False
37202,YbPm3,False
24024,CaCr2N2,False
43966,V2CdO6,False
19997,Ce2HgPb,False
32363,DyGaPd,False
48769,MgH2C,False
16248,YAgSe2,False
23518,Ba2N,False
42900,Co2Ge3Se3,False
49054,TiH8C5O4,False
49939,CaAuN,False
22660,Li5NCl2,False
3789,MgCO3,False
12508,K2BeW,False
10651,Li2BeSi,False
4275,BaPuO3,False
4335,Ba4GaTc,False
36275,LaAg,False
31045,Te3W2Se,False
36598,Th3S,False
12541,BaMg6Mo,False
15451,Ce3PbC,False
14327,Ca2Mg,False
15920,SrTl2,False
20852,AgTe3,False
48695,CaAsO,False
28430,Li4TaN3,False
50403,Na2F,False
23014,Nb3B4,False
52193,La7Pd3,False
12800,HfMg6Cu,False
21815,Tl2SiF6,True
44634,La2ScSi2,False
5072,BaMgCl2,True
52191,Pr2Zn5Pb,True
48672,AgClO2,False
30804,Mn4N,False
53350,HS,False
29243,PrZn3P3,False
22614,YHg2,False
47784,TiC2,False
46840,NdInAg2,False
5330,SiI3,False
44728,TlCu6S4,False
43113,Pr4S3NCl3,False
23495,CoP3,False
10294,BeNi2W,False
9108,CsCaH3,False
38442,Pr3NbO7,False
32151,Ti2ZnN,False
16915,Ho2SnAu2,False
36884,Co3TeO8,False
10013,MgSb,False
50576,CaGeN,False
46776,LiCo6Ge6,False
32621,Co3Se4,False
34470,NaO2,False
3150,CoAgO2,False
38323,K3ReClF6,False
44909,KSmF4,True
25668,Er2Hf2O7,False
3030,SrTaNO2,False
22934,AlCuO2,False
12022,Mn3O4F2,False
8556,Li4SbS4,False
21001,Ti2N,False
53480,LiNbS3,False
43658,SF6,True
44137,Be2Re,False
12482,TbSn2,False
48269,SrAsF,False
50570,Ce2ScSi2,False
41201,YbScO2,False
23672,Na4Mn2O5,False
45726,NbNi3,False
3274,Np5Ge4,False
26405,ZnCrSi2O6,False
3055,V2O3F,False
47693,Ho2ZnPd,False
6872,TbFeAsO,False
8904,ZrBe2Cd,False
17679,ZrTiPb2O6,False
40700,TeMoS,False
7980,Hf2TlC,False
46639,Sm2SnS5,False
51953,Ba2In,True
52600,BaBrCl,False
5197,ZrCl,False
507,NaBeBr4,False
16131,TbMg3,False
38763,Li4Mn3WO8,False
26252,BaNaSn,False
32682,Ti3B4,False
25199,H8PdN2Cl6,False
17812,TmAg3,False
28870,YMg,False
32058,ThSi2Ru3,False
36725,Sm2Ti3Bi2O12,False
30868,ZnH8N4Cl2,False
35758,SnI2,False
39578,AgClO2,False
4054,Ba2MgMn,False
31980,CaAs4Rh6,False
8627,TiBeTc,False
8756,Fe3S4,False
4903,Th3B2C3,False
47737,HfTl4Te4,False
30161,Hf5Pb,False
47819,CaYO2,False
38198,Li2SiNiO4,False
27730,AlTc2Sb,False
21195,TiMnNi4Sn2,False
19260,NaSbSe2,False
5228,TbBaF6,True
14589,CdB2,False
27492,Cr2O5,False
49709,TePbO,False
26130,LiGeBO4,False
4827,HfSiRu2,False
3540,BaCdW2,False
45882,CaCl2,False
6418,BeTlSe,False
14568,SrMg,False
16496,CeThS2,False
5405,Ba4CrNi,False
46150,Ca3N2,False
5380,SbCl4F,False
45837,LiMnTe2,False
48321,Pr2Ge5Ir3,False
45030,NaZn13,True
15217,Rb2TlBiF6,True
37414,LiSnCl3,False
54374,TbU3,False
37861,BaY2F8,False
49588,YbMoClO4,False
5242,BaTiSe2,False
30431,LuUTc2,False
54062,Li7Mn4CoO12,False
35292,Tb3Er,False
43786,K6Ge2O7,False
556,TiFeCoSb,False
12352,MnBe2Ir,False
7219,Be2CrGa,False
2013,Y3FeB7,False
9554,HfBeRh2,False
33853,HoNbOs2,False
23953,Sc2TiO5,False
50114,BaSnF2,False
47119,Er2AgOs,False
43215,YbRbBr3,True
35775,Al3Pd2,False
39745,Li6CrO4,False
35888,SmYTl2,False
21500,Sr2GaSi,False
4002,AlTlCl4,False
2894,OsN,False
17463,BaMg2Sb2,False
35435,SiRh3,False
7482,BeNbRu,False
20706,H2CO,False
29812,H4BrN,False
53720,NaBH2,False
39842,LiFe3O2F6,False
21351,Pr3MgAl2,False
6951,BeBiMo2,False
51738,TiCdF,False
31373,CrFe3,False
6589,Nb5Se4,False
1824,Te2Pd3Pb2,False
38874,Li3Ga2,False
40547,Rb3Ti,False
41737,Rb2O,False
7721,Li2Ni3TeO8,False
17687,K2MnF4,True
45360,Pr2PbSe4,False
41703,Ba4CaGe,False
25599,Y2CuAg,False
2776,Zr3Rh5,False
2744,SrMg6Fe,False
42228,Tb2Si2O7,False
44680,Dy2CdCu2,False
51994,LiCdAs,False
9638,TiV4CuO12,False
41044,SrMnGe,False
42201,Eu2H6Ir,False
24722,ThGe2,False
41378,UAs2,False
19837,YbMg3,True
51562,Li2MnP2O8,False
48862,Ca2O,False
51529,Li2Mn2F7,False
47766,SnCI,False
31799,GaB3N4,False
6526,BePdRh2,False
7357,MnBe2Se,False
12703,MgAl3,False
33195,TmSbPd2,False
3733,DyNi,False
23007,Na2MgH4S2O8,False
54349,Sn7I,False
10144,Ce2Mg,False
19190,Rb3YCl6,True
31837,NdGeAu,False
47780,Cu3Ag3P2S8,False
29371,HfCdO3,False
13956,SmAu3,False
47498,AsPt3,False
31950,PrBiAu2,False
24309,AlCuO2,False
19304,H8C15S3,False
45274,Zn2Sb3O8,False
14751,PAuCl8,False
29555,MoW2Se4S2,False
50123,BaZrO3,False
41600,RbZrMnF7,False
41399,Rb3NaBe2F8,True
23731,Sr2H5Rh,False
40567,Sr3Ge2B6O16,False
45117,VOs,False
17607,K4CdAs2,True
32078,MnB2W2,False
29047,ZnP4,False
27363,UGeO4,False
43550,YFe2B2,False
26194,SmCd2,False
20600,ErCu5,True
18606,Er3Sn,False
11820,Sr2ZrBe,False
26963,MoN,False
7035,NaBe2Pd,False
35607,Pa3Ta,False
21095,Te2Mo3WSe2S4,False
45812,Sr2YTlFe2O7,False
44778,MgCl2,False
17366,La2ZnFeO6,False
36874,Li3Sm,False
35444,NaCd2Pt,True
41493,DyCd2,False
26967,LiCuPO4,False
30934,U2Cr3Si,False
9613,NaMnBe2,False
50073,V2CoP2H8O14,False
52269,U8NiSe17,False
53687,AuC3,False
23209,YFeF5,False
26748,K2S,True
39777,Ca2CoSi2O7,False
21240,InAgTe2,False
31756,Te2MoW2Se2S2,False
18373,FeCuTe2,False
2330,Th7Rh3,False
53337,BaCdBr,False
990,Rb2SnBr6,True
20331,Yb3Mg,False
36526,MgGe2WO6,False
33933,Na3Re,False
27284,MoN,False
26503,TiMnO3,False
52850,Na3La5Cl18,False
29696,Yb2MgSi2,False
43462,Ce3Sc,False
54423,YSeF,False
18536,H3C2NO,False
8850,TcAsCl,False
39205,LiPdPb2,False
10269,YbCu4Au,False
54297,HeSn7,False
28239,Ca2ZnGe,False
19589,NiH2O2,False
10233,BeCr2Re,False
50425,NaCdRh4O8,False
33017,BaSm2FeS5,False
15453,ErPd,False
54242,MgTiSi2O6,False
43647,SiOs,False
20733,YbCe2In,False
33287,YbFe4Ge2,False
12454,Ba4NaRu3O12,False
29014,BaMgC2O6,False
22249,Li2RhN2,False
46452,YSnAu,False
15420,Cr3S4,False
18199,Rb2SbCl6,False
31027,TiFeCoGe,False
12420,BeCr2Cu,False
28182,NbSiTc2,False
44043,ScC,False
45865,K2Sn2O3,False
40045,LuH2,False
48751,NaPrTi2O6,False
25965,PrSb,False
25294,NaMnTe2,False
29170,YHfPd2,False
53133,GeP,False
54396,HPbF,False
19383,SnH12C7O6,False
51411,LiMn2B2O6,False
10621,Be2VFe,False
17973,BiPd6Se,False
10023,KNOF2,False
2761,Nd4Ga2O9,False
11907,BeZnBi2,False
52538,BH2,False
19696,SrSbPt,False
22497,TlSe,False
50053,Ni6OF11,False
28267,Ba2ZnAg,True
34366,Al12Mo,False
15679,K2CuBiBr6,True
31881,TbGaPt,False
23604,LiMn2NiO6,False
4057,LiPrSn2,False
9618,Li3SbS4,False
18443,ZrBrN,False
22562,ZnFe2S4,False
36832,TaCuRh2,False
18623,HfScSi2,False
15666,HoThRu2,False
24788,FeH2O2,False
13289,Yb3Nd,True
11934,ScAgO2,False
41078,AlNiO3,False
50732,ZrZn2Ge,False
33804,TeMoWSeS2,False
34334,AlVRu2,False
34927,RbAc3,False
18648,ZrSiS,False
47171,K2GaAgBr6,True
37716,V4O3F9,False
27322,Ho2PdRu,False
52070,Li3MnP2HO8,False
37383,MnC2O6,False
30777,HoCo3Cu2,False
11900,MnBe2Hg,False
32212,Dy2AgIr,False
16728,CeCr2B6,False
48346,Pr3IrBr3,False
12378,Be2GaSi,False
3205,Li2Fe3TeO8,False
10648,Li2Pd,False
17111,LiZr2S4,False
36159,Y2SeO2,False
19235,Er2CuPd,False
54330,Sn7F,False
35119,Li2ZnSn,True
39193,Li3FeOF4,False
30729,PrTi2O6,False
34745,NdH3,False
53314,Ba5Sn2N6,False
22743,Te2MoWSeS,False
45530,NiAsSe,False
26425,RbTaCu2Se4,False
27690,FeSe,False
25992,TaSe2,False
33722,ErNbRu2,False
43976,CaSi,False
12971,MnPbO3,False
40661,NpCo2Ge2,False
7449,Li2BeCd,False
15572,LiLaAu2,False
39661,SiPN3,False
12005,B2Ru,False
28996,SbS2NF6,False
31547,Tc2N,False
49031,Li3Ni4O8,False
8603,MnBe2Hg,False
51811,DyMoClO4,False
31426,Lu2Co3Si5,False
12259,NiSe,False
31037,CeNi5,False
14263,YbBa3,False
42235,In3Se,True
37743,Ti2AlCu,False
33752,LiZrRh2,False
14483,Cr3GaFe3As2,False
18976,CuO2,False
17708,Li2MnF4,False
50642,Li5Co2Cu2P4O16,False
3564,LiFeOF2,False
8433,UGe2,False
6479,Li3VCr3O8,False
989,KMn6P7O24,False
22518,CaTaTc,False
30787,CePaO4,False
36040,Nd3Al,False
22235,NaErO2,False
48196,AlCdO2,False
39043,BaZnBi4O8,False
34548,IrRu,False
11992,Be2HgSb,False
12238,KBeBr2,False
24129,LiNiO2,False
14422,Li3Y,False
5777,Ba4SiSb,False
50597,CaN2,False
26571,LiMnBO3,False
5023,LiMnF3,False
38088,PuCoC2,False
19096,Rb2TlHgI6,True
4513,LaN,False
36745,LiMnPO4,False
21322,BaAg2S2,False
36560,CO2,False
52749,Tb2ZrAl9,False
25488,NbSbO4,False
10676,BeNiTe2,False
46445,Nb4AlC3,False
37337,BaTh3,False
44773,Na2FeNiF7,False
52464,Ca2AlAgO5,False
2927,Na3AlP3NO9,False
41539,AsSCl3F6,False
20373,ZnCu2SnSe2S2,False
5229,BeMoRh,False
46467,Li2CuF5,False
43656,KNa2AsF6,True
17555,VOF3,False
46852,Ba5Mg18Si13,False
9460,La2Pd2O5,False
46890,Hf5Ge3,False
38913,Ca2BiSbO6,False
44982,NaCN,False
47883,HfNCl,False
47161,Pr2Al3Ge,False
48492,BaBiF,False
42906,MgTiN2,False
2883,AgClO2,False
27446,UAl2Cu,False
52041,RbHg3NCl8O2,False
1673,Be2TlRh,False
4538,Ba2PdBr,False
19152,NaFeO3,False
40360,UO3,False
6092,BMo2,False
35018,Sc6Te2Os,False
47915,SnICl,False
9224,BePBr,False
41963,NbPt2,False
9269,Be2TcSn,False
30064,YCr2O4,False
19886,NaAl3,False
12845,CrAs,False
7521,CeCuSb2,False
7844,BeCo2Cl,False
7279,Be2PtW,False
9158,Be2PdSe,False
35748,SmErRh2,False
30186,LiAlSiO4,False
219,Li2Mn2F7,False
27573,GaCuPt2,False
40830,Cu2Se,False
35490,Hg3Au,False
47352,Rb2LiRuCl6,False
18096,Na2CuSbF6,True
1922,Li2WO4,False
21814,K3CeCl6,True
51591,IBr3,True
48527,Li2Se,False
34700,NdF3,True
3684,NaTlO2,False
3062,HgS,False
24442,Rb3SbO3,False
21671,HoTlPd,False
31388,Te4MoW3Se4,False
34798,PrGa,False
19356,Ca2TlCd,True
31063,K2Li3GaO4,False
9541,BeSb2Pb,False
24064,Y3Sb4Au3,False
44672,FeCu2C6N6,False
16784,K2InGaBr6,True
37522,Sc2MnC,False
24358,TeMoWSe2S,False
12997,BePb2Se,False
39804,Te2Mo3WS6,False
18280,ReW2Br,False
43785,CoF2,False
4153,Ba4MnNb,False
10565,HfBe2Sn,False
11676,MnBeSe2,False
33147,SiO2,False
35755,HgPd2Au,False
31928,Nd2IrRh,False
16871,Th2CN,False
16838,NdI2,True
38064,TlAgCl3,True
35900,Sm3Mg,False
51203,LiVSiO4,False
48324,Si5H8Cl4,False
6908,TiBeTe,False
38351,UTa2O8,False
14577,DyNi4Au,False
50135,Li2FeB2O6,False
14524,Ta2Si,False
52935,Li4MnCo2O7,False
32292,TeMoWSe2S,False
45971,Ba6Ni5O15,False
48972,Y3TaO7,False
40111,DyInAu,False
30442,AuN,False
25494,Sr2LiSiO4F,False
17966,LiDySe2,False
14143,AlO2,False
24544,TlBr,True
44056,SrIn3,False
20639,VIn3S4,False
37192,Li2CrFeP2O8,False
6619,Ba2LaNbO6,False
50186,Ge2SeS,False
41550,YP,False
11812,SrAg4Sb2,False
1433,LiMn2OF3,False
51752,ZnCS,False
50223,BeTePd,False
5056,NbTe2,False
38204,MgAgF3,True
54116,PaAg3,False
37100,NiAsO3,False
19435,GaNi4Ge3,False
2099,CaH8Cl2O4,False
16535,Li2Ti2FeO6,False
12853,BeMo2Pt,False
36723,Ca6In2NF,False
38117,ThCdAu2,False
5726,BaGe2Cl,False
21004,SbPbIO2,False
54571,GaSe2,False
15337,CaSi3Ir,False
5742,LiV4O5F7,False
48445,TiBO4,False
48497,AlIn2N3,False
22827,K2TiF6,True
37550,TbI3,True
30937,HoAlAg2,False
14863,Dy2Si3Ni,False
43707,Ca2Cu,True
39959,AsS24I3,False
3166,PrCdPd,False
30229,SrSnHg,False
36666,Zn2SeCl2O3,False
48146,YOF,False
35025,Yb3Zr,False
1835,Li2ZnI4,True
47353,Rb2NaCoF6,True
36331,ThInRu2,False
14876,Ag2S,False
45438,RbZnH2Se2BrO6,False
13436,Li2SnPb,False
51342,LiTiCoF6,False
15686,CaNdAlO4,False
11929,BeOsBr2,False
46489,As3Ir,False
23153,V2O3F2,False
18345,ErLuZn2,True
47144,Li3ScCl6,False
25521,LiTiSiO4,False
44525,BaCrF6,False
17170,Sr3Sc,False
25642,Ba3Fe3Se7,False
43986,SbPb3,False
52293,Sc6Al16Os7,False
20679,Al2Fe3Si3,False
6292,Li2Fe3SbO8,False
17553,Cr7Se8,False
18145,InPS4,False
43961,YbAg2Sn,True
23323,Nb4Tl4O13,False
28546,NaMg2Tl,True
4038,BaSi2Mo,False
1859,BaYBr,False
10788,CaDyAl4,False
155,Mg3NiO4,False
41553,Mn2CoSi,False
36370,NpN,False
22829,WO3,False
45542,Ge3Sb,False
14791,Na2LiSmCl6,True
23823,HgI2O6,False
13759,NaPO,False
13687,Mg6SiB,False
41427,Tb3Mn2C6,False
18988,YbCaGa2,True
54163,FeCuAs2PbO10,False
42630,UPb,False
52966,NaInF,False
25058,BaNd2Se4,False
18396,MgZrN2,False
1802,BiRh,False
44661,YbAgSb,False
48691,SrCaPbO4,False
21035,Si2Rh3,False
33927,NbGaPt,False
20972,DyTmRh2,False
2438,Mg7TiH16,False
8563,KBeTc2,False
18985,BaSi2,False
19199,Ba2CdIn,True
42458,Ba4HfPd,False
41205,LaAs,False
19593,DySi2Rh2,False
8990,NbOF3,False
19972,YbAu,True
21851,Na3SbSe4,False
28432,AlCuS2,False
661,Ba3Ta6Si4O23,False
36794,TbYIr2,False
42079,SmAl4,False
29181,Li2HgBi,False
31364,AlBi,False
5410,K2BaZn,False
16336,InSn3,False
48035,InS,False
17009,ThBi3,False
31304,BeCo2Ge,False
44678,NaSbSe2,False
24077,Bi3O4F,False
46049,SmAgAu2,False
5463,BaYGe2,False
8864,Na2CaV4O12,False
380,SrCa2I6,False
10642,Hf2BeFe,False
14002,NdCoP,False
46762,Dy5Sn3,False
29487,C3N,False
17631,ZnH4C4O4,False
1793,Mn6O7F5,False
38726,Li2MnFeO4,False
29087,NaFeO2,False
16290,CeAsS,False
26802,CaMn4S8,False
38308,Sm5Sb3,False
5708,Be2RhSe,False
33772,SrCdHg2,True
38205,Pd3N,False
46653,BaTiO3,False
32070,BaHg2Pb,True
34466,Te2Mo2WS4,False
16696,Ti2AlMo,False
15721,K2YHgBr6,True
48425,MgAlO2,False
19420,CeAsPd,False
19124,MgZn3S4,False
26510,FeAgO2,False
3650,BaSr2Ca,False
27221,GaAgO2,False
46454,RbTe2O6,False
11985,Ta2CN,False
37964,WN2,False
3732,BaSrMg2,True
25175,LiCoCuO4,False
5668,NbFeF6,False
48808,H4C8SO2,False
6553,ScCo3B2,False
40679,LiAlO2,False
22896,KH4F5,False
34883,K3W,False
12487,Mg6TiNi,True
19724,Nb6Co7,False
50587,SrEuO3,False
48630,CaBeSe,False
53601,MgSe,False
16813,BaGeAu3,False
53570,Mg2C,False
14710,YbMnGe,False
25315,Tm2S3,False
18170,NdCuNi4,False
39117,Sc2HgPt,False
40400,Ag3SI,False
38779,Li3Cr3CoO8,False
45458,Ba2Mg17,True
25091,AuClO2,False
54187,BSe,False
4733,Ba4BeMo,False
46145,YNi3Se2ClO8,False
26679,V2Zn3O7,False
28590,LaFe5H12,False
41971,CuIr2S4,False
11850,Fe6O7F5,False
53641,InSbBr,False
41034,Lu4Ge6Rh7,False
45524,NaSr3TaO6,False
47198,MgS2,False
48997,RbSCl2,False
37576,SrZrO3,False
19401,InGaSe2,False
4460,Sr5Sn2As6,False
25966,NaCrF6,False
22306,La2YC6,False
22750,PrZnFe2O6,False
26661,PuAs,False
42394,Cr3O5,False
49931,MnCrCoO4,False
54486,Bi2O3,False
1144,NdAlCu,False
44708,TaBO4,False
3364,PrNiSb2,False
33577,Yb2C3,False
46691,U3TiGe5,False
8594,MnBe2Si,False
29472,Cr2O5,False
23457,Na2SrFe,False
15187,In3Pt2,False
34868,RbCrF6,False
3802,BaSc2Nb,False
12443,HoAs,False
11506,Y2Co2I,False
52597,YbP4Rh6,False
50994,Co3PW2,False
43349,Zr2SiTe2As,False
44406,NaVS2,False
20130,TiCoSb,False
9262,UH3,False
44460,NdGa2Cu2,True
35051,ScGa,False
44577,UMnFeSi2,False
4898,Ba4TiOs,False
2830,CaV2P2H8O14,False
33140,Re3As7,False
47771,ErLuB4Ru2,False
49986,BaSrErCu3O7,False
43776,K2InHgBr6,True
13456,Si3P3Rh,False
42512,Cr3Fe3GeAs2,False
22236,Co3SnO8,False
32963,BaMg2,False
5826,HfBeZn2,False
49542,LiI2,False
21420,AlInCuO4,False
15756,Er2ZnAg,False
46765,CaN2O6,False
21372,Sr3Sm,True
6486,LiPN2,False
23792,CeGaO3,False
11288,BeInGa,False
21152,MgPt5,False
16010,LaHg3,True
11547,Li3BiO3,False
48740,H5C6SNO,False
41538,Na2PHO3,False
32164,SnH8N2F6,False
43195,CuN,False
6861,MgSi2O5,False
34184,Ac2Mg,False
31685,DyMgZn2,True
15312,SmYCo2Ni2,False
52470,Fe10O9F11,False
43225,K4CaU3O12,False
13302,CeMgPd,False
42732,BaAuO2,False
34179,CaSmZn2,True
9151,BeGaPb,False
26259,MnN,False
2093,LiMnSiO4,False
746,Ba4NbSn,False
29559,LuScO3,False
53121,NaHfF,False
35261,HoLuRh2,False
32560,MoW2Se4S2,False
31463,CuH12I4N4,False
17880,Zn2NiO3,False
46680,TaF5,False
54105,Ag3N,False
22091,Sm4U2O11,False
34789,NdHf,False
33316,ScCdRh2,False
41432,GaTe,False
23247,NaLi5N2,False
30967,PmMgHg2,True
39240,SrSn2As2,False
18677,TlPb,False
27459,Zn2CuN2,False
28601,Sr2AgSb,False
49998,BI3,False
17743,CrO2,False
16519,LiSbTe2,False
7506,OsC,False
3504,Ba2CrSn,False
30811,Ce3Cu,False
43468,Sn2Pd3Au,False
9041,Be2TlPd,False
43482,InHgTe2,True
1989,SrBeIn4,True
52328,SiHI,False
53085,AlAsO4,False
23290,BaAlCu2O5,False
4491,Ba4TlW,False
21153,SbPO5,False
7043,Th2Ga,False
4213,N3Cl,False
16837,K2CuMoBr6,False
8369,LaZnPO,False
45403,Er6I7,False
9246,Tl3Pt,False
42001,SrGa2H2,False
44480,HoAl2Ni,False
25961,LiAg2F6,False
3328,Ti3Pd,False
18594,Fe2Si,False
18214,HfFeF6,False
5760,KAu5,False
44229,ErGePt,False
33201,PuSi3,False
51040,YBO,False
28846,Cu2Mo3Se4,False
5733,AsSe,False
35324,SmLuZn2,True
54054,AsSBr,False
53627,SrTaN,False
17536,BaInGa,True
26433,CaFe4O8,False
25638,MnTeMoO6,False
31897,MnSiTc2,False
9059,TiSi2,False
45041,AlPO4,False
42669,Co2NiN2,False
9614,BeV2Ge,False
23131,Rb3AlO3,False
26824,LiAgF4,False
49021,VCr2O4,False
33347,Lu2CuPt,False
18991,NaHoS2,False
41126,Y2In,False
9576,LiMn7O9F3,False
37115,AlGeRu2,False
25813,Na5MoNO4,False
42641,CaNiP2O7,False
4107,BaV2Sn,False
52398,PrCu9Sn4,True
41112,SmGe2Ru2,False
38484,Sm2Mn2O7,False
13731,MgHg5,False
11223,ScBeSn2,False
53096,CaAlO2,False
15574,BaSrCo2O6,False
8460,YBeGe,False
3160,KBaTl2,False
3191,Ca3Ni7B2,False
49097,CrP2O7,False
20476,SeO2,False
35044,Mg2AlB2Ir5,False
51213,BeTeP,False
38378,As4S3,False
26379,Zn3Ge,True
36020,UTe,False
42624,RbNiF3,True
33134,MgGaPd2,False
4514,Ba4ZnW,False
34203,CaHoRh2,False
21092,Pr5CuSe8,False
28596,LaPbAu,False
46842,PtI3,False
2588,RbMg6Fe,True
46370,Bi2Te4Pb,False
2854,SmHgPd,False
33369,Si3N2,False
26222,Ca2Mn3O8,False
53061,TiOF,False
45599,Mn3CoO8,False
14313,LiH3CO3,False
1746,CaAlF5,True
12106,RbPPbS4,False
29656,TmAu,False
8439,BeZn2Bi,False
9759,Be2MoW,False
32770,Mg2Sb3O8,False
31968,Nd2MgIn,False
9696,SmRh2,False
10253,CuS,False
29492,Ca3ScCoO6,False
22231,ZrH6C5O4,False
38491,Cr3S4,False
31017,Tb2Ba4Cd3S10,False
18813,KRb2TlCl6,True
5817,YCo2B2,False
12429,CaZn,False
578,RbInO3,False
45613,VAgO3,False
7517,MgNi2Sn,False
22722,Mg3Ir,False
34982,Mg3Au,False
2232,SrB2Rh2,False
15958,Tb3Zr,False
28104,TcB,False
19145,PuNi2,False
14685,Li2Mg,False
8751,Be2CrBr,False
47712,Sm2As4O9,False
43808,MnZnO3,False
16952,U2As3Se,False
7592,BeCu2Br,False
27677,LiSc2Rh,False
51113,BaIO,False
46810,Hf5Sn4,False
47957,Ba2CoN2,False
6350,YBe2Te,False
30166,HgRhO3,False
12661,LiMg6W,False
35483,TbGe,False
22215,CrHgF6,False
29560,Li3Ni2OF5,False
2946,BaV2Os,False
52120,Mn6C,False
36925,Th3Be,False
51853,Li2N,False
10551,MnGeRh,False
1072,LiVOF3,False
16512,TbSmO3,False
49233,SrLaMgRuO6,False
37725,CuI,False
4779,KBaGe,True
5230,CaZn,False
30711,MnOF,False
46426,MoWSe3S,False
16679,MgAg,False
8877,Rb2MnSe2,False
31518,YbMgCu4,True
24301,TeF6,True
28504,Li2CuAu,False
14407,CrIrO4,False
46115,YB12,False
38439,AsO2,False
52856,ScNCl,False
39958,CaSb4O8,False
10904,NdGaO3,False
51190,BaAgSe,False
46742,KCaCl3,True
13065,H5CSN2ClO4,False
35680,SmDyHg2,True
14339,LaSc3B4O12,False
44002,Li2CuNiO4,False
28658,Hf2CuMo,False
45243,NdSiAg,False
43161,NaLi2TiF6,False
16661,DyCdAu,True
23274,FeGe,False
23595,MgV2O5,False
40829,Mn3GaC,False
22607,AgPF6,True
6296,LiSi,False
19821,YbBiPd,False
40026,YbIn2Ni,True
33685,LiZnPd2,False
49267,NaGeS,False
28123,Ca2AgRh,False
8828,Li2MnP2O7,False
18495,AcPrMg2,False
27033,Sr2Be2B2O7,False
6029,CuSe2Cl,False
20189,Cd4Te5Pb,True
43069,Nd2AgRu,False
34752,Rb3Mo,False
15069,DyThCN,False
7192,K2BeCo,False
36048,YbErHg2,True
19297,CdPtF6,True
18853,Rb3Sb2Au3,False
9117,KBe2Pt,False
10400,Be2TlPb,False
21509,Ba2BeGa,False
18162,H9C5,False
26867,CuTe,False
53744,BH2O2,False
10641,Be2TeSe,False
10446,Be2CrRu,False
52728,BeTlCl,False
6329,Sc6Al16Ru7,False
29954,CaMnGe2O6,False
51168,LiV2Si2O8,False
23573,ZnNi2O4,False
32278,USiIr,False
8511,Ca3AsBr3,True
49712,Mg2BP2O10,False
43969,TmIn2Sn,False
47155,Si4MoW,False
44010,K2TlAuI6,True
49795,SnTeO,False
11840,YMg2,False
46165,BRh,False
34297,DySiRu,False
31559,Sc2CuTc,False
20237,H4C10S3O,False
40942,DyTiSi,False
32225,TaNiGe,False
27630,YScO2,False
28328,Cr3Fe,False
4978,BaSi2Pd,False
53440,BeZnBr,False
4606,BaScSe4,False
12688,KNa2Sb,True
47831,CaN2,False
13935,Er2SiRh3,False
48730,Nb4CrC2S4,False
11101,BeHg2Br,True
48956,SnH9C9NO4,False
44839,Ca2Co12P7,False
19814,SnH14C8O4,False
39985,Na3FeO3,False
54551,Dy2Mn12P7,False
41454,Rh3Se8,False
40147,HoVO4,False
38453,TiO2,False
28240,Sm2Be2GeO7,False
16049,Ti5CN4,False
53906,Mg2Be,False
43719,Sm2MnNiO6,False
7078,CaBeTe2,False
27945,Rb2NaHg,True
9753,SrCu2Sn2,True
32670,KO2,False
7885,BeV2Hg,False
18659,NaNd2Se3,False
46083,Ho5Sb3,False
45587,SmMn3,False
29474,RhC,False
51465,Ca3Co3N5,False
45928,Sr2Bi3,False
46553,DyB2C2,False
44447,Yb2CdGa,True
49064,AlBN,False
46404,TbB2C2,False
48079,LiMnF4,False
6239,SmZnPd,False
8732,ErCrO3,False
50624,Na2FeO2,False
1209,KMnH24C14N8,False
4304,RuAu3,False
46197,Tb6FeSb2,False
27629,CClF3,False
41581,Te2I,False
46591,PrSb12Os4,False
6130,BeV2In,False
34378,Ba3PrRu2O9,False
5243,Ba4TeRh,False
44508,LiCaNiF6,True
52479,SrInI,True
18465,K2CuF4,False
42912,K3H5Pt,False
4417,BaLiMg,False
3623,Li2SnAu,False
50704,LiH2N,False
34930,Li3Al,False
44466,NaLiCdS2,False
5295,Na3MnO3,False
31145,SrZnSn,True
33413,SnHgF6,True
18760,KLiTe,True
45708,PrSbO4,False
53666,MgN2,False
6149,CoN6Cl2,False
2307,NaTi2O3,False
12260,Li4Be3As3ClO12,False
4158,Ba4LiIr,False
19934,ErNi2B2C,False
32960,Ba2InClO3,False
12901,PuH2,False
36781,SrTlHg2,True
50448,BaCa2N2,False
29853,FeH,False
18666,NdZn5,True
17582,CaZn2P2,False
33366,TiMn2P12,False
37299,CuSiRh2,False
28893,VZnO3,False
23325,KMnF3,False
22804,PrCrO3,False
6798,TlCrTe2,False
212,Tc3Pd,False
53161,NiGeMo,False
15321,FeBr2,False
37339,Dy3Sb4Au3,False
54509,NpPd3,False
25712,CaYIn2,False
20891,BaZrN2,False
42207,Nd3Cu3Sb4,False
796,Rb4CO4,False
22269,H3C2F,False
22016,La3Nd,False
22168,ScZnAu2,False
41312,YbIn2Pd,True
1685,KC2N3,False
49676,BAsO,False
37465,TbYTl2,False
33105,NbSe2,False
37540,Al3Pb5F19,False
17626,Sc2CdAu,False
54576,Sm3Mo,False
41802,Ga3Ni2,False
7690,UGe2,False
2686,Yb2Ag7,True
21611,TlFe2Se2,False
15769,DyPt2,False
38555,ZnC2S2N2,False
8582,Be2NbBr,False
30380,Li2Cu2F7,False
13988,Ba2NiF6,True
8118,SmAsRuO,False
19561,Na2AlHgBr6,True
28311,V2TcOs,False
29402,IrC,False
43489,MgIn5,True
5613,Ca3SiBr2,False
14743,RbP2Ir2,False
34074,Sr2IN,False
10554,Sr2BeMo,False
43257,Co2NiO4,False
10222,Ga2Te5,False
46127,K2AgI3,True
20916,U2SN2,False
28355,Sr2MgCd,True
51496,NbCr3Ag2S8,False
8572,LiScGeO4,False
24378,Rb3Sb,False
10267,Be2ReGe,False
38792,BaMnO3,False
22639,Hf2CoIr,False
4665,Ba4ZnTc,False
54043,AlP,False
29928,CaV2O5,False
33497,HfGa5Ni,False
52133,V3Fe2O8,False
53959,CaTaO3,False
21402,BaNbO3,False
1269,Ba4HfSe,False
46837,TiSb,False
42259,NaLaRu2O6,False
33418,Pd2N,False
43261,Ti2CN,False
24510,B2Mo,False
13571,Li3Co2Ge2O8,False
39484,VO2F,False
32599,Ba3Nb2O8,False
53824,CaC,False
10865,BeHgGe4,False
2690,Co5Se4Cl2O12,False
4776,BaP2Ru,False
37774,CrOF,False
36417,LiCuAu2,False
46602,ZnSb2O4,False
29458,MgV2S4,False
48713,Na2FeO3,False
12428,Ga2CoS4,False
969,GaPd,False
12481,SrMg2As2,False
54540,HC,False
22467,Mg2TiIrO6,False
25790,MgCdRh2,False
4177,Y3Sc2Al3O12,False
46283,TmMgGa,True
51620,BrO2,False
42278,Nd2Mg,False
53909,BePdSe,False
10825,BeTcGe2,False
18636,LaPmMg2,False
20162,NaCr2O4,False
27080,TbAgHg2,True
6104,NdMgSi2,False
32719,Lu2NiOs,False
9710,Be2RhBr,False
44239,MgNi3,False
6675,Be2CrPb,False
20297,CeGa3Ni,False
33030,SnSe,False
47481,Na2LiIrF6,False
19809,RbTaO3,False
17007,ZrH6C5O4,False
35926,Si3W,False
48520,LiErS2O8,False
45659,SrTcO3,False
43408,Ba2TiVS6,False
45981,AlAu,False
44334,Th4AgPd,False
53817,LiCoPO4,False
15919,Ba2ZnMoO6,False
26685,MoF3,False
4955,BaCrBi,False
35618,HfZrZn2,False
22357,Yb2SeO2,False
37909,LiScTl2,False
16557,Er2In,False
5181,BaBiSe,False
35448,NaBeO3,False
26409,Zn3Os,False
52022,YAgO,False
42749,Ca4ZnAg3,True
29840,NpN,False
41276,Ca2Sb,True
48581,Li2TiCo3O8,False
19506,Tb2CI,False
54188,DyZr,False
51680,RbTeBr,True
28779,V2O5,False
27674,CaZn,False
23640,UCdO4,False
53764,RbBH,False
47964,Rb2MoI6O18,False
33468,CaDyRh2,False
13906,SrPuO4,False
39099,YbCuBi,True
29032,CePd,False
45427,HfSiSe,False
928,Ba4HfBr,False
41218,YAsO4,False
33683,KBa4Sb3O,False
43011,VRh3,False
30682,KTiPSe5,False
36172,AlH3O3,False
43038,GaTc,False
18859,RbInCl3,True
3123,LiSbSe2,False
36986,CO3,False
15166,Na2AlInF6,True
14500,SnB6,False
44310,NaLi5N2,False
16931,Co6O7F5,False
20308,Na2PdAuF6,True
7431,Be2GeW,False
37559,RbPbBr3,True
8649,Sm2Fe17,False
10659,RbCaMg6,True
23735,Y2Fe2O7,False
40184,Na2Ca2Ta3O10,False
32024,LiGaRh2,False
13169,HfAu3,False
16597,RbPrO2,False
30170,Ba2Sb3O8,False
44519,CuCl,False
1930,MnBi,False
36760,Rb3Cr,False
16987,MgSc,False
10274,Sm2InNi2,False
32610,AcTlAg2,True
15688,Na4CrO4,False
31558,LiHg,False
16950,BaHgPb,False
37542,CdI2,False
43235,TaTi3,False
45872,Li5GeP3,False
39097,MoWSe4,False
26593,PrAs3,False
17936,K2LiNdF6,True
9558,Be2FeBr,False
30971,LiTePd2,False
18909,LiRuN2,False
44534,PrIn,False
40892,MnO2,False
43039,LaGa3Cu,True
37561,Yb3Os,False
46790,Ba3Si2As4,False
21746,CaAl2Ga2,False
43472,Rb2GaHgI6,True
22783,H4C6S,False
6656,UTe2,False
50569,LiMn2NiO6,False
45115,Pr3Te4,False
53445,Be2Br,False
53141,InHO,False
3753,LaAl,False
16042,K2RbInBr6,True
45235,PrCo3,False
16145,K2AlInBr6,True
21453,Ba3Ca,False
47311,Y2CuAu,False
30014,Ca2Cr3O8,False
8527,ZrAlPt,False
51748,CdP2,False
34083,CaPmCd2,True
51289,NdSb12Ru4,False
37634,NbTe,False
33904,Lu2AlZn,False
32477,FeCo,False
3451,CoCu2SnSe4,False
13738,Te2AuCl,False
52546,Tm2B6Rh9,False
38532,ZnN,False
20161,Co2SiGe,False
31998,BiSBr,False
51022,Cu2BN2,False
39596,CaFeGe2O6,False
53647,NaZnSe2,False
42530,BaDyO3,False
34904,ZrSnPd2,False
26313,MgScTl,False
1653,KBaTi,False
20404,HoSiOs2C,False
16306,TePb2S,False
51350,CaGaH5,False
49834,BaClO,True
44246,KNaSmNbO5,False
48510,Ba2BrN,False
40217,KSmPdO3,False
12584,Be2Ag,False
31584,PaC,False
42917,Ho2AlFe3,False
14765,Sr2NiSe2Cl2O6,False
38373,TmHO2,False
47183,NaMnCuSe2,False
54082,HfAg3,False
51867,LiMnP3HO10,False
39021,LiFeO3,False
51276,Tb5Rh3,False
28974,Li2FeS2,False
10361,Li2MoO3,False
25859,CaZn2P2O2,False
17619,CdH12C8O4,False
39714,KPH2SO3,False
1913,Be2VIn,False
16748,H7BrO3,False
37570,TbTlTe2,False
36014,Li3Ge,False
46497,UMoC2,False
38164,TaPd,False
21279,AlPb3,False
12480,HoCo2,False
10395,Be2ZnRu,False
14978,Pr2CrSe4,False
49758,LiCr2O4,False
42427,Li4Fe3Si3O12,False
42786,BaCoS2,False
28699,BaPr2FeS5,False
41941,Ga2Os,False
40343,Li2Mn3O6,False
12937,Mg6CdW,False
27892,CdN,False
31390,UFe4P12,False
28027,HfCu2Te3,False
3588,BaHfHg4,True
22846,BaLiH3,False
43906,ZnNi4S8,False
50772,AlSO,False
45915,Sc3Co2Si3,False
31718,Na2US3,False
24267,ZrP2H2O6,False
9585,BaBrF,False
47396,Mn2Au,False
54359,CaAl2As2,False
21189,PmDyTl2,False
32873,LiEr2Os,False
52411,Mg3B2Rh5,False
11733,NbFeO4,False
6476,MnBeNi,False
48743,SrAsN2,False
52939,ScCuO,False
34888,Ho2MgIn,False
7722,HfAsCl,False
14307,YCrO3,False
17460,Al6C3N2,False
15341,ThZr2F12,False
34666,Ti6Si2B,False
50953,Ca3Sn,True
8364,TiNiO3,False
8982,SrCeN2,False
39848,Li2CuNiO4,False
14222,YSb,False
33588,TiSiTc2,False
4675,BaSr2Te,True
46848,Tb3Al2,False
862,MgMnF6,True
35020,MgRh2Pb,False
15724,Ba2NdCu3O7,False
1879,Na4Ga2S5,False
40515,YCu2O4,False
54152,MgBH,False
45702,Li2Ca,False
23310,Na5LiN2,False
35460,Li4Nb3Fe3Sb2O16,False
35602,Tb5NiPb3,False
10959,Be2InOs,False
47170,NiRh,False
8745,HoNi2Ge2,False
16155,Mg6SiSn2,True
13117,MgBe2Co,False
25270,KNO2,False
34393,MgAlAg2,False
22262,K2AgSbF6,True
43104,DyMnO3,False
27259,TmBi3,False
24430,Na2TiGeO5,False
26812,CdInRh2,False
33885,BMo,False
20323,BaP2Pd2,False
3133,Ca5Au3,False
4766,Ba4BeTc,False
19281,Tm3Sc,False
53394,LiP2WO7,False
21826,Sm2O3,False
45802,MgB4Os3,False
5338,Mg7Sb,True
8329,Nd2Fe2Se2O3,False
10532,Mn2SiSe4,False
37642,VCr2O4,False
8103,MnNb2As,False
25487,Fe2OF3,False
43165,Na2TlAsF6,True
31978,NdRh2,False
4586,Cu2GeI6,True
11450,Mg6CoW,False
26212,LiCaTl2,True
43189,NdBi2ClO4,False
28924,LiMnIr2,False
41512,YbBa2SbO6,False
13944,Na2TiO3,False
36003,YbDy3,False
47579,Rb2LiTaCl6,False
14730,TmGeAu,False
34908,CuF,False
39810,CuBrO2,False
26743,Sc2Cu2O5,False
12909,SrSi2,False
23424,Hg3AsSe4Br,False
25170,TlS,False
25612,NiO2,False
17413,SrCu2As2,False
49901,Nd2Si2PbS8,False
600,Rb3Ge,True
44573,SrSm3,False
9843,MgBeCr,False
34733,SiB4,False
27600,MgZn,False
40773,Cr2CdH14N4O8,False
7327,SrAl2Si2,False
15752,Nb6SiSn,False
50395,Zr3Ti2Pb5O15,False
17427,YbPd,False
36332,TaMn2Si,False
5321,NiB2W2,False
27510,LiGa3,False
15528,Er2AgAu,False
3572,Tc2O7,False
43224,Be4InCu,False
25401,BaCuB2O5,False
4534,TeHO3,False
54288,Li5Mn2CoO8,False
32403,Te2Mo3WSe6,False
27408,MnV2Re,False
9280,Mg6CoCu,True
38298,PmBr3,True
13569,MgAl2S4,False
50859,TiZnBi2O6,False
6071,ZrMnBe,False
8644,Be2HgTe,False
24747,Ba2NdSbO6,False
22121,AlH6C5ClO4,False
37800,LiVCrP4O14,False
40991,K2Zn3O4,False
40127,NbInS2,False
54456,USn7,False
31517,Te2Au,False
53811,BaCO2,False
43194,Na2ErCuCl6,True
23073,MgBiF6,True
34843,HfZrTc2,False
18785,SmPd2Pb,False
18999,PaInO4,False
7250,VGaAs,False
45607,Li5Ni3N3,False
39991,DyFeSi,False
42295,Rb2PdAuF6,True
47160,Nd3Pa,False
703,ZrUN2,False
37602,VOF,False
3554,TbAlCu,False
12600,BeCoBr2,False
38212,NaSmSe2,False
29206,AlPO4,False
34830,SmZn2Ag,True
13311,Be2SbW,False
21041,DySBr,False
13236,NdNi2Ge2,False
19249,TbTh3,False
7823,BeZnNi4,False
33405,Li2CaGe,False
30376,YbIn5Ir,False
49183,GeCl,False
12769,CeAl3Pd2,False
25409,Rb4CO4,False
10523,BeFeBr2,False
44054,SrMg2,False
8568,Be2GePt,False
3051,K2HgCl4,True
27747,Na6BeO4,False
538,Li4Fe5O10,False
51978,ZnSiO,False
40157,LiCoAs,False
49773,TeSO,False
42159,GaPtO2,False
49553,Li2I,False
30306,TaCo3,False
33104,SmGeRu,False
44085,VOF2,False
38201,Li2V2F7,False
47610,LiBiB2O6,False
42545,Mg2CdHg,True
9604,Si4P4Ru,False
24914,Tb6FeBi2,False
6977,BeCdRe2,False
10890,Cu3OF5,False
46314,Li3Fe5O12,False
16471,ZnSnP2,False
47909,PbICl,False
7433,Na2BeCu,False
31975,ZrMo2,False
41402,CrPO4,False
47450,Li3MnF6,False
30650,ZrMo2O8,False
31458,NaNbO3,False
53913,AgOF2,False
33476,Er2ZnIr,False
30285,BiF5,False
25663,Li2TeO4,False
15971,K2ScAuCl6,False
50284,Cr3Te5,False
49230,Li3Fe4O3F9,False
4029,ZrAl8Fe4,False
28980,K2AgAu,True
26221,KN,False
34038,CdAg2I4,True
34530,LiCaRh,False
33786,Ac2SiHg,False
30055,CoGe2O6,False
49140,SnH10C6O6,False
19998,GaGe3,False
37476,OsO2F3,False
32942,K2InP2S7,False
14183,CaAlBO4,False
54221,HoMoO4F,False
35248,FeN,False
36845,Rb2NaBiCl6,True
22331,CdH8C6O4,False
32318,Tm2PdRu,False
47518,Na2LiTlF6,True
23253,K3N,False
7880,BeCu2Br,False
16265,Mo3C2,False
49280,SnH14C8O6,False
9043,BeV2Ge,False
40100,US,False
5432,Al2CrS4,False
29974,GaPt3C,False
696,ZrBePb4,False
5425,SmInCo2,False
40061,CePd3,False
14427,Sr2TcO4,False
45181,MnCrF5,False
48762,SnH24C13O4,False
53199,NaLiH,False
16087,Cr3O,False
23758,ThSO,False
7163,BeHgPb,False
6653,BeNbSi2,False
34252,HoHfRu2,False
13426,BeSnBi2,False
25509,AgBiO3,False
31648,LiAlPt2,False
31651,ZrMnP,False
23025,TbN,False
44872,MgMo4O8,False
26815,Ti2InCo,False
10215,Be2NbCo,False
19960,ZrNb2VC4,False
22270,VBr2,False
50092,BaTeCl,True
23865,ThSnI6,False
7411,Mo2WSe6,False
18024,LiInTe2,False
38232,Li2FeSiO5,False
46900,Li7VN4,False
12150,HfTi3,False
15499,SrH2,False
19322,Zr3Rh,False
3626,Cr3Os,False
9656,KBe2Te,False
25081,BaP4Pd2,False
16000,FeTe,False
19463,Li2MnFe3O8,False
13304,Al3Ru2,False
40273,CdC2O4,False
24962,HO,False
10236,Be2SiP,False
2305,Ca4BeZn,True
14563,BiRhO3,False
21702,TbB2,False
29854,NdOF,False
34079,DyB2Rh2C,False
53841,BaMoO,False
41702,Hg3AsO4,False
19990,MoH2O4,False
32997,BaNd2FeS5,False
3175,Tb6FeBi2,False
14069,HoSi2Cu2,False
34077,TmAl,False
12404,BeOsBr4,False
53090,Tb2MgSe4,False
44060,UH3,False
7737,FeO2F,False
23427,CeOF,False
1971,Ba4PbBr,False
7867,MnBe2Tc,False
24310,Y2Th5O13,False
23588,MnHO2,False
10442,Be2IrBr,False
40683,K2Al2Sb2O7,False
14213,Bi2O3,False
22833,Al5HO8,False
50941,Ag3F,False
4223,BaB2F8,False
48988,PtSCl,False
128,Ba4LiRh,False
13597,DyHo,False
50823,ZrSO,False
22793,Ta2FeOs,False
41968,SiIr3,False
6204,Be2CdCo,False
16061,As2S,False
35894,ThGe2,False
23039,ZrBTe,False
36497,CdI2,False
2786,Li2Mn3F8,False
43559,Mo3H,False
13382,BaNb2Bi2O9,False
21262,Rb2InAuI6,True
41320,MnSn2,False
9568,Ho2Zr2O7,False
27060,NaY2In,False
27615,HfMg,False
18777,TbAs,False
24595,Al6Cd4SO12,False
7154,Tb2C,False
6261,Be2RuSe,False
52014,SrPCl,False
9731,Be2SiTe,False
23026,CoAs3,False
10166,HfMg6Ga,True
36108,TbAs3,False
22990,LiPt,False
39156,Nb3Cl8,False
24606,Mg2NiSbO6,False
48359,BBr2,False
48803,Li2MnSnS4,False
20686,SrHf2Mo,False
38143,SiH3F,False
36499,SiBr4,False
4530,Ba4RuSe,False
5142,BaZr2Pd,False
2246,CaAl2O4,False
49122,BaCrF5,False
5169,CuSb2Xe4F20,True
47133,K2NaNdBr6,True
24276,Li3Mn3OF7,False
24699,K2GeAs2,False
54132,MnPO4F,False
24952,NbSe2,False
6603,CeMnAsO,False
5527,BaNaMn,False
5512,GaAsO4,False
54021,NaInS,False
2295,Ce2Ge3O9,False
35055,PuIrO3,False
54504,SmP3,False
9439,Be2TcOs,False
47618,Cd2GaCuS4,False
13003,SmMg2Sb2,False
10685,ScBeNi2,False
26771,Mg2Si,False
16261,BaSrI4,False
35982,Te4Mo3WS4,False
26537,GaCuPt2,False
37612,Ti2MnAl,False
52177,Fe3PbS2O14,False
39232,Na3FeBAsO7,False
33435,TbSiPt,False
24748,HoSbPt,False
7665,Be2SbPd,False
23065,AlN,False
52961,CaBr2,False
8401,NaTh2F9,False
44082,Na3VBPO7,False
20306,IO2F,False
12802,LuSn2,False
27148,AlH3O3,False
43646,PmCdCu2,True
26531,MoSeS,False
32130,NiBi,False
21064,LiFeF3,False
34744,OsN2,False
680,Nd4Ge3S12,False
7874,AsPW2,False
20589,K3SO4F,False
42812,Nd3OsO7,False
2296,Er2AlFe3,False
48873,Li7Mn2Co3O12,False
52371,SbHO,False
1791,LiSi,False
31672,HfZn,False
38006,SiGeN2O,False
27724,Li2CdAu,False
5967,Pr5Ru2O12,False
25518,CaCrSi2O6,False
22560,Na2UO4,False
47004,BeAl2O4,False
25331,HgBi2O6,False
12489,Be2CoSi,False
26438,NaTm,False
28006,NaFeO2,False
11693,MgBe2Br,False
34738,Mo3WSe6S2,False
22191,Sm3S3N,False
3070,LiGeBO4,False
33920,LiDy3,False
14490,Li7VO5F,False
15931,SrCrPd2,False
35242,TbCdPd2,False
7290,BeTeBr,False
22109,VCrB2,False
26328,KNaMnO2,False
12509,Zr2Cu,False
25093,Mn3As2,False
20581,PrUN2,False
24401,AgAuF4,True
33303,Si3H,False
50788,AlSbO,False
50663,LaErMg2,False
50175,BeBr3,False
51638,PBr,False
2714,La2SO2,False
1614,Fe4O3F5,False
35530,YbPbAu2,False
8499,TiBeCu,False
37948,V2P2O7,False
11836,Li2BeTl,False
40422,BaCu2O2,False
41270,LaMg2,False
36514,WSCl4,False
16604,Na3In,True
10139,HfBeP2,False
45523,Dy3Se4,False
3498,BaSrY2,False
22013,CdIrRu,False
24789,Y2Bi2O7,False
21697,CuO,False
41685,FeOF,False
33339,NdCr2Si2,False
20688,MnZnNi2,False
47998,LiV3O2F6,False
13474,Be2FeCo,False
44662,GeSbTe3,False
788,Ta2Tl4Se11,False
35100,TbGeO3,False
540,Ba4LaZr,False
47019,Tb2Se3,False
7662,Zn2ReAs,False
10480,Mg6VFe,False
51237,LiCoSiO4,False
48120,AlPO,False
22468,KZnSb,False
45172,AlAs,False
48212,RbGeSe,False
26905,LiCuPO4F,False
45914,DyAl,False
26671,YVO4,False
51741,CdFe2O4,False
23829,YbPr2S4,False
47781,PbCO,False
27039,ThTa2O7,False
10775,Be2InHg,False
41240,Sr5Bi3,False
36709,ZnC2N2,False
19473,KRb2CoF6,True
42635,Li4H6Os,False
4663,MnPRh,False
10157,TbNi2,False
15886,ThIN,False
38227,Ce2U3O10,False
36916,SmAs2Au,False
20991,DyHSe,False
14880,Y5Bi3,False
34391,LiCe2Ru,False
48742,NaLaScNbO6,False
44698,VFe2S4,False
12099,CrCl3,False
14048,Ce2Mg,False
18351,ZnInPd2,False
43900,Pr3PbC,False
40842,Tb2O3,False
23905,Pb2SO5,False
52794,ZrCrAgS4,False
28758,VN,False
26057,UCr2O6,False
31319,CrCo2Bi,False
14212,UCu2As2,False
9307,Be2MoOs,False
43645,ThFe4Ni,False
37282,H12C5N2O,False
8533,Li2FeP2O7,False
20279,LaCePd6,False
48258,LiHPd,False
23123,ScTl2W,False
35842,NdZn2Cd,True
24626,HCN,False
51576,IBr2,False
12627,FeAs2,False
18610,Tb2SeO2,False
38181,Sm2ZnGa,False
54150,ErAl8Cu4,False
31618,TeMo2SeS2,False
13760,Fe4Bi2O9,False
36464,Lu2CCl2,False
11272,ScBeCr2,False
23469,LiBi3O6,False
21723,H5C5SNO,False
19812,DyAlGa,False
36806,YWN3,False
49929,NaSrAs,False
19677,Li3Pm,False
13655,BeNbTl,False
9509,Mn3CoO8,False
10610,BeFeTc2,False
40119,SiO2,False
23312,YMnGe,False
47017,Na3ScBr6,True
3482,BaMn2Cu,False
52703,Hf2ScGa3,False
39629,Li4Cr3GaO8,False
32256,NdNiSb,False
22622,NbCrSe5,False
41211,ZrNi2Sn,False
491,Ba4TaSn,False
12052,Yb2TeO2,False
34427,ZrNi2P2,False
4222,NaLiTe,True
24347,H2W2O7,False
17998,Al2Ni3,False
3771,Ba2BiMo,False
26477,SrF2,False
24882,LiBiB2O5,False
37120,VFeTe,False
35212,HoSbPd2,False
27315,Na2ZnSiO4,False
26085,PrSi2Pt2,False
31127,Ho7FeI12,False
18469,NbN,False
46586,Li4V3Cr3W2O16,False
14068,Sr3Li2,False
5863,BeVFe,False
53927,ZnAgF,True
26249,NaLiTe,False
41040,FeSn,False
22735,KMoRu2,False
47115,Cr3O7,False
30182,Mg2Sn3O8,False
33336,Zn3Ni20B6,False
1858,B4Mo,False
30097,Ti5Pb5O14,False
19374,Ho2CdHg,False
501,HfCl4O16,False
52064,PbIF,False
23736,SnOs2Ru,False
17114,NbN,False
16219,K2LiSmCl6,True
44368,Ba3Sm,False
8857,Be2FeP,False
22458,V4C3,False
30521,Fe3O4F2,False
30124,Te2Mo3WSe4S2,False
22932,SnS,False
22544,Ba2In2O5,False
32061,Te2Rh3,False
11644,Zr2BeCl,False
34820,CeFe5,False
8357,MoAsPd2,False
16224,SmEuS2,False
13443,Mg5Zn,False
3938,Al5BO9,False
12462,BeCu2P,False
50912,Rb2LiRhF6,True
15820,NaCd2Rh,True
32663,Fe7C3,False
38207,TmMg3,False
9838,Be2GaRu,False
47939,PCl2,False
21054,NbAlCo2,False
4041,BaSiCl2,False
38844,Mn4O7F,False
24833,LiSiBi3O7,False
41637,LiCoPO4,False
39548,MnBi,False
44570,MnFeO2,False
33074,Pm2CuRu,False
18948,Li4VO4F,False
8304,SrBeTl,False
19536,SrCaPb6,False
19889,NaTlO2,False
44568,CoPd2Se2,False
51906,Li3Mn2Si2O8,False
31270,CeGaGe,False
34710,TaGeRh,False
50509,KBr3,False
27602,Y2AgRu,False
30756,Ca2GeO4,False
51588,IBr,False
53948,Sr2HCl,False
28553,CaFe2S4,False
33152,Ca2AgWO6,False
19988,Ba4P2O,False
38341,Dy2Ti2O7,False
49420,NaCaSiO4,False
37475,TmMgPt2,False
30614,LiSm2IrO6,False
10829,Co3OF5,False
2825,BaHgW2,False
9144,CaBeSb,False
2804,BePdPb4,False
20375,ZrTe2Br5,False
8361,CaB6,False
18118,SrLa3,False
1277,Ba4SrNi,False
37235,Ag3Hg,False
43254,ThPt3,False
4941,Ba4NiPb,False
5200,CaB2H8,False
7547,BeGe2Br,False
19131,LiGa3,True
31313,MoWSe2S2,False
41788,HgTe,False
7311,TbInPt2,False
3597,AlPd5I2,False
17379,SrZnF4,True
8069,TlCuAs,False
53258,HfO,False
42894,Li3Mg,False
20196,NdNi2B2C,False
34579,Pm3Tl,False
7314,BaZrP2,False
12581,Mg5Sn,False
14962,Mg3InAg4,True
23389,BaYI5,True
25027,Na3OsO5,False
1093,Ba3Zn5In2O11,False
43944,TbBe13,False
16639,Nd2InHg,False
11740,Cu2P7,False
48944,Ba3NaSbO6,False
14588,Mn2As,False
16631,Cd3Ag,True
19236,Hf3Sn,False
20835,AlSiCN,False
39250,Li3Fe3CuO8,False
45580,Ca3Sn2S7,False
51712,CaCu2O4,False
12208,NbTeBr3,False
40552,CrN,False
31441,K2Li14Zr3O14,False
30807,LiTmIn2,False
8546,BeCo2O4,False
54146,UAg3,False
47659,AlCuP2Se6,False
8956,BeIr4Pt,False
40608,Cu3Au,True
11939,CeMnNi4,False
45985,KLiSO4,False
22740,Cr2FeSe4,False
16297,TeSe,False
46727,CaTeO4,False
645,MoBr3,False
4083,Zr2Pd,False
34100,TiFeTe,False
7128,AsP2Pt,False
23116,NbVF6,False
13278,CeAl2Ge2,False
50560,FeOF,False
12083,K2AsAuCl6,False
47940,PCl,False
17045,NaZn3,False
3671,Rb2Te,False
39167,Li2V2CoO6,False
27350,Sm2Mg,False
27378,TcAs3,False
11790,NaBePb,False
28374,Rb2AuI,True
37885,LiNiPO4,False
5573,Ca2CuB2H12O12,False
4744,BaYCl,False
11103,HfBe2Pd,False
39418,Ba4LaTa,False
35252,Si3Os,False
21415,Er2AlCu,False
35101,LiSc2Tc,False
10291,Be2HgSe,False
52367,SmWO5,False
18935,AgSe,False
15938,LiUI6,False
26536,NbS2,False
28786,Na2PdS2,False
36143,AgClO3,False
39491,InSn2Br5,False
51603,NaMoN,False
36733,HfScIr2,False
25441,LiAlPdF6,False
17101,Sm2GaAg,False
33608,ZnCdS2,True
52404,HSeO,False
20966,Sm2O,False
40041,MgH2,False
23340,CeCoGe,False
31481,RbBe3ZnF9,True
2665,Sm3Si2ClO8,False
6595,KAuC2N2,False
4756,Ga2Au,False
34257,Mo3Se2S4,False
35074,Ba2NdMoO6,False
663,Ba4ZnIn,True
26720,MnO2,False
53737,AuBr3,False
13039,Mg6SbW,False
19852,RbHgF3,True
48456,VBO4,False
42305,BaAl4,False
42024,SrFe2P4O14,False
37031,Be3Tc,False
51733,SiCN,False
8376,Be2FeRu,False
5591,Na4BeAlSi4ClO12,False
48360,La2N,False
11516,K2TaCl6,False
51195,In3BiTe4,False
39789,RbUAgSe3,False
41775,Pr2ZnAg,False
39319,P2PbXe3F18,True
33200,LiMgP,False
22387,Rb2ScAuI6,True
8486,Rb3Re,False
51367,Ce4Zn3Sb8,False
19583,BaCd,False
3880,BeSeBr4,False
2074,NaW2O6,False
32271,Mg17Al12,False
33528,AcInHg2,True
44416,Sm2Ga3Cu,False
456,AlFePO5,False
52461,Li5Mn5Sn2O12,False
9566,Nd2Fe17,False
53421,BaSiTe,False
23136,NaLuO2,False
20780,CeYRh4,False
24993,InBr3,True
25911,Nb3Te,False
37364,CuPdO2,False
43475,Rb2YHgF6,True
45551,Na3In2Au,True
8231,SrBe2Mo,False
18187,FeTc2Ge,False
30249,LiLu2Os,False
39478,LiMo2O4,False
27784,MnAs,False
21604,Mg2NiH4,False
50455,CrCoN2,False
23287,SbN,False
47561,TiNbN2,False
53919,BiO,False
34418,PrNdO2,False
3080,BaSiBi2,False
18522,SrSn3,False
5843,Fe5SiB2,False
43140,ThGeO4,False
44719,SrGaSi,False
26024,Tb2Pt2O7,False
30776,ErMg3,False
8294,Ni21Sn2P6,False
33095,YbAcHg2,True
18293,PrCo2P2,False
48294,Hg2Cl,False
10838,CeMg6Si,False
34449,LuTc2W,False
19232,TbNa2LiCl6,True
37228,CaTl2Cd,True
12062,Ce3Mg,False
17329,TbSi2Cu2,False
32360,MgZrPd2,False
21025,H6C11SO2,False
45844,BaCr2As2,False
8365,HoSi2Au2,False
15523,CdHgS4,False
33188,LiPm2Rh,False
22505,Nd5AgS8,False
27365,KOs2O6,False
11228,Be2InBi,False
54472,NiP3,False
50952,PrYAl6,False
45183,H3ClO,False
31110,PmAl3,False
47277,Cu6PdN2,False
25751,Ca2CdGa,False
45502,Sb2Pt,False
24435,Mn2ZnN2,False
35977,PrNi,False
9331,HfScBe2,False
29997,YCrO3,False
16299,K2LiEuCl6,True
9813,Be2TlMo,False
15247,Na5TaO5,False
16172,HoPd2Pb,False
22632,ZnH6C5O4,False
23791,BSe2Cl,False
16817,CeHgAu2,False
25774,LiGaIr2,False
28534,CaV2O4,False
34209,Lu2CoRh,False
31839,Ti5Sb3,False
20360,K2NaBiBr6,True
8380,KBeSe2,False
14847,ZnHgTe2,False
1284,BeMo4Pd,False
5360,DyAgSe2,False
24218,MnCN2,False
53790,YC2N,False
8094,Zr3Co,False
20764,Mn3Co,False
9484,Sr4Cl6O,True
45766,Na2BHO3,False
13847,ScAl2,False
9609,TiAsAu,False
43421,Sr10P6SO24,False
9023,Rb3Pt,True
2211,SrF3,False
51607,SnBO4,False
30687,LiPr2Ru,False
21936,CuNi2Sn,False
4704,Rb7NbAs4,False
43613,GaNi,False
19390,Rb2DyCuCl6,True
6662,Hf2CoP,False
10212,BeNi2Mo,False
13028,MnSbRh2,False
46325,Sr4I6O,True
22087,NaCaAs,False
4627,Ba4MnOs,False
51021,NbSnRu2,False
11687,K3ScI6,True
6984,LaBeW2,False
37273,TiPd,False
42301,K2CeSi6O15,False
5914,CrB4,False
51431,Fe3OF5,False
35521,MnAlPt2,False
35458,NaRuO3,False
15306,YbTaO3,False
7280,SmFeAsO,False
27633,Sc2O3,False
45704,MnAu,False
20131,K2NaRuF6,True
43424,Li2Co4O3F8,False
20668,CrB2Mo2,False
39980,UGa2,False
28066,MnHO2,False
20713,SrCu2GeS4,False
17834,Rb2NaTlI6,True
15090,InCN2,False
45786,LiV2F6,False
49139,YGaI4,False
570,HfSn2,False
12093,LaB2C2,False
19919,H4C,False
1691,InN,False
13130,BePSe,False
1448,Ba4MnNi,False
9145,CaYBe2,False
13694,InAgO2,False
13718,Cu3PdAu4,False
38255,DyNbO4,False
49869,U2Si3Ru,False
33247,SmPbAu,False
45005,Rb2USi4O12,False
19611,Li2SnPt,False
1464,Li5TiV3O8,False
54520,Tm2Se3,False
32603,Tc3Ir,False
18418,SrZnO3,False
43227,Li3Cd,False
48308,I2N,False
35487,Sr2Si,False
48876,Cd2F,True
30133,Sb8Cl2O11,False
18320,CdH16C10O4,False
41875,SrNb2O6,False
34737,BaAlSiH,False
54403,Sn7Pb,False
44850,LiCoSiO4,False
8648,SrMnBe2,False
53150,Li4Co3CuO8,False
36670,NpIO,False
2636,VOF,False
2508,ZrAu4,False
32307,Te2MoW3Se2S4,False
19261,In3SbTe2,False
41662,Li2MnF4,False
45048,Zr3Cu4Ge2,False
7630,K3SmB2O6,False
44407,BaScCu3Se4,False
47052,NbW9Se20,False
22985,H4C6S,False
956,Ba4TiW,False
50467,BaI2,False
38539,B2Mo,False
22123,Na4S2O5,False
52618,BaSbCl,False
16430,Tb2RuRh,False
44558,Sr2Mg3In5,True
25510,LiLuO2,False
8319,CaNi2As,False
33559,Ta2NbOs,False
774,NiRuO3,False
50833,CeSbRh,False
10605,BeSe,False
8372,TbGa2Co3,False
1466,LiMnPd2,False
37647,Ca5MnO6,False
22843,Li2TiCo2O6,False
9775,MgBeW2,False
4071,BaTeCl,False
43657,TmO2,False
9335,YBe2Bi,False
6215,MoCl3,False
50169,BeCdBr,False
52523,KSn,False
49830,SrPS,False
16143,SrZn2Ge2,True
41659,HfSnPd,False
22502,NbCrW,False
10905,SrBeBi2,False
11319,SnS2,False
43758,MnCoSe2,False
17008,CoAgO2,False
14564,TiS2,False
20756,AgPd,False
12336,BeInCl2,False
28707,NaIn2Pb,True
46992,Er5Ge3,False
48922,CdTe2,False
91,HgHClO4,False
43440,TlAsF6,False
21664,AlCuS2,False
4105,KBaRu2,False
45994,HoPb3,False
43608,VB2Ru,False
30853,PrSbPd,False
25755,AlSbO3,False
36438,NiPbF6,False
52444,ErTeAs,False
2705,Cu2SO4,False
6078,ZrBe2Ru,False
10373,MgBeIr2,False
17308,In2CuTe3Cl,False
38233,TaInSe2,False
41452,Ta2Be,False
26915,BaPb2IF5,True
33429,Li2AgPd,False
22902,LaF3,False
47661,K2LiMoCl6,False
34152,KTl2Bi,True
2199,VO2,False
15813,Pa3Al,False
44873,LuCr2Si2,False
27857,MgMo6O16,False
39017,LiMn3Fe2O8,False
45418,Mo2RuSe4,False
46239,Pm2ZnOs,False
14451,Al2CoNi,False
42726,NiO2,False
1557,Ba4InBi,True
46961,CdCu2O3,False
24353,Sr2SnO4,False
45991,CuAs,False
24728,BaYCuNiO5,False
35727,RbCaI3,False
28067,Eu2O3,False
39551,Li2NiBO4,False
51847,Li2N,False
6339,CaMn2Be,False
21404,H4N2O3,False
30196,U4Ga12Rh,False
43497,Sc2S3,False
38636,CeGaO3,False
38748,TbTiSi,False
49696,BAsO4,False
41918,Na3Ca2BiO6,False
13227,SrCaI4,False
14391,Co2Sn,False
6008,Be2VPb,False
33733,RbBiF4,True
50906,Rb2TlAsBr6,True
43659,AgAsF6,True
10763,ErTmTl2,False
1967,SrIn2Rh,False
51558,MgSeO4,False
11616,BeCd2Co,False
41571,Sc7C2Cl10,False
50566,CaAg,False
31451,LaBiPt,False
23436,Rb2As2Pt,False
30092,ScU3Sb5,False
12984,LiBeFe2,False
4089,SmB2Rh2C,False
51335,NaCrP2S6,False
2639,Li2P2H2O7,False
6470,Be2TeIr,False
42482,U3O8,False
37412,KPPdS4,False
23438,K2Mn2O3,False
40815,Ca4Mg3H14,False
46549,CaAgSb,False
22855,UB2O6,False
13334,BeTcPt2,False
37878,LiMn2O4,False
32772,MnTlCl3,False
42867,PaGe3,False
24221,NaCaSiHO4,False
40671,Mg6MnO8,False
42859,PrCdIn,True
12199,ZrBe2Ni,False
9152,Fe3Pb4ClO8,False
34746,Ce4Sb3,False
25040,LiSbS2,False
31908,PaGaTc2,False
3727,CeB2Rh2C,False
36204,GaN,False
36759,MgI2O6,False
33007,PmZn2Au,True
28044,YAu,False
30164,LiFeF3,False
24172,Al2CrCl8,False
8607,Cu2GeAs,False
45323,NaYF4,False
28900,Na3Co2SbO6,False
20867,FeRe3,False
21665,Li3IrF6,False
46642,Ba2Bi3,False
29570,MgFe4O9,False
53134,MnSnF,False
6473,Be2CdTc,False
30494,YBiPd,False
24359,BaBr2O6,False
4774,BaSiBi2,False
16444,NpO2,False
32888,Te2MoWSe2,False
3798,BaRu2Pt,False
3918,ScAu4,False
8385,LiMg6Co,True
17142,CeZrO4,False
36248,YbTcO3,False
17181,K2PtS2,False
24844,Hg2P3Br,False
19173,CrB4,False
31144,Ti2VTe4,False
33308,Zn3Rh,True
5902,Na2MnO3,False
15081,TlBiSe2,False
7545,LiPrS2,False
52255,CeIr3,False
51082,Li3MnCo3O8,False
49438,InI,False
13959,ScCl,False
27128,CeSe,False
5180,RbIn6Au4,False
22000,Th2SN2,False
26462,MgZr,False
6315,NaBeSi2,False
27140,ZnSi3,False
4043,YbAlB4,False
7257,CuI,True
28612,LaSe2,False
16231,GeAu3,False
12078,TbPd3,False
41267,NiAs2,False
37707,Ti2CoGe,False
18887,Mn4Hg3Au,False
42238,YGaAg,False
24803,Lu2MgS4,False
20212,CeU4N5,False
447,BaMg2V2O8,False
30314,YInAg2,False
31994,LuSnRh2,False
45827,SrLiAlF6,True
9196,VGeAs,False
36720,LiTm2Au,False
38018,Li8TiMn3O12,False
6471,SrMg3,False
45145,Nb3Si,False
17558,ZrPbN2,False
11651,Li2BeNi,False
32364,Pm2SnAu,False
13220,Mg6SiNi,True
34986,TeMo2Se2S,False
38471,Na3AuO2,False
3501,LuC2,False
41484,TlBiP2S7,False
17331,Ti3Te2Se2,False
45162,SmTiGe,False
51980,LuAl8Cu4,False
13397,NaMg2Be,True
39031,Li2Mn3FeO8,False
9263,BeHgRu2,False
36678,Li3Mg,False
38364,K3BiO3,False
7990,MnBeSb,False
34542,BeO,True
31592,LiAg3,False
352,Ba4TaBe,False
3807,AsS3Cl3F6,False
35250,HoLuAg2,False
39507,TiSnO4,False
33553,TiPtPb,False
15046,Li2CuSnO4,False
6122,BaAl2Si2,False
5122,Ba4CdRu,False
17450,H8PbC6O4,False
21516,GaHO2,False
39969,CdPt3O6,False
38823,BiPbClO2,False
3177,V2PO5,False
34237,CaPmPd2,False
7025,Be2CdBr,False
34634,YZr,False
48741,GaAgSe,False
54433,SmSn7,False
17106,ThGe2Pd2,False
26439,KCrF3,False
47673,K2InSbCl6,True
2932,TlMo6O17,False
37241,NaCu3,True
28127,V3Re,False
36869,VI3,False
43201,Ca2SnS4,False
15705,LiMnP,False
54414,AsP3,False
49467,LiCeSi2,False
13580,MnGe2,False
52902,HfBrN,False
53797,Sr3WO6,False
35391,Zr2TcPd,False
33419,TeMoWSe2S,False
40161,As3H5O10,False
53682,Na2MnPHO3F4,False
40327,NbO2F,False
19913,Rb2NaTaBr6,False
47085,Te4Mo3S2,False
14709,Bi10Mo3O24,False
3111,SrHg3,True
38026,Mg2CoO4,False
18803,LaB2Ir2C,False
51017,AsRhS,False
43959,P4PtF12,False
9694,BeSn2Ge,False
28995,KFe,False
5815,YZrBe,False
28304,FeS,False
42781,Ti2ZnS4,False
1107,Tb2B2C3,False
44710,NaOsO3,False
38318,CrO2,False
16089,Ho2ZnGa,False
15792,AlGaCo2,False
15872,Tb3Hg,False
51369,Sr3PrMn4O12,False
20593,Ca2CoO3,False
14607,Zn2FeS3,False
967,ThC2,False
51642,PBr2,False
3698,BaNaLi2,False
54098,K2Fe4O7,False
26750,Te4Mo3WSe4,False
6427,Te4Mo2WSe2,False
14800,Na6Fe2C4SO16,False
10052,Mg6CoC,False
38981,Li2Mn3O6,False
47931,CuNO2,False
8472,MgMnBe2,False
19084,Rb2NaSmCl6,True
38751,BiF3,False
52056,IOF2,False
40208,ErSb,False
32120,NbCoP,False
29556,Ho2Ru2O7,False
32434,FeNi,False
28737,Li4UO5,False
8710,Zn2CuAs,True
54257,GeBr,False
3493,SbMo2S2,False
2837,NdIO,False
49311,ZnH6C5O4,False
21244,Y4Cu2O7,False
23163,Ga2Se3,False
35085,YbSiAu,False
28456,La5B2N6,False
8536,LiCuS2,False
15558,La2Al2I,False
13488,YCuSi,False
14399,HfMoSe,False
21628,KTmO3,False
19685,ZrTi2Al,False
9514,HgN2Cl2,False
38354,Sr3SiO5,False
42561,Mn2InSnPd4,False
52884,Li7Mn4CoO12,False
10015,CaNdCoO4,False
4282,Mg6FeNi,True
34554,SmFe12,False
35424,SmCdHg2,True
14898,TbK2AuCl6,True
2722,BeTcPb4,False
48481,LiH2,False
31514,Zn2PdRh,False
36056,NaTmO2,False
2379,LiV3O8,False
5394,BaSr2Mg,False
35255,Sr2HgPb,True
47977,RbPdCl,False
31910,Si3Os2,False
54095,KAgTeS3,False
16528,ErScB2O6,False
51334,Sr3Sn2S7,False
41495,Zr6CI12,False
14894,CaAl2Ge2,False
37437,Dy2OsPd,False
17071,Ni3C,False
15303,Rb2NaLuCl6,True
51940,V6O7F5,False
5558,BaGa2Cl,False
1739,Sr3Ga2N4,False
47897,IClO,False
37026,ErLuMg2,False
12333,SiO2,False
27828,MgGa3,False
45653,NdAgAs2,False
11692,NdAs3,False
6449,Li5Fe7O3F13,False
42787,TiCuNi2,False
47716,CdS,False
36037,SmYIr2,False
18876,NbGaCo2,False
40387,LiSnIr2,False
13755,Rb2CuF6,True
21147,LiAgSe,False
6328,YTiBe,False
7715,Sr2BeSn,False
49432,AlGeH,False
52425,LiVP2O7,False
20253,LiMg2Au,True
33403,Er2CuOs,False
4090,Ba4SiOs,False
29151,FeNi3,False
22246,Ta2CdBi,False
29822,BaTl2O4,False
27149,SnBr4,False
16374,GaCuGeSe4,False
29195,Sr2PAu,False
14094,Ca3PN,False
29159,Fe2CuO4,False
43876,LaCe3,False
53246,GaP,False
29269,CoAg3C6N6,False
8651,NaMnO4,False
21650,ThCo2Si2,False
53835,CaGaN,False
11146,HfBe2Ir,False
41167,InN,False
34108,HfGaIr2,False
3380,PNO,False
2767,CeCuSi2,False
13380,Tm2AlNi2,False
11105,CeSbTe,False
21000,NdDyIn2,False
3057,Ag4P2S7,False
46160,Na2FeNiF7,False
24624,HgSeO3,False
48119,Ce2NCl3,False
24562,AgI,False
44796,Cr3Ru,False
29944,HoCd2,False
19971,Nd3Sc,False
53719,RbCuTeS3,False
50002,BPbO2,False
8232,MnBePb2,False
17304,Na2TlHgF6,True
3124,BeCo4Se,False
9764,Li2UMo2O10,False
10498,Na2GaAuF6,True
26766,Rb2Pd,False
8170,Mn2OF3,False
6851,Mg2CoAs,False
34759,NdMgAg2,False
4645,KBaSe,False
21853,AlCuO2,False
44859,Tm2Pd2Pb,False
23786,LiMnSe2,False
31215,MnSe2O5,False
23687,NiH2SO5,False
3600,RbNa2AuO2,False
50661,BaAlF,False
17444,SnBi,False
598,ZrNiP2,False
14892,PaTi3,False
29702,NaLiO,False
13266,BeTlHg2,True
20207,TeMoWS3,False
27227,MgPa3,False
7909,LiFeSnO4,False
9640,KBe2Bi,False
35736,ReH3,False
45455,Fe3S4,False
24407,W2C,False
24650,Na4SnO4,False
38923,MgMoH2O5,False
45357,Tb2IrAu,False
29158,LiCaTl2,False
45215,Nd2MgNi2,False
24861,GeAs3,False
24365,MgGeO3,False
34525,B2O3,False
14734,Ca4Fe9O17,False
15141,ErMnNi4,False
5852,BeCoGe2,False
49686,CdH8C6O4,False
24481,BaMnAlCuO5,False
38129,Li5V4O8,False
48348,InH,False
51916,MnOF,False
30919,NaLi2N,False
14525,K2NdAgF6,True
50321,Li3MnV3O8,False
23963,Pd3Pb2S2,False
29467,RbSr2Nb3O10,False
31748,Sr2CdPb,True
17829,InSb,False
4361,Ba4GaIr,False
17194,Na2CeF6,True
44240,ZrTiCu,False
48087,TlMoF4,False
5079,Ba4MoW,False
49815,Dy4MgNi,False
46887,Cu2Te2Cl2O5,False
51795,TaNF,False
6864,Be2ReGe,False
19976,MnHO2,False
38326,ThCdAg2,False
23593,BaMnO3,False
54380,MnVP2O8,False
50970,Ba2TaCoO6,False
21446,LiLuGe,False
17132,SrErO3,False
9680,MgCd2,False
36860,MnO2,False
42095,TiOF,False
2677,PuTe2,False
11112,BeRhBr2,False
54468,NdP3,False
13923,Ta3Pt,False
8353,ReAsCl,False
12465,Be2IrRu,False
6049,Sc3OsC4,False
11438,Nd2Bi,False
2088,Be2ZnGe,False
50330,Yb3P6Pd20,False
12632,Ce2SeN2,False
6035,Yb5Al2Sb6,False
46072,MnZnO2,False
37848,NpCdAu2,False
42840,Na2LiBiI6,True
40865,LuPd,False
3865,MgSiO3,False
32660,LiGeIr2,False
25676,Li3Cu3P2O8,False
48840,CaZrO,False
1617,UPt3,False
49841,TlPS,False
37796,BaWN3,False
24411,CaSnF4,True
42184,LiAgF2,False
11699,LiCu3O3,False
27341,PbS,False
43722,Na2P2PbO7,False
11460,BeTl2Sn,False
48147,Lu2MgS4,False
4575,BaScSb,False
30426,CaNi2O5,False
2783,CuSe,False
29019,CaNiO2,False
14097,USb2Au,False
6565,Mg3Pt,False
15154,SiNi,False
34125,SmAg3,False
1632,KBa4Ir,False
53487,LiNbSe2,False
35307,YHoRu2,False
23212,NiC2S2N2,False
21077,Hf2TcIr,False
39079,Fe5O4F8,False
27097,LaInAg2,False
45816,KSnPCO7,False
8622,BeTc2Ni,False
38328,BaSO3,False
52878,SrNCl,False
938,TbSi2Pd2,False
7919,Bi3O4F,False
2442,BeNiIr4,False
31083,KIn6Au4,True
42467,LiCrO2,False
42153,CeSi2,False
35052,TeMo2Se2S,False
28894,SrMg,False
53571,Rb2CdBr,True
25946,V4O3F5,False
6011,FeOF,False
41209,Zn2Cr3O8,False
34580,Sm3CuSiS7,False
50113,H6C6O,False
17281,SrMgO3,False
33986,Pm2S3,False
16347,Mn2GaRh,False
16575,RbMnF3,False
6504,Pr4Fe3B6,False
10083,K2PdC2,False
52178,TaO2F,False
15536,CeYAl4,False
27276,BiSe,False
48675,BaAgO,False
20586,Rb2NaTaI6,False
13799,SiSbPt5,False
17824,K2NaCeCl6,True
28452,TeMoWSeS2,False
48522,Li2Se,False
24932,ZnMoF6,False
23498,KAg2AsO4,False
48822,CaCdO,True
34326,ScAsO3,False
5948,ScBeV2,False
24114,Si3Ru2,False
8706,BeSb2Ru,False
8523,BaNi9P5,False
12081,TmSi2Pt2,False
148,Li4VCr3O8,False
50818,SrPtO2,False
52860,ScNCl,False
33734,TaTiOs2,False
4850,Mn3O2F4,False
12338,GeH4,False
32003,AlH3O3,False
9795,Be2VNi,False
24761,CdP4,False
49510,ZnH20C12O4,False
31852,PmGeAu2,False
4203,Mg3Al,False
23949,TlPd3,False
29079,SrCaGe,True
41780,Li2Mn2NiO6,False
6835,MgBr2N6,False
53069,HfTiO4,False
31293,MnTl2SnTe4,False
41208,CaSnO2,False
38982,PuH3,False
15352,CuNiO2,False
18444,YZnCuP2,False
16325,NdFeGe,False
13503,Ho5Si4,False
28268,YCuSe2,False
28584,Na3AgS2,False
5249,Ba4SbOs,False
36304,CoH2SeO5,False
45894,Al2Cu,False
7655,AsPdSe,False
23008,LiFeO2,False
28740,Yb2PrDyS6,False
45377,Na3YCl6,False
47459,YZnSi,False
10716,Be2RhSe,False
22619,NiCl2O8,False
8830,LiSc2Be,False
36078,MgCoO2,False
9268,LaBeGa,False
13148,Mn2BeRh,False
1544,ZrBeBi4,False
21302,Ca3Tl,False
22155,Sc2AlSi2,False
31496,MnGaPt2,False
34191,CeSi2,False
23316,TiS2,False
24055,Ba5Nb4O15,False
8420,AsOs2Cl,False
13507,LaAl2,False
40860,CaMo2O4,False
13510,LuNiSb,False
24868,YbH3O3,False
12816,Mg6CrCd,False
11610,Ta4FeS8,False
64,Ba4NbBi,False
36921,LaMgHg2,True
31190,ReC2,False
29424,FeS2,False
16395,NaBr,True
6848,Be2SnPt,False
17204,TbAl3Cu2,False
43650,LiAgF4,False
35311,PrFeGe2,False
3990,BaZrPb,False
31846,Ce2Fe2Si2C,False
22686,OsPtCl2,False
31841,PmPd3,False
15960,NdPPd,False
27707,Ba2AgBi,False
32632,PmInAg2,False
31892,ErMn12,False
39460,MgMn2O4,False
24569,SiB6,False
43250,MnFeP2,False
34954,GaPt3,False
40370,MgTiO3,False
33960,Al6Tc,False
37114,HgBi3,False
3172,LaCO3F,False
11036,LiBe2Zn,False
44124,Y3Th,False
24670,PrTe3,False
50140,TmMgPd,False
48271,Li4MnCo2O7,False
30066,SiHgO3,False
29377,ZrCoF6,False
34655,SmHgAu2,False
46772,RbNiCl3,True
44152,AlCr4GaC2,False
7006,TaAsOs2,False
21981,Sc2ZnHg,False
11306,ScBePb2,False
26173,TlC,False
42169,K3CoF6,True
22026,CaCrGe2O6,False
7139,CeP2,False
31736,Nb2Cd2O7,False
42466,Al3Pb5F19,False
49979,LiBiB,False
31003,ThBr4,False
53282,TeMoI,False
48066,UAs2,False
30742,MoW2S6,False
20368,K2BiAuBr6,True
32586,LiBeB,False
3783,Ba5Co5O14,False
51143,BaSnS2,False
46012,PrCo4B4,False
32544,CaNdHg2,True
53162,SbOF,False
5757,BaZnP2,False
51318,Tb2S3,False
25697,Ba2NiMoO6,False
34106,CeSi2Ir3,False
30016,ScC,False
38810,Sr2CaMoO6,False
5007,Na2SnH6O6,False
12903,Mg3HgAu2,True
38722,TcH4NO4,False
13228,LaCo2P2,False
11527,BeNiBr2,False
47642,Ti3FeS6,False
5842,PuZn2,False
7147,CaTiBe2,False
46625,SnO2,False
47264,Th3Pb,False
18643,Ce2InAu2,False
18716,H3C5N,False
26884,TmCd2,False
563,MnGaFeCo,False
48224,ZnPS4,False
9668,SbAsOs,False
32478,NdGeBO5,False
19528,H3Pd4,False
40946,Ni3Se2,False
42406,SmB2Rh2C,False
7244,VGe3,False
46758,Cu3BiS3,False
43495,RbMgPO4,False
35177,La3Al,False
38592,NiBi,False
31859,FeCoGe,False
43135,CdI2,False
18382,CoBi2O6,False
33158,MgB2C2,False
1636,HoGeAu,False
25720,CeCo2Ge2,False
921,AuSeCl7,False
8009,Ce3SiPt5,False
29748,VGe2O6,False
13285,Hg3Pt,False
10976,TiBeFe2,False
35443,Yb3In,True
40065,Cu4Si2NiS7,False
28055,Er2CuO4,False
53441,MgSnO,False
44236,Zn2CuNi,True
1852,Ti4MnBi2,False
28988,Te2Au,False
2003,BeF2,False
52162,SrOF2,False
32973,Pm2CuRh,False
1273,Eu2PI,False
31047,AuBr,False
914,Y3Sn,False
28589,Sr3As2O8,False
20156,Na2CuI2Cl2,True
7204,NiAsPt2,False
36581,H2CSO4,False
1750,Ba4NaTc,False
28726,BaFeF4,True
8848,BeGaCu,False
36013,LiMg,False
32179,PmSn3,False
31409,CaBe13,False
18316,ScHO2,False
50580,CaGeO,False
21578,Fe6O11F,False
5145,Be2GePd,False
3874,Ba2CrBi,False
2740,NaH2CSO4F3,False
21131,ZrH,False
43891,TiTl3,False
52067,Li4MnCo2O7,False
22685,BaSiO3,False
26816,Be2Fe,False
23800,HoSi2Ir2,False
32248,Yb2MnS4,False
54171,Er5Ga2As,False
15263,ThSn3,False
49297,YGeS,False
26928,DyYAl2,False
17850,Sr2MgIn,True
20599,Sr2ZnAs2,False
42623,CaNb2O4,False
31419,Er3Ni7B2,False
52776,CaMn2Cu3Ru2O12,False
4944,BaLiBi2,False
47151,LiCu3O3,False
24623,SbTeI,False
25245,Dy2Tc2O7,False
13049,Mn2BePt,False
18138,CrO2,False
27771,LiPm2Os,False
13395,LaCo2As2,False
28912,YbNbO4,False
11829,HfMg6Mo,False
22114,FeCuPt2,False
47145,SnTe2Pb,False
54575,HSe2,False
52246,GeP,False
28407,LiAg,False
29073,MnO2,False
44370,UAl3,False
42702,SnTePbSe,False
31645,LiTmTl2,False
52045,La5BPb3,False
12132,BeVP2,False
51858,Cd2In,False
49316,CdH10C7O4,False
29124,Ba3Ti3O8,False
42162,MoO3,False
17189,K2AlAuBr6,True
6249,Be2ZnGe,False
33839,AlVPt,False
42699,MgSb4O8,False
50469,BaSrMgSi2O7,False
10835,YSi2Ir2,False
50242,YbZnIn,True
3271,BeVGa4,False
22079,LaCeSi4Pd4,False
31610,ErCl2,True
52731,Cr2B3Os,False
50149,Ba4CeMn3O12,False
32945,ScZn2Ag,True
13703,SrMg,False
48437,Nd2Co19Si3,False
29736,LiMgP,False
39357,La5C2I9,False
12357,Li2Tl,False
13932,LuCdPt2,False
12735,H10C3NClO,False
50170,Na3CoO3,False
35723,KErO3,False
41751,La3Ga5SnO14,False
31187,Sr2SmTaCu2O8,False
49268,SnH14C8O4,False
21128,CaInAg2,True
34275,Y2RuRh,False
31399,NaPr2IrO6,False
43030,CoHO2,False
2768,KIn9Ni2,True
7081,DyNiSb2,False
10385,TiSi2,False
37539,Sc2MnGe,False
21897,In4Bi2S9,False
31716,Th2S3,False
44537,Na2HF4,True
28349,CoO,False
40376,Nb2RuW,False
9057,MnB2,False
2378,K2Al2B2O7,False
18227,LaLuIn2,False
16368,Yb3Ba,False
53024,TlGeCl3,False
35940,AlPt,False
37492,Li2VH2OF5,False
13469,KVO3,False
21926,Sc2AgPt,False
12927,Li4NO,False
31507,Sr2InPd2,False
35833,SrMg5,False
53362,NaAlTe,False
31966,LuMgZn2,True
46103,LiNbNiO4,False
13958,LiNO3,False
23925,Mn4ZnO8,False
14905,YCd,False
51210,Fe4Te3S,False
6178,Ba3Nb6Si4O26,False
39619,Ce2Ni2Sn,False
10540,BeInP,False
29267,NbAlO4,False
12822,VS2,False
29596,CaMnF5,False
50420,Tm3Ga5Ni,False
44834,LiYF4,False
34249,NdGeO3,False
48153,Ho3Pt4,False
51323,LiVCdF6,True
6821,Na2CoO3,False
48111,NaMgO,True
40335,Pu2SO2,False
28076,LiCr2S4,False
50361,Co2CuN2,False
19622,HfTiC2,False
8547,LiLaBi2,False
31741,Nd2NiIr,False
9521,NaBe2Fe,False
38837,TlCdSe2,True
48534,AlCo2S4,False
13520,Te2MoWS2,False
14881,Nb2P3O12,False
3893,TbCrB4,False
2207,NbSe2,False
26561,Sb2Pt2O7,False
41700,Ba4TiP,False
50,Ce3Si8Ni2,False
42475,CdBr2,False
26314,CeMg,False
24950,CdBiClO2,False
35474,SmTmMg2,False
47285,Tb3Tm,False
2835,EuMn2P2,False
30555,TeHO3,False
23538,Nd5Si3,False
51344,La3NbGa5O14,False
14624,ErCuPb,False
48512,LiYSe,False
28428,PaNi2Ge,False
25418,DyAlO3,False
19626,Mg2Ni,False
23635,Cu8O,False
24911,CaN6,False
52527,LiAlO,False
4641,BaTa2Se,False
37997,PrRhC2,False
7890,Na2MnBe,False
43034,Sc3Os,False
49496,LaSe,False
27355,TiV2CrO10,False
52817,ErMoClO4,False
21225,RbAu3Se2,False
44576,Li2ZnCu3,False
1330,Ba4MgTl,True
33164,HfCdCu2,False
3290,HfBeCd,False
8455,BeFeRh2,False
13866,CaHBr,False
54260,GeBr3,False
426,ScPS4,False
14429,Rb2CuSbI6,True
34261,La2AgSn,False
7333,NaBe2Tc,False
29695,NaPd3,False
41638,SrThBr6,False
37619,P2O3,False
6080,Zr5Al3,False
14897,TeW2S3,False
37466,TbAgSe2,False
21448,ErInPt2,False
31894,LuAs,False
19428,TmAl2,False
29080,Y2O3,False
30906,H4CSN2,False
53027,TlGeCl3,False
15477,CePaO4,False
3653,BaAg2Sn2,True
39981,YB6,False
30365,Ca2Al2SiO7,False
11707,ZrBeNb2,False
52788,TaSeN,False
6965,OsN2,False
51564,MgSiO,False
3145,Li5VP2O9,False
18480,Dy3Hg,False
34008,MgGaIr2,False
43806,K3In,False
5205,Tl3BS3,False
7613,CaBeGa,False
21426,Ta2TiW,False
32336,Li3PrBi2,False
40516,TmInNi4,False
43470,CoH2O2,False
16239,Li4MnFe3O8,False
14484,Na2UO4,False
3472,BaLiRh2,False
50154,LiMnF5,False
46500,TlCr5S8,False
31018,UBi2,False
1025,KBaIn,True
33081,LiIO3,False
45947,PrB2ClO4,False
43500,IrN,False
49732,Fe6O7F5,False
23004,YCuF5,True
24075,BaNd2CoO5,False
37633,BaC,False
39871,CePO4,False
4634,BaHf4Cu,False
19782,H4C6SO2,False
36270,AgCO3,False
9313,K4BeOs,False
50926,AlCdCu3Se4,False
26276,CaBe2N2,False
4712,Ba2CrCd,False
8052,KNaB2H8,False
3098,CeTlTe2,False
11209,BeIn2Br,False
15505,ErCu4Pd,False
23685,PrVO4,False
37991,AcI3,True
9188,Mn3OF5,False
23744,Ca3AsN,False
49653,Li3Mn3O3F5,False
44832,Na6Ge2Se7,False
1017,Sm2Fe2O5,False
22938,Yb5Pb3,False
21998,SiO2,False
16152,K5Sb4,False
7188,K3Pd2O4,False
1102,La2CrO6,False
2930,FeO2,False
36364,Mg3Co,False
1119,Ba4CdPt,False
51778,As2I,False
24726,Ca6HfO8,False
4772,UFe2B6,False
37072,FeCl3,False
29793,MgSb2O4,False
18841,YAgGe,False
53099,CaAlO,False
27748,In2O3,False
25627,CaSn2O4,False
12757,BeCo2Ir,False
7774,Li3BN2,False
29920,Li2LaSn,False
22677,KAsO2,False
44357,FeSnN,False
37000,Na3CoO3,False
12770,BeNi2Pb,False
37195,Nb2AlC,False
6530,Hf4CuSi4,False
42540,CaLu2Te4,False
1328,HoSnAu,False
33119,BaMgAg4O8,False
22702,YTi2S4,False
43168,Mn3O4F2,False
21767,ZnNi4O5,False
50796,SnP,False
18933,Sr2ZnN2,False
4799,TeHO3,False
24089,Mg2AgSbO6,False
44595,LiLa2VO6,False
46952,Er5Rh3,False
18475,Ge3Te2Se,False
34159,Tb2Re2Si2C,False
27552,SbOF,False
31747,Mn2NbAl,False
18702,NaCoO2,False
14511,SmSi3Rh,False
2488,BaHf2Ru,False
2503,BePOs,False
21256,Li5Nb2Fe5O12,False
5703,Ba2LiNb,False
21925,Na3Mn4O8,False
35880,HoSb3,False
35946,PrLuMg2,False
43898,NdP2Pt2,False
23245,AlPO4,False
46834,Mo3Pt2N,False
2660,BaZrCu2,False
49218,Fe6O5F7,False
21595,U3H2O10,False
19719,BiTePd,False
25560,Na3SO4F,False
38020,HfCl4,False
36019,Mn3N2,False
8039,BeNi2Ir,False
32178,KPb2,True
3613,ZrTi2O,False
13124,NdAgSn,False
39323,LiMn2F6,False
29271,AlCo2O4,False
7172,TiBe2Ir,False
10882,DyCuPb,False
13551,CdCu2SnTe4,False
582,Cu3P2O8,False
54037,LiTe2,False
15137,Yb3Er,True
13882,Ga3Sb,False
20772,HC,False
1725,Be2FeRu,False
2826,PrNiGe2,False
1726,BeFeCu4,False
1412,MnS,False
6410,NbRh3,False
14011,TbCdNi4,False
42168,NaCoO2,False
2756,MoH,False
10100,MnBe2Pd,False
25103,CaBi2O4,False
12855,VPbO3,False
11458,Mg6VB,False
10182,TiRu,False
45241,Er2Mn2O7,False
33586,TaAlFe2,False
9715,MgTa2Be,False
36639,ScZnPt2,False
52526,Li2CrSi2O6,False
48056,LaH2,False
51152,V2P2O7,False
25148,SbS2,False
39067,Ba9Nd2S12,False
23226,TlTcIr2,False
203,LiFe2O2F3,False
27145,ErMnSi,False
45081,Th7Te12,False
44685,V6SiSn,False
41886,Sr2CaIrO6,False
44874,RbBe2P3O10,False
31272,Tb2CBr,False
9301,HfBeSb2,False
44285,Li2SO4,False
32235,MnZnIr2,False
24149,CuSiO3,False
52808,La2MoO6,False
52601,Cu5Sn2Se7,False
31551,Cd5S4Cl2,True
7417,Te6Br2O11,False
1362,UTe3,False
34641,KTi2F7,False
47189,TbNa2O3,False
36502,Tm2ZnOs,False
27621,Tl4Te3Pb,False
22694,TiCl3,False
3268,Zr6Al16Pt7,False
8030,Sc2BeGa,False
15697,SmSn3,False
44467,BaMo6S8,False
25621,AgO,False
30746,Ti2NiIr,False
39479,TmBrO,False
16057,Li2MgAu,False
25795,CdI2,False
37936,VF4,False
37016,ZrScOs2,False
43780,Pr3In,False
46843,K4Ru2Cl10O,False
994,H5C2NO4,False
29168,Ba2UMnO6,False
45204,BeNi,False
10678,BeGa2Mo,False
1706,Li2ZnSi,False
4554,As4Se3,False
38535,YTh4O10,False
6865,PrCrB4,False
36790,CrPO5,False
49938,La4BrCl3O4,False
12222,BeInBi2,False
17052,Sr2Zn5Si3,False
9001,DyFe2B2,False
42010,Zn4P6N12O,False
50280,TiV4FeO12,False
19396,K2InAgF6,True
26708,ZrCu,False
6693,Y3Al,False
49373,Al5O8,False
6519,BeInHg,False
19665,U2Cu3Si4Ni,False
27102,AcMg,False
47729,Hf3Al,False
22603,LaCoTc2,False
53920,SnHCl,False
42645,Er2V2O7,False
37654,LiCr2O4,False
35407,TbGa,False
31210,YAsPt,False
11156,SmSi3Ir,False
51001,Ca2Ti2SiGeO10,False
33309,TiCoAs,False
21645,LiSiB,False
31801,MgSnPd2,False
15515,Ca3SiBr2,False
17547,VCr3,False
27931,NF,False
44351,Ti3CoS6,False
44051,USb2Au,False
46252,Na3PSO3,False
3734,KBaMn2,False
6127,Be2ZnPd,False
7571,Be2PdPt,False
7505,KBeRh2,False
35431,MgTi3,False
42871,MnCoSi,False
5937,NdInNi2,False
23359,ScAuO2,False
54522,AgSe2,False
42957,MgHg3,False
12869,Mg2Zn,False
46763,Nb3GeS6,False
38961,Dy3TlC,False
19201,H2C5S2O2,False
47588,U2Si3Ni,False
43292,LiMg2Ni,True
4327,Ba2LaV,False
33061,TiMo2S4,False
42361,Pm2NiPd,False
49670,CdH8C6O4,False
40667,UCu2Ge2,False
28084,BaZnP2O7,False
33975,TaTlPt,False
29624,LiCoPO4,False
24127,CuI,False
44523,NaFeSi2O6,False
52290,CaEr2S4,False
20,PdSe8Cl2,False
46609,Nb4CrS8,False
39254,Ag2MoO4,False
4411,SnPbS2,False
44147,MgBe3,False
11446,BeTl2Fe,False
47744,NbW3Se8,False
15992,Rb2RhAuF6,True
54431,SrSnF,False
30791,MgAlPO5,False
41683,LiFe2OF5,False
12445,DyIn5Co,False
50060,BaBiBr2,True
11729,Sc2BeRe,False
48749,H11C13N,False
41489,Ti2AlC,False
37545,Li6PS5Cl,False
26182,BaCN2,False
48883,Cd2F,False
50456,S2N,False
32170,YNiSn,False
25252,Li2Ag3F6,False
39264,MgIn,False
31301,Ho2Mg,False
38652,TlNiO3,False
2394,CrFeBi2O6,False
2281,FeF3,False
7361,Be2SiPt,False
25052,Mn3GeIr,False
17606,KNaSe,False
19761,Li2VOF4,False
28013,TaMn2Ge,False
1912,CoOF,False
16574,SrCaI4,True
618,LiMnPH2O5,False
22847,CuTe2Cl,False
31106,GaBi,False
33474,LiTcO3,False
417,V2Te2O9,False
35096,ZrPbF6,False
39114,Nb2SiTe4,False
36508,Hf2N2O,False
23922,CoAs,False
10767,LiHO,False
3423,Sr3Al2N4,False
51252,Li2VF6,False
48800,Er3ScS6,False
40170,Tl2Te3,False
41820,PdSCl,False
50993,BCN,False
20149,KNbCl6,False
12440,BeCr4W,False
6508,Ho6FeBi2,False
38425,PmI3,True
45679,Nd3Si2S8I,False
17119,KNaMg2F6,True
23557,ZnPdF6,True
31092,Sc2NiPt,False
23606,ErTe3,False
33579,PmAgAu2,False
8236,B2SbAs,False
52114,MnZnF3,False
46605,Sr5Si3,False
23986,Zn2Hg2OF6,True
33813,YbPmPd2,False
12662,ZrBe2Pd,False
6859,MnBe2Bi,False
12694,DyS,False
3862,MgSiH2O4,False
12859,Mn3O2F4,False
13661,Sm2BiO2,False
40944,Li2MgCu2Si4O12,False
17968,ZnCu,False
51478,BaCu4O4,False
52072,Li4MnCo2O7,False
42539,LaFePO,False
53823,Dy5Mo2O12,False
43394,ScAl3C3,False
48047,SrInF2,True
53509,MnSiO2,False
24371,RbSn2Br5,False
12456,Mg6CuMo,False
18460,Yb2ZnHg,True
30505,VN2Cl6O2,False
42123,YNi,False
32929,YAgHg2,True
18837,Ce2Si2NiPt,False
16781,Sr2FeRuO6,False
10612,K3Pd2O4,False
25231,MnO2,False
5396,BaTi2Bi,False
6496,VCrO4,False
16788,Rb2InAuBr6,True
42553,GeTe4Pb3,False
27718,LuGaCu2,True
38208,Li8MnO5F,False
9021,Pt3O4,False
18439,NaCeO2,False
41624,NdFe5,False
28075,LaPt3C,False
18015,FeClO,False
12970,Al4CoB2O10,False
14218,TlFeO3,False
52075,SnIF2,True
33415,Ac2ZnGa,True
1959,K4BeSb,False
41305,Li2VF6,False
15507,DyMn2SiGe,False
25108,BiOF,False
4846,NiRh2Se4,False
14027,CrCoSi2,False
36604,InSb2S4Cl,False
44712,NaSi2Pd3,False
53424,Li4CrF6,False
45464,K2TaF7,False
48571,MgVO3,False
47734,Ta2Zn3O8,False
54375,ZrCuF2,False
23550,KHg2B,False
20058,KNa2RuF6,True
28265,CaF2,False
16020,SmPaO4,False
12085,LiNbVO4,False
39362,Sr2CdWO6,False
23775,NiP2,False
17056,H5C5SNO,False
20515,HgSe,False
24530,BeF2,False
13294,CeMgNi4,False
12724,NbO2,False
40308,SnCl,False
38627,CaCrO2,False
34300,TaGaPt,False
519,K2Ca4Si8O21,False
50141,LiFeBO4,False
42632,FeCl4,False
33417,RbTl2Bi,True
17266,RbPbF3,True
52106,Mn2O3F,False
34664,Dy2C3,False
16649,Mn3Sb,False
23319,SnS,False
993,Cu2OF2,False
35478,Mo3I,False
20163,BiO2,False
52868,Dy2Al,False
20326,Na4HgP2,False
3417,V3B4,False
9968,Be2CrSi,False
39310,Li2MnO2F,False
49858,PbS2,False
21162,PmZnHg2,True
27215,ZnIn3,True
53237,Y5Tl3,False
25368,Li2MnF4,False
48356,LaF3,False
9045,Be2PdW,False
29908,TeWSe,False
35588,TmGa3,True
53181,Fe3Co3Sb2O16,False
36558,AlH4Se2O8,False
36683,LiC12,False
20257,BaSe2,False
23050,SrS2,False
41690,UBN,False
20795,KErO2,False
36564,ZrCdRh2,False
24199,MgMoF6,False
45085,LiLuO3,False
35910,TaAs,False
46488,MgMo2O4,False
13159,SmAsSe,False
24738,Cr2CoO4,False
2875,Y4Fe3B6,False
33208,LiTiAsO5,False
26464,Sr2Ir,False
24432,SrC2,False
35270,Pa3Tl,False
45824,Al2Pd,False
50996,Yb2LiAl,False
47350,BaBiBrO2,False
27081,MnSe,False
14133,KCrF3,False
6125,BeNbZn2,False
54590,Al2O3,False
33256,Li2Cr3TeO8,False
50756,Zr5Sn3As,False
31792,CeSi2Ru,False
34488,PaFe3,False
50391,ZnCN,False
27059,CdO2,False
38066,CoAgO3,False
26294,AgO,False
45749,KHg2SCl3O3,False
44552,CeUO4,False
997,BeFe4Ge,False
10889,BeBiPt,False
3780,HoInCu,False
36241,CdI2,False
30007,ZnCu2O4,False
52477,SrInI,False
45594,U2TeO2,False
19905,KRb2AlCl6,True
40550,TmH3O3,False
43277,Ti2C,False
30219,Na3FeF6,True
8636,MgZnAs,True
11443,Be2CuSe,False
14774,SrCrRh2,False
4896,LiNdSe2,False
875,H4S4N6O,False
43081,Hf3Ta,False
38234,NaVS2,False
19961,K2LiSbF6,True
23898,CSNF5,False
54502,Ga3Rh,False
39248,Li4Cr3Co3Ni2O16,False
21144,Li2AlPt,False
3331,BaCrBr2,False
30408,Li2CoOF3,False
34520,Li2NdTl,False
37867,SNCl,False
48390,LaS,False
13136,AgSbPbS3,False
53221,Li2VF6,False
38024,Sb4Br2O5,False
34753,TeMo2SeS2,False
24621,TiO2,False
41983,YbMn2Si2,False
12985,BeNbMo,False
2646,BeVSi4,False
8663,BaCrF6,False
15730,DyRu3C,False
47870,CdSi2P3,False
24202,Ba2CaWO6,False
53845,Li5Mn2CoO8,False
20273,LiZnCd2,True
20823,Sr2LiN,False
17402,SiTe2Os,False
41670,ScBeBi4,False
25822,TbBaO3,False
23087,BaTiAlCuO5,False
41457,Tb3Nd,False
26083,Li3SbS3,False
10778,YMg,False
14684,LaB2Pd2C,False
20268,Rb2NaTlBr6,True
40172,SnO2,False
38712,LiFePO4,False
18436,Na2InHgBr6,True
21511,FeF3,False
7384,CoOF,False
44954,K2AlF5,False
27525,CeH3,False
38774,YbEr3,False
4183,Ba2InSb,True
22092,SrSc2S4,False
7183,SrLi4P2,False
51368,Cd3In2Se6,False
28960,MgTa2O6,False
44103,Ti3WC4,False
14708,SrEr2O4,False
5991,BeTe2Se,False
30027,Ge2MoO6,False
15042,Y2MgNi2,False
38758,MgTeH12O9,False
6781,Be2InSe,False
42790,Ho3Pd2,False
48463,YBO,False
51312,PrPS,False
996,K2SnO6,False
38541,Li2FeSiO4,False
47487,YCo3Ni2,False
53392,MgCl,False
46162,TbMoClO4,False
22080,KTlO2,False
31170,Te2MoW2Se4,False
16715,U2AsN2,False
27716,Li2ErTl,False
17630,Co2PbN2,False
5391,Ba4MnCr,False
48784,NaHC2,False
4970,CoF3,False
25832,CeMg,False
7459,KBeNb2,False
10949,LiV2OF5,False
35421,CeSnAu,False
17065,Nd2ZnIn,False
39603,Ga3PO7,False
14532,FeB2W2,False
45711,TaNiTe5,False
17452,PuIn,False
33612,ScNiP,False
52590,CoTe2,False
31135,SrSnPt,False
50012,RbBO2,False
12992,Hf2BeW,False
49702,Mn6O11F,False
16441,K3TaCl6,False
31185,V5Si3,False
13583,TaS2,False
25142,BaGaBO3F2,False
35520,Zr3Au,False
19246,ErSi2Pd2,False
10187,BeP2Rh,False
18356,InSn2Te3,False
33135,DyTi2Ga4,False
40349,NaMnAs,False
19060,Pr2Mn3CoGe4,False
45938,HoSi,False
46950,ErGe2Rh2,False
7047,BeSiRh,False
24124,Sn3N4,False
53771,SbAuF,False
35454,TbBa3Ru2O9,False
18342,Pm2AlIn,False
34351,Nd2CdIn,False
51053,VNi2N3,False
45880,RhO2F6,False
52057,Li6Mn3CoO10,False
19621,ThUCu4Si4,False
48815,CoNiSb6,False
6887,KBeTe2,False
44586,YbEr2Se4,False
36300,ScC,False
6189,LiBe2Ge,False
10375,HfBe2V,False
42499,K2InSbI6,True
41031,Pr3SnC,False
18995,Be3Cu,False
16754,DyLuTl2,False
13029,Na4MnO4,False
40672,PbCl2,True
47507,Ba3Nd,False
16484,K3LaCl6,True
6373,Al5Mo,False
38820,SiNi,False
36256,Zr2TiAl,False
38515,ZrH2,False
24742,MnCoO4,False
18308,Li3FeF6,False
3512,Al2O3,False
10922,K2Be2Si,False
39691,Li4FeO3F,False
19360,YbPmCu2,True
47965,RbPbCl3,False
37205,CaB2H8,False
18003,PrDyC4,False
7190,Li2Ti3FeO8,False
1552,Ba4TaHg,False
49614,CdH2C3O4,False
4270,SrYCoO4,False
51668,Li2Ni3SnO8,False
28262,GaBiO3,False
23450,AlCuSe2,False
17042,Sr2LiRh,False
53184,LiVF4,False
12504,BeCo2Sb,False
38637,PrFe2,False
28503,NaVF3,False
39890,Pb7Br2F12,False
19203,K3Cu3P2,False
47846,CaSnS2,False
30493,Rb2PdCl4,True
21914,SrMg3O4,False
12708,CaBe2Fe,False
37775,Mn5Si4O14,False
53930,SrCu9Sn4,True
52640,BaSnCl2,True
47410,K2TlAgI6,True
34176,Er3Al2,False
11383,KTiBe2,False
2312,ErNiGe2,False
32341,ScAl3,False
31344,BC5,False
34588,PrSb3,False
41043,TbFe2Ge2,False
26017,Sr3Fe2Cl2O5,False
45460,Ba2TiOF6,False
28105,LiYS2,False
49913,As3N,False
49682,HgP2Pd2O8,False
11335,LiHf4Be,False
53523,MoNO,False
9533,RbS,False
49583,LiTiP,False
2046,BaCoP2O7,False
34845,NdTe2BrO5,False
20171,DyCu5,True
39256,Al3Cu,False
25861,CdGa2O4,False
12273,Sr2CoBr2O2,False
45220,HfB2,False
2301,Li2MnO2F,False
19503,K2AgAuF6,True
13056,MnBe2Se,False
36726,Li3Cr3FeO8,False
43456,Li2VCr3O8,False
1191,Cs2TeI6,True
6757,Be2MoCl,False
28843,CeCuN2,False
49509,LiV3Zn2O8,False
44317,VMoAs2,False
35981,CeCdAsO,False
31864,NdTlAu2,False
4928,Ba4SbPt,False
50890,K2GaAgI6,True
22666,IrW,False
32955,Mg2PtRh,False
20997,Ti3N2O3,False
26009,LiMnVO4,False
17426,CeAl2Cu3,False
46951,Pr5NiPb3,False
9662,Be2CoRh,False
19858,MnH2O2,False
35770,Rb2Mg,False
27144,Co3B,False
11814,H8C3O2,False
2931,UNiSb2,False
49471,Li3CuN2,False
270,Ba4NiBr,False
16660,LiCe2Os,False
21916,Th2SeN2,False
7553,TaSe2,False
46304,Tb3CuSiS7,False
7486,TaNbAs,False
22088,HPbClO,False
25221,HoB6,False
8641,AsP2W,False
43103,Hg2Sb2O7,False
17273,DyScZn2,False
23440,NpCr2Si2,False
17064,SrCeN2,False
41653,SrMg2N2,False
66,KMoP2O8,False
21666,Nb3Ni,False
31234,Ce3ZrO8,False
26151,TbCd2,False
27439,ZrSe3,False
37461,AlHO2,False
27205,Nd3Pd,False
51781,CuI3,False
41898,Li2BeF4,True
45959,SiO2,False
29969,Rb3GePSe7,False
4298,Sc2MnSn,False
3034,TiNi,False
18223,HC2SNO2,False
16193,YbHo2Se4,False
37897,YAg2,False
46110,Li2Fe3CuO8,False
28798,MgVRu2,False
33624,SmTlCd,True
7165,TaAsSe,False
20400,Rb2LiBiI6,True
22178,VCl2O,False
50981,Ho2FeMoO7,False
27686,TmSi,False
29309,Ti4ZnO9,False
8962,MgBePb,False
31643,NbCrP,False
51594,MnSiO4,False
17673,CrO2,False
35733,AlVNi2,False
37186,MgTi3O7,False
38677,Ba2TaBiO6,False
11642,NaSr2Be,False
14854,Na2PrO3,False
15343,Yb4SmS5,False
23233,CaV2N2,False
19712,NdS2,False
38721,Li4Si2NiO7,False
51197,BaAgSe,False
19449,MnGaCu2Se4,False
17188,TiAlCu2,False
8114,HfMg6Cr,False
46016,HoCu5,True
26640,Ce3Dy,False
13801,ZrP2O7,False
12784,DyMn2Si2,False
39110,Mn2O3F,False
3685,Mg3MnO4,False
16792,PmZr,False
5412,Ba4PW,False
37698,Li2AlFeO4,False
46571,Y2ZnSe4,False
17156,Bi3Te5Pb,False
67,Ba4HgSb,True
15468,Mg5Si6,False
6233,Th2Cu,False
45211,ErNiC2,False
8041,SnAsRu,False
53718,ZrCCl,False
32144,Mn2VSi,False
11015,TaBe2Zn,False
52815,V2CdP2O10,False
38580,SrCaSi,False
240,Ag3O4,False
51848,Ge2C,False
1677,BaSrCl,False
11220,InNi3N,False
25699,CaP2H4O4,False
23269,NbNO,False
27189,ThFe2,False
25698,LiY2Co,False
28163,NaCoO2,False
20935,ThSi2Pd2,False
44946,YbMgAu,True
12999,CaCoO3,False
31543,Al2PdRu,False
24204,CN,False
8539,MnAlTc,False
46579,BaTaS3,False
1207,Mn4BeRe,False
20960,YMgZn,False
26228,Tl4O3,False
50598,Li2TiNiO4,False
40068,Sm2Ti2O7,False
49117,FeSO3,False
48592,BaNa3P2O8,False
52486,LiIN,False
1732,Ba4PtBr,False
11049,YBe2Re,False
44298,Mg4CdAg5,True
27369,ThCd2,True
12988,YNi2P2,False
53412,MgCl,False
7284,HfFe2As,False
18359,Na2LiErCl6,True
30237,PrNi2Sn2,False
44482,NiAsRh,False
32992,PrPbAu,False
5135,Li2CaGeO4,False
17068,Rb3In,True
7072,MgZr3,False
7210,SrS,True
10384,BeCoPt,False
418,V2O3F,False
26785,SbF4,False
41738,Rb2Hf2O5,False
43740,MgGaPt2,False
14123,VH2,False
2176,NdAlCu,False
26581,ZnCo4S8,False
8802,MnBeSe2,False
31069,Ba3BiAs,False
40432,Ho2In,False
5,TbMnSi,False
10370,BeMoRu2,False
50363,La5SbPb3,False
53610,Ir2Pb2O7,False
17431,AgBiPbS3,False
49681,CdH8C6O4,False
53545,NaSi,False
19729,CdAs2,False
46807,Pr2Co2I,False
19019,Na3VO4,False
46261,Th2Cu,False
52673,PrP12Os4,False
28935,SeO2,False
18871,LaNdTl2,False
32943,ScSbRu2,False
15699,RbPaO3,False
21643,Pd2O,False
49896,CdH20C12O4,False
2523,LaGaSe2O,False
10919,RbFeP2O7,False
18823,MnO2,False
40076,Tm2Sn2O7,False
30042,YV2O4,False
42421,FeHO2,False
21084,H7C8NO,False
21994,Sc3TlC,False
9679,BeRuRh2,False
6126,Be2PdRh,False
17173,CaReN2,False
54274,Li5MnCo2O8,False
38463,H4INO4,False
28973,MgZr3,False
37789,Na3Pt,False
30867,VCoSn,False
33475,NdAl,False
14364,Al2ZnSe2S2,False
16236,BaSrTi2O6,False
4667,BaWCl,False
33015,BaCuTe2O7,False
34965,AlFeCo2,False
2273,P2H16N4O7,False
39178,SrZnCl4,True
18770,CaY2O4,False
15430,TiO2,False
38651,MnInCu2,False
40927,MnGaCo2,False
20164,CePrAl4,False
36796,ZrCu2Hg,False
37459,RbCaI3,True
52412,KMg3AlGe3O10F2,False
784,Ba4TiBe,False
47066,Sn3Pt2,False
22683,GaCuTe2,False
24290,As2Pt,False
46483,Na2PSe3,False
30387,AlCo2Si,False
38290,LiMnPO4,False
46671,TiMnH12O6F6,False
47837,RbAgS,False
54477,PmP3,False
39887,NdTaO4,False
14996,Ca3Ga2Ge3O12,False
36140,Li2CuF4,False
29981,YFeO3,False
35942,Ti3Nb,False
2615,TmN,False
13664,SrMg2Bi2,True
51922,RbTeAu,False
29105,TiGe2O6,False
27371,YbErRh2,False
15165,Ac2MgTl,False
40032,Na4B2O5,False
3016,BaCaPb2,True
26398,Yb2KF7,True
35142,Pr2CdPb,False
11286,Be2SiMo,False
15593,FePO4,False
9184,BiPt,False
31277,CrGaP2,False
14455,NdAl2Pt3,False
24729,K2NbAgS4,False
40205,Hf2InC,False
32588,USi2Ir2,False
39276,BiSbO4,False
53662,RbPbBr,True
29722,Ca4SnS6,False
24820,ErAgSe2,False
1314,Ba4HfTe,False
13091,LiCu2O2,False
10575,Ba4ZrGe,False
7653,CaZrBe,False
22585,Nb2CuS4,False
52802,Sr2MnGaO5,False
2718,FeB2O4,False
25442,CuBrO2,False
29885,Ga3Pd7,False
4972,KBaBi,True
36419,MnSbS2Br,False
32850,Bi2SeO2,False
46400,LiMnP2O8,False
49169,LiSO4,False
34428,Nb3Si,False
592,Ba4FeCl,False
40772,NdAgPb,False
35009,LaPt3,False
23367,Li4Mn3NiP4O16,False
23620,CdI2,False
52758,Ba2Pr2Co4O11,False
38508,V2Si2O7,False
13904,TaO2,False
30022,Ba3SbN,False
23483,BaCu2Se2,False
38781,CdAgO2,False
38330,KInGe2O6,False
53023,Sc3Si3Pt,False
31536,LiSn4Ir,False
31468,LiLu2Ir,False
15807,NdCo2Ge2,False
820,LiMnP,False
43307,KCoF3,False
54534,CeSm3,False
33473,TiRe2W,False
27468,AgO,False
17358,Sn2IF2,False
13639,Tb2Nb2O7,False
36232,Ba3Nb2ZnO9,False
3294,Ba2NbTe,False
33024,CuBr,False
38909,MgAl2C2,False
34819,ErAu,False
11856,Mg6NbSb,False
37153,Lu2HgAu,False
13825,UGa3Ni,False
35753,Y3Al3NiGe2,False
5344,CuBi2O4,False
41069,SmMn2Ge2,False
42531,CrHgF6,False
47232,ThCuN2,False
49666,NaRhO2,False
50441,BO,False
10444,CoSe,False
30211,VCo3,False
18911,U2MnAl3,False
50599,CaTiS3,False
7731,KCrO2,False
8174,BeIn2Cl,False
18962,LiLaTl2,False
41027,TmInRh,False
15497,CrGa4,False
33463,CaAcHg2,True
46616,ZnSeO3,False
51743,SiCN,False
4374,BaCa2Y,False
47479,TmCdCu4,True
32559,PmTlRh2,False
2905,Mg2ZnAs2,False
28515,FeO2,False
22859,BiOF,False
16905,CeIrPt,False
53250,BaB2P2,False
16870,YAl3Ni2,False
34186,ScNiP,False
16686,YbPr3,False
10702,Be2CuRh,False
6791,BeFeNi,False
45052,UZn3,False
6651,NiAs,False
23373,Dy2S2O,False
7094,Be2SiPt,False
12666,KHoO2,False
1299,Li2Fe5O5F7,False
3850,BaZnCr2,False
5911,BaF2,False
29995,HfZrO4,False
38492,Li2TiPCO7,False
18838,Na2ScAgF6,True
44639,TiZnF6,True
8984,HfMg6Fe,False
33196,MgSiRh2,False
39434,Al2CuO4,False
9097,KBe2Rh,False
35349,Si3As,False
21093,Li2MnV3O8,False
25267,NbNO,False
44994,TeMoS,False
17005,LuNpRu2,False
30790,Er2IrRh,False
53971,Fe2H4O2F5,False
39472,V3CuO8,False
3622,BaP2Br,False
6556,MgBeRh,False
29470,Bi2O3,False
18816,CdH18C11O4,False
45973,PrAl2Zn2,False
11100,Be2PdRu,False
24638,IClO,False
28594,YbRbS2,False
6166,BaNiMo2,False
20032,NaAlSi,False
21323,NbFeSb,False
35527,TiCoSi,False
22466,NbCoSb,False
43690,ZnCo4S8,False
13940,ErPS4,False
43174,Ag3Br,True
22373,ZnH4C4O4,False
22060,GeBr2F10,True
15373,KPtN,False
37448,AlFe,False
49142,TlMo2Cl7O2,False
22514,YB2,False
49460,InI,False
36424,Al2OsRu,False
22782,CaHoTi2O6,False
29911,HoP,False
36870,Li3MnV3O8,False
19225,Tm3Tl,False
43446,Zr5Co4Ni,False
18104,SmSi2Ru3,False
26105,InBi,False
53794,BaCaBr2,True
46669,SbO2,False
46583,Na3MnAsCO7,False
39325,MgBe2Sb,False
36023,Ca3Al2Ge2,False
45506,Te3Mo2S,False
51232,Li3Mn2P2C2O14,False
7233,TbNi4Au,False
28295,Ca2ZnGa,False
24744,FeSeBr7,False
9685,K3SmCl6,True
6435,NiSnF6,True
53068,Ta6Be15Ni8,False
11119,MnBeFe2,False
19539,GaFe3,False
21498,DyGaO3,False
37053,Mg3Ga,False
26347,SrBe2N2,False
17611,Zr2TcRu,False
24991,InOF,True
34552,SmPPd,False
40828,V2O3F,False
6992,SmBi2Au,False
16524,LiMnTe2,False
28022,SbOF3,False
8891,Li2VO2F,False
8112,K2MgCl4,True
7372,Ni4B3,False
52427,ZnHSe2,False
20243,SnH4C3O6,False
23011,VOF3,False
40102,MgFe4S8,False
27659,UCl6,False
37308,PrB2Ru2,False
32005,Yb5Sb3,False
15073,ZrVMo,False
27882,WSeS,False
29873,Ba2YSn3O8,False
13802,Ho2SiSeO4,False
51623,BaInBr,False
34638,MgTaRh2,False
39133,Li2GaHg,False
7804,BeGa2Bi,False
48594,Ti2ZnN2,False
16594,LiZnAs,False
11670,CeFe2,False
13406,TmFe2O4,False
14629,LiNbGeO5,False
49519,LiB,False
41490,VSnRh2,False
18014,SrLi2In,False
34564,LiYHg2,True
19379,ZrSi,False
26532,V2O3,False
54342,RbSn7,False
50781,Tc3Mo,False
9590,MgNb3,False
54165,Nb5SnSe8,False
16201,SmSi2Ir2,False
37453,YbSm3,False
52038,Pr2Te5,False
11299,SrBe2Tc,False
31882,Yb2Tl,True
12124,ScAgO3,False
53803,CS2,False
19220,TiGaCu2,False
21589,CdHg2,False
8269,SiTc,False
54560,Sm3I,False
15004,Fe3RhN,False
28989,MgFeO2,False
34164,CaThRh2,False
15952,LiAg2Sn,False
49503,ZnH20C12O4,False
1179,Bi2Pd3S2,False
32780,AcGaTe2,False
29367,RbCuO,False
2461,SrSiPd,False
25185,Sr2Pb,True
32426,YbPrAg2,True
17894,LiCr2CoO6,False
46221,FeGeRu2,False
32906,SrBiBrO2,False
14156,EuF3,True
46670,Ba2YCu3O6,False
9601,KBe2Hg,False
50826,GaSb,False
20982,HfZnPd2,False
38992,YH3,False
43639,LiV3O4F2,False
52976,Ca2TaO3,False
33318,Tb3Mn4Ge4,False
29375,MgCr4O9,False
10472,MnAl2Tc,False
39202,VOF3,False
35807,SrTcN3,False
27087,MgAgSb,False
40386,Sm3Np,False
52071,SnIF,True
18304,Rb2AgMoCl6,False
9381,BeRe2Br,False
4721,BaSbMo,False
19497,BaSiAu,False
9410,ScAsPt,False
35455,HoTa3,False
5387,V2WO6,False
41687,Ba4NbCd,False
31465,V3Ir,False
10743,Mg2BeFe,False
44801,Sr2AlGa3,True
26900,NaClO4,False
6247,NaMnBe2,False
17603,DyMg2,False
37869,LiMnSi2O6,False
15864,PrNdIr2,False
39308,PtI6N2,False
32169,Li2MgCl4,True
16208,Er2MgTc,False
23517,TlFe2S2,False
52224,Ca2AlN2,False
9180,MnBeSi,False
38154,PbBr2,True
30497,SiO2,False
16346,Be4FeGe,False
31055,LuMgAu2,False
32275,Li2PrTl,False
36299,YbNdAu2,False
8520,CaBeBr,False
147,Ba4HfCl,False
51553,CaSiBr,False
13087,KFe2S2,False
52872,ScNCl4,False
18314,TeRuPb,False
28462,ZrTiAu2,False
26995,CrAs,False
31189,CaTiGeO5,False
34729,LiAlPd2,False
34400,Li2PdAu,False
36819,Pr2IrAu,False
4441,KBaSe2,False
43093,KPdO3,False
43390,VOF,False
47371,TeMoS,False
47550,Tc3Ge,False
44109,MgCo4S8,False
18177,B2S2O9,False
11011,Sr2BeIr,False
24547,SnTe,False
14858,Ca2IrPtO6,False
12451,ScZnPt,False
17937,ZnH10C7O4,False
29355,Ca2Fe2O5,False
37384,Sm2TlAg,False
22053,AlCl3,False
28745,Rb3MnF7,True
43350,Bi2PbS4,False
49188,HoFe4Ge2,False
42287,K2RbNbF6,True
30151,PrCuPb,False
36291,Li2TiNiO4,False
21756,Li4Mn3Co3Sn2O16,False
51187,BeGeN,False
31131,Ta3PbS6,False
9551,NaH4IO2,False
17927,Zn2Ni3O5,False
24515,TiFe6Ge6,False
21939,LuTiO3,False
6608,LiBeTl2,False
8998,SrMgBe,False
30369,Rb2In3,True
13936,Na3Bi,True
27775,SiSe2,False
44684,MnPd3,False
5934,BaCd2Se,False
9383,Mg6AlCr,False
45301,Ba2TlSn2O7,False
3662,TlV5Se8,False
2184,Mn6O7F5,False
46833,Pr2B3Cl,False
52877,HBrN,False
8107,TaZnAs,False
13015,MnNiP2O8,False
21059,DySiOs2C,False
37430,Ac3Sc,False
38623,Mn4NiO8,False
18758,GaSb3,False
46178,SrNi4Sn2,False
42874,LiGaCl4,True
9864,CuSi2As,False
11793,LiTiBe,False
16386,Dy2Ga3Ni,False
21637,Li3Cu4O4,False
22785,NaSe,False
27814,InAgO2,False
6182,PrGeAu,False
21172,Ho2OsRh,False
36377,Sr2YTlSn2O7,False
14836,RbF2,False
40238,MnSbPt,False
13425,Ba2Sb,False
3489,BaMg6W,False
31048,Tb2Si5Rh3,False
26993,MoSe2,False
52248,V2AgN3,False
48215,RbGeSe,False
523,Ba4MgSc,False
2820,Sc3RhC4,False
11511,ZrBeGa2,False
41520,CaTi8S16,False
16006,TbGaAu2,False
30615,IrF4,False
39900,PrInCu2,False
27294,YbMgIn2,True
38813,Li2AlCoO4,False
44221,Pm2CuAu,False
8339,Rb2MnS2,False
41855,HfTe2,False
11498,Be2GeBr,False
11473,BeIn2Cu,False
47089,Tl7Sb2,True
599,LiCuF4,False
27503,HfTiRh2,False
26869,K4SrU3O12,False
11795,Ca2BePt,False
30917,HoGa,False
14172,USi2Pt2,False
25776,CaFeO3,False
2233,Mg4TiBe,False
20274,BaSrO2,False
35084,LiCd2Ag,True
2509,Na5CoSO2,False
44188,RbU2SbS8,False
28955,Sr2PdPt,False
5918,TiBe2Sn,False
18492,NdFeCoSi2,False
41480,RbMnAs,False
15054,CaCrF6,False
26654,PuO2,False
49897,NaLiAs,False
25427,W2Se3S,False
44618,DyYAg2,False
46897,Lu2S3,False
11415,CaMg,False
34732,ZrSnPd,False
15795,SrCa3,False
28984,CdAgAu2,False
42146,CeGe2Ru2,False
21670,SmScSi,False
6868,Be2TlBr,False
2390,Ba4Tl2Cu2HgO10,False
6654,BeCdCl2,False
24760,CaTi2N2,False
35457,Er2ZnAu,False
42428,Li2Fe3O3F5,False
11664,K2CuAs,True
40049,TbTiGe,False
25506,SbCl5,False
3876,BaLiZr2F11,False
44752,NaPr2Se3,False
5099,CeGaPd2,False
823,TlCuHSeO5,False
47267,Ba3Sm,False
3998,Ba4NbCo,False
18486,ZrIr2,False
14665,SmSiPt,False
14912,BaIn4,True
477,Ba4SnPd,False
3746,Na5H29I2O24,False
53290,RbIN,False
11159,Be2PPd,False
15026,Li2V3FeO8,False
52443,Mn2C3N6,False
16040,TbZr3,False
24288,FeH6SO6,False
31813,Sc2GaRu,False
46882,HfZrO4,False
53010,Er6Al7Cu16,False
12804,MnCr2S4,False
10634,BeCrCd2,False
32881,CeBiAu2,False
44287,LiAlFeO4,False
23666,Sm2TeO6,False
46177,DyMnGe,False
22897,AgBiS2,False
11710,Ti2Se,False
16584,NaFeAs,False
6105,CN2,False
54332,U3Ir,False
42584,Li2YAl,False
6032,Be2VCo,False
44440,MgBi,False
9717,Zn3Ag,True
26873,CePd2,False
44078,Li2MnNiO4,False
3096,K4Nb11Al2O20F,False
17928,In2Bi,False
51799,TaNF2,False
50054,Mn2Te3O8,False
33767,Pu2InRh2,False
43571,Ir3Os,False
3304,LaGaO3,False
21449,ThMg2,False
4886,Ba4MoPt,False
24711,GaSe,False
12329,W3O,False
30524,Te2MoWS2,False
24904,TbBa2SbO6,False
37211,CuH2O2,False
29904,FeB2,False
13338,Be2TcPt,False
36442,YCrO4,False
3473,BeVRu4,False
47896,CrHF4,False
6063,TiBe2Hg,False
13707,Li2MgMn3O8,False
52721,CoMo,False
28207,SrLi2Tl,False
16437,CoSI,False
1023,Ba4VGe,False
27490,Nb7B6C3,False
1462,Ba4HfGa,False
30915,V2FeS4,False
1640,MnPSe3,False
11135,NaHfBe,False
38725,YbAcCd2,True
21065,H10C15S2,False
11090,BeSbSe,False
19904,MgH6C5O4,False
19511,La2MgAl,False
26305,RhC,False
11416,BeCd2Fe,False
14262,NbAlNi2,False
25261,Te3Pt2,False
14762,RbNa3Li12Si4O16,False
53125,Ga2P,False
3878,CaAu,True
49637,BaThO3,False
16326,SmNiBi,False
52487,BaBO,False
1575,DySiCu,False
47195,Y2Ga3Ni,False
51612,BaBiBr2,False
10250,ZnSb2,False
32735,PmTl3,True
543,Mg3P2H16O16,False
48052,TlInF,True
49535,ZrH6C5O4,False
37278,Pr2CdAg,False
8201,BeRe2Pb,False
40048,MnFe2O4,False
42442,KBa4Mo,False
33614,Zn3Pt,True
41236,V2Cu3H6O11,False
29866,Zn3P2,False
22324,Sb2S2O,False
28670,LaTlZn,True
34279,GeBO3,False
52256,YbGe2Pd,False
25373,LiAg3O2,False
3758,NdCd,False
48465,Ce2Al2PdPt,False
36353,RbMg3,False
2723,BaTi2P4O14,False
14215,NdAs,False
40035,Co3W,False
42405,CaCO3,False
18597,Al2Te3,False
44621,MnRh2O4,False
17886,PdPb4Au,False
12742,MnBe2Cl,False
25159,Na5Zr2F13,False
3113,RbLaSiC4N8,False
2799,ZrIr,False
46901,Ag3SnP7,False
46516,Sr2MgReO6,False
23467,CrO2,False
33481,LaMgAg2,False
24088,GaGeTe,False
3819,TiBeW,False
43744,TaInS2,False
21358,LiCo2OF3,False
45919,HoS2,False
41977,NbAl3,False
15835,Ni2SnP,False
47290,CeZnCuP2,False
14357,NaZnAs,True
21040,TlFeO2,False
27570,Ho3Sb,False
53093,Nd4MgPt,False
27480,Mg2Mn2O5,False
5357,ZrBePd,False
49029,CrHF4,False
50264,PbBrCl,False
31693,ErSb,False
44769,NdO3,False
17686,Li3RhF6,False
7396,Be2WBr,False
19663,YGe2Rh2,False
3776,Li4MnBe,False
40225,TeO2,False
32475,HoSb2,False
7381,Be2NbMo,False
35523,Cu3N,False
29465,Mg3As2,False
27518,CoGe2,False
14315,BaNaFe4As4,False
35709,BaCd2,False
14223,MgAl2,False
37729,Mn6O7F5,False
51416,LiVOF3,False
3032,PrScGe,False
26484,CaCuS2,False
47049,Sr3InP3,False
38446,Li7Mn5O12,False
34587,FeHO2,False
29961,ZnH2O2,False
12579,NaBeBr2,False
42375,SrAcAu2,False
20648,H4C2O,False
23802,LiBiS2,False
13928,LiVS2,False
16294,Ca4P2O,False
42739,Li2MnFeB2O6,False
9779,TiBe2Re,False
45092,NdAl3Pd2,False
30854,SrHgPb,False
53309,MgRuN2,False
22840,Dy2Fe2Si2C,False
44281,SrGe2Au2,False
17069,NdMnSi2,False
15748,H4CN5Cl,False
3696,BaPSe4,False
34000,NdHo3,False
28611,Zr2AgPdF11,False
12026,LaTaBe2,False
32468,YbPaRu2,False
49924,Na3HoTi2Nb2O12,False
9239,BeSb2Cl,False
28934,MgGa,False
8128,ZrCoF6,False
10345,BeSb2Pt,False
33387,Ac2ZnGe,False
21674,Hg2GeSe4,False
15396,Y2GaAg,False
14057,PrHo,False
40656,TmMgIn,True
19551,TbNi2B2C,False
1436,LaNi2,False
31241,Fe2B,False
25566,NaHO,False
38689,NiH2SeO5,False
21268,H12PbC8O4,False
23942,LiMn2O4,False
9079,Be2AsCl,False
39394,RbHO,False
43834,IrN2,False
34182,HfZnAu2,False
6237,MgBr2O6,False
50977,DyTmHg2,True
12607,Be2InRh,False
53767,YCN,False
45079,P3Rh,False
26940,LiOs2W,False
44511,BaAuO3,False
47383,TiFe3O6,False
35441,PrHo3,False
38434,ThPbAu2,False
10425,Sc2BeBr,False
10974,BeSnSb,False
23428,CeAl3Ni2,False
35826,Nd2ZnAg,False
34803,ScAlAu2,False
26059,NaLi2AsO4,False
25358,Zr2Np,False
5985,CrAsRh,False
38288,LiMn2OF3,False
46505,LuAlSi,False
51835,CaTiO3,False
31273,YSiRh,False
41518,V3Pd,False
7126,BiBAs,False
17997,K2TlAuCl6,True
544,Ba4MgP,False
15030,TaP4S6Cl5,False
39410,CaTiO3,False
33811,Ba2CaTeO6,False
26726,LuSnPd2,False
34667,UAl2,False
40237,PrMnGe,False
29813,BaTlCuO4,False
47299,Ce2MnSe2O2,False
43294,KCr4O8,False
47276,Ca3Y,False
16789,TaGe2,False
43473,Pr2Te2O7,False
552,Ba4TaCu,False
3202,TbNiC2,False
49195,Li3Fe3NiO8,False
24903,SbKr3F11,True
34169,K3Tl,False
52962,NaInF,True
49831,SrPS3,False
14180,Ca3AsCl3,True
8218,Zn2AsIr,False
49100,RbScS2O8,False
34434,RbCa3,False
49116,H9C12NO,False
5580,Ba4VPt,False
11477,Be2CuSn,False
21185,H7C9S2N,False
12269,BePbCl2,False
24591,Ba2UCoO6,False
30459,CaGeO3,False
15391,Sm2InPd2,False
52322,H3Pb2I,False
8461,NiAsPd,False
23850,LiErSe2,False
12650,LuTaO4,False
35738,CoAs,False
146,HfSnRh,False
22440,NaMnSe2,False
40470,Mn3O4F2,False
38144,DyGe,False
48352,B2Br,False
50174,WO2F2,False
7695,BeTlAs,False
31101,KAlTe2,False
31773,TbTe2,False
12956,CaMg6V,False
9955,CaBe2Tl,False
18749,HoPu3,False
38834,Li5Co5Sn2O12,False
30674,ScPd3C,False
4723,MgBeAl4O8,False
253,ThN,False
54526,Sm3Be,False
44070,Yb11Sb10,False
49147,Nb3Se5Br7,False
38427,TaHO3,False
51510,NaAlSe,False
13263,ScN,False
26187,BaNa2,True
50808,YMnO4,False
26645,Al2O3,False
29388,KNaSO4,False
466,Y6N2O5,False
51221,ScBeSn,False
28438,MnCo,False
27907,TbGaO3,False
41139,AgAsO3,False
39032,MnZnSiO5,False
2123,LiScP2O7,False
48220,LiHO,False
5828,BaTlSn,False
4814,Ba2SbMo,False
28926,Ba2AlCu3O8,False
33323,LiGaPt2,False
33688,ErAl3Ni2,False
10859,K2RbAuF6,True
14128,ThGeS,False
38155,Li6VCoP2C2O14,False
32261,Na2TlBi,True
29697,Tm6ReO12,False
54587,Te2H2O3F4,False
30194,Na3NiO3,False
43153,Li3Cu3TeO8,False
26939,CoF3,False
46525,Ta9Ni2S6,False
42532,PrAgGe,False
36822,Sn3B,False
18459,ZrGeN2,False
2627,Ti2FeP2O10,False
30665,SiO2,False
28701,NaHF2,False
16348,MnF3,False
34211,Ta5Si3,False
17911,FeCoSn4,False
3425,MnZn3,False
46223,HgS,False
18616,Rb2AgBiF6,True
38473,LiAlSe2,False
28439,K2RbAs,True
40968,FeSi2,False
36135,AlH3O3,False
52925,Y3MnAu5,False
47022,Yb5Ag3,True
26442,HfNiSn,False
50328,Li6Mn5SbO12,False
27805,Na2CdSnS4,False
18239,Rb3SbF6,False
48106,Sm2VFeO6,False
3022,MoPRu,False
348,Rb2O,False
48874,Dy2MgSe4,False
32684,PmYMg2,False
44328,BaBeF4,True
27901,Li2GaAg,False
37661,Ti2CoSi,False
8718,Be12Nb,False
10963,Be2PdW,False
12096,In2Co3S2,False
1502,Ba4GaBi,False
30891,ReH8N2Cl6,False
34681,PmBi3,False
8716,Mg6CdMo,True
8011,FeCu3S4,False
9403,Fe3NiN,False
22277,LiSbSe2,False
18464,TmPd2Pb,False
29001,HoMo6S8,False
12665,Cu2SeO4,False
38818,UNCl,False
24953,ZnGeAs2,False
33604,Rb2NpO4,False
54193,B2Se,False
46458,SrPr2S4,False
11977,K2IrAuF6,False
39659,TeMoWSe3,False
39300,AgBiO2,False
51467,BiOF,False
32474,CeAl3Pt2,False
49374,AlGaO4,False
40861,TiCo2Sn,False
48700,BaAgS,False
48638,BeCdSb,False
31160,SrPIr,False
11373,KBe2W,False
10141,K2NaNdCl6,True
38422,K4Zr5O12,False
11137,K2TaBe,False
44213,MgAg2O4,False
1488,CoOF,False
11584,BeZnHg4,True
13405,MoRh3,False
6394,BeGeW2,False
29349,InCuP2Se6,False
47574,U3P2Se,False
45787,Zn2AgSbO6,False
52670,Li2OsO6,False
49129,SnH12C7O4,False
44726,Zn2BiSbO6,False
15550,TiAlFe2,False
4150,Ba4FeP,False
8469,ZrIN,False
20173,SmCo4Cu,False
23586,Ga2HgO4,False
49322,MgPH,False
42233,Zr4FeCo,False
50935,AcSnHg2,True
18210,Zr2TcNi,False
50825,Mn2P12W,False
3700,K5LiGe2O7,False
30752,CrFe2Sn,False
17169,MgReO4,False
49557,ZrH8C6O4,False
27101,Na3Tl,False
2050,Zr2P2O9,False
29659,LiV2O3F,False
28032,LaSe2,False
53247,Ba2BO3,False
1239,Li2ZnGe,False
24855,Tl2Pt2O7,False
19815,SmMn2Ni3,False
35569,NpInRh2,False
49405,SbIO,False
20717,Ca2CuS2O2,False
27660,CaMg,False
25416,CaGe2O5,False
34430,Ti2CoS4,False
38929,TiGaFeCo,False
38972,LaC2,False
24862,BaIn2Te4,False
6016,Li2NbF6,False
48381,LaS,False
25805,Nb10C7,False
40653,Mg3ReH7,False
761,Ba4MoSe,False
48114,NaMgO,False
8646,CaMg6Mn,True
35986,Tb2Mo2O7,False
44235,SrBi2Pd2,False
40877,UTl3,False
13176,NpB2,False
23575,HoInRh,False
50780,Bi3Te4Cl5O10,False
8280,GeAsRh2,False
1128,Ba4HfZn,False
17232,Li3TiNi3O8,False
22822,Rb2O,False
26396,Zn2Mo3O8,False
24306,InBF4,False
23281,Ca3AsN,False
53617,NaCaAs,False
33643,Tm2MgAl,False
33344,AlCuAu2,False
39068,Ag3Ge,False
13120,Fe4O7F,False
25595,Pm2O3,False
48286,Hf2Cl,False
3455,K3As,True
19767,LiMg,False
43001,Ca3Ho,False
44073,NaSiO3,False
15715,TmTe,False
28216,Mg2HgPb,True
44237,Ti3N4,False
25303,YbH2,False
20230,H10C5O2,False
40998,MgCr2S5,False
11221,Rb6Si10O23,False
41742,FeOF,False
11364,K2LaBe,False
2908,RbNbGe3O9,False
24805,Ca2SiO4,False
35063,ScTiRu2,False
48586,MoN,False
49975,BeBO,False
52208,Mg3Fe3P4O16,False
24545,CdS,False
36668,LaAs,False
41957,BaPbO3,False
5388,Fe7Co,False
18915,GaNi2Pt,False
16576,SrZr2Nb,False
11253,LiBe2Rh,False
18681,Li3La,False
17768,BeCrO4,False
28292,ThH2,False
6059,YAlPd2,False
31961,Pm2ZnRu,False
28034,MgRh3,False
19405,YbSmAu2,False
38356,PmCl3,False
46855,Ba2ScSbO6,False
35116,HfRh3,False
33265,TaGaRu2,False
2596,TiPt8,False
16724,CeGaCu4,True
25601,VO2,False
48660,Tb2Fe17C2,False
43978,CoAgF3,False
7462,CdAsRu,False
52557,LiZrO3,False
40959,Ce2SbO2,False
43896,SrLaAlO4,False
34163,PuO2,False
29101,SnC,False
49413,K2MoS2O2,False
48887,CdF3,False
48446,LiH2,False
38999,MgCo2O4,False
17137,CoNi3,False
16988,TmTl3,True
2829,ScBeFe4,False
15771,CaFeAsF,False
28189,CuN,False
27934,Lu2IrPd,False
51884,AuF3,False
27765,CaNi4S8,False
45795,K3AuSe2,True
52311,KMnIO6,False
46225,V2Zn3O8,False
16333,CeTh,False
6146,GaAu2,False
2073,Mn3O2F5,False
33409,Ca2ZnRh,False
45965,Ba5Sb3,False
43894,SmPtF7,False
20980,Nb4C3,False
44203,K2SiAs2,False
14908,LiFeSe2O6,False
43150,Ti2ZnO4,False
33574,Pr3AgGeS7,False
41555,Ga2BiS4,False
19423,SrCa,False
41474,ZrNbP,False
14468,HgO,False
26237,DyTe3,False
37767,B2C3N6,False
31342,Cd4SF6,False
20332,Rb2ScAuCl6,False
35265,SmSi2Au2,False
16229,Tb2Al3Pt,False
27262,SnO,False
9980,Ce5Mg,False
40569,LiVCoO4,False
30463,PCl5,False
30393,DyInCo4,False
28184,MgSnPt2,False
28605,AlGaRu2,False
43291,Zr2Co4P3,False
12598,Rb2MnO4,False
5509,Na2Te,True
8061,LaBeP2,False
39180,Li4Mn3F10,False
26635,Sm3In,False
19273,Na2GeF6,False
19995,HfAs,False
54371,TlCuF4,True
17447,ZnCu2SiSe4,False
11779,Sc2BeV,False
13467,Mg6VBi,False
4016,EuAs3,False
52046,Rb2CuSe,True
28333,Ca2CdGa,True
17475,FeO,False
50339,PuUSn6,False
10896,MgBePb2,False
14192,BaSrTl2,True
29230,LuSb,False
37770,CrSiTe3,False
50511,BaTaS3,False
2789,VH10SO10,False
25605,Li2CaTa2O7,False
31893,KLiSO4,False
50076,H11C12O2,False
2430,LiIn2CuSe4,False
10284,WSeS,False
31721,MgSiO3,False
7055,TiSe,False
23780,Na4NpO5,False
30660,Sr3AsN,False
23034,FeCoO4,False
17693,NbZn3,False
10748,BeFe2Re,False
36685,Sm3Dy,False
12786,NdNiGe2,False
25491,NaCu3F7,True
20730,U2TeN2,False
40924,LiCrFeO4,False
17307,Tm2AlRu,False
29942,Ba2NF,False
9836,YBeTl,False
31050,CeSn3,False
46365,Ti2AlO4,False
6968,CaBeHg2,True
39672,NaTaO3,False
28344,Lu2InAg,False
44640,BaZnGe,True
30115,DySb2,False
38678,CaCrO2,False
27467,BBr3,False
3578,BaZr4Ge,False
18794,ThCo2Ge2,False
51731,NaMnCrF6,False
13216,Li2InAg,False
11129,Be2ZnIr,False
47335,CrPbN2,False
22969,DyNiSb,False
35298,Sr2CdSn,True
28719,Y2AgHg,False
47341,Li3YSb2,False
37411,Al2CoOs,False
26926,MnS,False
46316,HoBr3,True
27364,PaInCu2,False
47083,Nd2Fe12P7,False
2840,Tb2Au,False
40171,TiSe2,False
18701,TiMnIr2,False
47400,ZrFeF6,False
45608,TbInAu2,False
49888,Pr6MgGe2S14,False
32462,PmInRh2,False
30381,Ba3SbP,False
9951,SrBe2Cl,False
40264,YBi3F15,False
43671,BaRuO3,False
19819,YErNi2,False
32515,NdInO3,False
49772,H8PbC6O4,False
25891,CdAg2O4,False
46385,RbCaCO3F,False
42518,Li2CrCoO4,False
42335,YbCeCd2,True
35795,SmZnAg2,False
40357,CrSbO4,False
17153,CeAl2Si2,False
54109,V3P4S12,False
18083,YBiTe3,False
15031,Na3AlSiTe4,False
14668,Mg3Hg,False
21711,CrPSe3,False
35088,MoWSe3S,False
46185,Hf3Al3C5,False
32366,OsS2,False
50019,BSO2,False
31770,YbGePt,False
24613,Te6Mo3WS2,False
28818,Al2Cu,False
16810,YbHoPd2,False
28302,YSi2Au2,False
40139,Fe3Si,False
45362,Te3As2,False
37543,HgBi2S4,False
12669,BPt2,False
5969,TiSO5,False
5605,Ba4RuPb,False
22581,ZnH6C5O4,False
26268,VH,False
37086,LiSiRh2,False
5554,TiBeRh,False
28824,ZrHgAu2,False
10457,Sr2Mg,False
28468,EuSnHg,True
10506,Mg6MoC,False
38406,CdI2,False
27547,ErNbO4,False
31361,Cd2FeC6N6,False
47302,Cd2InAgS4,False
18896,Yb3Ge5,False
26809,Tm2CdSe4,False
33742,NbInPt,False
53301,HCl,False
30155,Cr3N2,False
48029,Li3FePCO7,False
38505,Li16Ta2N8O,False
31036,AgBiP2Se6,False
26430,Na6S2O9,False
45109,K2MnF4,False
218,PrAlH6,False
3525,BeTeCl4,False
29852,Ca2Cr3O8,False
41196,NbW3Se8,False
16345,Cd2RhAu,True
44967,ZnAg,False
2962,H12W3C4NCl9,False
45863,LiAsO3,False
23948,V4GeS8,False
28179,Be2CuOs,False
17507,KFeN,False
49071,V2Zn2O7,False
39370,CrGa3P4,False
20727,Rb2NbAgF6,False
19800,H10C16SO,False
12850,YbMnO3,False
39754,Mn3TeO6,False
22157,NbSbRh,False
3095,Y4Si2S3O7,False
17174,Mg5Sc,False
43270,RbCo2P2,False
32690,Li2CaSi,False
33636,ZnGaO3,False
29426,MgNiO2,False
31573,KNa2Bi,True
53243,Ba6Ho2Al2Rh2O15,False
21679,Y2HgO4,False
23134,TaPt2,False
1504,H8C3O2,False
12642,FeSb2,False
37604,Li3FeSiBO7,False
2077,Mn2GeO4,False
12904,InCo3N,False
44784,In2Se3,False
40614,TaMn2O3,False
20281,SmSi2Pt2,False
53725,NaBH4,False
46428,BeC2,False
4910,Ba4PtPb,False
36134,CdI2,False
5128,Co5B2P,False
25044,TiO,False
16714,Th4AlGe,False
26665,CeSe2,False
16827,Ba2Mn2As2O,False
11138,Ca4BeNb,False
31857,NdNiSn,False
4651,LiBC,False
10331,Be2PbBr,False
23480,ZnIn2S4,False
31316,Ti3SnC2,False
33810,Pr3MnAlS7,False
22799,Al2Fe2O7,False
52327,FeMoClO4,False
24607,CoAs2,False
7106,LiBeZn,False
28434,VCdO3,False
40898,CaVBiO6,False
44819,B3Ru7,False
8012,Ti2BeBi,False
43464,LaSi2Os2,False
23861,ZnCr2S4,False
38350,SmBi,False
50473,Ba3MgTaNbO9,False
40085,Ba2YTi3O7,False
14114,Na3CoF6,True
314,Na2LiAlP2,False
22687,Hf2CoP,False
35876,ScTaRu2,False
879,MnBeCo4,False
13934,Ta2FeO6,False
9210,K2PdCl6,False
36436,BeH2O2,False
18570,MgNiO2,False
2737,TbNi2B2,False
48248,TbMoC2,False
19336,ThUSe2,False
30422,CdH2O2,False
45757,K2NaAlF6,True
44420,Sr2HoUO6,False
45953,KClO3,False
4243,Ti3Ga,False
18963,K2HgBiCl6,True
10422,NaBe2Tc,False
15438,MgCd,False
19046,In3Si,False
48375,CaBC,False
21724,CrNi2Hg,False
37021,LuSi2,False
3530,NaB2H5O6,False
23559,IrF3,False
54031,Li2Te,False
11292,Be2ZnCd,False
17110,H16PbC10O4,False
7255,IN2O6,False
31637,MnGaRu2,False
20616,AlBi3,False
44331,HgCl2O6,False
40341,AlBiO3,False
46764,LiMnAsO4,False
43551,Nd2Al3Ga,False
30457,CrNi3,False
29390,CuS,False
5856,FeTeAs,False
13605,Zr2GaP3O12,False
49945,SnH4C2Cl2,False
20889,BiSe,False
15566,Th3Ta,False
37406,NaSnS2,False
4220,Ba4TiCo,False
26964,Nb3B3C,False
11285,CaYBe2,False
31669,Pa3Al,False
45170,Pd3S,False
32044,InAsPd5,False
9201,Be2CoPb,False
48439,Mn2Co21B6,False
15913,Ca3Dy,False
50989,InPb,False
4245,ZrBeNi4,False
8509,PH4NO2F2,False
26849,CaTi2O5,False
4347,BaCuNi2,False
8290,CeAl4Ge2Au,False
8229,AsP2Pd,False
46475,Sr3P14,False
13860,Pd3N2,False
25480,BiPO4,False
25425,YFeO3,False
21168,Na2H4Pt,False
47321,AlVCrC,False
35907,K4Hf5O12,False
14119,DyErMn4,False
53713,ZrCCl2,False
2698,BaNd2NiO5,False
13750,ZrBe2Ga,False
43301,HfW2,False
27791,LiMg2Si,False
34251,Te2Mo2WS4,False
47913,AlB,False
37011,GeO2,False
11567,TiBeGe2,False
18812,ErMg5,False
2745,HfNi2Sb,False
39437,RbPbF3,False
4300,BiOF,False
24056,CuPtF6,False
24698,Sr3ZnIrO6,False
3575,U2Al3C4,False
2889,Mn2NiO4,False
46545,Pd7Se4,False
13792,Zr2Rh,False
28602,Ba2Ge,True
44434,TmInRh2,False
7786,K2SeBr6,True
2976,Tl2HgGeTe4,False
41641,NaAlMo2O8,False
1538,IrCl3,False
44136,Li2TlAg,False
24695,Sn2IF3,True
33144,LiCa2Ir,False
46429,Sr2UNiO6,False
21658,KMg3,False
43794,YFe2,False
30693,ThCo9Si2,False
32384,LiHf2Re,False
10261,Be2PtSe,False
28368,CrInCo2,False
1054,Ba4InHg,True
36859,In3Sb,False
31424,CrCo2Sb,False
35686,LaH3,False
24519,CaPS3,False
13659,YbMnSb2,False
10661,Na2BeHg,True
43605,TaNbC2,False
16288,W2C,False
10473,Ag2F5,False
48964,Na2FeO3,False
22640,Sr2GeSe4,False
13680,Ba2ScTaO6,False
19369,H9C11,False
3245,NiS2,False
5194,Ba4ZrW,False
33541,Al2IrRu,False
15471,YbNbPb2O6,False
40024,ThH2,False
50079,LiVSiO4,False
37670,HoPaOs2,False
44264,TlIn3,False
17914,SrO,False
2685,FeCoO2,False
8997,TiMo2As,False
5682,BaNiCl2,False
16052,Rb2Pd,True
2827,Sm3CrSe6,False
40677,Ba2YTlCr2O7,False
28155,LiSnAu2,False
26713,LaHoRu2,False
26086,TiS2,False
13898,Ca5Sn2As6,False
13819,CoNiSe2,False
9995,K2RbGaBr6,True
14745,Na2Cl,False
6480,Be2VSi,False
2702,AuBr,False
46912,NiSeO3,False
19244,Cr4Cu3Te8,False
16653,Rb3SbI6,True
9431,BeCoPt2,False
41014,DyGe,False
38713,NaMnO2,False
48953,NaSbCl,False
41041,InGaO3,False
9992,MgBe2Se,False
28754,Li8Bi2PdO10,False
41264,Mn2GaCo,False
44890,YbMgSi,False
30543,MnCoSb,False
30136,Li3CuP2O7,False
19785,Ac3Y,False
52084,Li7Mn4CoO12,False
24644,ScNiBi,False
22815,BaMg2Bi2,False
22962,K2UTe3,False
50727,Li2Bi,False
16370,Ho2Mo2C3,False
38218,Li4MnCr5O12,False
23328,NaHO,False
41819,Hf2Pd,False
45039,PrSb2Pd,False
36221,H12PbC8O4,False
54360,Li7Mn2Co3O12,False
51167,BaTe2,False
21230,CuMoF6,False
54303,Sn7C,False
25542,HgPS3,False
24937,Tm3FeSi3,False
33744,MnNbAs,False
37327,Pm2ZnAg,False
46312,Na4SnO3,False
1002,MnTe,False
17980,ThSiOs2C,False
21568,Ta5As4,False
26250,ZrSO,False
54143,TmAg3,False
42851,Cr2SN2,False
42599,PrP2Pt2,False
53083,RbDyBr3,True
51718,Li7Mn4CoO12,False
42396,CaNiGeH,False
51103,CaCoGe2O6,False
7967,Be2VRu,False
12561,Er2Mg2Ru,False
8248,BeCdSb2,False
25345,Ca2Sn2O5,False
38682,BClO2F4,False
44032,LaNd3,False
10832,TmNi4Au,False
28160,CaW,False
6458,ErCo2B2,False
39696,Bi4Te7Pb,False
4218,Ba4CoTe,False
31286,PrSnRu,False
53525,BeS2,False
12612,Li4Mn3SbP4O16,False
21305,Al2Si4O11,False
8196,Zn2BAs,False
2592,YbCdGe,True
20953,YSbO3,False
15392,Nb6GePt,False
13004,Hg2N,False
53080,CaSmAl3O7,False
7502,LiBeBr,False
26063,BrN,False
22364,Hg3Se4O5,False
16046,AcMg3,False
7600,BeReBi,False
43285,BaAl9Ni2,False
47708,SbO2,False
46943,ErPaTc2,False
27981,NpTe2,False
19424,RbSrCl3,False
27348,Mn2ZnO4,False
50080,Li2MnP2O7,False
4039,BaInTe2,False
41727,UMo,False
19000,MgPd3,False
43888,NbVN2,False
15398,VOF,False
23644,MgBe2B,False
50652,LiFeF5,False
48281,Lu5Pt3,False
4963,BaCrSi2,False
43950,Nb2InC,False
32407,DyTe,False
11625,SrB2O4,False
23475,BTe2As,False
43354,LiNO2,False
21564,Nd2Mn2CuSi3,False
40141,BaNd2PdO5,False
19498,TiTl2W,False
2773,BaLa2MnS5,False
42883,Li3MnP2O8,False
7051,MnBePb,False
27057,Rb2CrCl4,False
10014,Li4V2OF7,False
14050,VO2F,False
27565,AgAu3,False
36007,PrAl2Si2,False
46450,Er2C3,False
9304,CeSi2Ni,False
7369,BeInSi2,False
12775,ScGaPd2,False
46341,KH4O2F,False
35115,MoN,False
18426,MgS,False
7587,BeNbCu,False
17786,CuPb3,False
42441,Na2CoO3,False
42637,BaMg2N2,False
3134,BaZn4Br,True
14849,Y3In,False
32242,HoZnRh2,False
46211,K8SnSb4,True
14609,H2S,False
33278,U2Fe12P7,False
41290,Lu2V2O7,False
5751,Ba4TcPt,False
28674,TaN2,False
25362,RbC2O2,False
22618,YCuO2,False
34825,Dy3Ni2,False
45609,PrInAu2,False
28052,PdN2,False
50551,La2CrMoO6,False
29315,SrRhO3,False
26125,MoCl2,False
20617,LiCo3O4,False
7935,AsOs2W,False
53844,BaVO,False
32007,YNi4B,False
23752,In2GeB,False
22531,Ho2CuO4,False
7700,Tc2MoAs,False
4230,Ba4ScGa,False
11497,CrB,False
27965,Y2CuIr,False
39837,FeNiP2O8,False
32494,LiMg2Hg,True
13559,GeIr,False
16520,BaCa3,False
16382,LiHoS2,False
3945,Ba2LaMo,False
30800,Li5MnNi4O10,False
43506,AlSCl3O2,False
46109,YCr3Se2ClO8,False
18471,In2GaS4,False
45899,SmMgTl,True
16965,HfNi2,False
42942,Sr3Ca,False
42776,PrDyAl4,False
31990,NaClO3,False
20008,Li2Fe3WO8,False
39048,PbICl,True
24984,MgTi2S5,False
34188,Er2Si3Rh,False
35941,SmP2Ru2,False
11486,Bi2PdPt,False
573,TiSi,False
35313,BeGaCo2,False
22680,KBa2Re,False
46344,CF4,False
23579,VPO5,False
5005,PrAs2,False
21348,NaMnO2,False
7889,MnAsPd2,False
12635,Be2CrIn,False
13484,TaBe2Pb,False
46529,TmCr2Si2,False
18167,HoLuCu2,False
45224,UCuGe,False
5877,SrZn2,False
39352,Tb4Ga12Pt,False
19143,BaRhF6,True
15421,Zr2Te3,False
53419,GeI3,True
8530,NaBe2Ir,False
29664,TiBe12,False
145,LiCu2F6,False
31887,AsBr3,False
26202,MgI2,True
52785,TiCrAgS4,False
44741,Ca3GeN,False
41059,Fe3Ge,False
51777,CoSO,False
15925,MnZnSe2,False
52228,MnGaO4,False
3131,Tl2Cr3O12,False
31719,ErMgSn,False
43593,K3AsSe3,False
4389,BaTiB2O6,False
39849,Mn3OF5,False
2399,Ti2HPd,False
32792,LiCuPd2,False
10391,Be2ZnMo,False
4881,Ba4SiTc,False
24165,ThP2S6,False
6912,SrMnBe,False
37873,LiVCoO4,False
46299,NbOF3,False
37050,SI2O6,False
33185,YCdPd2,False
29071,LiBe2Os,False
48906,AgPO4,False
17945,SrAc3,False
54060,Zn3Mo3O8,False
48506,LiH2,False
34860,YbPmAu2,False
20232,BaCaTi4O8,False
3775,BaZn2Ru,False
18720,YO2,False
53349,BaC,False
46255,AlCoO3,False
23417,Ba2LuNbO6,False
29671,TbCl2F,True
38112,Li6CrFeP2C2O14,False
20544,Pr3B2N4,False
26196,Si3N4,False
5479,CuS,False
18638,DyMgAu,False
28885,CuB2C8N8,False
20923,Ho3Er3MnBi2,False
46592,Tb4Sb3,False
43358,Na4H6Ru,False
11690,Ca5P3ClO12,False
35998,UCr3,False
33637,HfSiRh,False
32887,TmMg2,False
44908,CdI2,False
42789,KRb2MoO3F3,False
17827,YbEuCd2,True
42975,BaSnGe3O9,False
11493,V2NiSe4,False
19741,Fe3Co3Si2,False
12950,MnBe2Cd,False
28571,PdN,False
12801,TlPH2O4,False
6688,BeReNi4,False
37623,LiCo2CuO6,False
10650,Be2CuMo,False
26019,BN,False
9876,CaZrGeO5,False
14615,MnSnRh2,False
50803,ScAlO2,False
630,TbHoCo4,False
42318,Ta3Pt,False
23240,HoMg,False
31699,TbSnPt,False
3365,Li3NbO4,False
45095,Sm3InC,False
3846,LaMg3O4,False
15716,Fe2SiNi,False
36640,UF3,False
8526,BaPt,False
13549,SrIn4Pd,False
30090,Ba3Si6N2O12,False
6828,LiNiF3,False
32359,CeP,False
38121,PrPd,False
36243,RbCu3S2,False
19091,Ti3Se2S4,False
25341,BaCaSn4O8,False
47710,Er4ThCN4,False
36647,CIF3,False
22942,Be2HgTe,False
35974,Ni3Mo,False
14700,YErCu2,False
25120,MgCo2O4,False
6716,MoF3,False
23076,Rb2Sb4S7,False
13187,K3MnO4,False
19212,AlGa3,False
43973,DyErCu2,False
38390,SrAl2O4,False
29363,GaSiMo4S8,False
47187,NaBiSe2,False
22765,BaCu2S2,False
34537,PaAlCu2,False
49088,Li2CrPO4F,False
32607,U3Co2Ge7,False
29099,Ba3BiP,False
11816,BeHg2Mo,False
50394,NaCO,False
6493,LiBeV2,False
24235,YbF3,False
40631,Ti3Pt,False
18125,Ce2O3,False
11762,BeNbCu2,False
31904,MnSnRu2,False
36191,Li2Ti2NiO6,False
26346,Na2HgAu,True
8571,KV2CrO7,False
3118,BaBeNb2,False
11464,Be2InCo,False
25905,CaV4O8,False
33748,Te2MoW3Se4S2,False
43541,Rb2NaMoCl6,False
16925,Ho2MgRu,False
42505,Nd3In,False
38666,TmH3O3,False
46614,MnInBr3,False
17805,K2ScInF6,True
1546,Ba4ZrBi,False
30755,LiRh2Pb,False
24059,MnH8N4Cl2,False
1431,Ba4RhBr,False
44986,FeCo2O6,False
7015,Th3Pt5,False
29731,Fe4O7F,False
45983,Cr3WO8,False
8146,Ta2BAs,False
5683,Zr2BIr6,False
14409,Nd3Tm,False
49782,VSO,False
42387,RbSmP4O12,False
40817,FeGe,False
43478,PrPbAu2,False
6419,Ce6B2C3Br3,False
27921,Fe4O5F3,False
4778,BaBi2Br,False
8934,TbTe3,False
4988,BaSn2Se,False
47203,InBi3Se6,False
46493,PuB6,False
13026,Rh3Pb2Se2,False
1721,H8PtO6,False
35231,Tm3Ge4Pd4,False
152,RbAuN12,False
24648,Al4C3,False
36610,VRe2O9,False
15458,P3IrO9,False
33501,MnNbP,False
13192,SmBr3,True
31453,Sc2InNi2,False
22699,BaZnSi,False
45777,CdSe,False
4095,Ba4SnMo,False
43252,HoMnGa,False
29061,ZrB6,False
22162,BaVS3,False
38655,Ca2AlCoO5,False
25670,Mn2OF3,False
25411,TiO2,False
3162,SiO2,False
45954,H6PbCI3N,False
21053,TiInPt2,False
9890,MgBe2Rh,False
48072,LiVSi2O6,False
19604,NbV3O8,False
34532,PrAs,False
43792,MgO,False
1541,Ti3In,False
19198,LiPr2Ir,False
53050,TeOF,False
46287,TmF3,True
35473,YbSi,False
3334,BaSi2P,False
18569,CdAu,False
31265,PmAlCu2,False
52496,LiSI,False
54131,Ho3Ga9Pt2,False
25025,BiOF,False
21347,SrGa4Au3,True
23497,MnN,False
37372,YbPu3,False
39062,Co3O2F4,False
16636,AlFe3,False
44040,K2RbInF6,True
48345,B2Br,False
27277,GaAgO2,False
802,Li6MnO2F4,False
8089,BeV2Pt,False
40300,CaBiO3,False
42896,GeI2,True
45429,Dy3CuGeSe7,False
33062,ZrCuF6,False
9256,BeCdOs2,False
22994,BaBeGa,False
32286,MgGa2O4,False
34725,V3Cd,False
30648,Ta2CrNO5,False
21122,BaYSc,False
10025,K2Ca2Be,True
47887,AgPS4,False
14656,Y2Si2O7,False
46070,Rb3CrF7,True
6534,HoSI,False
6093,CuBr,False
52272,H2F,False
9215,Ag3O4,False
10712,Mg2SiO4,False
44707,Yb3Y,False
29628,CrO2,False
20822,HoAlNi4,False
1963,MgAl3,False
43793,Tm2PdAu,False
50162,CeCuSi2Ni,False
35933,FeRhO3,False
8631,Be2VPd,False
53656,Na2Se,False
48910,Li2Cu4S3,False
10435,NbCl2O,False
31448,CaGa2S4,False
49112,CaCr2O4,False
46771,Sm2Se3,False
50471,NaInSn4,False
1382,LuRu2,False
11655,BeGaIr2,False
47334,Zr6CoSn2,False
23200,Sr3Sc2Cu2S2O5,False
32016,Yb2Ru2O7,False
29431,LuAs,False
17826,YbHoPt2,False
49953,Ho2As7Rh12,False
34206,NdDyTl2,False
39222,Ti3Al,False
24586,Li2CrCl4,False
46530,KY3F10,False
36576,SnBi3,False
26920,TiO2,False
40177,InSb,False
6395,Na2TiBe2,False
3765,LiAlTe2,False
16363,C4SO2,False
9800,CaBe2Sb,False
25825,AlAu2,False
23271,BaAgSb,False
45086,SmNi2,False
16747,NpSn3,False
16190,Sc2C,False
43282,TeMoWSeS2,False
17614,SmB2Rh3,False
811,Rb2CoF6,False
11595,NaMoO3,False
26242,K2Li4UO6,False
51331,HfAsRu,False
1868,ErSn3,False
21700,NbRh3,False
22574,HfSi2Br,False
10454,Ba4CrMo,False
45033,PrSnPt,False
29539,SrMnO3,False
37601,BSb,False
50623,CdGaO2,False
32134,Te4Rh3,False
45660,LuSi2Ni2,False
17971,MnZnAu2,False
45413,PtI2,False
31725,AcCuO3,False
24528,Ba3B2O6,False
20821,Rb2CeAgBr6,True
29830,Ti2Al2O7,False
47222,KSrBi2O6,False
10911,MnNF3,False
36260,SiH18C2N8O2F6,False
11324,BeTl2Ga,False
50290,Li4Cr5BiO12,False
27328,LiTm2In,False
36991,MoPO5,False
14101,CrP2O7,False
20766,MgPd3,False
17881,DyTmCu2,False
36001,Ga2Cu,False
51840,GaPdI4,False
14260,RbMnO2,False
5268,SiPt3,False
48019,LiAlH,False
33221,PrRe4Si2,False
38085,KPF6,True
33228,YCdPt2,False
9771,MnS,False
14643,Y2ZnAu,False
20903,PtS,False
20213,MnS2,False
34271,HfAsRh,False
10876,Ti2BeMo,False
2898,ZrTa4Be,False
39298,HoNbO4,False
37610,VF5,False
53550,NaBiO,False
14058,RbUO3,False
3036,Li2TiNi2O5,False
9841,BeSbP4,False
22536,In2AsSe,False
53584,Mg2C,False
34570,SmLuMg2,False
18376,CeSi3Pt,False
49926,H11C15,False
28676,Na2HgSb,True
26893,LiBiPd2O4,False
30377,HfZrO4,False
20810,H8C13S3,False
27644,YbInAg2,True
12136,Be2NiW,False
3494,VOF,False
48941,HoB4Rh4,False
1380,Li3In2P3O12,False
50647,VF5,False
26525,Nd2Co17,False
43726,Na3AsCl6,True
42947,Rb2MnF4,False
34865,TeIr,False
17897,MoAs,False
51124,Ti3S4,False
32791,Li2CeTl,False
3476,BiB3O6,False
27959,CaVF5,False
21887,Y3AlC,False
33246,CoPtF6,False
42315,Ac3Tm,False
52109,MnZnF,False
26699,Te4Mo3WSe4,False
35114,SmHoIr2,False
34766,NdHO2,False
35509,CeSi2Pt2,False
41430,Si3PH9,False
12690,FeNi3P4O16,False
35224,Nd3GaC,False
15719,Mg2MnAs2,False
8752,Be2CuPt,False
6401,Be2PBr,False
23289,MnTcPd,False
1656,TiO2,False
43088,Hf4C3N,False
18867,TiAlPd2,False
26100,ErCd2,False
37099,RbSrSiHO4,False
3165,CoCl2O6,False
15600,TiCo2,False
27310,K3Pd,True
9004,LiBeP2,False
2025,K2PtS6,False
44156,LaPmTl2,False
6909,CeMg,False
48728,H6C9SO,False
10078,Be2VRu,False
40416,TeMoS,False
47634,TbBiTe3,False
19467,RbAu,True
2857,BaNa2In,True
6482,ZrBeHg,False
90,Fe2B,False
26497,MgCrF4,False
49976,H8C5,False
10864,CeAlO3,False
9070,Ce2CuGe6,False
13693,YCu2,False
1558,ReBiO4,False
23935,MnAl2S4,False
8642,BeCu2Cl,False
29476,TiZnBi2O6,False
1995,Li3YNi2O6,False
23872,Rb4SnO3,False
30034,Hf2Cd,False
24277,Sc3CoC4,False
12040,BaMg6C,False
2293,CdGeBi2O6,False
35341,USeS,False
4468,CuI4N4,False
23095,NaBeH3,False
36531,Al2S3,False
53854,Li4MnFe3B4O12,False
4809,Ba4TaTc,False
49400,SIO,False
5771,CaAs2Pd2,False
52641,LiCo2P2O8,False
23198,LiErO2,False
42202,Cr3As,False
43643,SrNi5As3,False
33101,Li2PmSn,False
49455,InI,False
31570,BeAlRh2,False
4171,BaLiCa2,True
22595,YbSmSe3,False
49991,AlCr4AgS8,False
47240,Pm2CdHg,False
51363,FeCoRh4S8,False
28789,CuSiTc2,False
36379,GaAgS2,False
28703,ScCu2Hg,False
18237,Li2MnCoO4,False
43999,LiNdSn,False
16389,YZn5,False
4579,LiRhO2,False
49401,SbIO,False
53186,ScOF4,False
36082,K2B2Se7,False
40573,NdPb3,False
24283,PrGaO3,False
32604,InCuPt2,False
48420,CrBO2,False
48118,PNF2,False
11499,K2BeGa,False
11848,Ba3SrAg4,True
11987,MgHg5,False
52232,Li5Ti2Fe3O10,False
50301,Ba2AlGa3,True
16983,Rb2AgAsBr6,True
26466,TlV3Cr2S8,False
41377,In2CuO4,False
29549,KNaSO4,False
49287,SrGeS2,False
33822,Hg3As,True
51862,MgHN,False
44610,TlAsPd6,False
41268,SmSnPt,False
9448,MgBe2Bi,False
45135,SrCaHg2,True
47082,HfInCo2,False
40446,KNa2BN2,False
37523,TbU3,False
28948,CaCo2O4,False
42054,Tl9SbTe6,False
32510,NaSmTl2,True
13578,BeMo4W,False
7335,Ti2BeMo,False
27420,CaSbPd2,False
11360,KBe2Ge,False
32700,SrBrF,True
47428,GaAgSeS,False
10108,Be2GaTc,False
10411,USi2,False
36046,Ca2B5Os3,False
20937,YbZn2Ge2,True
45763,Na2CrCSO7,False
1348,Ba4InGe,False
5643,NdSi2Au2,False
13149,Hf2Mg,False
33544,YZrRu2,False
45272,ZrAlPt2,False
13892,AlNi3,False
16932,Mg2NiRh,False
24604,Cr2As,False
26028,Ca3CuRhO6,False
43484,AlAg,False
12089,PmAs3,False
11270,Sr2BeSb,False
18142,YbUTe6,False
9486,WSeS,False
40156,InFeCo2,False
20608,MgHg2,False
23527,LiHoO2,False
29486,NaTl3S2O6,False
52499,MgIO,False
30990,KAlF4,True
35179,Ta2N,False
22028,TiPt,False
43697,Ba3Sr,True
54531,Sm3Br,False
30222,Te4Mo3WSe4,False
38502,LiCrO2,False
42175,K2HgSbBr6,True
8620,Mg6TiV,False
6067,CuBSe2,False
45840,SrGa2Te4,False
28886,CaCr2F10,False
11515,Li2BeTc,False
2935,Ho2SnAu2,False
46036,NaPrS2,False
43992,SrPd3O4,False
48844,Ba3SrCl4F4,True
11254,BeTl2In,False
36283,Ni2P2O7,False
27006,Hg3Rh,True
43860,Mn3SbN,False
43022,Rb2NaSbBr6,True
41590,TmSnAu,False
5402,BaHgPt2,False
35821,MgHg,False
30993,K2P3,False
45789,Sm3Ir,False
13034,Mg6SiMo,False
18604,BaCr4O8,False
46308,MnOF,False
17013,ErSi2Ru2,False
9198,Zr2Cu,False
10443,NiS,False
2939,TbGa2Co3,False
17751,ZrNbFe4,False
5048,Ba4MnTc,False
10132,BeHgBr,False
40452,DyAlO3,False
38756,NaAcAu2,False
44049,Ba2PrPtO6,False
50354,Na3DyBr6,True
41009,Li4H3ClO3,False
49961,H8PbC6SO4,False
27110,LiCa3,False
1970,BaMoO4,False
4532,BaMnSe4,False
12306,TiBePt2,False
288,MgMnRh2,False
23257,ScCuO2,False
41643,NaNb2PS10,False
17608,HfZrC2,False
12034,BeCu4Tc,False
28298,MnN,False
40801,HoTaO4,False
25793,RbPO3,False
49282,SrGeS,False
29250,HoCuS2,False
13386,YSi,False
25087,TbAu2,False
42649,SeN,False
27109,ZrAl3,False
11429,LaCrO3,False
3116,Fe3P2H16O16,False
32737,YbBaSi4N7,False
41066,TaPO5,False
18797,Th2CoSi3,False
737,CoSbO4,False
46827,Nb3PbS6,False
10935,MnBe2In,False
49375,SnH12C6F2,False
22036,LiY3,False
25760,TcC,False
19921,Te2W3Se4,False
45801,TiB,False
43351,Ca3PbSe4,False
17639,TmLuCu2,False
3168,AgHg,False
53157,YMnF2,False
34035,ZnRh3,False
14837,LiVO2,False
8149,Nb5Sb4,False
48045,KZn,False
30183,TiF4,False
23540,ZrAgMo,False
54045,SrSiN,False
40313,NaLi2BP2O8,False
1077,BeCr4Sn,False
24502,SrPS3,False
44232,Dy2MgGa,False
41923,KTeF5,True
17781,Sn3Au,False
6338,RbMg6W,False
22407,CuSe3Br,False
51079,SF2,False
53853,BaSe,False
3242,K2Hg7,True
6793,Li2PrAs2,False
5867,NaBePt2,False
33364,Y2TlAg,False
7771,NaMnAs,False
53422,InIO,False
33801,Nd2C3,False
26518,Nb3Fe,False
49730,SrLu2Se4,False
47994,LiCoF4,False
15896,Al3Ru2,False
26976,LuTlSe2,False
21955,MoWSe2S2,False
537,LiV2F7,False
45096,TiAsRh,False
3533,TaBe12,False
41530,YbAu2,False
11730,ZrBe2Os,False
13765,Mg6VW,False
8176,Bi2Te2S,False
211,LaZn5,False
33775,UO2,False
27558,CeTlAg2,False
10063,BeFeSb2,False
2485,Nd2Sn3,False
27266,Li4CO4,False
51436,Ca7HfN6,False
31302,CO2,False
34435,Al9Co2,False
7945,KBeTc2,False
16980,ZnGaCo2,False
50295,Li4Co3SnP4O16,False
36104,Si2N2O,False
39238,TlAuO2,False
21151,NaTiVS4,False
16062,BaPdO3,False
38482,Li2FeNiO4,False
641,TlCuHCO4,False
5052,V5Ge3B,False
39808,Na3SrPCO7,False
4502,BaNa2Ge,False
29011,TiClO,False
49870,PbS,False
7432,Ta2BeBr,False
1139,Ba4LiP,False
14498,CrO3,False
24369,TiCu,False
660,HeSiO2,False
18954,Na5SnAs3,False
7380,Sr2CrClO4,False
19295,Li2Mn2CoO6,False
23719,BeAlH5,False
31845,ErGa5Co,False
15643,K2Mo2O7,False
21135,La2Bi2S4OF,False
2357,TeN2Cl6,False
15764,MgAu,True
25184,Yb3S2F4,True
3158,SrFe2P2,False
19566,HoZrRu2,False
4617,BaSiCl,False
4609,BaInMo,False
21104,TaV3N4,False
20498,Rb2NaPrBr6,True
37656,FeOF,False
5752,BaCuBi,False
20956,Nb2CS2,False
613,ScCr2AgH4O10,False
36390,Be2FePt,False
24815,LiFeCo2O6,False
25883,Mn2OF3,False
54428,P3C,False
22305,MnGa2Tc,False
5241,BaHfSe4,False
13129,Ca2AgPd2,False
45013,SmSi2,False
38784,Co3OF5,False
27334,HoMgTl2,True
17922,Er3Ga,False
21285,PmMg3,True
6511,B2Mo,False
51801,AsI3,False
27680,Te6MoW3Se2,False
43676,Na2SmCuCl6,True
39301,Mn2CdO4,False
10757,MnBe2Br,False
49905,NaPrTiNbO6F,False
53532,ZrAlN,False
2616,Y2CuGe6,False
19142,Ba2CdSn,True
9902,MgScBe2,False
6627,BeV2Cr,False
18036,Ac3La,False
31865,K3NaS2O8,False
8366,Sr2DySbO6,False
16213,MgAg5,True
2175,BeIr4Pd,False
18409,CaP2Rh2,False
12025,Y4ZrBe,False
25831,Sr4LiB3N6,False
54092,Li2H6PtO6,False
50613,CaZrS2,False
33225,Ca2AsAu,False
10810,LaMgBe,False
25502,ScMn4Al8,False
9940,Mg6GaNi,False
130,KBaNb,False
35446,Rb3Mn,False
7336,BN,False
11325,Na3SbI6,True
8407,YH2,False
21892,Mn3Sn,False
39594,LuWO4,False
8073,ZrBeGa,False
29203,MgZrO3,False
23734,AlFeF5,False
4862,Ba2SnTe,True
41740,Ba4OF6,True
44935,SnIr,False
7847,BeCoNi,False
36530,CuTeO4,False
30251,MgNi2O4,False
33452,Ac2MgSn,False
6832,Be2FePb,False
49256,HC3SNO2,False
14461,TaV2,False
29187,Ga2O3,False
31336,TbB2C,False
14541,P3H11N4O9,False
10154,Be2PdCl,False
25971,MnB2,False
11205,Sc2BeIr,False
12171,Li2NiO2,False
49445,TiB12,False
43392,Ho2MgCd,False
21169,Co2GeO4,False
10358,BeTcPt,False
10201,Be2FeRe,False
30826,BaEr2F8,True
39129,Sr2LiMg,False
34991,LuSbPt,False
487,Tm2ZnS4,False
6048,MnPtF6,False
44242,AcPr3,False
20770,ThSi2Rh2,False
53511,BeS2,False
7546,TiBe2Os2,False
36867,Ta2CrOs,False
27286,ZrBr,False
29694,CaCo2S4,False
10869,MgBeP2,False
19563,TiAlV2,False
42780,TiSe,False
31466,Rb3TaS4,False
44706,CdI2,False
10101,BeRe2Bi,False
4324,BaSrZn,False
42066,CaSnS3,False
35028,PrRh3C,False
47570,Tb2CdNi2,False
21208,TaPO5,False
42625,TlF3,True
15698,Sr2AsAu,False
9234,CaNi2As2,False
51404,LiVCoO4,False
5560,BaGaBr,True
14438,KRb2InI6,True
20431,Sc2Te3,False
14379,MgZn2N2,False
23265,YFeO3,False
36247,NiF2,False
49436,AlGeO,False
52627,Li3MnCoO5,False
11722,Na3Fe5O9,False
38300,AlSbI6,False
25165,As2O3,False
37813,TcN,False
42834,Rb2BiAuF6,True
4179,LiVTe3O12,False
527,Ba4CaOs,False
52319,PbWO4,False
26800,SiO2,False
3716,Ba4NiOs,False
50463,Yb2USe3O2,False
9700,TaBeIr,False
36528,Cr3Se,False
29791,Mn2GeO4,False
46065,Zn2AsO4,False
47992,YGaAu,False
42981,TbRb3F6,True
24508,BaCa2I6,False
12073,VOF,False
50949,SnBi,False
41062,TbPb3,False
42330,YbNbO3,False
24334,NaLuO2,False
54555,CoSe2,False
31377,NbS2,False
24231,SnAu5,False
3100,Dy3Co,False
21503,KVCl3,False
48011,SbPd6S,False
53127,ZrU4O10,False
8374,Be2TlNi,False
53351,RbLiS,False
3906,MgAl,False
25486,Te2MoW3Se2S4,False
28839,V4ZnO8,False
24379,BaCeO3,False
51742,TiCdF3,False
27741,CaCO3,False
47815,CaYO,False
31494,BaNi12B6,False
52062,IO3F,False
17520,SmCr2Si2C,False
18011,Ni4GePt5,False
1306,Y3RuI3,False
48323,NaIO,False
25149,CuAgS,False
9922,Be2CuPt2,False
25763,Ba2SiSe4,False
19027,CdH6C5O4,False
7156,AsIr2Rh,False
8346,ScIr,False
22173,HoAu4,False
8314,Cu2GeSe4,False
1083,HgSb2O6,False
19753,Li2PrGa,False
52165,TaVSi4,False
1926,Cd3N2,False
12189,BaV2CdO7,False
30383,Co4Cu3O12,False
24148,Na4FeO4,False
34657,FeHO2,False
42987,TmBi2BrO4,False
5018,Li2MnFeB2O6,False
15482,DyY3,False
39885,Li3AlH6,False
45833,NbPbS2,False
11726,Cr2Co,False
4244,Ba2NbN3,False
36570,Pr2TlAg,False
32569,Nd2SnHg,False
19221,LuGaCoO4,False
12916,Mg2B2O5,False
32410,Mo3WSe4S4,False
44089,CrCl3,False
17269,Al3BC,False
12335,TiBeGa,False
15191,CeSe2,False
37374,RbSnCl3,False
45299,Ce2CdPt2,False
50201,BeC,False
49792,CdH14C9O4,False
30109,NdAg2,False
13244,SbSBr,False
46662,Ca2Bi,True
44257,PmTm3,False
36222,CaSb2O4,False
12867,HoCo2B2,False
35399,KNaO3,False
15210,ZrTiPb2O6,False
46102,YH3O3,False
29082,LaAlO3,False
3747,CaCu2O3,False
53497,Li3Fe3O8,False
304,MnAuO2,False
36774,Mg2SiO4,False
21932,SiC2N4,False
9874,Mg6GaFe,True
41036,FeSe,False
43933,PrBi2IO4,False
47976,GaNO,False
15005,Th2Pd,False
5139,NiPW,False
51292,Ga9Rh2,False
15945,HgCl,False
42878,KCaP3O9,False
31624,BeGaRh2,False
34362,ZrAsRh,False
10544,MnBe2Tc,False
28447,CrSnRh2,False
11357,BaTi4O9,False
15811,MgNi,False
7741,LiFeF3,False
44772,Rb3Mn2Cl7,False
1443,LaPPd,False
15996,K2TlGaI6,True
35273,PrBi2BrO4,False
18624,CoHO2,False
23697,TbH2Br,False
46350,TiCdF6,True
26021,SrLu2O4,False
20752,H5C6SNO,False
40278,V2FeO6,False
41674,Ba4HgGe,True
54196,Ba3Br,True
43763,Fe4O7F,False
49441,PbCO3,False
34508,Sr2B4Rh5,False
45929,N2O5,False
17377,PmDyZn2,True
42432,BaAl2Si2,False
45871,CeAg,False
17828,ZrSiRu2,False
8689,Li2TiNiO4,False
24424,Pr3AlN,False
4753,LaAl2,False
27130,Rb3Fe2Se4,False
2369,TeO3,False
45690,LiVSiO4,False
38001,V3O5F,False
43848,K2SmCuCl6,True
16968,LiAg3,False
11594,Mg6AlMo,False
48433,LaBO2,False
29256,CaCr2F12,False
48797,ZnH6C5O4,False
23513,Li2NdGe,False
6366,Li2MnF4,False
33153,TiBeCo2,False
51423,V3O5F3,False
37708,PmYAl2,False
40964,NdAlO3,False
31108,DyAlZn,False
15492,EuAu3,False
11118,BeCuSn2,False
7558,Al2CuIr,False
54356,CaAlAs,False
49849,ZrAlRh,False
49752,YbFe4Sb12,False
1392,BeIrBr4,False
49152,GaI3,False
35677,PrSmTl2,False
42364,Mg3BeAl8O16,False
21272,Na5Br4Cl,True
51852,NbAgS,False
38466,TaGaO4,False
10867,BaMg6Ni,True
1418,Ba4LiTc,False
23778,MgPS3,False
23636,HgPb2Cl2O2,False
14385,K2LaAuCl6,True
14687,Pr3BWO9,False
52197,Nd3Co,False
16012,GaAgS2,False
2790,NaBOF2,False
22844,ErTlPd,False
32741,LiY2Al,False
6206,BN,False
34165,LuPaTc2,False
2489,Cu2GeSe3,False
20462,TbRb2NaCl6,True
23070,BN,False
11244,MoSe2,False
49987,H6C4O,False
7585,ZrMo2O8,False
46862,CaSbO3,False
30546,CrN2,False
30547,CePbAu,False
1900,Cu5Se2Cl2O8,False
34483,ScAg,False
51602,SnBO,False
43116,BeCr3,False
22491,BH9C3O3,False
5715,Ba4TiFe,False
18978,ThHg,False
26354,HoF3,True
42880,Co3Ni,False
32677,Cr2CuS4,False
20420,K2AgAsBr6,True
47860,SrCaS,False
20120,K2HgBiF6,True
10527,Li2BeGa,False
2694,HoB2Ir3,False
21377,Li6WN4,False
424,Ba4TlGe,True
7970,Ca2PI,False
9597,CCl2F2,False
9631,HfBe2Mo,False
16603,DyZnCuAs2,False
23486,NaClO2,False
33659,LaNiSb,False
462,EuAgP,False
8177,CuF2,False
26162,Sr2FeSO3,False
20929,Zn3Au,True
48980,Li2V3O6,False
31443,PrSb2O6,False
9957,Be2HgRh,False
40033,SmInRh,False
46355,Li2AlPCO7,False
30264,TaMn2,False
51081,SrTl3,False
35780,Sc2TlC,False
11444,Ce2Ni7P4,False
22810,NpMn2Ge2,False
31679,In3Co,False
14209,CuBS2,False
16909,Pr3Tm,False
17359,LaNdCuO4,False
7856,TaTiAs,False
9776,SnB2As,False
45325,Rb2BeF4,True
46585,K2Pd3S4,False
16359,YbPtO3,False
27970,Al2OsPd,False
12049,BeSiRh,False
8413,AsPAu,False
21097,Ba2S2O3F2,False
44747,Rb3H5Pt,False
25136,SmNi2As2,False
14487,Tl2Rh3S2,False
26999,AlC3,False
43040,Ce3Mg2InAu3,False
44036,Rb2TlAgF6,True
7530,TeF4,True
47812,CrSbO4,False
46546,CaInCu4,True
7211,Ce2UO6,False
33063,Mn4Al11,False
32335,TaTlO3,False
12679,UAsP,False
5893,NaGaTe2,False
23059,Li3Pb,False
28549,NaHg2Bi,True
31070,MgSnO2,False
45444,SmB12,False
31673,YbH2,False
24285,H4N2O3,False
22579,WO3,False
33374,Be2RuAu,False
21424,Sr2VW,False
45309,Nd3PbN,False
4363,LiDyGe,False
11240,TaMnBe2,False
8077,LaIr2,False
10964,NaBeHg,False
34401,MoWSeS3,False
48587,BaSnTe,False
30356,MoC,False
26458,Na3Be,False
42343,Hg3Pt,False
16220,Hf2Al3Ag,False
28474,TePb,False
38576,LaH2,False
54253,Nb3NiS6,False
47073,NbW3Se8,False
36420,Ca3SiO5,False
6980,Sr2BePd,False
33280,ThGe2Os2,False
44249,MnGeTe2,False
19487,H8C12SO,False
53573,RbCdBr,True
53542,Li2Sb,False
2051,SmCoC2,False
34358,ScCoTe,False
19683,NaTlO2,False
38070,MnCuAs,False
24346,LiWO2,False
7582,HfBe2In,False
35928,OF3,False
32460,ThSiPt,False
11950,YBeCl2,False
9340,MgBe2Tl,False
40490,TlSbSe2,False
35729,Tl3V,False
1523,KBaCd,False
8079,BeInBr,False
31730,PmPbAu2,False
52569,Ta3AlCr8,False
45233,Mn3Be,False
14597,IrO2,False
26463,NaFeO2,False
30235,SrDy2S4,False
42932,FeO,False
36731,TiI,False
49173,Li2VO2F,False
35635,W3O8,False
45457,MgTiSiO5,False
20075,K2TlAuF6,True
51239,Mn8O13F3,False
31665,DyZnGa,True
2192,LiBeCo4,False
1323,VS2,False
20503,IrW,False
4550,NaBH4,False
7845,K3NaSe2O8,False
34748,Hf6Zn6N,False
54436,SrSn7,False
15849,Mn2AlCu3,False
52698,K2SO4,False
18140,H2C2O,False
34850,PrNdZn2,True
41012,LiIn2Pt,False
14184,Li2CaTl,False
23553,MoWSe2S2,False
10429,BeTl2Cl,False
23857,BaYBr5,False
45808,CaGe2Rh2,False
12609,Be2CrCd,False
39029,Na3NiO2,False
18997,Ti4Ru,False
23890,TbAu,False
50541,BeTlP4,False
26115,HfTe3,False
11362,ErCd,False
51041,InGeN2,False
18796,BaLa3,False
39557,Li4MgCo3O8,False
51118,BaSbI,False
17613,Zn2SeS,True
17645,NiF2,True
7362,TaAsRu2,False
17946,CdH14C9O4,False
34578,U2Ga2O5,False
4998,Zr3N2O3,False
1809,Ba4HfBi,False
53420,MgCl2,False
50521,Zn3In,True
50769,RbAlO2,False
26037,CdI2,False
42915,LiNiO2,False
27052,Li4CO4,False
27641,BeVFe2,False
26575,Dy2Ge2O7,False
33863,Sm2Ge5Ru3,False
25386,BaYCuSbO5,False
22752,CaBiB,False
43387,Ce3Ho,False
53294,TiCrCuS4,False
35050,SmDyZn2,True
962,ErB4Rh4,False
28297,Sc2AlAu,False
13374,Sr2Al7Ge,False
39847,CeMnGe,False
39657,YbRh,False
24539,K3Ta3B2O12,False
34109,Ta3Ga2,False
31742,CO2,False
47361,HfPd2,False
8215,AsRu2Au,False
22244,Li2CrS4,False
51398,Li3Fe7O12,False
51954,NbF3,False
16881,Rb2TlAgI6,True
24399,URh3,False
14063,PrCdNi4,False
23407,MnSbSe2Br,False
27314,LuAlAg2,False
46578,FeSn2C6N6,False
2775,Ba2YTi,False
51100,Zr2As3Se,False
4320,Y5CuPb3,False
31281,ReC2,False
22915,RbSnS2,False
26793,NpSb3,False
5574,Be2ReIr,False
50504,ZrCo4N4,False
16590,Sr2LaNbO6,False
45498,ZnMoO3,False
29635,Sr2CuP2O8,False
12064,MnBe2Cr,False
51479,NaBiF,True
5538,HfBe2Co,False
53227,SrZnF,True
32472,TbGePt,False
46641,Sm3GaO6,False
38848,NaTaGeO5,False
46731,Sm3Co,False
16252,Rb2PtI6,True
42157,TcP3,False
16671,ScCu,False
35134,YGa3,False
9718,BeGa2Se,False
49284,SrGeS2,False
41799,TmGa2Pd,False
3972,Hg3Cl4O,True
34541,Ac3Hg,False
8555,BeCu2Br,False
14902,Cr3Pt,False
40520,Li6FeO4F2,False
30617,DyFeC2,False
20963,ScGa3,False
46046,TbFe2B2,False
19456,YbCaCd2,True
3073,WOF4,False
43002,LiBi3Cl2O4,False
4459,Ca2B5H2ClO10,False
52343,Hf2Cr4Si5,False
13853,BaCoO3,False
31408,NdNi2Sn2,False
3784,TaSiIr,False
8057,NbAsIr2,False
54028,Li2S,False
17084,Nb5Te4,False
15717,Yb2TiCuO6,False
25496,K2SnSe3,False
37443,Zn2SiO4,False
40662,MoO2,False
53281,B2I,False
30043,Cr3N4,False
53065,TiOF,False
6222,ErMn6Ge6,False
28812,LiScS2,False
32257,PmSnRh2,False
14045,Ba3Ta2NiO9,False
51015,CuBN2,False
10820,Be2TlNi,False
53464,MgTaO,False
32131,KTeOF3,False
37583,VOF3,False
31274,SiIr3,False
9752,Ca4BeP,False
47742,Sm10S19,False
31442,Ta2OsW,False
8599,BaCu2P4,False
1473,Ba4HgSe,True
1069,Li2CoSnO4,False
50829,SrSbO,False
39650,Ba3In2O5F2,False
176,FeO2,False
13333,Co2SiO4,False
21341,BaCu3O4,False
9797,AsPIr2,False
14419,KDyS2,False
36216,V6O5F19,False
34722,TcPt3,False
25641,Ca2HgAu,True
47641,Li2FeTeO6,False
3981,SrMnPF,False
8186,CaBe2Cu,False
1891,Co3O4F2,False
29190,MgTe,False
30169,Dy2Nb2O7,False
27402,RbN,False
53355,Li2CrO2,False
30696,CdGaRh2,False
15772,FeAg3F6,False
53839,Li2NiP4O12,False
29049,NaAgC2O4,False
14754,Ca2PdN2,False
44045,K2TlBiF6,True
11535,Be2CrSb,False
19514,Ho2Ga3Ni,False
29463,HgGeO3,False
26108,HW2O6,False
5896,BeFeSb,False
11543,MgSb,False
50485,Nd3Sn7,False
44939,NiSb2O6,False
27528,Ga2CoRu,False
39906,Ni3B2O6,False
11158,Sc2BeNb,False
5212,Ba2TlSb,True
26512,MnO2,False
11601,ErFe2,False
41235,KBa4Bi3O,False
32616,CePd3,False
35331,SmDyRh2,False
19455,Al3Ni,False
18176,K2InCuCl6,True
3722,AlPt3,False
10758,Be2NiP,False
6300,EuGa,False
11756,Ta2BeTl,False
51134,AlCl2,False
17951,MnSnF6,False
41503,ZnCN2,False
43058,K2GaAuI6,True
7703,BeCuRe,False
6275,SmCoAsO,False
16122,LiCoNiO4,False
38306,ZrAlRh2,False
4940,Nb3Pt,False
38429,Li2TiVO4,False
15228,ThIr5,False
10633,TiW,False
23899,Li2Cu2F5,False
24735,H4N2O3,False
2924,MnAsRu,False
39227,ZrNi2,False
46769,KMnRu,False
39182,Na2MgC2O6,False
271,BaSrCd,False
5107,Ba2TiSn,False
35510,SmTe,False
881,La2MoO6,False
31307,LuB2C,False
49241,Li4Mn5FeO12,False
50951,BeNi3,False
3712,ZnH12C2N6Cl4,False
42720,Ba2Ga7Ag,True
13439,BeTlPb2,False
9605,LaFeO3,False
22104,Te4Mo3WS4,False
36719,PrMo3,False
38538,Ca2BN2F,False
14338,KLi2BO3,False
13806,Na2ZrN2,False
12475,Ta3Sn,False
48837,Be2BH3O5,False
31023,ZrRh,False
5666,Ba4GeW,False
54009,RbZnH,False
12925,LaSi3Ru,False
39356,Li4VCr3O8,False
46408,PrB3O6,False
8326,BeV2Hg,False
5781,PtN4Cl2O,False
53880,CdO3,False
30651,LiNdHg2,True
39955,SnPbF4,True
11520,CaBeCr2,False
19324,Li6MnS4,False
32928,TaCr2,False
47581,K2LiGaF6,True
8834,K2Si2Pb2O,False
6831,BeCdW,False
41604,CIF7,False
34041,H2CO3,False
2614,TbGa6Fe6,False
32098,Zr3ZnN,False
16732,K2ScInBr6,True
40268,HoCdPd2,False
28098,CdGeO3,False
22484,Fe4P,False
47892,Ta4C3,False
19869,H3C2SNO,False
37659,LiCoPO4,False
19073,SbSI,False
30671,PmDyHg2,True
50334,RbPdBr,False
42345,ZnGaNi2,True
16292,RbAuCl3,True
24580,Y2Si2O7,False
12605,TaBeCl2,False
45002,HeSiO2,False
39249,TlCu2Te2,False
5515,TaBeMo,False
43403,LaTi2O6,False
42949,CaAu3,False
20703,YbSe,True
12196,CaAg3,True
18542,ThI2,False
11636,Na2LiBe,False
15751,VH4C2O6,False
9225,KNaNdNbO5,False
4643,KBaIn2,True
529,SiO2,False
7316,NpNiSn,False
14964,SrMg2,False
36911,LiDy2Os,False
34509,DyNbRu2,False
28343,Si2TcIr,False
47993,Li5VF8,False
44321,H4N,False
30886,VCr2Te4,False
20825,LiFeF4,False
12056,SrTaBe,False
37966,Te2MoWS2,False
2568,Na2BeH4,False
18973,RbTlCl3,True
17916,Rb2HgSbCl6,True
36055,Sc2ZnCu,False
4319,NaSn2P3O12,False
3699,BePb4W,False
32263,DyAl3,False
41712,RuAu3,False
1016,TbCo2Si2,False
18191,Li2InBi,False
6140,Th3B2C3,False
52672,MgCd3C4O12,False
16920,ErBPtRh2,False
6314,LaB2C2,False
53916,SnHCl,False
11376,KNa2Be,False
19708,YbMg3,False
3171,Sc2PbS4,False
2937,Ba2MnIn,False
2807,B4W,False
42603,KCuS,True
11432,Ca2CuO3,False
53518,RbAlN,False
12898,Rb2ScAgCl6,True
8565,RbMo3S3,False
47175,Na3AuCl6,True
27063,Na3BN2,False
48901,H6C13S3O,False
2518,KAlH2CO5,False
37628,LiMn2F6,False
20090,Yb2ZnGe,True
24095,Sb2Se3,False
22878,PbI2,False
896,TbSb2Pd,False
31974,HoZn,False
35045,Pr3I,False
22745,GaP,False
29929,MgSb4O8,False
19397,NdSnAu,False
45579,Ho2CoOs,False
14650,Tm3In,False
38746,Li3NiO3,False
22204,MnCoSn,False
14528,Li5Fe5Co2O12,False
51498,NaAlP,False
23955,TiCl3,False
10881,BeTe2Ru,False
49655,NaPtO2,False
41175,RbBiF3,True
52060,Li4MnCo2O7,False
23280,Li4CoP2O8,False
31891,K2Ge2Pb2O7,False
24086,Ta2InC,False
26335,Mn3Ge,False
27639,VOF3,False
22682,NaGaTe2,False
12332,TaBeCd,False
20731,AgBiPd2,False
18544,Rb2DyAgCl6,True
30273,HfBRh3,False
21828,K3Zn,False
24094,LiCoSiO4,False
35750,HoGe,False
5878,Cr3AgO8,False
3814,Li3Nb2Fe3O10,False
17180,SrIr2,False
41596,Te3SeO8,False
37329,YWN3,False
14606,AcGaO3,False
11327,Mg6NbFe,False
6272,Li4Fe3Ni2Sn3O16,False
20126,Ba2CuS2Cl2,False
4306,MgO,False
22535,Ag2Te,False
7551,BeInPb2,False
39858,TaNO,False
39917,Tm3InC,False
24739,K2NaTlF6,True
7007,CeSi2Au2,False
8065,Y3Sc2Al3O12,False
1666,Ba4YIn,False
39742,DyHg3,True
34997,Nd2CdHg,False
21862,TiCu4S4,False
51070,BaBrO,False
35396,ErInRh2,False
45269,HfCu2P2,False
11786,K2HgPdF6,True
43920,FeCu,False
41131,TaS2,False
336,CoTe2,False
12114,Ca3Nb4O12F2,False
7402,NdAlH6,False
31109,Ti2TcNi,False
28770,LiTi2Ir,False
49694,CdH10C7O4,False
10625,BeCdIn,False
47663,Fe3W,False
27223,YLuCu2,False
24845,YCrB4,False
15967,LaMg2Ag,True
37007,MgSiO3,False
49193,ZnH10C7O4,False
3135,Fe12N5,False
5480,BaSnSb,False
32136,Tl2Ru2O7,False
42762,ErMg2Sc,False
37889,TmMgRh2,False
19315,PPdSe,False
559,BeRePb4,False
42390,MnH4Br2O2,False
53135,Yb4CdS7,False
41506,NiHg4,True
27958,NdTlSe2,False
42674,Rb2ZnO2,True
9338,Be2TlFe,False
20783,SrCa3Br2N2,False
41060,YbTi2CdO6F,False
27256,HfInCu2,False
40013,CoSe2,False
23822,YSi2Os2,False
11735,CaPt2,False
40841,BaCo2As2,False
12649,AlCuO3,False
310,Mg4BeRu,False
40495,NiO2,False
39956,Li8PtO6,False
49166,InGaO2,False
25396,K2Cd2O3,False
44694,Er3Mn3Ga2Ge,False
52714,GaFe19N5,False
12229,Nb6AlGe,False
22575,H8C14S2O,False
8781,ZrBeW,False
13116,PrNi2As2,False
26899,ZnAs3,False
6723,CaBeRh2,False
54364,LiSn7,False
7476,BeZnCr,False
17434,Ho2InAg,False
37302,Mn2CoO6,False
2754,ZrCoP,False
11549,Li2ZrF6,False
17302,NbAl6Mo,False
16677,Rb2SmCuCl6,True
54164,ArZr,False
39541,Li3CrBAsO7,False
8688,Sr2BrN,False
40606,ZnI2,True
4250,SrTaF7,False
19387,Na3BrCl2,True
10593,Sc2BeCu,False
48859,Li7Mn2Co3O12,False
47460,AcMgO3,False
25876,LiNbTe3O12,False
26704,LiTaOs2,False
5503,MnSb2O6,False
3394,Ba2CrTe,False
37557,TbLuHg2,True
49329,La4C2I5,False
43433,MnGa,False
17477,LuS,False
44997,Ag3BO3,False
36727,Li4MnCo3O8,False
33721,DySeClO3,False
17315,SmBeCu4,False
26663,Hf3N4,False
3562,ScCr2AgH4O10,False
43026,CaFe2S4,False
49231,GeNO2,False
52660,BaMgSe2,False
19264,K2TmCuCl6,True
30443,AlF3,False
5053,Te3As2,False
4541,SiSbPt,False
8046,NaBeSn2,False
4375,BaTaMn2,False
2139,YSi2,False
52995,Tm4Ni2C5,False
688,CuO,False
1173,EuF2,True
43704,LiNdIn2,False
31915,KLiSO4,False
24223,Co9S8,False
15649,V3O5F,False
15613,V2N3,False
28465,MgSiN2,False
25743,Ce3In,False
54207,CoMo4O15,False
43142,TiTeRu,False
46235,SmF3,True
54324,DySn7,False
31826,TmSnRh2,False
36878,CoC4O4,False
45904,Na2SiF6,True
39050,FeNi2S4,False
10344,BeZnFe2,False
50270,PbBrCl2,False
22499,V3O2F6,False
11406,TaBeRu,False
31445,DyAlAg2,False
24597,CaDy2S4,False
22817,LiPt7,False
35859,Mn2HO4,False
26719,K3AlO3,False
1458,CeAl,False
10287,Pd3N,False
47839,VPb2N3,False
25177,Cr2O5,False
45584,Na2Mn2O3,False
15785,Ho2NiSb4,False
32337,TmCl2,True
19725,TiCo2Ge,False
45077,YAl3Ni,False
17671,Tl3GaF6,True
40619,USi2,False
10351,TiBeCl2,False
8237,NbAsRu2,False
54162,LaCuPbS3,False
30981,LiDy2Tc,False
18247,PrAgSn,False
21704,Pu3Th,False
43249,Ca2Si3Ni,False
32221,NpIr2,False
25748,Ba3Zr2O7,False
20382,Ni3OF5,False
8320,Be2CuIr,False
1965,ZrCo3B2,False
48004,SmGaSi,False
47652,AlGeMo,False
42775,CrO2,False
46917,NiPS,False
30385,GaPPt5,False
39492,Ta3Sb,False
13022,K6CoSe4,False
34036,Sc2GaPt,False
1153,Li2Ni3SbO8,False
28329,CrSnRu2,False
25289,Li3CuS2,False
144,VS2,False
4035,Ba4CoPt,False
8192,Nd2CuGe6,False
35806,PrAl,False
29462,BaNd2ZnS5,False
11083,Ba4NaOs,False
24646,YVF5,False
1155,ScAgP2S6,False
26131,LiVPO4,False
26315,Li2CuGe,False
12785,Ce2FeSe2O2,False
8853,CaTiF6,False
16942,HoFe2Si2,False
34806,VGaPt,False
19862,LiAgO2,False
3763,Ni3S2,False
21071,RbHgN3O6,False
19079,NaSrN,False
12602,NaMg6Mo,False
3231,CuPN2,False
52916,YBr2O,False
41668,Rb3Bi,False
45270,SbF5,False
48631,NbF2,False
15620,NdLuS3,False
31415,LuAgO2,False
3385,MgB2H8,False
19930,CaInPd2,False
39215,SNF,False
15329,MnTeO4,False
44169,SmZnAgAs2,False
29576,Ca2Co3O8,False
9082,RbV3Se2O12,False
32733,CaMgSi,False
20201,Ni6SnSb,False
33102,Hf2ZnRe,False
45155,Li3MgPCO7,False
9457,Y2H2C,False
33262,Te2Mo3WSe2S4,False
28317,Ce4DyO9,False
15157,ZrSc,False
27193,Mg2Sb2O5,False
9953,Be2NbRh,False
19276,Rb2LiTiF6,True
38767,K2O,False
37230,PdAuO2,False
9961,Mg6GaBi,True
28199,MoF3,False
35186,YErIn2,False
31311,NaPmHg2,True
37487,YSb,False
36793,YHgPd2,False
9835,MgBe2Te,False
17905,GaCuNi2,False
7516,AsOs2Pd,False
53827,Ca3C,False
35290,PrMgAu2,False
43343,ZrI4,False
39654,BaMn2Ge2,False
52429,SrSiH,False
8181,ErSnPd2,False
40753,SmIn2Rh,False
34440,Ga7Ni3,True
15016,SrSi3Ni,False
1606,ScBeSb4,False
40449,LuH3O3,False
16602,K2LiAsF6,True
19762,PrMgIn,True
13363,PrMg3,True
29828,BaCaV4O8,False
33784,Be2CuPt,False
39450,Mn3IrN,False
29385,PrCd3P3,False
17018,YRh2,False
27541,YbPO4,False
17703,K2BiAuCl6,True
17932,H7C8,False
18700,Sr2HN,False
16503,HoMnIn,False
42488,US3,False
49305,Li2Mn3CrO8,False
6826,BaDy2CoO5,False
18360,V6SiGe,False
31937,NdAl7Au3,False
39633,MgCr2O6,False
7026,Bi2PdO4,False
2780,LiGaBr4,True
42311,PrY3,False
34119,Tb2B4C,False
45974,Er5BiPt2,False
21042,USi2Au2,False
30207,Ca3Sb2,False
5735,DyCrB4,False
9366,PH8C2NO4,False
4582,Ba4MnV,False
50936,Tm2ZnIn,False
6221,Be2InP,False
33440,TiFeSe,False
14444,NaCoPO4,False
45080,HfSnRh,False
52270,UMnB4,False
11347,BeCo2Ge,False
39259,TbInCu4,True
6850,Ba3Cd2As4,False
1264,Ba4MgPb,True
14569,YbLiGe,False
53443,LiV6O7F5,False
20397,LiCo2CuO6,False
28284,KTl2In,True
16552,YbLaTl2,True
51537,LiCo2O4,False
4154,BaPbCl,False
49797,La5Ge3O,False
53332,TiAlW2O8,False
45242,NdP5,False
49435,ZnCrN2,False
312,B2CN,False
24725,TiCo3O8,False
11388,K2TiBe,False
29508,MgCr2S4,False
49630,Mg3O,False
41033,Ca4ThF12,True
12202,Zr2SeN2,False
657,Ti2InCo,False
46366,SrMgSi,False
23103,Cs2PdI6,False
40107,DyTiGe,False
1520,Mn5Si2,False
13967,CdPb2Cl2O2,False
31820,As2Pd,False
16904,Cr3Ru3C2,False
3522,Ba2HfPb,False
842,Ba4ScPb,False
23567,HfV2,False
52491,BaBO2,False
36928,AgBrO2,False
40292,SrMg2FeH8,False
19827,Li2CdIn,False
23235,Nd2O3,False
29861,B2AsP,False
3091,KBaPS4,False
50668,Mg5Pb,False
12173,La2FeSe2O2,False
229,HoCoSi2,False
44806,Pr3Si2S8Cl,False
8138,Y2BeGe,False
19341,Rb2AsAuCl6,False
39577,K2ZnBr4,False
6632,Mn6O5F7,False
41777,HoNi3,False
47970,CeTmMg2,False
11466,K3Sb7S3O9,False
5839,BaIrBr,False
38565,ZnCr2O4,False
38690,LiAgO2,False
24019,GeMo3,False
53333,B2Te,False
34103,U6Co12Ge4C,False
40259,Ta2H4O7,False
33487,SmSe2,False
34762,Lu2TlCd,True
43588,Mg2CrWO6,False
50275,Li4Cr2P4H3O16,False
24427,B4PbO7,False
13670,In2Rh3S2,False
40965,Nd2CuO4,False
45319,NdCl2,False
44833,ThOs2,False
451,Be2CuIr,False
17756,ZrZnCo2,False
4777,BaSc2Be,False
50263,BrClO,False
17211,LiCoN,False
1184,MnSn3,False
21295,Sr3UO6,False
48369,NaLaO2,False
28137,TiSnRh2,False
46838,LiAg2F4,False
15759,FeBiO3,False
19518,HoSe,False
37359,CoAs4F18,False
18582,Ba4As2O,False
14410,KHI2F12,True
17764,HfTiPb2O6,False
2648,NaFeBP2H3O10,False
44389,AlFe3B,False
47069,Ca3Si3Ag2O12,False
10753,ThCr2B6,False
34959,Hg3C,False
48801,SnHC2,False
6145,BeCoPb2,False
46131,PtS,False
11955,Ge3Au,False
35805,BaNb10SiO19,False
13883,LiVNiO4,False
26502,KCN,False
11999,BeFeBi2,False
28162,NdSnAu2,False
41239,NbGa3,False
49779,TlSO,False
18788,Mg2As,False
46196,Te4Mo3S2,False
39792,Sr2NiMoO6,False
16450,HfGaCo2,False
28497,Fe7O8,False
34546,NiRhF6,False
48734,GaAgS,False
36816,Si3MoPt2,False
23858,BaAlFeCuO5,False
36877,RbNpO3,False
39524,MnInNi2,False
52655,Mn5Nb7N2,False
49742,YPbO2,False
11369,BeCuSe,False
52113,MnZnF,False
37432,CaWN3,False
54307,CaSn7,False
54077,Li2Zr6MnCl15,False
9856,LaPt5,False
33510,Dy7Te2Ir2,False
30780,LuCo2Ge2,False
49177,ZnH10C7O4,False
45646,K3BePCO7,False
26327,URh2O6,False
12887,K2Pd,False
15127,ErTlS2,False
2290,PbI2,True
42219,Er2RuPt,False
36466,MoO3,False
41568,TiCu,False
6731,BeGaTc2,False
3889,Nb2GaC,False
794,BeVSe,False
32819,ErB4,False
30913,Ca2SiO4,False
34996,Mo3WSe6S2,False
49273,NaGeSe2,False
14421,TiAlCo2,False
52595,Sr12Sn4N3,False
22477,Li5FeS4,False
43771,AuSe,False
51214,CoNiGe,False
20424,BaVSe2S,False
37975,LiVF6,False
12497,BaIn,True
25435,LiCrSiO4,False
25681,BaGeO3,False
534,VSe,False
44538,Pu3Al,False
39888,V2Zn2O7,False
44802,Yb2Ti2O7,False
17081,Sr2TlZn,True
15935,VTc,False
13829,PrCd,False
46730,Pr4As3,False
17248,SmAlCu4,False
2132,RbAuI3,True
49098,ZnNF2,False
37257,Ta3SiTe6,False
12747,Li9Co2O8,False
28020,LiScHg2,True
23454,SiO2,False
30565,LaCuPb,False
5179,Ba4BiIr,False
49484,ZnH18C11O4,False
39821,Li2MgGa,False
35035,Lu2GaAg,False
21431,Rh2S3,False
36536,Te4Mo3WSe4,False
47917,SnICl,False
52592,BaCdBr2,True
37111,YCdGa,False
26330,CaO2,False
6241,BeCuHg,False
18622,Cd2SnGeAs4,False
11263,K2NaBe,True
17769,Ce3Th,False
28455,Ba2Sn3O7,False
52356,CeRhO3,False
49923,NaAsSe,False
51758,AsSI,False
10915,NaCaFe2Si4O12,False
7618,Be2NbTc,False
40395,NdLuSe3,False
16150,TbBiPd2,False
38688,CdSO3,False
21319,CeTh3,False
8715,Be2CoCu,False
1221,BaMg6Ga,True
47979,GaNO,False
42556,Nb3Br8,False
26214,LaPd2,False
30766,MgV4O10,False
41960,NdAl4,False
48489,Sm2Be2SiO7,False
42663,DyScO3,False
47225,Nd2MgCd,False
35285,Mn3PdN,False
42988,K2LiAlF6,True
39683,Sm2Co12P7,False
14022,TaTe5Pt,False
5458,NaBeMo,False
25332,Rb2NiF6,False
10951,BeIrW,False
3673,Ca4BeV,False
30899,ZrPd3,False
31822,TiBi2O5,False
9608,Be2CdBr,False
22023,K2NaNdI6,True
18647,InAg2BiSe4,False
7268,AsOsPt2,False
25768,Ca2PdRh,False
49255,NaGeO,False
25280,TiS2,False
16475,V2Cr3Sb3O16,False
1041,SnRh2,False
49638,CdH6C5O4,False
15581,MgCdS2,True
22970,Mn2SnS4,False
21491,Na2HgO2,False
47635,U3Pt,False
37618,LiV2F5,False
46690,TiCr2,False
10164,MnBe2Re,False
21019,MgO2,False
49150,TiH12C7O4,False
16944,RbNiO2,False
41199,KNdTe4,False
10768,Be2CuGe,False
5638,BaZnTe,False
25004,Rb3Mo2Cl9,False
37724,MoN,False
5869,BeNbPb,False
29232,Y3BrO4,False
10227,Ba2SnS4,False
41194,Cu2Sb,False
36130,Co3NiO8,False
43,K4MnMo4O15,False
31396,Er2CuRu,False
6686,Be2VCo,False
33460,Cr23C6,False
220,P6H24N6O19,False
49043,CrNO2,False
30405,Li3V4O3F9,False
6294,Be2ReRu,False
15881,FeSe,False
6227,NdGd2,False
26954,ZnCuNi2,False
22831,Tl2SO4,False
23784,Li2Mn3SnO8,False
20660,PrPaO4,False
23173,MnSb2F12,False
7254,BeCoBi,False
27065,Ho3Zr,False
42434,YB4Mo,False
15575,Co2Ge,False
4855,BaIrRu,False
19439,HoNi2B2C,False
7452,CaB2C2,False
25775,CoH2O2,False
25899,HoP,False
53132,Zr5AlNi4,False
40289,ErH2,False
4957,LiPd,False
19521,KCd3,True
53386,BaOF,False
11574,Sr2BeV,False
31649,LiY2Os,False
38498,Ca3Al2Si3O12,False
14518,LiAg2F4,False
43443,Hf2MoPt,False
5407,BaTiHg,False
26291,BaIn2Pd,True
24879,Ho2Ge2O7,False
3323,LaNi2,False
7443,H2O,False
1272,Ba4MgSn,False
20290,Sm2Si3Pd,False
14241,Fe4OF7,False
38577,Ba2CaWO6,False
12815,ZnTe6O13,False
48912,H8C14SO,False
18854,RbTlF3,True
33259,TmSbPb2O6,False
2224,Mg2GeO4,False
38264,Na3MnPCO7,False
19716,LiThHg2,False
11213,BeGeMo2,False
28897,GeTe,False
1626,Sr3Mg,False
46073,Na3MnBSO7,False
48718,TiNi3P4O16,False
35697,ThAl4C4,False
46206,CaPrCd2,True
9637,BeGaW2,False
24540,FeSe2,False
30417,LaScSi,False
327,Mn2FeO3,False
764,Ba4InSb,False
5259,Li2Mn3SnO8,False
6837,BaMn2O5,False
45300,Rb3Si,False
16211,Ce2InAg,False
17060,Rb3LuCl6,True
28406,FeCuO2,False
43152,RbBeH3,False
41345,NaFe2O3,False
791,BaSrTe,False
23611,FePbW2,False
33042,LiLuPt2,False
53201,NaLiH,False
15966,NaBiSe2,False
21091,KCdF3,True
29951,NaTiO3,False
36876,Ac3Th,False
40833,GaS,False
10320,LaBe2V,False
33768,KVF3,False
35865,BeNbRu2,False
36665,Li6Mn5CoO12,False
18752,ThCdCu2,False
42089,RbSb3Se5,False
10231,CaMg2,False
7569,CaAlAu,False
2470,Sc2Te3,False
31755,Dy2Co3Si5,False
33820,TiSiOs2,False
5648,MgB2H8,False
52562,B2H,False
45469,Mg2Cu3Si,False
47697,CrHO2,False
3591,Tl3Au,True
14150,BaSnF4,True
17629,KErS2,False
18934,H5C8NO2,False
33940,NaMg,False
34958,MgZn2,False
32882,Ba5As3ClO12,False
9692,BeTc2Ge,False
605,VOF3,False
43701,NaAlO3,False
23174,InCoSi2,False
30599,Li4Mn3FeB4O12,False
29464,KRb2RhF6,True
25243,Ba3NiIr2O9,False
54495,H2C,False
3154,PtN2,False
49533,LiI2,False
28294,V2CrFe,False
1223,Ni2PO5,False
47167,DyPu3,False
7997,MgTaAs,False
25602,AgClO3,False
50997,Cr8Co3NiS16,False
8306,Be2HgRu,False
5820,BeCo2Bi,False
25662,CuCO3,False
24063,FeN,False
34774,ScCo3C,False
43734,Li2VF6,False
7968,HfBe2Tc,False
31982,ThSiTe,False
12924,UCoGe,False
47779,Cu7Si2,False
38054,Li2TiCo2O5,False
3743,Li3Nb4VO12,False
30086,LiVH2OF5,False
24807,ZnGeO3,False
8699,AsOsBr,False
27714,CuHgSBr,True
25269,Fe12As5,False
6702,BeZnCl,False
44126,MnInO3,False
35507,SrSi,False
34654,NbGeRh,False
48036,CdAg,False
17057,Ce3Cd,False
13317,Ba2ZnO3,False
13709,NdAg2,False
45986,U3Bi4,False
4883,Yb2O3,False
43901,Dy2Ge3,False
52250,GePbS,False
3628,Ba2MoPb,False
50335,Th2SiGe,False
46334,BAsO4,False
8592,Be2HgSb,False
13877,Dy2In3Sn3,False
5709,MgBe2Cu,False
2934,MnBePd,False
5006,BaMgSc,False
18263,H4C6S,False
7533,LiCo2OF3,False
39436,Rb2CuCl4,False
49380,NbTeI,False
41995,Pb2SO4F2,False
14975,Lu2TlIn,False
30629,Y2Re2Si2C,False
34355,Sc2CuOs,False
51185,Li2Co3NiO8,False
17744,HfH8C6O4,False
21635,Li2FeCuO4,False
720,EuIn2,False
42574,Rb2SiAs2,False
6370,ErBRh3,False
39225,NdMg2,False
44695,MgNi5,False
47657,Tb2Al3Fe,False
43399,RbPO2F2,False
3488,MgAs4Rh6,False
46644,B3H7CO,False
41372,Rb2Mn3Se4,False
44944,YbSi2Au2,False
24928,Li2GeO3,False
46358,ErFe4B,False
610,Re3Ni,False
42751,CaAl2B2O7,False
664,RbTlO3,False
37198,Na6ZnSe4,True
44192,AcTlRh2,False
34760,Rb3Li,False
15305,Tm3Ge,False
41929,HoIr,False
7539,YPdPb,False
17004,Sc2GaPd,False
30384,NiS2,False
17755,HoCu2Ge2,False
52395,NaHoTi2O6,False
32,Rb2PdI6,True
8167,LiP,False
52068,Li4MnCo2O7,False
18361,Mn3Re,False
24628,CaCo2O4,False
12619,InAgAu2,True
36852,ZnC2S2O6F6,False
5645,BC7,False
6252,BeV2Cd,False
23591,ErSi2,False
50556,LiMn2B2O6,False
47508,Nb3AlV3Sn,False
44275,Li2U3P2O15,False
18815,H6C7N2O,False
18940,YbCeMg2,True
11559,NdCoO3,False
40826,ScZnMo3O8,False
32223,MnVRu2,False
12672,YAgSe2,False
29205,TiS2,False
49705,Hf3Ni20B6,False
33754,Lu2RuPt,False
52082,Fe4O5F3,False
28141,Ti2GaFe,False
14240,VNi3,False
47303,Tm2NiPt,False
45446,VZn2P2O9,False
31228,SrNi2P2H4O10,False
7042,SiNi2,False
14053,UTeN,False
50207,Li5Co3O8,False
11176,KBe2Sn,False
25710,Ni5P4O16,False
52722,AgAsO2,False
35560,Ho3In,False
42346,Yb3Pr,True
31746,CeB4,False
9231,BeHgPd2,False
23152,CdI2,False
9288,SrTaNO2,False
44918,NaTl2MoF6,False
16530,NaLi2IrF6,False
50605,RbTlI3,True
987,BeCuBr,False
35705,Lu2AlRu,False
27024,AlAgS2,False
22744,RbI,False
15025,SbSeI,False
26974,Rb3Re,False
23661,NaLi2N,False
51785,AsI,False
22501,Li3Ti4O8,False
6313,Ca2BeBr,False
16560,HoBiTe3,False
38821,Fe6O5F7,False
29523,PrCuS2,False
7868,Ba2SnO4,False
3923,CaSiBHO5,False
48746,RbTlBr,False
2635,BaMg6Mo,False
39592,Dy2Mn2O7,False
4546,Tl2TeCl6,True
18726,LiCo2OF3,False
53434,KSe,False
15808,FeMo3S4,False
6188,NaZr2TiF11,False
54506,VGa3,False
1751,Mn3Sn,False
11265,BeCr2Ge,False
23589,SnPS3,False
17737,HfH3,False
48404,BHC,False
206,NdMgSi2,False
11749,Li5Co2O2F5,False
29837,Nb3Tl,False
8241,MoAsW2,False
30445,Rb3YO3,False
41182,IrN2,False
23046,GeO2,False
10090,LuCuAs2,False
42486,Sm2SbO2,False
7323,BeZnMo,False
32538,Mn2P,False
16210,Te2MoW3Se6,False
52982,InO3F,False
45131,LiMnF4,False
31094,CaMn4O6,False
4567,BaTlPb2,False
53706,AuS,False
44318,Zn2CdN2,False
2726,BePd4Se,False
6135,BaCuSeO,False
28519,Te2MoWSeS,False
39983,Cu3TeS3Cl,False
25731,V2Te2O7F2,False
48947,Er7Te2Au2,False
9806,FeBiO3,False
41844,KMnSe2O8,False
47100,SiAs3,False
34098,SbPt3,False
53821,Ca2C,False
47672,ErLuPd2,False
30573,Na2Hf2O5,False
46749,SnO2,False
4008,BaInIr2,False
1674,NaZrCuS3,False
43396,Rb2NaPdF6,False
30943,LuInPt,False
24486,KAs,False
24387,BaYMnCuO5,False
47000,CaTa4O11,False
41856,Hf3Zn3N,False
16801,TbAg2,False
37541,V3Cu,False
14761,SrCo2Si2,False
36858,Rh3Pb,False
46199,TaTlGe3O9,False
27290,HoErRu2,False
20710,ZrP,False
35276,WSe2,False
46823,Te11Mo6S,False
38799,Ba2CoMoO6,False
29781,Mg2Mn3O8,False
18301,YbSm3S4,False
12494,TiNiSn,False
23552,Ca3MnCoO6,False
43843,NaNO2,False
54372,Sn7Rh,False
12687,Be2InRe,False
12808,LiZnAg2,True
46293,HoBi2O6,False
20077,TlBi2,False
35492,SrReN3,False
41228,BaYFe4O7,False
15961,UC2,False
48621,Li2Si2NiO6,False
52534,Li2MnPCO7,False
28863,Fe3Sn2,False
18688,ErUN2,False
24750,Er2SO2,False
54357,Sn7Kr,False
38977,Mn2P2O7,False
35205,RbBaTaS4,False
45606,NbF4,False
39589,CrBO3,False
2028,SrLi4P2,False
36722,Ag3P,False
50688,CuSnPd2,False
16253,Ag3Ge,False
40978,YIn2Ni,False
7932,Sc3IrC4,False
20523,CaTm2Te4,False
48963,Tb2LaRuO7,False
23722,NaPdO2,False
49708,TePbO,False
48670,Ta2CuO6,False
12035,CeSi2Pd2,False
16043,KAs2Ir2,False
46971,BaZrSe3,False
17524,K2TlAsF6,True
40204,Ba2YCr3O8,False
9293,Be2HgCl,False
26156,TiAl,False
25179,Ca2MgSi2O7,False
31520,NaNiF3,True
48302,ZrIN,False
42227,Hf2MnCo,False
23041,USnPt,False
13541,LiBe2Ru,False
33769,Pm2HgGe,False
12444,Be2WCl,False
23165,YScBe,False
29208,CrCo2O6,False
25815,SnS2,False
32779,BaAl2Si3N4O4,False
9760,HfBe2V,False
37512,MnBiS2Br,False
21495,Th2CuSi3,False
13618,TlF,False
29742,Si3W5,False
33591,Y2AgIr,False
19359,NaLiMnS2,False
13084,SrMnSn,False
43974,ErAl2,False
47804,HfTa2VC4,False
4900,Ba4TaPd,False
37713,LuMgCd2,True
53673,Mg2N,False
52772,KMn8O16,False
11164,Be2CrW,False
20535,H6C11O4,False
1579,Fe3O5F,False
13183,Hf2N2O,False
33816,LiZr2Os,False
5532,Ba4BePt,False
32158,Li3HoSb2,False
35047,Sm3Ho,False
42383,K2GaAgCl6,True
47437,K2TlAgF6,True
35589,NaMn7O12,False
32325,Pm2ZnSi,False
44862,TlFe2S2,False
15098,Y2MgCu2,False
23675,Li5CrCl8,False
41186,Y3InC,False
32872,YbGe2Rh2,False
28310,PdN,False
40956,BiO2,False
18133,Nd3Mg,False
12553,HfGeSe,False
15601,NaBiTe2,False
38514,DyVO3,False
43374,LiMnIr2,False
2002,K3SbN3O9F3,False
11620,Be2NiMo,False
21775,MgAg2O4,False
24563,TiCdO3,False
28659,TlSnPb2,False
9348,YBe2Mo,False
8912,LiTaBe2,False
31936,PmSnAu2,False
7135,Sc2FeSi2,False
49518,LaMnZnFeO6,False
9762,BeCdSi2,False
51193,IrRh,False
40630,TbMnSi,False
50313,CaMn28,False
34855,Ho2CuRu,False
35163,K2SrCdSb2,True
49415,ZnH14C9O4,False
6713,K4BePb,True
46801,MnSb2S4,False
46620,Sr2B2O5,False
27938,K2CO3,False
32443,SrNi2Sb2,False
49528,Li4MnCo2O7,False
50486,RbCl,False
4605,Ba2CdSb,True
10731,Ba4FeCo,False
37489,CaSnS3,False
17271,H8C15S2O,False
25393,MnTePd,False
50619,Ca2ZnPb,True
25501,Na3AlP2,False
21204,Mn2Sb,False
27401,Li4CO4,False
40073,LaPb3,False
52450,FePH3CO7,False
34245,Sc2CdAg,False
49219,H4C5SO2,False
43733,Mn2VSn,False
36142,TiPd,False
42636,CaNiO3,False
39489,Li2MnCrO4,False
12137,Be2CrBi,False
11096,SrBeMo2,False
1610,Te7O6F30,False
23462,ZnCr4S8,False
27360,TmTlS2,False
38579,GaMo3,False
35390,K2Al2O3F2,False
23870,Pr4C2Cl5,False
28939,FeAgS2,False
8729,NaBe2Mo,False
43288,ZnS,False
19182,K2AlHgF6,True
7385,GeAsP,False
15481,TbBa2TaO6,False
890,LiVF4,False
30834,LiRu2W,False
15825,CdH2SeO4,False
46335,ZnS,False
36156,Te2WCl6,False
48677,BaAgO,False
35429,SmBiAu2,False
40969,Li2PNO2,False
9832,VAgP2S6,False
1695,Sc3Si3Ni,False
9296,BeZn2W,False
36209,ThCdPd2,False
29985,HoBi,False
12714,KClO4,False
6727,K2NbCl6,False
37910,Li2VCrO4,False
22955,Sb2Pb2O7,False
37916,Li2Mn3F8,False
46883,CaSnS3,False
24137,Sm3NbO7,False
24184,ZrSO,False
21229,SrNd2S4,False
20321,SmGa2,False
53034,TlMoF,False
39931,SmZn,False
10762,BeCo4Pt,False
51698,ScCCl2,False
8270,TiNbO4,False
21145,Tm2TlZn,False
46679,ScSnPt,False
54,YMg,False
17599,Sc3GaC,False
4295,YAs,False
4240,CrClO,False
40930,NbW3Se8,False
24567,Co5BiO12,False
44183,Er2CuIr,False
46027,Li2MnSnO4,False
30,LiMn5O3F5,False
29020,CaCl2,True
646,K2Ga3,True
11167,CaBe2Ga,False
36004,SmTlO3,False
8668,PrAu,False
19071,NdGe,False
9502,Fe3PtN,False
4719,SmSb12Os4,False
35247,YHoAg2,False
50422,Na6Zr2Si4O17,False
11374,Be2GeRu,False
24099,LuCd3,True
33993,CaAlPd,False
4927,BaMgTl,True
47348,RbNa2NiO2,False
41943,Ni4Mo,False
9748,Mg6GaBi,False
20537,Ti4Pd,False
18205,CrB2,False
29675,Mg2BiPO6,False
43751,TlCl3,False
5850,Be2RuSe,False
23493,CaP,False
87,Te4MoW,False
40230,H4BrN,False
22319,MgAlF5,True
47844,RbAgS2,False
41930,NdRu2,False
38544,Mg2VBiO6,False
16394,La2FeSi3,False
15145,GaFe3N,False
8446,AsPdRh2,False
46180,NiB4O7,False
24779,Co2NiO6,False
2798,Y2O3,False
32147,K3YF6,True
43146,Y3Ge4,False
40945,DyBC,False
21227,Be4CuSi,False
29497,CaZnF4,True
18044,InS2,False
24329,LuNi5,False
49443,ZnH16C10O4,False
7729,TaBe12,False
48284,LiMnCoO4,False
17453,ZnH8C6O4,False
25835,PuIn,False
42484,YHfBe2,False
10477,Be2PtCl,False
19072,ErPaOs2,False
25130,NbCoTe2,False
15147,Na2MgH8S2O12,False
15239,In3Sb5O12,False
25884,NaLiICl,True
49956,SnH12C6F2,False
19093,CaPbSe2,False
28457,SiO2,False
18481,CeFeCo,False
32091,ErZnIn,True
6521,BeCdCo2,False
11470,Be2NiSe,False
44179,K2NaTiF6,True
32017,ThSbSe,False
51388,Li2AlCr2SbO8,False
19567,Fe3CoN,False
9881,Be2CrW,False
35121,RbCu2Br3,True
12426,HoSnAu,False
37048,CrO2,False
24647,Tb2SO2,False
29221,BaNdMn2O6,False
50333,FePO4,False
49002,RbS3Cl,False
14608,MnAl2Cr3,False
30963,CeBr3,True
53111,CaAlS,False
43237,LaSiPt,False
50337,Yb3Co8Sn4,False
29142,LiCu2Pd,False
40378,UPb,False
339,CeSi2Ir,False
53144,Li2MnO2F,False
29648,MgMn2O5,False
24564,Cl2O,False
47535,CaYPt2,False
28638,AgSbPd2,False
49675,CdH8C6O4,False
31816,ScTc2Mo,False
6690,TaBe2Ni,False
32508,Hf2GaSb3,False
26286,LuNiC2,False
41169,Ni3Sn,False
2618,PHOF2,False
25171,MnSbSe2I,False
5493,ScBeFe,False
47783,Cr4InCuS8,False
36017,CrRh3,False
7349,BeInP2,False
43556,K2PbO2,False
51856,SrAgPt,False
47008,NbW7Se16,False
41223,ZrGeO4,False
17262,HC2F3,False
34823,KTcO3,False
7882,AsIr2Pt,False
45906,V2NiTe2O10,False
38044,LiMn3OF5,False
41955,SrAu5,False
3754,Ce2WC2,False
44133,ZrMn3,False
16356,ThCr2Ge2,False
45733,SmSI,False
39265,TlPF6,True
20383,H6C12S2O,False
48647,SbPbO2,False
38702,PrNi5,False
47010,Tm2NiAs2,False
42193,Al2SiO5,False
7900,Be2MoPd,False
16812,Ta3B4W3,False
14306,SnCCl3,False
46513,As3W2,False
52943,Mn3As2O14,False
25287,Ba3MgTa2O9,False
21880,BeGeB,False
10010,Be2ZnGa,False
20843,K2NaMoCl6,False
12468,BiAu2,False
48068,LiPW,False
25405,Pr2SnHg,False
4758,Ba4HfMo,False
46878,Ce3Bi4Pd3,False
53513,LiZnO,False
32139,TmNiGe,False
19194,Ti2VSe4,False
20955,Ti2FeNiSb2,False
51736,Sr2MnCuSO3,False
24200,SmZn3P3,False
51092,Li2Al,False
27986,Li2AgAu,False
31715,Nb4CoSi,False
11061,TbSiNi4,False
27054,SmInAg2,False
25188,MoW2Se4S2,False
10583,Mn3O2F4,False
22949,Al2GeH2O6,False
22321,Ba5Bi3O11,False
23194,CrF6,False
27460,Ti2CuTc,False
41328,GaPO4,False
54278,CdCO,False
54553,Se2Cl,False
44786,NdCo4B4,False
17479,Ce2ZnSb4,False
49629,CdH4C4O4,False
575,SiPdO3,False
36618,DyYCd2,False
28731,Pu2O3,False
5174,SrH16O10,False
27411,YbInRh2,False
30477,KRb2ScF6,False
50498,Dy2GaCu3,False
19984,KCaI3,True
19361,IF3,True
7646,Li3MnOF4,False
45169,K2NiF4,True
18243,Tb3Y,False
33120,Pm3Sn,False
10590,Y2HfBe,False
51728,CaZnO,False
50568,LiAgO,False
38394,BiRh,False
52688,NdP3H6O12,False
46272,Al2Sb2O7,False
7193,VAsW2,False
34146,Ce2MgAl,False
53837,CaGaN,False
33868,Tm2CuOs,False
17332,HoGa5Co,False
34309,LiCa2Mg,True
11336,ScBe2Mo,False
5240,Ba4ZnCo,False
15272,SmAgGe,False
16694,LiSiAg2,False
47903,PbICl,False
35053,K3Y,False
14919,WSCl4,False
25128,Ba3TiS5,False
41308,Ti2InC,False
8714,LiFe3O6,False
45140,CeInAu,False
44722,Sc5Sn3,False
1820,LaSF,True
53470,MgTaO2,False
48813,H7C11S2N,False
17353,CeAgSn,False
2589,LiAlH4,False
30469,GaMo4S8,False
6057,NaMgBe,False
1270,BaSr2Ga,True
53884,CdPS4,False
21996,ZnCo2,False
32448,Pm2CdSn,False
18696,Li2Cr2FeO6,False
28273,XeIF7,True
49013,ZnCoF3,False
1764,K2FeCuC6N6,False
7285,MgBeSb,False
6091,LiBC,False
25867,Sr3MgFe2S2O5,False
42293,Rb2TiAuF6,True
11609,ScAlGe,False
2161,Li8CoO5F,False
44131,Pr2CdHg,False
44605,YCuSb2,False
21298,ThMn2Co3,False
14764,Rb2LiMoI6,False
14003,Nd2Ge5Rh3,False
19870,CeUSi4,False
51119,NaNiAsO4,False
8491,Be2ReBr,False
21841,TaCo6Mo,False
16579,InAg2SbSe4,False
35269,Tl3Ru,False
33566,TbTl3,True
14808,Rb2CoF4,True
33934,TiAl,False
7652,Ho2ZnIn,False
10022,Li2WS4,False
35011,SmLuRu2,False
15627,Sc2NiPd,False
54480,DyGa3,False
50916,TaCrNi,False
18166,Nd2CdSb4,False
52733,BeVCl,False
23075,CdI2,False
30144,ErSb2,False
2147,Be2FeMo,False
54011,HfZnO4,False
10465,MnBe2Ru,False
38224,LiTiVO4,False
42075,K3NaFeCl6,False
948,K2ZrCdH16C8O24,False
53001,Yb6Al7Cu16,False
29629,Sr3BiAs,False
14939,CeSe2,False
54117,Na3Eu2Ge2Se6,False
43967,Na4SeS,True
12939,SrMg2As2,False
9932,MgBeZn2,True
9397,ScBeIn,False
7270,NaVAs,False
17746,Zr3Sn4Sb2,False
6293,Mn2BeFe,False
47626,YbCeRh2,False
17716,K2TaHgF6,False
14617,DyInIr,False
14378,K2CuSbCl6,True
6625,BeInGe,False
35743,RbTaGeS5,False
40720,Ca3TeO6,False
24858,Th3As4,False
52566,B2H,False
42040,FeNiPt2,False
16610,Pd3W,False
38334,Li2NiPO4F,False
51527,C2Br,False
13558,Al5Co2,False
4857,Ba4VIr,False
18932,CuSi2P3,False
11038,TbZrSb,False
6829,BPdIr,False
10511,Mg4BePt,False
24131,HoSnAu,False
28025,TeO3,False
31002,TmCu2S2,False
8164,Ba2MnReO6,False
37696,Yb2SnHg,True
50323,LiPBr,False
45029,Li3Pd,False
1580,NbNiTe5,False
54018,I2F,False
41130,Ga2PbO4,False
9583,PrGaO3,False
40590,Mg2H4Ru,False
46260,AlSb,False
12948,LiMg6Cd,True
37971,RbNaH2,False
19357,TlCoW,False
40620,SnClF,False
40767,SmRhO3,False
372,NaNdS2,False
9171,DyErRh2,False
39929,Lu2ZnS4,False
31433,PrCd3,True
10447,BeTcPd,False
5848,BaNiGe2,False
22627,HgAsO3,False
36936,Ga2PdI8,True
27116,Mg2TiSbO6,False
5017,TmC2,False
37262,TbY3,False
49463,CaTi4Pd3O12,False
2339,Li3FeF6,False
2242,NaGaSi2O6,False
15394,Y2BiO2,False
44066,CoHO2,False
24174,Li2AgF3,False
51876,MgHCl2,False
9467,KBeTc,False
49099,H6C12SO2,False
21379,HoCu5,False
11891,CaBe2Sn,False
28139,LiPbAu2,False
34349,LiCdP,False
35286,PmHo,False
16708,Tb3Sc,False
193,CoIN2O2,False
48509,Mg2VCr3S8,False
10534,TiBeSi2,False
3527,TlPAuSe3,False
31582,Pm2AgSn,False
30775,TmInCu4,True
16100,Na3Li3N2,False
40445,Cd2SiO4,False
42583,CoMoP2,False
133,Zr5Sb4,False
28448,MgMnO3,False
10733,BeNiSb,False
27571,MgAl,False
15583,CoTeSe,False
43692,Ho3Mn3Ga2Ge,False
12515,BeZnPd,False
52005,AsN,False
22673,MgCr2N2,False
853,ICl,False
49060,TiH24C13O4,False
1494,UCu2P2,False
19980,LiSmIn2,False
34779,Yb2ZnGa,True
26863,CdFe2O4,False
10533,ZrBe2Sn,False
27403,Sr2LuBiO6,False
32534,VSiTc2,False
30542,YN,False
29138,IrC,False
18510,LaNdMg2,False
54056,AsSeBr,False
1503,Ca2MgSi2O7,False
18410,TbDyRh2,False
10626,CaBeSi,False
50579,CaGeO,False
17291,BaGa2GeS6,False
20193,FeCuS2,False
12686,Be2FeGe,False
8797,HfMg6Co,False
45355,YAl8Cr4,False
25661,H4NClO,False
14214,K2GaAuBr6,True
44541,CePrO4,False
11523,ZrTe,False
11250,LiBeCu4,False
16015,K2PrAgCl6,True
22152,Nd2CoO4,False
18847,H3C7NO,False
43388,Ba2MgIn,True
4266,Nb6Si7Ni16,False
42435,Ba2Na2O3,False
9633,LaMg6W,False
27000,Zn3In,False
28197,Y2GaCu,False
20644,Ti3PO2,False
11116,Tm2InAg,False
22338,CuNi3O4,False
18900,UCuNiGe2,False
19860,ZrScMnNi3,False
557,Tl3SiTe3,False
51050,ZrBO4,False
3542,Zr6CuBi2,False
39922,DyAg,False
33723,Pm2GePd,False
31305,TiV2Te4,False
16845,PmMg2Sc,False
34147,AlCo3C,False
7027,RbLuSe2,False
33549,YbYRh2,False
1363,USe3,False
54259,Li2CoO3,False
184,LiMnPO4,False
28442,LiFeF4,False
42579,K3SnSb3,False
34192,Ga2PbO4,False
10091,Re2GeAs,False
28569,Hf2IrOs,False
51972,Cl2O,False
9886,Rb3ErCl6,True
18001,BW2,False
4126,SrN,False
8772,Be2SiPt,False
677,SrLiCoF6,False
30482,TaN2,False
42729,K4MnBr6,True
24672,BaWO4,False
19554,HoEr,False
48483,Tb5BiPt2,False
22889,Na2TiAu,False
21213,RbScO2,False
47549,TbPaO4,False
13637,TbH2,False
8638,Mg7Co,True
15465,Ho2NiRu,False
36100,ZnPtF6,True
29692,BaZnFe4O8,False
51403,Mg3Fe3O8,False
28144,LiSc2Tl,False
46486,RbN3,False
48163,Mg2Mn3CrS8,False
30638,USe2,False
12744,Mg6NbC,False
10326,CuPd3,False
48723,BePSe,False
41079,Mn3GeC,False
48182,ZnSnO,False
37996,TbNaSe2,False
28817,ZrGeTe,False
1453,MgBe2In,False
24366,SrMg,False
243,SiC,False
28426,Sr2LiMg,False
25072,BaCoO2,False
27744,LiNd2Ir,False
26040,Yb2Au,True
49262,HCNO3,False
42101,ZrOs,False
44151,CaSbAu,False
35228,Te7Mo6S5,False
22445,Te6MoW2,False
4918,LiLaTiO4,False
28352,Ba2HgBi,False
45184,BaCe2MnS5,False
47811,CaSiN2,False
39905,LaIn3,True
38312,Sc2NiPd,False
19036,SmFeGe2,False
48038,KAg,False
28669,MgSiNiO5,False
46207,Sr2CoReO6,False
34807,K2NaCrF6,True
22983,BaYCuAgO5,False
41552,Li2CdPb,False
36615,BeSiRh2,False
5922,RbClO4,False
40689,ZnBi2O5,False
23005,LiMg2Tl,True
47342,K2Te2Pd,False
24682,UGeAu,False
17870,TmB2,False
3333,BaIrPt2,False
50764,YMnAl,False
27340,TiZnRh2,False
8595,LiBeCo,False
23488,LaNiO2,False
48761,MgHC2,False
35882,ScZn,False
53304,HCl2,False
34014,ZrSb,False
35973,Lu2ZnAg,False
50920,Sr3CaSn4O12,False
24352,VS2,False
15089,Rb2TlGaI6,True
8677,BePdW,False
2268,YZnPO,False
16852,U2Al3Ga,False
5100,NpCr2Ge2,False
24994,Sr3CaIrO6,False
12968,BeCr2W,False
35799,TlCuS2,False
19983,NbCo2,False
50122,Sr2MnClO3,False
46398,CaMg2Ni9,False
32545,Hf2TaN3,False
44554,SrTaNO2,False
16601,PrEuZn2,True
32258,Mn2AlCr,False
5312,CeB2C2,False
47502,NdYO2,False
52044,Li7Co5O12,False
26000,Tb2O3,False
48488,Mg3MoN4,False
52763,Mn4Ga3Cu2,False
3381,DySiAg,False
45734,AgIO3,False
32863,LiEr2Rh,False
34215,TiAlOs2,False
39772,ThZn4,True
34376,Li2FeP2S6,False
53978,SnBi4Te7,False
12267,Mg6TiFe,False
11706,RbAlF4,False
38063,Li6MnO2F4,False
42204,Tb2Cl3,False
37351,Sm3Al,False
7894,Mn3OF5,False
54424,Cu3SnP4O16,False
33939,Er2S3,False
1377,Ba4CoHg,False
39962,DyMn2Ge2,False
17791,Zr2Al3Zn,False
6174,LiBeSn2,False
14006,Mg2Cd,False
2451,AlH3,False
39098,NiPt,False
34085,Re3W,False
37113,RbAgO2,False
16305,Rb2AlCuF6,True
32004,PmSbPd2,False
22473,CdH8C6O4,False
44705,Bi3SbO7,False
42232,IrRh3,False
29296,AcCl3,True
17488,HC2S2NO,False
37060,Mg3Ga,False
27197,SnI3,False
36968,YTlAg2,False
44111,NaFe2O4,False
5165,Ba4SiMo,False
42144,Rb3TlI6,True
53222,SiH2O,False
40285,KPF6,False
35232,SnBO3,False
34444,HoSi2Rh3,False
33893,BeSiNi2,False
38476,Na6MnS4,False
22976,Cd2AgAu,True
37112,CaAgO2,False
47228,Li2Ni3O3F2,False
36606,InP,False
44348,Li2MnSiO5,False
47651,K2CaPrO4,False
51945,PdNCl4,False
53056,TmBr2,False
44068,Rb2Ti6O13,False
24257,ThSnPt,False
11961,BeCuSn2,False
2275,MnAs2O6,False
43061,H4CN2O,False
8680,PtN2,False
1592,CeTe3,False
17965,KNa2TiF6,True
31057,SrAu5,False
38604,Mn4FeO8,False
18518,FeCu3,False
3204,NdSnAu,False
9250,Be2BiCl,False
18741,YAgSe2,False
15993,Ho2AgHg,False
51636,NaF,True
44311,ReAg3,False
40413,RhO2F6,False
34007,Li2SmIn,False
43636,Ba2HoB2ClO6,False
14316,Li2In,False
51125,BaYI,False
23374,KNbSe2,False
43427,Dy2V2O7,False
51725,CaAsH,False
25758,V5Te4,False
21651,NbW,False
39332,Ca4MgBe,True
45316,SrLaHg2,True
16128,V2CoO6,False
7017,Zr3As2,False
28394,Li3SbS4,False
27213,FeO,False
39782,K2SO4,False
4463,BaZnPb,True
23066,LiAlGe,False
37704,Pm2SnHg,False
53625,InBrO,False
16842,Na2PrCuCl6,True
3725,USb,False
38617,CuI,False
17235,BeS,False
16986,Sm2ZnSb4,False
6308,Y2BeCl,False
9544,Mg6CrGa,False
3642,LaSiRu,False
25529,SrSnO3,False
26038,TiF3,False
40486,K2RuCl6,False
53379,Ba2NF,False
16853,TbRb2CuCl6,True
7916,Li2H2Pt,False
26175,LaCoTe,False
53556,RbBiS,False
34674,MoW3Se6S2,False
12277,BeCu2Ge,False
49522,MgH6C5O4,False
40673,ScP2O7,False
12864,BaSn3Au,False
2083,LiH5SN2O4,False
34069,V2FeTe4,False
44555,ZrO2,False
32111,H2SO4,False
23548,NiO2,False
1914,Ti4S8Cl6O,False
35681,LiLu2Rh,False
37457,TcN,False
32001,K2ZnC4N4,False
2597,Zr4Fe2H2O,False
15610,Nb2B2Mo,False
46828,Ta3Al2CoC,False
28208,Sr4Fe4O11,False
37087,FeSiW,False
2396,AlFe,False
35853,ReTe,False
22065,Sc2PtRh,False
4165,NdSi2Ag2,False
26746,AuC,False
2122,VO2,False
34940,NaH6CN2ClO2,False
48961,NaSnCl3,False
30598,BaNa2MgP2O8,False
24593,LiHO2,False
39765,Ba2In2O5,False
22493,Fe2CuGe2,False
13093,KSrBe2,False
48231,LiHO,False
6541,Mg3WO4,False
11684,Be2GaW,False
23411,Sr2ZnCu2S2O2,False
34166,Ba2Sn,True
2816,BaMo2Br,False
9712,RbBiF6,True
28865,Ca2MgPb,False
21554,ThMnAl,False
15826,AlFeIr2,False
22337,FeNi2O4,False
35666,Li3Pt,False
13925,Li2TlSb,False
2738,Li5Ti2V3O10,False
40226,Yb3GaC,False
7573,SmNi2Ge2,False
12915,YbNdMg2,True
195,Li2CuO2,False
5150,ZnS,True
4741,Fe2OF3,False
13518,Sc3Te4,False
46540,CdI2,False
33041,Er5Si3,False
37839,Mn2O3,False
48490,BaBiF,False
47714,CuGe2P3,False
9483,CrP2O6,False
47142,SrSi2Pt2,False
14995,Zr2Ir,False
3799,KNiAu3C6N6,False
44219,Ta3Ru2,False
3939,TiFeAs,False
31221,YPt3C,False
41713,SrZnBi2,True
16962,CuNiO2,False
44289,Fe3O5F,False
27297,Ba4Cl6O,True
49726,Mg2SiS4,False
6939,Li3CoOF3,False
44162,K9U6BiO24,False
39921,RbIn5S8,False
5066,CeAl2Ga2,False
29762,SiO2,False
2971,SrMnO3,False
880,MnBeCd4,True
53552,TeO2,False
39586,Li2FeCuO4,False
5027,BaSb2Au2,False
10900,HfTiBe2,False
15299,ZrInAu2,False
12774,Cu3P,False
41346,ZnSn4O8,False
38257,LiFeSi2O6,False
33110,BaGa2B2O7,False
29872,Na4CO4,False
14646,Sm2Si3Pt,False
39346,Ba4InCl,True
39334,TiN,False
23828,Li3Ti2Fe3O10,False
12590,Ca2BeIn,False
34856,Mn3Hg,False
25205,Ca2Ti2O5,False
22552,K2NbO3F,False
31497,VAgP2Se6,False
3621,BaBi2Br,False
13005,Be2NbGe,False
16462,MnSbPd,False
27624,TmPaTc2,False
42367,Pr3Zn,False
36742,ZrInRh2,False
24385,NdH3C3O6,False
2001,GeBi12O20,False
51356,ZnCr2Se2S2,False
24425,CePd5,False
2009,InClO,False
36356,VBiO3,False
35643,ZrN,False
49757,Y6RhI10,False
23962,LiNdTi2O6,False
11384,BN,False
48779,La3Si7Ni3,False
28431,CrInCu2,False
1833,BeCuRu,False
4401,Ba4ReGe,False
52024,YAgO,False
8852,Be2TlRe,False
29952,AlPO4,False
21156,K2AgP,False
30797,Li2CdPd,False
12831,MnNiGe,False
666,SeS,False
32993,Tl4CdI6,True
29311,V2H3O5,False
21056,SmSbPd,False
50538,Ba2FeMoO6,False
15140,AcCrO3,False
34721,MoIr,False
24258,YCuO3,False
30501,SiAs2,False
45635,NiAgO2,False
19422,Ho2ZnTc,False
49421,ZnH14C9O4,False
28229,PdN,False
14342,ErInPd,False
539,Be2TcSb,False
2910,RbCrCl3,False
13447,Mg6AlGa,True
28581,MgSb4O8,False
21811,Sr2FeBrO3,False
9908,AlWO3,False
7093,MgBeP,False
47986,LaNi3B,False
16266,LaAl2Ag3,False
39028,K3ClO,True
37822,TmMgCd2,True
39213,NaCuO,True
16384,VW2C3,False
49912,H8PbC6SO4,False
33244,Yb2CuIr,False
18951,SrPtO3,False
37331,NaGaGe2O6,False
21803,NbAgO3,False
53977,LiV2OF5,False
13172,NpSi2Pd2,False
23279,BaSO4,False
32327,ScTi2Ga4,False
6099,Ba4GeSe,False
28510,LaAl2BRu2,False
46060,Sm2PbSe4,False
6138,MgBeZn,False
4668,Cr5B3,False
51683,RbTeBr,False
40717,Li4Mn3FeB4O12,False
29236,KSO2F,False
30210,Ba2AlTlSn2O7,False
45091,Be2W,False
14091,PmSc3,False
53179,Li2HN,False
32267,ZrGa5Co,False
14736,Mn3VP4,False
20010,PbClF,False
31539,FeCu2SiSe4,False
18860,Ba2As,False
30409,CaSeO3,False
4901,BaBe2Br,False
45984,BaFe2P2O7F2,False
40975,Li2CoO2,False
24266,V4NiS8,False
22487,Sr4LiCuC2O10,False
3064,FeSb4O12,False
43183,InGaSb2,False
23142,Ca2SiO4,False
47912,PbICl,False
26520,HfN,False
41385,I2O5,False
40375,RbSc5Te8,False
8799,ScCu2As,False
11727,Mg6CoSb,True
43988,ThIr,False
20931,Sr2CoRuO6,False
44811,Li4CuP2O8,False
48471,Tm3Si3Ni,False
38639,DyH2,False
10329,Be2NbNi,False
50957,LiTiFeO4,False
38316,MgTi2O4,False
9977,TiBe2Cl,False
2725,ErRu2,False
21046,Pm2CoNi,False
34866,PrDy3,False
30782,MgTi2S4,False
23276,Sc5Si3,False
42260,CeB2Ir3,False
7054,Ca2Si5N8,False
34233,SiSnPt5,False
23137,TiCdHg2,True
41853,TmMoClO4,False
4437,BaHgBr,True
36893,RbHoO3,False
5539,BaSr2Tl,True
38822,Al3Fe,False
6733,BeV2Os,False
33633,MnCr2Se4,False
10431,BeIn2Hg,True
33788,Te4Mo3WSe2S2,False
53255,Li2HfO2,False
6636,Be2FeHg,False
9218,BeNb2Mo,False
45259,PrAl3,False
3226,BeCdHg,False
44007,BaGaGe,False
30814,HoCu4Pd,False
52555,Ti4Cu2O,False
11507,LaZr2Be,False
23140,AgCNO,False
38888,CaSnS3,False
12731,Ho2Ni12P7,False
52931,CuIO,False
15292,BaLiP,False
46039,TeMoS,False
981,RbMg6Mo,False
42340,NdBPt3,False
32542,PmInNi2,False
34648,ScZnPd2,False
54112,V10Si3Ge3,False
21728,Rb2ZnH4,False
25169,TaP,False
19579,TaInSe2,False
54530,AuSe2,False
22762,RbBr,False
26169,VCo,False
43466,ThRu2,False
24140,CuCClO,False
48804,TlHC,False
52738,AgB2,False
37537,SrGe3Pd,False
17429,TbSm3,False
30977,TaZnRh2,False
24758,Rb2TaAgS4,False
51277,Li4V3Cr3Fe2O16,False
50984,LiBN,False
4084,LiNdS2,False
29585,K2ZnTe2,True
4713,Ba4TcPb,False
16892,AgSbTeSe,False
40283,Ga3NO3,False
24809,CeB3O6,False
38629,K2HfF6,False
22753,UGe2Rh2,False
3916,MgCu2O3,False
24657,MgTiF6,True
8022,Li2BeCl,False
21062,ZrCoBi,False
44692,Sm3Ti3Se2O8,False
23335,Zr7N4O8,False
4577,Ba4CdOs,False
45333,Dy2PdRu,False
36807,BaAgO2,False
49646,Li3V2Fe3O10,False
7625,BeCr2Cd,False
22294,MgSb2O4,False
47107,Dy4InRh,False
7675,MgMnAs,False
32053,CeSi2Au4,False
43640,NaPm3,False
44087,FeCoS2,False
9377,Be2CrRu,False
9663,B2AsBr,False
10903,SrBe2Hg,False
42529,K2ScAuI6,True
20219,Tm2SO2,False
36559,TmTa3,False
20945,AcSe3,False
49727,Li2Mn2CrO6,False
301,Ba4GaCu,True
54121,Ag3S,False
28188,MgMn2S4,False
22837,KCuO2,False
35485,TmLuIn2,False
9523,CaCu3Sn4O12,False
12492,ScTlO2,False
8545,K2UO4,False
45746,CeP2Rh2,False
32627,Sc2NiIr,False
24757,NdCuSb2,False
11311,KBeSi,False
39228,Fe2C3O9,False
52007,CaCu3O4,False
11403,UO2F2,False
42028,RbNdW2O8,False
18774,YFeNi4,False
22665,Sr2SnS4,False
33174,Zr2Ag,False
48827,CaGa,False
5855,ErNi,False
1823,TiSCl,False
40852,LiFe2O2F3,False
18337,Li2PrO3,False
5546,LiBePd,False
43318,UInAu2,False
49232,HC3SO,False
25840,ZnS,False
23201,LiP2WO7,False
53861,Fe5O7F3,False
19209,LaCeSn6,False
13182,MoS2,False
13337,BeSnPb2,False
37837,Na2NiO2,False
2410,Mg3CoO4,False
19964,Li2MnBAsO7,False
33266,LiNdGeO4,False
21027,K4NaCl5,False
35206,Mn3Tl,False
14157,HgP2Se,False
46405,Ca2CrN3,False
33457,AcOF,True
44202,Ta2TcRu,False
12510,Ba2CaV2CuF14,False
25466,TmCu2Ge2,False
25242,Co21Re2B6,False
35456,CaCdSi,False
2680,UCu4Au,False
33911,LiScPd2,False
3620,NdGe2Au2,False
41401,NaSiAu3,False
53469,BeCdP,False
33014,Dy2AgRu,False
18783,HoCoC2,False
22606,TmIr2,False
15774,TmGaAu,False
29446,K2S2O7,False
13096,Hf2BeTc,False
32231,YbSbPd,False
20975,Ba4Sb2O,False
23283,Cu2WS4,False
46015,HoTeClO3,False
49182,AlH8C5ClO5,False
22230,HfSbRu,False
35354,YbPrCd2,True
17133,AlInAg2Se4,False
36533,AgPdO2,False
43870,LaMgAu,False
14197,CaV2O5,False
45180,Fe2B,False
48673,Li4Ni3BiO8,False
16664,Li2Cu3Ge,False
20610,CdH16C10O4,False
19780,NbOs3,False
46861,YTmMg2,False
9550,KMg6Cd,True
12470,LaCuO2,False
9346,MnBeRh2,False
50834,SrSbO3,False
33755,CoS2,False
33875,CrSiRu2,False
6004,BeGaCu4,True
23326,BaBOF3,False
49240,Sr6Co4O13,False
52922,CuF3,False
25477,CoAsS,False
23412,SrMnRe2,False
24884,TlN3,False
33582,UB4,False
54156,ZnAg3,True
15441,ErGa3,False
41207,NaZr2SN2Cl,False
37918,TiCl3,False
51294,Th2Fe17H3,False
12812,SmCo2,False
9391,TbFe2,False
32649,NbAs,False
46663,Zr2Be17,False
44413,Mn4FeS5,False
9630,Hg2AsP,False
13292,NaHO,False
20962,Fe3O5F,False
4294,TlMo3O9,False
47562,KRb2TlI6,True
9329,MgAsOs2,False
29901,Ta2O5,False
52836,LiCoSiO4,False
54313,ErU3,False
43485,LiIn2Ni,False
26549,TeO3,False
30084,YCo2O4,False
36200,PbI2,False
27752,Hf2FeIr,False
26293,MoN,False
4210,Ba4ZrGa,False
47254,PrHoIn2,False
53561,RbBiSe,False
12033,TiBe2Rh,False
37473,ErI3,True
45873,CdAuO2,False
48940,NaClO,False
9424,Zn2GeS3,False
5531,LiVP3HO10,False
4990,Ba4TlRe,False
39820,Co2As,False
18208,K2RbErCl6,True
31818,Dy2CdPd2,False
29987,Al3V,False
34652,AlAu,False
38297,Li2AlNiO4,False
15067,Na6Be8O11,False
43055,LaPbNO5,False
25821,SiO2,False
51633,BaZnCl,False
29044,BrCl,False
22176,Bi4O3F7,False
17667,ZnSnAs2,False
17875,K2HgAsI6,True
22681,Te4Mo2WSe2,False
44787,MnPtF6,False
32088,InAgSe2,False
12061,CeMg2,False
46107,SrHfO3,False
12244,Sr2BeW,False
5068,Ba2ZrPb,False
1526,Ba4BeTe,False
15135,CeSe2,False
6499,CeSbAu,False
45603,LiFeP,False
4424,BaInBi,True
18961,U3H2O10,False
43258,Li4MnB2O6,False
46920,GeTe,False
24913,Co21B6W2,False
35414,YNi2,False
23121,TlBCl2,False
28437,FeS,False
48267,SrAsF,False
29045,FePO4,False
35075,CrP4,False
34120,CaPmAu2,False
52503,Zr2Cr3Si,False
84,Nb3Si,False
6457,ZrBRh3,False
18347,PmSmAl2,False
25802,YBi3O6,False
21759,AgSbPb2S4,False
1101,KNO3,False
25857,MgAl,False
33932,KSiO3,False
28102,BaRhO3,False
18532,Sc2TlZn,False
24485,TiAl2O5,False
15388,Fe3O2F4,False
6021,RuCl3,False
41722,LaSi2Au2,False
32824,Ga2IrRh,False
44720,Cr6C3N,False
5311,BaGe2Br,False
38159,Li2Mn3NiO8,False
4208,Hf2PbC,False
6124,Be2MoRu,False
5395,Be2ZnIn,False
3479,H12C4IN,False
22412,BaBiAu,False
2067,Y4AlSiNO8,False
24561,DyNiBi,False
47801,LaAlCuNi3,False
43830,Dy4CdCo,False
44115,YFeCo,False
48609,Al12Fe7,False
41404,CuBiW2O8,False
20978,SiP,False
9677,Eu2MgH6,False
45948,NbSi2,False
8212,BePtW2,False
6412,BaN2,False
778,CrO,False
15152,Eu2Co5Ge3,False
2846,BaNiPd2,False
49691,Li2Fe5O5F7,False
52623,Nd10Si3Ge3,False
33397,Ti2MnOs,False
40,Ba4HgPb,False
35129,RbSr3,False
28051,Tb2Fe17,False
15062,KPrTe2,False
52408,Li7Ni5O12,False
23819,CrHO2,False
20787,RbLuS2,False
6074,KUCuSe3,False
3487,Ba2TaBi,False
41133,Be3Ru,False
3702,Ba4MgOs,False
53867,NbAgS,False
51582,IBr,False
13982,PuB2Ru3,False
10547,Dy2AlNi2,False
51550,MgSbO,False
9867,K2RbLuCl6,True
47493,Nd2Mn3FeSi4,False
43020,ErPO4,False
34129,Ti2NiP2O10,False
17704,SrIn3Hg,True
22076,NdVO3,False
21129,NaIrPb,False
48721,BePSe,False
20856,CaAg2Ge2,False
22408,Ba2CaI6,False
43044,Ti4V,False
11508,Li3Mn8O4F12,False
29376,BaCrF5,False
32594,YbBiPd2,False
25313,CaPrMn2O6,False
15064,DyHoMn4,False
21313,Li2Fe3TeO8,False
20785,Sc2V2O7,False
51379,NbW3S8,False
45277,ScSi7Rh3,False
9570,Be2ReGe,False
5185,BaN2,False
12200,Sr2IrO4,False
47281,CaZnO3,False
32224,Y2IrRh,False
6332,Ta3Au,False
12216,La4Se3O4,False
4701,Ba2CaPd3O6,False
53541,NaSe2,False
29174,Hf3ZnN,False
10365,BeFeMo2,False
44633,Sc2Al3Ru,False
14335,YbGa4,False
28637,CaRhO3,False
26360,ErBiO3,False
10671,ThGeTe,False
1958,YMg6Cu,True
9025,BeZn2Sn,True
28650,FeMoClO4,False
28532,K2ThCu2S4,False
13679,BeVFe,False
47041,LiCr2S4,False
20529,Ce2Ga7Pd,False
34773,Ta3Ru,False
6673,BeSiTc2,False
33231,Hf2CoTc,False
46463,SrTa4O11,False
13164,SrV4O9,False
8947,Ba2CoMoO6,False
18253,LiCo5O3F5,False
21889,Mg3Cd,False
15768,Lu2CoIr,False
14805,LiMg,False
27331,AcInTe2,False
41475,Ho5Ga3,False
49578,SrLiP,False
9891,ScBe2Bi,False
28645,TiCdAu2,False
449,Ba3In2P4,False
17496,LaPr3,False
2371,KC4N3,False
49030,H7C11SNO,False
54515,ArSm3,False
35963,SmTl3,True
54471,P3H,False
17027,CdHgO2,False
13308,Dy5Si4,False
7683,Ho3Sb4Au3,False
39935,NaMnPO4,False
14293,PdN2Cl2,False
42651,Ba3Si6N4O9,False
51813,TiNF2,False
36085,TiZnO2,False
45680,YInNi,False
41806,Ta2CrO6,False
12841,ThCr2Si2,False
48057,LaH2,False
52164,SrOF,True
34005,LiPrTl2,False
27187,SrSbAu,False
18173,HC2SNO2,False
40609,CoPH6NO5,False
38717,LiCe2HO3,False
24659,Li2Ca,False
25939,H2CO2,False
30828,CeTeCl,False
27697,NbZnRu2,False
11043,Ca2Mg,False
20767,YMnO3,False
4383,BaNbTe,False
39796,SrH2Cl2O,False
31446,DyTlZn,True
16587,YCo3B2,False
40069,Na3AlAs2,False
1631,Na3Mn5O12,False
952,Be2SiBi,False
32794,ScGa5Co,False
23683,UGe2Pt2,False
27667,ThScTc2,False
49711,CdH14C9O4,False
39003,Fe3O2F4,False
43075,Ti2OsRh,False
27493,Sr2SbAu,False
20883,ZrSiSe,False
15943,Ho2CF2,False
4087,Ba4PdRu,False
21325,TbErTe2,False
36318,K3NaP2O6F2,False
16851,InPb,False
10654,Li2BeNb,False
35867,Zn3Co,True
5646,BaVTe2,False
13202,ThSi3Rh,False
46777,RuOF4,False
23732,DyN,False
12834,BeCrW,False
24395,Mg2NF,False
31100,HfU3Sb5,False
5123,K2NiF6,True
28261,Li2SnBi,False
41905,Hg2Pt,False
2955,MnSi,False
24345,TbCl,False
21226,DyCoO3,False
134,Ba4NbHg,False
52181,Sr3Y2FeCu3BiO12,False
25659,Ba2UNiO6,False
11409,BeZn2Cr,False
11113,Ca2BeCu,False
51726,CaZnO,False
40795,MnCoGe,False
49032,Tb6Fe23,False
12490,ZrBe2Hg,False
14712,InAs,False
52730,BeTlCl,False
35676,AgBiO2,False
39429,Hg2SeO4,False
6657,Na2ZnP2O7,False
9267,BP,False
35547,Ag3N,False
39767,NdNi2As2,False
36775,CdI2,False
36906,UB4H16,False
25233,As2O3,False
48041,SrInF,False
21777,K2Te2Pt,False
32823,U3Te4,False
8393,SrBeTe2,False
45182,ErS2,False
39717,TmMg16Al12,False
32105,Tm2IrRu,False
21524,SmOF,True
13873,ThSi3Ir,False
11182,Mg6GaFe,False
2601,CrPb2O5,False
3645,FeH4Cl2O2,False
41094,Na2SO3,False
30901,Zr3O,False
1178,KBaTa,False
24046,YZr5O11,False
22220,Sm2Ge2Rh,False
12319,ZrScBe2,False
1767,In2Ni21P6,False
23295,KRbS,True
32054,PrAl4,False
12285,CaZn,False
25005,Ta2Sn2O7,False
28908,LiZnHg2,True
22207,V2CrTe4,False
19425,H8C12SO,False
10099,K2BeZn,True
36545,NbSe2,False
276,Ba4LiSn,False
36629,Yb2CdHg,True
40729,ZrGaNi2,False
22242,SmCoO3,False
26775,Sc2MnSn,False
33317,YbTmRh2,False
7925,LuSnPt,False
46184,TmPt2,False
12790,LiBe2Pt,False
6330,CaBe2Nb,False
777,Be2NbCu,False
20102,LiNi4O5,False
17681,BaTiF6,True
40476,Cr3Ge,False
16918,LiNi2Sb,False
49547,Li7Mn2Co3O12,False
28129,Ca2Cr2O5,False
44767,ThSi2Au2,False
26235,MgCrO4,False
27194,USe,False
47395,TiAgHg2,False
51937,NaHg,False
13556,Li3FeO4,False
49650,NaPtO,False
25515,YP5,False
38360,KBS2,False
41603,Ga3Os,False
43280,RbMgF3,False
52759,Na2Nd2PtO6,False
45988,Pd2Cl2O,False
19844,YbLaPd2,False
51819,Li2F,False
23108,CaH2O2,False
24367,Ta2H,False
54497,Ga3S,False
37328,Sm3Sb4Au3,False
36423,NaVF3,False
11698,ScBeCd2,False
48104,MgN3,False
26117,Ba2InHg,False
22402,LiAgF4,False
19160,TmPaO4,False
13823,Mg6VCr,False
12030,VGaNi2,False
22037,BaFe4O8,False
33251,BrO2F,False
39933,K3Nb3B2O12,False
6184,DySi2Ir2,False
40298,V3As4O16,False
17866,PrSnIr,False
2569,MnAlNi2,False
37565,CrI2,False
34724,Ba2YCu3O7,False
39463,FeSbAs,False
15882,LiVF4,False
6134,TaBeCr,False
31115,NdNi2Sn2,False
5988,Be2ReTe,False
42455,KSnN,False
30362,TmTlTe2,False
26876,BaLi2Tl,False
14742,U2Mo,False
27658,TbLiAu2,False
32971,V2P,False
54304,Li4MnCo2O7,False
48370,BaHfF6,False
7352,V6O7F5,False
20093,ZnH2O2,False
30871,NbCoTe2,False
14785,EuGe2Ru2,False
20119,ErInAu,False
51589,BBr,False
22879,MnIr,False
25126,CaV2O4,False
14782,PNO,False
15542,CeMg5,False
13238,Th2Al,False
36154,H2SO4,False
38460,AlCr2O4,False
4820,BaSnPb,False
36111,LiErO2,False
46174,Te7Mo4S,False
20925,YCoO3,False
33351,HfZnCo2,False
30536,ErH3,False
36972,YbSr3,True
35537,Zr3Zn,False
29948,CaSnGe2O6,False
1484,LiDyP4O12,False
53972,HOF,False
42994,Ti2Ga3,False
33753,Pr3Si2S8I,False
3089,BeMo4P,False
51328,U5CrSb3,False
20364,BaTi4O8,False
1149,PrCo9Si4,False
5187,Ba4SnIr,False
15269,NaZnN,False
28233,CrInNi2,False
18987,Ga2Se3,False
10752,Be2NiHg,False
7465,Rb2CoO3,False
41487,SnSe2O6,False
28095,LiSnS2,False
5284,TbInAu,False
49393,Al8V5,False
24323,TbAsO4,False
24691,Dy2SO2,False
2265,RbCdAg3C6N6,False
43023,LiPrS2,False
33894,SiBO3,False
32182,V2CrSe4,False
40272,NbS2,False
6720,AgN,False
49389,H8PbC6O4,False
32583,HfGa2Co,False
29223,CaB4O7,False
35927,Pr3Cu,False
2055,B5Pb2ClO9,False
41903,TmS,False
33584,Rb2CuF4,True
3883,Ba2CdSn,False
16701,InCuTeSe,False
15616,DyYIn2,False
19607,BiPd2Au,False
15815,VO2,False
53548,Fe10O9F11,False
7428,LiPtF6,False
834,ScGeOs,False
8812,EuCuSn2,False
34339,YMg16Al12,False
22169,Rb2ZrO3,False
41350,Mn2OF4,False
48603,BaYTe,False
53793,ZnCN,False
54416,Sn7S,False
30941,BaNaH3Pd,False
745,PrYMg2,False
41554,Sc2GaC,False
8282,Sc2BeRu,False
36250,CdN,False
15614,CeSiBIr3,False
38698,SmFeC2,False
45113,Zn3Mo2O9,False
43212,Ho2MgTl,False
46785,SrP6Pt4,False
11542,Pm3Dy,False
977,Mn3O5F,False
515,Zr2BIr6,False
3961,BaSrTl2,False
37289,YbBrO,True
52680,BaSe2,False
7500,TiBeOs,False
49585,MnPbO3,False
30636,TmSi2Ni,False
41389,NpN2,False
5789,Ba4ZnPt,False
47809,Ba2Ti4O13,False
36376,SrYPt2,False
1896,ThFe4P2,False
43885,MnCrSb2,False
10546,Ho2SbO2,False
29637,CrN,False
13548,Mg6AlSb,False
37957,Co5SnO12,False
13108,ZnIn2Se4,False
264,NdTe,False
1864,Ba4MnTl,False
30716,H4N2O3,False
49680,LiFeF3,False
12702,LaP3,False
3524,K4P4H6O15,False
4770,Er5Ni2Te2,False
3212,Al5BO9,False
1336,ClF3,True
50963,LiMgH14Cl3O7,False
48551,Er2AlGe3,False
40713,Fe3Sn,False
12412,NaCaBe2,False
3276,PdCl2,False
2701,NaCaAsO4,False
31088,CaAl2SiO6,False
45562,Nb2Tl5S4Br9,False
46709,CrAsO4,False
32035,CuSO4,False
40053,PrSO,False
29535,TlPdF3,True
19042,Mn3V2Ga2Co,False
41390,Co2SbTe,False
11003,BeSi2Pb,False
17270,CaH10C7O4,False
18055,Ho2ZnAu,False
49385,PbIO,False
14297,NdCo2P2,False
41574,K2TiSi3O9,False
15316,ErCdHg2,True
13949,MnAu4,False
25377,NaLuO2,False
23382,ZnSnF6,True
11957,Ga2Te3,False
51049,YMg2Ti3S8,False
10098,BeTc2Bi,False
11590,GaSe,False
23526,NdSeO,False
34510,SmGaSb2,False
43109,VB2,False
34932,PrS2,False
30860,LiSbRh2,False
52631,BaSiCl,False
5725,Be2CuSe,False
37639,Cr3Te4,False
6121,PrFeSb2,False
52637,BaSnCl,False
32967,Sr3Ga3N5,False
13265,Mg6SiMo,False
38381,MnCo3O8,False
2030,Ti5FeSb2,False
15854,MnPd,False
47027,Te7Mo4S,False
2713,C2O3F2,False
678,VClO,False
36301,CdCuPd2,False
179,Ca4Al6SO12,False
17108,Pr2CdRh2,False
33898,YbSnAu2,True
41644,ZrAs,False
40424,Yb2LiTl,True
44279,Li2MgCdP2,False
14758,NaPrS2,False
10207,LiHfMg6,False
7725,SrTaBe,False
33761,YbSmRh2,False
15956,SmI3,True
860,Ba4PPb,False
12237,YbAl2Ni,False
20886,Ag3As,False
12839,HfBeBi2,False
18931,VN,False
44170,Ca2MgN2,False
48298,BaAuO2,False
45625,Cu2HgI4,False
6739,BeGePb2,False
7702,BeNiSe2,False
8336,LaH3C3O6,False
30712,CrFe2Sb,False
42350,Yb3Pb,True
44473,NbS2,False
39770,RbHO,False
23463,ZnSnSb2,False
35211,HoMnB4,False
44775,Nd3Zr,False
46111,VCdAgO4,False
28511,AlSnRu2,False
17046,SrMg2Sb2,False
35968,KO,False
25492,As2SO6,False
10428,NaBe2In,False
30008,HoCuS2,False
51601,NCl2,False
29260,Y3CuSiSe7,False
5157,BaCdIn,True
20427,KLiS,False
39918,Na3BO3,False
13628,Cu6GeWS8,False
49270,NaGeSe,False
35539,Rb3Hf,False
42622,NdGa3B4O12,False
29639,Yb2Ge,True
8414,Be2FeSb,False
39144,Rb2CoI4,True
36386,UF3,False
9451,Be2IrPb,False
1740,Ba4CdTe,False
30339,UB2Rh2C,False
51816,OF3,False
6251,ScBeV,False
18955,TbAlCu4,False
25436,MnS2,False
25548,KNaB2H8,False
38151,Sb2S2O,False
6736,Na3AsS3,False
2774,Ti3Zn3N,False
1187,CoI2N6,False
37697,Li2VCrP4O14,False
47760,Mo3O7,False
30856,NdSbTe,False
44535,PrUP2,False
30333,Mg3P2O8,False
36512,BrCl,False
1743,CeCuTeO,False
27738,VFeCoAs,False
43739,SrIn2,True
20496,VCr2S4,False
44459,TmPO4,False
42940,KNiTeO6,False
37970,Nb4VO12,False
52018,Sr2PCl,False
5734,BaBeCl2,False
4312,Na3Cu2SbO6,False
12013,ZrCo2,False
2400,CaB2H8,False
21866,NiRh2O4,False
2539,LaIO,False
18724,CaNi2Ge2,False
35913,Sm3Y,False
3024,LiO,False
18757,ErSeI,False
36506,Rb3P,True
34389,Y3SnC,False
30330,BiO2,False
18478,Ba2SrN2,False
34990,Yb3W,False
19330,Lu3Sn,False
50126,BaZrO3,False
16850,K2InHgCl6,True
3644,Ba3Y2B6O15,False
45256,BeVRu2,False
39863,LiSbTe2WO12,False
51597,SnBO4,False
10319,BaP2Ru2,False
46338,Na2CN2,False
22768,TlSbS2,False
7975,Li2BiF5,False
53629,Cd4SnN4,False
50065,V6O5F19,False
22886,Mo3WSe6S2,False
19865,SnH8C4F2,False
43914,VO2F,False
48648,Li3MnCo4O8,False
15839,YbInNi4,False
28315,Ge3Rh,False
7494,Sc2BeCo,False
27930,YNbO4,False
6874,SmGe2Pd2,False
20028,ZrH4C4O4,False
36547,MnCuP,False
44138,Te2Ir,False
8021,BeNbV,False
34405,PrTm3,False
8659,BeInCl,False
1445,Sr2InPt2,False
30394,V4O3F9,False
5327,KTmI3,False
35404,HoTmZn2,True
37044,PrBiO3,False
49988,BiBO4,False
17876,Rb2TeI6,True
38417,Li2VCrP2H2O10,False
18193,Na2LiInCl6,True
14519,EuPPt,False
30567,NpSi2Ni2,False
19088,TlIn3,True
51098,Ca3CoO6,False
53225,ZnSnF2,True
44812,CaV2O4,False
40967,CePO4,False
47292,CdSn3,False
54195,NdScS3,False
25628,ZnCuF4,True
45955,Ni3Pb2Se2,False
51927,Zn3Mo3O8,False
25747,HfP2S6,False
4196,CeInAu2,False
38008,KCrCl3,False
52510,KSe,False
50565,VPO5,False
17391,Hf2Ge,False
8074,KNiAu3C6N6,False
11142,SrTaBe2,False
28823,Sr3BiN,False
54316,CoSn7,False
39701,BaH2O4,False
12458,RbHfCu3Se4,False
26342,SrCu2GeSe4,False
14204,Mg6SiGe2,True
3219,CaGa2Ni,True
30455,CeGa4Co9,False
12641,LaNi2Ge2,False
57,Te6Mo3WSe2,False
30281,Ca3P2,False
44464,Ca5Si3,False
6975,NaMnBe,False
6487,CaBeGe2,False
51653,PBr2,False
10571,Be2SnBi,False
28609,BeFePt2,False
653,VCu3Se4,False
5790,BeSi2Pd,False
5958,Rb3Bi,False
34916,Tm2CoCu,False
24753,HoCrO4,False
26879,CuAuO2,False
30062,ThRh2,False
23840,Li3AuS2,False
52515,Y3Sn4BiO14,False
45978,Na8PO3,False
52143,K2RbEuV2O8,False
43333,AlSi3W2,False
46116,Cd2PCl2,False
32490,Li5PS4Cl2,False
51271,BHPb2O4,False
1370,Li4Cr2P4H3O16,False
7024,Li2FeOF3,False
51598,NCl,False
19251,TmSnPd2,False
37190,Rb3Cd,False
12858,Li2AgGe,False
36710,GaFeIr2,False
45866,Yb3SnO,True
3579,BaZr4Ta,False
47414,Fe2CoSe4,False
51038,CuBS2,False
10609,BeCu2Bi,False
3112,Ba2ZrBi,False
47452,Na3ScBr6,False
28547,Zr2OsPd,False
31475,IrCl2,False
53361,BaCoO3,False
1122,BaNaBr,True
41784,TaS2,False
2791,Co2As,False
26636,AlWO4,False
19781,Ba2CaNbO6,False
2696,Na4BeAlSi4ClO12,False
18446,V2ZnO6,False
10981,Be2NbOs,False
21011,HfH8C6O4,False
6265,Be2MoW,False
46655,Tl4V2O7,False
42276,NaSr3,True
30242,Te2Mo3WSe2S4,False
679,Fe3O4,False
2965,CaCr2Cu3Sb2O12,False
39916,SmTlMo2O8,False
36238,Li3Ni2C4O12,False
12972,La3Zn,False
35029,NaMg3,False
38478,DyInCu2,False
35637,YPaTc2,False
45799,Ba5Hf4S13,False
16796,MnV2Fe,False
34240,Rb3Pr,True
33343,Nb3SnS6,False
13313,RbTaO3,False
35433,K3Ag,True
44963,MgBe13,False
41178,Rb2TeO3,False
17953,PrSiRu2C,False
11055,Be2NbCu,False
26695,AgC,False
37832,Rb2Te,False
42131,Rb2YAgCl6,True
24215,CrSn2,False
43164,BaSrLaBiO6,False
9772,SiMo2As,False
48457,Zr5Zn4Si4,False
8790,LiBe2Ga,False
12782,BeCd4Te,True
33899,YbInCu4,True
17794,GaAgTe2,False
1130,BeMoBr4,False
2467,CeMg7,True
31670,Te3Mo2Se,False
7288,BeMo2Br,False
14855,VP2,False
9734,BeNiPd2,False
42725,IOF3,False
12710,Mn2BeNi,False
24843,NdInRh,False
4920,BaCaV,False
20414,NdCu4Pd,False
1788,Ba4FeCu,False
45925,HoC2,False
5987,CrCdF6,True
4350,BaTlSb2,False
18272,VCl2O,False
42329,YbYCd2,True
37657,LiMnPO4,False
11604,Ca2MgPt2,False
52977,NaAgO,False
30657,LiCu2Sn,False
47293,CeCuPt4,False
10273,NdAl3Cu,False
36718,LiFeSiO4,False
3081,KBaCr2,False
44278,Rb2CeAuCl6,True
22549,CdH10C7O4,False
40770,Li2CrCo3O8,False
5882,Ba4PIr,False
10488,YBe2Co,False
53551,NaZn2,False
29111,Nb3Sb2Te5,False
10487,Be2SnTe,False
49216,GeF,False
22891,CrCdF6,False
50286,InSeBr2,False
7342,Li2FeF4,False
25424,VSi4O10,False
22354,Sr2LaSbO6,False
46650,RhN3,False
50297,Ce2SiGe,False
53173,Na4Ca2SiP4,False
52119,LiV2OF5,False
8822,Be2VPt,False
26186,K3VSO3,False
51329,Ho2CoPtO6,False
4349,GaAsO4,False
10840,Fe3Ge,False
41654,OsBr4,False
40492,NdTlAg2,False
9456,ThSi2,False
25389,NaAgN2O4,False
26885,SiO2,False
42872,MgTi2O4,False
39644,CeZnSbO,False
36814,YHoAl2,False
36903,TiNbRu2,False
19833,LiB,False
53270,HCl,False
17972,HoRe2SiC,False
46903,Nd3CuSiSe7,False
35479,YLuCd2,False
25606,K3GeS3,False
46672,ThSe,False
51490,ScMoN3,False
12094,PdI2,False
51807,CaC,False
30187,Li2YAl,False
2572,TbNi12B6,False
17735,Er2TlCd,True
7956,Rb6Ge2O7,False
41037,SCl2,False
49249,H9C13SN,False
47822,CaYO,False
27575,LaI,True
652,Si2Ni6B,False
4877,UFeB4,False
6207,Na3As,False
51661,BeSbTe,False
10860,Be2TcPb,False
29192,CaGe2,False
16929,KNb2Se,False
14627,FeN2Cl2,False
47918,AlB2,False
51764,C2S,False
49750,LiFeSi3O8,False
4260,RbNaO3,False
8037,BePPb,False
16682,Rb2TlInBr6,True
49092,CuSnS3,False
47772,SiC2,False
21308,CaH8C6O4,False
52675,Tb3Os,False
26374,Cu3SbS4,False
23678,RuO4,False
43008,Ti3AlF15,False
52638,BaSnCl,False
24765,Li2TiCuO4,False
4516,SiBr3,False
37155,Th3Au,False
51581,SrMgSi,False
41681,ScRe2O6,False
27891,Ti2In,False
51128,BaYI2,False
9088,KBeRe2,False
19897,PRh2,False
41791,BaAlSi,False
36817,YbLuPd2,False
42693,Th2FeSi3,False
52184,TaOF,False
1040,Ba4CdSb,False
5620,Ba2SbBr,True
14562,CeY2Al3Pd3,False
7287,Th3Si2,False
2778,Ca4TiBe,False
25870,MgAl,False
6133,Co2NiO6,False
3709,CaB2H8,False
35971,BaNaScSi2O7,False
42566,La2MoO6,False
52323,FeSi2O6,False
42514,SrTaNO2,False
50253,Li2GePd,False
18453,ErAlO3,False
3800,BaSiTe2,False
52978,TmNiB4,False
28907,InBi2Se4Br,False
47868,CdSiP,False
35042,Nd2ZnIr,False
22416,H6C7,False
35718,Sm2MgAl,False
31590,YB2Ir2,False
51174,BaTe,True
32911,Tm5NiPb3,False
49836,TiPS4,False
32991,YAlAg2,False
26106,KCu3S2,False
25174,Li3MnF6,False
52286,Pr3Ga2Ni2,False
53145,MnTlF2,False
23690,MoW2Se6,False
2948,Na2CrH8O8,False
20755,MgRe3,False
2376,CeMn2Ge2,False
44042,MnSnTe2,False
8655,HfBe2V,False
37702,LiDyTl2,False
15660,Hf3Hg,False
36511,FeSe,False
18901,Al2OsRh,False
18602,Ho2In3Cu,False
41353,ErZn,False
5450,BaBiP4,False
32087,BaTi4ZnO8,False
25702,InFeO3,False
46816,MgAl2Cl8,False
35740,LiHoPd2,False
3534,Ba2HfBi,False
8775,KSrBe2,False
18257,BaGa3Sn,True
32412,YbLiAlF6,True
46033,BaB2Ir2,False
16704,Li3Ho,False
16262,LaFeSi2Rh,False
49148,Ga2I,False
54469,NbAs5,False
1988,ZrCuGeAs,False
11652,ScB2,False
192,NaLi5N2,False
27436,MgZnNi2,True
32371,PmHoMg2,False
21312,YCo4B,False
25591,Li3CuS2,False
5449,Be2FePt,False
41850,BaGe,True
39076,Mn3CrO8,False
10368,Ce2Mg,False
17344,BaNa2Sn,True
9488,ZrI3,False
10159,BeNbSi2,False
54320,HfU3,False
36292,BiTePt,False
19720,Zr2Al,False
40818,LaIn,False
14458,HfNbB2,False
41102,USi2Ir2,False
39505,NaCaTaTiO6,False
12393,Co3Mo,False
52901,TmB4Ir4,False
43420,Pm2CoCu,False
3681,CaSi2,False
42560,Hg2AsCl2,True
45338,YbLi3PCO7,False
13521,Ba2ErMoO6,False
8330,HfMg3O4,False
46596,NiTePd,False
39744,LuCo2,False
32368,Ac2ZnIr,False
27511,TbLiSe2,False
19565,CaCeZn2,True
50510,W2C3N6,False
35386,KCu2Se2,False
25381,Mn2GeS4,False
45586,ZnSn4O6,False
49651,NaPtO,False
6023,Be2ZnCr,False
22664,Ag3AuS2,False
52051,RbCuSe,True
23286,Ca2CoW,False
53661,Na2Se,False
41716,LuAlNi,False
7308,BeNb4Ru,False
25452,KLi6TaO6,False
28892,RbC,False
53341,BaCuBr2,False
13787,Mg7Si4H2O16,False
52549,Li3Mn2VO6,False
27174,WN,False
32063,NaInHg2,True
6051,Be2ZnMo,False
1282,CoH2SO5,False
41608,LuAgPb,False
30794,Sr3As2,False
9855,NaBe2Si,False
53826,LiNiPO4,False
29577,Dy2O3,False
42003,NiSnRh2,False
20799,UAl3Ni2,False
15077,Rb2TeSe4,False
38120,Li2VC2O6,False
52827,Co3O2F4,False
37333,CuPtO2,False
10203,TiBe2Ge,False
11397,MnInF3,False
34767,MgScPd2,False
41707,Ti4FeBi2,False
7309,Li2MnF6,False
7871,SrIn,False
39446,Rb2Ni3Se4,False
34844,ScSiNi,False
47169,La3Cd,False
44831,Zr3Al,False
3368,SmGeRu,False
1386,Ba4BeBi,False
18256,Th2CuTc,False
32539,Er4Sb3,False
53961,CaTe2,False
36369,AlH3O3,False
11141,KBeIn2,False
45887,DyCuGe,False
6800,Dy2Sn5,False
23236,Li2Mn2F7,False
16421,Na2LuAgCl6,True
47528,TbNd,False
27647,CuSiIr2,False
21410,Na3VO3,False
4253,PrS,False
47605,ThFe2Co3,False
36767,HfScOs2,False
17609,Y3Ge,False
34321,DySnAu2,False
6068,Hg3Te2I2,True
1205,Li8BiS6,False
32500,Tl2CdTe4,False
44271,KBH4,False
20741,SmAsPd,False
51504,NaAlSe,False
18897,NbB2,False
37445,RbCuBr3,True
29156,Sr2Sn,True
7930,AsRuPt2,False
4034,Ba4TiTc,False
52315,Nb2Ni21B6,False
30253,Ta2N3O,False
42740,RbFeCl3,False
38263,Li2MnOF2,False
13675,LiCa3,True
49959,Cr4GaCuS8,False
42051,TbPS4,False
15510,KAuS,False
19939,LiHfAu2,False
54126,LiV4O10,False
39702,DyNi2Ge2,False
25954,Tb4Bi3,False
9205,RbHo2Cu3S5,False
24027,Li5B4,False
25950,Mg2Mo3O8,False
33621,CdPd5Se,False
15964,CaSm2S3,False
14001,NbCuTe2,False
39611,Ba2AlV3O7,False
46918,K2SnH6O6,False
46152,TbMnGe,False
26055,LiSc2Al,False
50629,CdNO,False
48805,DyCu3S3,False
40063,YbGa5Co,True
21795,CoS2,False
29321,VN,False
20334,SrCa,False
22358,Cd3Cl2O2,True
2787,LaAsO4,False
17761,Rb2LiLaCl6,True
26658,Li2BeSiO4,False
46666,Hf5Al3,False
48582,RbAlSb,False
13477,BaGe3Rh,False
6250,Li4Mn2Cr3Co3O16,False
11932,Mg6VFe,False
36682,TmNbOs2,False
4009,SrZn5,True
4498,KEuCu2Te4,False
2988,K3AsSe4,False
13911,CaAs2Ru2,False
50468,Ba2I,False
17422,ErIr,False
17240,Li2MnCr2O6,False
23106,SiAs3,False
6812,Re2AsRu,False
25770,FeBO3,False
29059,HgI2,False
6219,BeHgRh,False
8183,Fe2AsSe,False
22485,Dy2O3,False
15677,Fe2CoSe4,False
14457,PmMg2,False
28471,Zn3Sn,True
18407,EuSnRh2,False
1027,Li2BPt3,False
3430,TmTe3,False
9230,Ti2AsIr,False
45828,NdAl,False
379,Li2CN2,False
12946,BeFeCu2,False
23968,Li2FeSiO4,False
47427,PmSmTl2,False
42448,Ba4CdPd,True
4342,LaSc3B4O12,False
2304,FeNiP,False
28941,Ca5Au4,False
6392,BeGaAg,False
8966,VMo2As,False
27326,Ti2MnSi,False
18203,Nb6AlSi,False
21045,BaCeN2,False
3210,K2BaPb,True
49480,MnPbO3,False
21954,Ho2CdPd2,False
19081,K2ScCuCl6,True
32548,Li5Cu4P6,False
54241,ZrPb,False
20410,Pm3Er,False
19403,TlSn,False
31917,LiNbP2O7,False
32165,PmNi3,False
13423,K2BeSe,False
581,LiSi2BiO6,False
2468,K4Co7O14,False
33979,KYSiS4,False
35873,Ti3Sb,False
20793,ZrAl5Ni2,False
48397,Li2As,False
14997,Ca3As2,False
37298,CaTlF3,False
49908,SnH12C6F2,False
38319,DyCu,False
52151,SiOF,False
9154,SrBeTc,False
12011,Be2SnSe,False
20788,BaPdS2,False
39081,Fe2RhS4,False
35445,DySbPd,False
27877,MgAl2O4,False
18986,Tl3Cd,True
42014,NdNi2,False
34348,LiMg2,False
46140,MgCuP,False
1517,RbCoH24C14N8,False
36421,Mg3Bi,False
35870,SrZnSb2,False
32486,V5Ge3,False
38871,LiCa2Ag,True
54197,Ba2YCo3O8,False
34102,CdH2O2,False
53423,MgCl,False
6836,Fe2B,False
12048,YbMn2As2,False
40358,PmDyCu2,False
22964,RbCuC2,False
50129,Li2MnCoO4,False
2559,LiH2IO,False
53564,NbZnO4,False
38849,LiFe3O4,False
44376,NaTl,False
37226,MoAs2O7,False
50806,KAsO3,False
50005,MgFeO2,False
33422,Ba2PrIrO6,False
47343,CoNiO3,False
12536,SrCuSO,False
13391,ZrBe2Te,False
11126,KCaBe2,False
13126,NaCa2Be,False
48538,Ho2MnNiO6,False
260,RbF3,False
42554,Fe5B2P,False
50157,CeU2O6,False
12299,CuAg2O2,False
3651,SnPCl9,False
26945,Ba2LiReN4,False
54425,P3Br,False
28821,LiMg,False
21335,ScSnAu,False
48006,SrGeH2,False
18500,KRb2AlF6,True
7661,HoPt2,False
50086,BaHfBr,False
54467,ZrSn7,False
3299,UP2,False
50948,MnZn3Fe8O16,False
53245,Np2C3,False
24228,CeCd2Ag,True
6587,B2O3,False
24154,AlH3O3,False
3161,Ba2YCu,False
16890,Ba2FeN2,False
50213,VOF,False
6548,TmZnSn2,False
5968,Ca3SiBr2,False
39563,TaCr2,False
2536,LiV3Zn2O8,False
20870,Tb2InHg,False
35416,SmS,False
15644,Ac2CdGe,True
48282,HfCl2,False
41809,BaCu8P4,False
12652,LiCo2O4,False
6295,LaGeAu,False
300,ErSbPd,False
34254,BaLiF3,True
1639,Ba4ScPd,False
49814,YSnO,False
36491,Y2InCu,False
35495,ZrAlPd2,False
26174,LuTe3,False
50342,Y4MgRh,False
29005,Rb2CuBr2Cl2,True
35073,Li3Pd,False
21121,AlNiO3,False
34417,Zn3C,False
46562,Ta5Ge3,False
24468,MgW2N2,False
25183,RbAlF4,False
32936,MoS2,False
52245,Zn2IN,False
22265,NaAgO2,False
19161,KZnP,True
5635,Ba4InRh,False
32966,SiW3,False
3610,BaMnGe2,False
10324,Tm2Si2O7,False
33806,Rb2CuCl3,True
40887,PrGe,False
37375,H13C4NF2,False
21037,Cd3Ir,True
22555,RhF6,False
31139,NdTeCl,False
47295,DyMg2Sc,False
48918,AgSbS,False
10155,Be2SiW,False
17252,Nd2TeO2,False
51024,ErSbO4,False
6555,Be2CrHg,False
38195,Li2Fe3NiO8,False
26828,ZnCoSi2O6,False
6560,HgH8C2Br3N,False
8163,Er5BiAu2,False
5563,ThB2Pt2C,False
12293,CeMnNi4,False
15805,LaSi3Os,False
23876,YbSm2S4,False
4503,DyAu3,False
19138,Na2O,False
21881,FeS2,False
28971,LiGaHg2,True
10062,MnBe2Pd,False
425,Li2TiFe3O8,False
24298,FeHO2,False
11124,CdWO4,False
42384,BaFe2As2,False
31376,PmCdPd2,False
22610,K2PtBr4,True
36138,LiV2OF5,False
17123,Pb2ClO2,False
46761,CeAlO3,False
16399,K2LiSbI6,True
25429,Sb3O4F,False
27726,MnAlCu2,False
17468,Ba2CaBiO6,False
27755,BeGeP2,False
50110,BaSnF,False
9935,V6CoRh,False
51468,Dy3Pt,False
21179,Ag3Sn,True
45202,K7LiSi8,False
18249,DyH3,False
50860,SrTiO,False
23561,LiTa2CuO6,False
1026,BeCrP,False
39290,Li2Ti3FeO8,False
15809,NbNi6Mo,False
658,CaNi3P4O14,False
24968,AlTlF4,False
19727,MgCo2Si,False
21339,Na3BS3,False
9308,FeSnRu2,False
52737,Ce2Co5Cu5,False
34458,HoBi2IO4,False
3679,NaCaVO4,False
7400,V2NO,False
33427,RbGeIO6,False
46715,Yb2Pb,True
1390,TmNiGe2,False
25705,Mg2BiPO6,False
27151,Na3Cl,True
33648,ErPaRu2,False
53033,Ba2Y2Co4O11,False
8892,LiVF6,False
28882,Be2FePt,False
23487,LiNd2HO3,False
19128,K3I2Br,True
34287,ReO2,False
27219,Cr5Si3,False
22460,YbFe2O4,False
46986,KSn2Cl5,False
8800,BeInRh2,False
51608,Br2O,False
16310,Rb2PdCl6,False
13042,K2LiBe,False
14089,CdClO,False
9146,Cr2GeC,False
23422,RbAg3Se2,False
381,U3CuO10,False
12447,MnBeMo,False
47488,PrSmIr2,False
19094,InPd3,False
1185,Ba4PtCl,False
48081,TmMo6Se8,False
22892,Na4C2O5,False
17839,Ho3Th,False
28692,ZnF2,False
32163,SiC2,False
27963,LiRh3,False
46867,MgB9N,False
40597,VNCl4,False
14129,BaHBr,False
34485,NpGa5Co,False
2431,V4O7F5,False
38526,ZnP2,False
29150,CaCo2O5,False
1948,Ca2PbAu2,False
12417,BeTlCl2,False
10439,KMgH3,False
52485,BaNaB,False
33587,KZn4Sb3O12,False
8746,MgBIr,False
29825,Dy3AlN,False
1307,Ba4NbSe,False
3553,BaSi2Br,False
7676,Ba3Al3Ga2,False
50446,Nd2Ga3Cu,False
17408,AgF,True
16197,GaH3O3,False
8268,BeGaOs2,False
53187,Li2VCoO5,False
3037,HoBrO,False
29729,Ti4ZnS8,False
45228,MnNi2Sn,False
48246,LiPH2,False
26822,InPO4,False
48208,ZrZnO2,False
43494,In2GaBiS6,False
27346,Li2HgPd,False
45050,Tl2S5,False
48919,KHgBr3O,True
32476,Ac2CuSn,False
54319,CrSn7,False
52374,SbHO2,False
41933,Al3Pt5,False
14799,CeSi2Ru2,False
46932,KBrF4,True
32566,VTc2Ge,False
52941,InNF,False
38980,NaBiO3,False
35214,LiAl3,False
2653,LiCuPO4,False
1836,BeCoBi4,False
41755,SrB2S4,False
48636,NbO2,False
9770,CaBe2Re,False
17715,YbGa2,False
12372,CaGe2,False
12634,NaHF2,False
47996,TiAlNi2,False
15579,MgPb3,False
23492,Ca2SiB2O7,False
16921,Ho2ZnCu,False
9013,BaMg4Ge3,True
18755,Si3NiP4,False
29819,RhN,False
20074,ZnPt,False
42631,K2PrCuBr6,True
28359,NaGaHg2,True
50291,CePtRh,False
27991,Yb2SO2,False
34390,NdY3,False
46683,Te4Mo3S2,False
38177,LiAgF4,True
32397,Y5Sn3,False
47658,Yb2Al2O5,False
51615,Br2O,False
21956,SmNi5,False
48094,MgSnN,False
51458,LiBiF,False
4398,BaSrTl2,False
12283,LiFe2O3,False
15922,BaAs2Ru2,False
3403,Ce3SiPt5,False
32986,Li2CeAl,False
15744,NaMgSb,True
36405,Hf2N2O,False
15894,ZrTiN2,False
23912,SnH8N2Cl6,False
19945,MnVCo4Si2,False
44415,Sr3Pm,False
5281,SrIn3Au3,False
9503,TiBeMo,False
34505,NaTm3,False
23092,Sn4P3,False
26573,NpMn3,False
23592,C3N4,False
27034,MgCd3,False
21484,LiTiRe,False
14691,Y2ZnHg,False
35152,NpP,False
50191,Li2CoNiO4,False
11349,BeBi2Pb,False
17330,ErTmAg2,False
18172,K2NaInCl6,True
48659,AgClO,False
22836,CrIrRu,False
33666,PrBPt4,False
3505,Tb2Al3Si2,False
26308,LiRh,False
9596,FeBiO3,False
32207,Tm2InPd2,False
40410,TmH3O3,False
9641,BePtSe2,False
50843,TiAg2I6O18,False
36556,Sc2CoRu,False
29215,CaC2,False
5866,Be2PtPb,False
10912,CaUO4,False
20549,Na3ClO,False
2014,Ba4YBe,False
53018,LuCoB4,False
47375,Y2In3Sn3,False
23214,SrAl2B2O7,False
46930,NaSm2IrO6,False
28603,CaFe2O4,False
43339,PrNiAs,False
6175,Be2OsBr,False
25896,MgCd,False
21698,DyBr2,True
36611,Tm2ZnIr,False
1278,UCoO4,False
47829,TaCoNi2,False
24956,AgBiI4,True
16654,Rb2CuMoCl6,False
52542,LiNbTe,False
27433,MgPd2Au,False
32294,TiFe2,False
32937,AlCu2Re2,False
20254,ZnCu2GeS4,False
33859,CaNdRh2,False
7222,BeGaTc,False
29152,KRb2NiF6,True
16591,PrIn2Ir,False
2151,LaB2Ru3,False
50032,Li2TiCr3O8,False
34980,LiPr2Os,False
25369,LiTiV2O6,False
36325,NaAg2Sn,False
49932,RbAsSe,False
6320,YBeZn2,False
52393,Li2MnNi3O8,False
22299,Ca6GaN5,False
35576,ThB2Ir3,False
611,ZnCu3H6Cl2O6,False
33709,Mn2PtRh,False
5332,BaTlBr,False
35797,DyMgHg2,True
13011,K3AuSe13,False
35413,NdDy3,False
27504,Na2ZnGeO4,False
25762,SnS,False
37643,NaMnO2,False
11877,BeCr2Tc,False
46532,Ta2O5,False
15387,KPPbS4,False
52888,NaTiSi2O6,False
48180,PrMo6S8,False
29608,ErH,False
14343,MnCo3,False
5834,KBeZn2,True
10016,Be2TeP,False
4996,CaMg3,False
40777,Li2Ti3CoO8,False
10328,Eu2PBr,False
8874,CeMg6Sb,True
46630,Nb2Se9,False
27027,HgO,False
2045,ZnBi6P2O14F2,False
32409,MnAg2GeTe4,False
36580,AgPdO2,False
17424,ScNbPb2O6,False
46045,DyRh2,False
33012,ThCl4,False
10471,MnBeSb2,False
17233,Ba3Er,False
44663,Fe3Re,False
36315,PrH3O3,False
44444,Li4AlCr3O8,False
21066,SiNi3,False
52468,InIO,False
11853,BeFe2Ge,False
52446,V3OF11,False
17785,Sc3Te,False
14440,Al2O3,False
225,RePbClO4,False
50243,GaBiO4,False
52378,LiMn2Si2O7,False
24476,LiCuPO4,False
24546,GeP,False
54413,SOF2,False
7878,ErCd2Cu,True
49833,TiPS,False
33342,Lu2CdIn,True
4286,NbFe3,False
39317,K3UO2F5,False
45729,PuNi,False
39169,LaNi5,False
19766,RbLuO2,False
22679,HgNO2,False
23022,K2SnCl6,False
42437,V2CdP2O9,False
32822,Ti2ZnTc,False
3225,BaCrCl2,False
45758,CuSe2,False
52276,TiVO4,False
25479,NiO2,False
16898,BaCO3,False
29876,SbI3,False
23262,Hg3AsS4Br,False
51110,NaVO3,False
48990,PtSCl,False
261,Ba4CuSe,False
48423,CrBO4,False
10630,B6Pb,False
23972,CaHo2Se4,False
43340,Rb2SiF6,True
4519,NaZn4As3,False
43775,PaSnPd2,False
30681,ZnO,False
20864,RuO2,False
7458,YScBe2,False
45034,KAs4ClO6,False
48018,LiVF4,False
50382,NbGaTc2,False
43385,LaPmIr2,False
25716,Hf2N2O,False
37820,Li4MnCr3P4O16,False
40595,UAsSe,False
47563,Lu3Sc,False
53901,LiBeSb,False
54270,VBr2O,False
52305,H3IO,False
43947,CrCoB,False
39660,Li2VBO4,False
35240,BaSiO3,False
775,TiInFe2,False
30451,Np3In,False
50701,Sn3Ge,False
43353,Li2ScCuCl6,False
42966,LiBr,False
38337,NaHg2Bi,True
29925,AlVFeCo,False
5593,NaCu3O4,False
4483,Mg3Ti,False
28928,K2CaC2O6,False
5600,CrCo3,False
12701,Ba2CaMgAl2F14,True
48987,La2Mn3Cu9P7,False
25696,CdSnPd2,False
32303,ThBiTe,False
5875,Er2CN2O2,False
10359,Be2TlCl,False
38504,Yb3U,False
54308,CaTe3,False
7217,DySi,False
27871,VGaRu2,False
42236,Zr2Se3,False
17002,Na2LiN,False
21629,PrCuGe,False
54222,ZrMn,False
19178,VS2,False
13270,BeCuW,False
18626,TmCo2Ge2,False
12554,BeTcBi2,False
34572,RbWO3,False
30068,MgCu2O4,False
32656,MgZrAu2,False
28203,CeTlZn,True
27611,NpFe3,False
4728,KBaSi,False
10072,BeCuHg2,False
2533,NiAs2O6,False
52317,HPbI,False
46581,Nb2WO8,False
31203,Sr2MnZn2As2O2,False
38428,SnO,False
9485,LiTiNCl,False
36525,Zn2In2S5,False
33989,MgBe2As2,False
32849,CaLaMg2,True
1644,LaCdAu,True
40617,MgTi4S8,False
41128,TeO2,False
35200,KYSn,False
12617,KBe2Os,False
10490,YbSbAu,False
12978,TaBePt2,False
38744,NdRh,False
50090,H12C11O3,False
10620,FeN2Cl2,False
36274,CoH2O2,False
54085,HoAg3,False
23959,MoWSe2S2,False
27434,Zr2CoIr,False
12982,Be2SeCl,False
39473,Li3FeS3,False
51956,Li2MnF4,False
42362,Ba2PrTaO6,False
4408,Ba4TeIr,False
2990,BaSrCd2,False
13328,YbSe2,False
14986,RbLiZnS2,False
20846,Ce2SO2,False
14819,GaBi3,False
4611,Sm2IO2,False
42815,K3Mg,False
46315,Al2Se3,False
53618,InBrO2,False
7838,BeCrRe2,False
17699,BaFe2N2,False
27114,Hf2ReRh,False
28375,Yb2SmS4,False
25728,K3GeSe3,False
5372,Ba4ReCl,False
34333,LiMgSbPd,False
13349,Mg2Zn,False
31001,Li2ZnSi,False
51888,LiGaAu,False
15357,Rb2LiTmCl6,True
51131,Ba2I,False
8608,BeGaRu2,False
30606,MoWSe2S2,False
39084,YTl3,False
54544,Sm3Er,False
4922,ThAs12Os4,False
26390,Ba2PrNbO6,False
1621,Ba4ZnBi,False
46995,Ba4I6O,True
17641,SrAg2Sn2,True
6306,BeZn2Re,False
9529,NaBiF6,True
20806,LaZnAgAs2,False
10608,SrMg,False
31,YCoC2,False
11863,Pr2MoC2,False
15158,SrCa3,False
4205,Dy2SiSeO4,False
23809,Sr2ScIrO6,False
48593,Li3CrP2O8,False
28887,GaBN2,False
10317,RbMg6V,True
33253,CaPrZn2,True
25778,TmSb2,False
10041,K2Hg2SCl4O3,False
3284,EuB2Ir2,False
28248,KCr5S8,False
25463,CaSiO3,False
17214,Rb2GaAuBr6,True
20944,Nb3In,False
38284,Li8NiO4F2,False
3735,BePtRh,False
42516,AgBiSeS,False
5317,BaMnBi,False
7576,DyFe2SiC,False
37170,BiSbO5,False
33656,HfSnRh2,False
3078,Ba2CaNi,False
34243,ScCdCu2,True
5583,Ba2ScSb,False
13773,NbRu,False
28879,Tb2Fe17,False
13487,Fe3Si2Ni3,False
29025,C3N,False
12220,BeReMo2,False
48317,DyBr3O6,False
6153,Mn3O4F2,False
51020,Pr2MgSe4,False
27435,Er2OsPd,False
28780,Ag2HgS2,False
33615,Er2PdAu,False
9430,Li2MnSnO4,False
45099,AgSbO3,False
28962,SrNb6O16,False
10559,MgBe2Pb,False
15117,CeNiGe,False
27974,Fe3Pt,False
33968,KTm,False
21613,BaB2S4,False
8368,GaFe2Ni,False
19132,Tb3Bi,False
34556,UCdPb2O6,False
24513,MnNb3S6,False
32796,Mo2WS6,False
32108,P10Au7I,False
50532,MgHg2,False
475,KCrPO4F,False
10693,Ba4CuPd,False
36651,BeNi3,False
35579,TmAlAg2,False
42363,Sr2Mn3As2O2,False
10229,TiBeRe,False
48788,In3Cu3SiSe8,False
7116,BeCrGe,False
6991,SrH2O2,False
44048,SmSiRu2C,False
49102,AgMo6S8,False
44272,PuUN2,False
33944,Hf2TcRu,False
39305,AlAs,False
45664,K3TaS4,False
14200,Tb2BiO2,False
13179,YbPt3,False
35319,Sm3Pd,False
30962,ScNiGe,False
53174,CoO2,False
31744,UTl2O4,False
39283,Li3VBPO7,False
12479,MoW2S6,False
13121,Mg2Ga2S5,False
25526,Ca2CoO3,False
3625,Ca2MgP2H4O10,False
50762,RbAlO,False
49292,TiH14C8O4,False
21837,CO2,False
41352,NaFeSe2O8,False
20743,Hg3B2O6,False
28195,Y2ZnPb,False
46262,Yb2Ge2O7,False
6171,MnN2Cl6,False
50633,CeAs3,False
8721,AsPRh2,False
31778,Ce2CN2O2,False
15018,Mg5Ag,False
42395,La3ScBi5,False
34848,ScZn2Au,True
33216,ScV2Ga4,False
19661,RbTmO2,False
25285,TiO,False
16301,TiAlCo2,False
37196,Rb2LiTlCl6,True
47548,InAgI2,True
36409,AgGeO3,False
46568,UNi2,False
37817,NbAsPCl13,False
31016,CeZnIn,True
29833,KNdGeS4,False
15887,SmCoP,False
11780,BaHI,False
14822,CrFeCoSi,False
10807,Be2TcPd,False
22258,TbGaI,True
27335,Tl3Hg,True
23256,FeHO2,False
39236,CaSnO2,False
44848,Ni5Sb2,False
46796,Cd2As3I,False
27009,SmInAu2,False
12368,TiPbO3,False
31876,Nd2MgAl,False
51791,CaC2,False
41134,BaV4O8,False
20487,KNbO3,False
480,Ba4MoPd,False
17503,GeTe2Pb,False
17095,Sr2PtN2,False
37495,BaWN3,False
36588,HAuO2,False
16863,CuRe2Cl,False
41547,Tb3Al5O12,False
44245,CaNiH3,False
40888,Li4Ca2MgSi2N6,False
54097,BaCa2MgSi2O8,False
5765,Ba4ZnRe,False
49061,NaV4Cd3O12,False
51585,Mn2SO2,False
9372,TiBe2Sn,False
20758,CuAg2O2,False
32561,Lu2CuOs,False
8598,Be2BiTe,False
42650,CoNiO2,False
24963,HoBrO,False
42767,V2Zn3Si4O14,False
21908,Nb6RuRh,False
53723,As2P,False
30452,Li4V3Cr3O12,False
43552,Cd2BiAsO6,False
52875,YbGa6Fe6,False
3327,AlHO2,False
7228,TiBe2Tl,False
22778,SmSF,True
2435,YCuW2O8,False
31602,MnV2Cr,False
29475,CaCu3Sn4O12,False
8757,Be2SnGe,False
2354,BaFe2S3,False
49119,H5C8SNO,False
47310,CaCeN2,False
37214,Y2Au,False
16112,PmPrHg2,True
7673,BeCdTe2,False
38693,NbSeCl3,False
283,Ti3Sn,False
30898,Ca2SiO4,False
26138,YVF5,False
40134,ThTl3,False
1589,Ba4CdP,False
48210,RbGeS,False
10088,ICl2,False
26956,Ca2Ge,False
16205,DyCu5,False
3356,Ba2LiHf,False
42866,ThAg3,False
50476,TiCrAgS4,False
24339,V2O2F3,False
3845,BaV2Cu,False
13617,K2BeSe,False
17448,Ca2AgRh,False
2143,SmCr2B6,False
46354,SrCu2Sb2,False
174,RbHSeO4,False
32835,Er2B4C,False
6970,Mg7Mo,False
37064,VO2,False
10434,UTe3,False
37906,Na2VPCO7,False
45712,Mg2Nb2SnO8,False
50327,PbBr3,False
9866,Er2CuAu,False
20771,YAgSn,False
50845,TaSbO4,False
6728,Cu2S,False
1578,Ba4CaRh,False
53484,LiNbSe2,False
47050,Te5Mo4S3,False
24022,LiZnGe,True
30720,Te2Mo2WSe2S2,False
30927,TiSnO3,False
43242,NdSmMn4Ge4,False
227,RbBi,False
24838,Ag3SnP7,False
10200,UPt4Au,False
9261,BaMg6Al,True
2515,TbB2Ir3,False
50460,Zn4FeS5,False
7426,Be2NbTc2,False
25465,Mn4Cu3O12,False
3946,LiFe6Ge4,False
31360,InAs,False
17963,Rb2AgAuCl6,True
52168,Dy2Si5Rh3,False
14369,Lu3InN,False
50435,BO2,False
49391,RbV2FeAg2O8,False
48363,Yb2CoTe2S2O14,False
6088,Be2CdBi,False
31509,Be3Ir,False
23545,ScSbPd,False
1492,Ba4BeSb,False
16343,NbNi3,False
54412,Sn7Ru,False
43683,CdP2,False
15279,SnN2F2,False
7961,V2CoO6,False
29955,CaCr2S4,False
12865,Ti3N2,False
39154,NaErF4,True
39335,K2Fe2As2O9,False
39077,Li2Ti3NiO8,False
30444,YbAlAu,False
18918,ZnH18C11O4,False
29668,HfN,False
15718,V2SN2,False
9193,TbPd,False
31201,Ca2InPd2,False
16488,KCa3,False
32666,HfGa4Co,False
19633,Tb2SeO2,False
46821,SrMgSn,True
43383,TbCuSn,False
34688,TbS2,False
3265,CoP3NO9,False
26972,BeSnAs2,False
34112,LiVIr2,False
42291,Ba3NbFe3Si2O14,False
47243,Pm3Hg,False
34834,TbYbPt2,False
54179,CaZr,False
13739,CaV2O4,False
9232,Mg6NbNi,False
17868,H5C2,False
30545,Ba3SbAs,False
7497,BaHo2O4,False
46360,Zn4P6SN12,False
37831,Li14Mn2O9,False
50490,RbCl2,False
24098,ZnO,False
46628,RbV2CrO7,False
23093,MgC2,False
9009,Sc2BeRh,False
51895,Li2Mn7F16,False
53585,CdSbBr,True
32745,YbAgS2,False
50208,CrOF,False
14510,Ti2H2Pd,False
36831,CrSiH12O6F6,False
12053,ZrBeBr2,False
22828,Zn2PHO5,False
120,LiCuS,False
4166,BaGeCl2,True
48532,BaCl,False
38645,LiMnPO4,False
8755,ScBeV2,False
15551,Cr2Te4O11,False
12016,Be2BiBr,False
37425,AlHO2,False
7263,CaBeTc2,False
51109,BaGeO,False
42029,MoF3,False
5127,BaTlBi,False
17022,Li2MgZrO4,False
32979,LiSm2Ir,False
9713,InH3O3,False
51003,Na2BC2,False
29768,Nd2Ti2O7,False
23864,LiCo2O4,False
34494,BaBiIO2,False
51025,CuBO2,False
24291,Ca4PtO6,False
12107,Mg2TiBe,False
35658,LiNpIr2,False
13667,TeMoSe,False
12578,BeIn2Pd,False
13817,SrMg2In2,True
5346,Ba4IrW,False
6290,Be2GaOs,False
32124,Zr2CoTc,False
39266,MnZnO3,False
1843,CaSc2S4,False
26574,YAl4Ni,False
32388,ScCo,False
3229,BaSc2Re,False
5244,BaCa2Bi,True
48022,CuSeI,False
1419,BeCoCl4,False
36492,Li6Br3N,False
44735,Er3Al3NiGe2,False
1759,K2PtBr6,True
22392,Li2PrO3,False
16586,Th2PNO,False
40348,LiMg2Zn,True
51997,LiCdAs,False
28483,VPO5,False
34870,LuSbRh2,False
13388,UO2F2,False
17813,H6C7N2O,False
22635,NaTaO3,False
3063,TbCrO4,False
2545,Pr3MnBi5,False
24700,Ca3Zn,True
35909,Mo3WSe4S4,False
3590,KSn6Au4,False
8789,AsPt2W,False
54281,CdCO2,False
39095,UCl3,False
41642,GeClO2F5,False
2235,K2NaAlP2,False
24804,NO2,False
16393,Ba2CaN2,False
22097,K2NaCeBr6,True
30400,CoMo2S4,False
21730,YSi2Pt2,False
38941,ScSb,False
24724,Sc2Ge2O7,False
24162,CoH6Se2O8,False
849,Ba4SbPb,False
16637,SrAl2Ga2,False
14561,MnP2WO8,False
23284,CdNiP,False
16645,SrPb3S4,False
42296,PaHgTe2,False
5533,Ba4ReHg,False
35608,NdPa3,False
32252,YbMgHg2,True
6348,K2Ga3,False
8132,Mn2BeHg,False
19519,Na2GaHgBr6,True
26377,TlPt,False
365,V2CdP2O10,False
18923,CrH3,False
34030,YbPrZn2,True
29284,LiF,False
5695,BaLaTi4,False
11282,NaLaBe2,False
27946,NaLaTl2,True
14875,LiAlSiH2O5,False
26744,MgO2,False
28509,ZnNiPd2,False
10403,BeWCl2,False
27507,CeSmO2,False
43586,Na3CrCl6,False
14907,UGe3,False
53266,B2I,False
31678,DyP,False
46648,Er3Rh,False
11082,Be2TcRh,False
9007,YCBr,False
51891,Li2Ti4VO8,False
11975,NaMg6Al,False
12936,Li2CuF4,False
7245,SrZn5,True
37068,MgScAg2,False
48646,CaAgSb,False
32096,Ba2Nb5O9,False
32910,Lu2OsPd,False
20778,V2Cr2Fe,False
4307,Al3Ni5,False
8360,USi2Rh2,False
7540,CeB2Ir2,False
41170,MgIn2S4,False
32406,TbTlSe2,False
8810,Ca2BeBi,False
3718,Ba4NbPt,False
13874,CdCuN,False
37389,Li6VO3F3,False
37116,Na2H6Ir,False
1068,Ba4ZrSb,False
32442,NiCl2O8,False
45621,Zn3Sn2O7,False
33378,TmGa5Co,False
46281,CeP2Ru2,False
1084,CeNiAsO,False
45082,Nd3SiAgS7,False
38873,LiTi3VO8,False
1620,BeIn4Pt,False
14261,AgHgPd2,False
43562,PrPt3,False
29304,TaCo,False
42708,TmTe,False
21560,MnO,False
40180,Pd3Pb,False
28642,NaSr2Mg,True
4688,PrCo5,False
31427,TlPPd5,False
53389,BaPbF,False
23679,BaNiO2,False
47057,Rb3Os2Br9,False
47972,GaNO4,False
34156,VGePt,False
42419,BaCrS2,False
28904,Mg3Sb,False
3859,Ba2CaTa,False
31506,Ta2NbRu,False
28312,PdPb2Br6,False
50068,BaGeBr,False
37961,Li3Mn5OF11,False
22669,Ga2NiO4,False
23874,Ti2O,False
52169,Ta2Cr3Si,False
28807,In2IrRh,False
15814,CaFeF6,False
8018,BeBiSe,False
517,MgBe2Cl,False
39499,Na2SO4,False
53572,ZrNbO4,False
48773,LiCeMo2O8,False
48821,ScAgIr,False
6760,Be2GaIr,False
43009,LiFe3O4,False
19798,Na2CoO3,False
14887,LaB6,False
10030,BeCo2Si,False
18254,Al2Te5,False
20918,SrCdGa,False
11645,PrSi,False
42439,BaSrI4,True
42879,NiBiO3,False
2606,Yb3Si5,False
4710,SF6,False
32218,Hf2Te,False
19931,CeNdN2,False
11882,NaBeCl2,False
44593,NaCuO2,False
9046,HfMg3,False
36553,Na3Tl,False
16158,BaZnBi2,False
51792,AsI2,False
39758,SnP7Au3,False
33037,Te2MoWSeS,False
12274,RbMnAs,False
7130,Be2ReSb,False
50735,Li7Mn4CoO12,False
28899,MgB2H8,False
16822,CrFe3Sb4,False
13257,YMg2,False
10029,Zr2BeW,False
39753,MoWSe2S2,False
26437,VIr,False
34892,LuSbRu2,False
17172,SrTiMnBiO6,False
4621,YCr2Si2,False
47934,Sc2Ga3Cu,False
46928,Rb2Se5,False
27372,TmB4,False
31223,TbF3,True
2007,HoInCu,False
16699,SmCo3B2,False
26524,TlSbTe2,False
46422,Mo3WSe2S6,False
2538,SrAl2B2O7,False
7395,YBeW4,False
50161,BaTePd,False
3963,Ba4ZrTc,False
40471,TiIN,False
47365,ZrAlCo4,False
52497,BaBP,False
39800,Te3WO12,False
31958,NaGaH8N2F6,False
23533,MnHO2,False
46220,CaTi2O4,False
42901,AlW3C4,False
29332,Ca2Co3O8,False
37491,Si2B2O5,False
15302,TbAgAs2,False
19647,ZrTi3,False
28728,ScTlAg2,False
30762,Ag4SI,False
29145,Li3Mn3O8,False
48073,Sm2Al,False
633,BaAl3P2H2O14,False
15799,CdGeAsP,False
2580,BPS4,False
18473,LaLuTl2,False
17129,Rb3GaF6,True
49570,LiSnP,False
41917,SnAu,False
34917,SmBeO3,False
46001,SiTePt,False
2141,HfBeCo4,False
47356,LaNiAs,False
30998,AgSO4,False
10211,BePbCl2,False
4453,NbSe2,False
25700,LaC,False
15678,Li2VO2F,False
48333,NaIO,False
39778,Mg2CoH5,False
21649,NaPrS2,False
32391,SiP2O7,False
26864,PPdSe,False
1202,AuCClO,False
3624,LiVF4,False
16612,KBa3,True
3531,BaLaIn2,False
19631,Sr2NbGaO6,False
42509,TiMn3P4O16,False
10719,KTiBe2,False
38270,TaSe2,False
42659,SiBi2O5,False
40637,KPrTe4,False
46948,Tm3Al2,False
4596,Li2TlAu,False
22924,SrCrF6,False
10292,KZrBe2,False
53997,TmNiO3,False
23380,KCrS2,False
46931,SnPO4,False
9589,SrH4N2,False
44191,Y2GeRh3,False
8615,YCu,False
2104,UCl5,False
44175,Li2CrFeO4,False
51445,Li2O,False
53479,BeZnCl,False
52469,KCoO2,False
13315,BaSn,True
19705,Ac3Au,False
49198,V6O11F,False
16188,BaEuO3,False
43110,AlCo2Si2,False
47044,Tl3SbSe3,False
5484,Ba4ZnRh,False
21817,SmSe,False
39640,PNO,False
26652,BiPd2O4,False
35098,Rb3Li,False
38010,CaAgHg2,True
24132,ZrNiSb,False
48577,BaIO,False
21640,SrTiN2,False
29345,TiHgO3,False
24865,GaN,False
26331,ZrO2,False
37181,Nd2AgHg,False
38935,PHF4,False
8470,Cu2GeS4,False
1303,KMg6Nb,False
29936,Tb5BiAu2,False
25481,KFeF3,False
29076,TaIr,False
14814,Li5Cr2Co3O10,False
47881,GaHg3,True
21160,PmHoRu2,False
31149,Sr3CrN3,False
6387,BaMgO2,False
38409,Na2CoS2,False
16330,AcHgTe2,False
34502,DyBPd3,False
40675,CaNi2O4,False
24260,H4NClO2,False
52252,GePbS3,False
34241,LaSb,False
11366,K2YBe,False
36931,TeMoWSe2S,False
24774,Cd4OF6,True
41892,HfSiO4,False
37242,Si3Mo,False
1402,HfBe2Rh,False
44993,Sm3RuO7,False
24813,FeP2,False
13991,SmCo2P2,False
2730,Sr5B3BrO9,False
2638,V3O4F2,False
40403,Li2Cr3NiO8,False
17665,ErBi3,False
38433,HoBi,False
26880,Ta2VRu,False
25604,Rb4CO4,False
34675,HfSiNi,False
10194,Rb3SbCl6,True
26935,BaPd,False
50433,MnNiP2O7,False
42166,K3NbSe4,False
54106,BaMn2P2O9,False
28952,YMg3,False
8778,UCuP2,False
1596,NbCrN2,False
16317,V6GeOs,False
20812,Mn2CoN2,False
34441,YbAgPd2,False
24214,CoP2,False
36964,Mg2ZnPd,True
15035,KHg3,False
34837,LiNd2Os,False
1052,Ba4MgSe,True
21401,Cr3Rh,False
32990,PtPb4,False
43746,Ag2SnBiS4,False
44306,HfMnIr2,False
38043,Li4V3OF11,False
6298,SiO2,False
724,MnBiSe2I,False
20457,Cd2TeSe,True
23122,YMn2O4,False
9526,NdAsRuO,False
9361,LiAgF2,False
51147,Li2NiP2O7,False
5596,Li6CoSi2O8,False
51145,BaSrS,False
34977,PrSmMg2,False
32552,PrCoSi,False
19693,Na3Ga,True
43965,LuScHg2,False
29777,Sr3SbAs,False
44063,LiAl2Ge,False
30587,YbBiPt,False
50886,Sm4CrS7,False
4802,NaCr4O8,False
38867,Hf2TcPd,False
22573,Sm4S3N2,False
2130,Ti4CdCu3O12,False
11754,Be2ZnCu,False
53976,Li3FePCO7,False
51567,Li5VO4F,False
31310,SiO2,False
31470,Lu5SbPd2,False
20065,Tb5O9,False
13061,PrInPt4,False
21607,K3Ga,True
20341,ZnSiNi2,False
38479,NaBPt3,False
41437,Y6OsI10,False
39216,BaCO3,False
20575,CeZn5,True
24631,TiNi2Sn,False
22470,LiSbO2,False
38352,Sr2Li2NiO4,False
18929,PdAu,False
48134,ScPdO,False
1658,NiH12Cl2O6,False
7160,MnBeTc,False
52341,Co2TeCl2O3,False
48213,KPH2O4,False
34920,LuO3,False
30512,CdH2O2,False
8989,TiMnP2O8,False
24078,Pr2Sn2O7,False
52243,MgIn2S4,False
21792,YAgTe2,False
11332,BeZnOs2,False
53473,MgTaO3,False
36862,PH6N2O2,False
2999,YbGe2Pd2,False
2326,DyInRh,False
33128,Ta2CrFe,False
516,KNiF3,True
24400,NdH3O3,False
14318,KAuCl3,True
26459,IN,False
53437,MgSiO,False
51845,YGaI,False
24894,Tl2SnHgTe4,False
23431,MgFe2N2,False
46872,Pb3SeO5,False
20426,ZnSiP2,False
17036,AlCuPd2,False
13653,BaMg2H8Os,False
48735,H5C2NO,False
36662,HAuO2,False
35959,Si3As,False
5762,Mg3Zn,False
39162,Li2HgBi,False
12432,HfMg6Nb,False
6823,Mn2As,False
33377,LiY2Ir,False
52959,NaInF2,True
30795,NpAl4,False
49019,AgSe2,False
18013,Yb2AgPd,True
20248,Sm2O3,False
36487,CdI2,False
48396,Lu2Fe12P7,False
50528,BaAlCuAgO5,False
50074,BaHBr2,False
27296,V6H4O13,False
45716,PrAl2,False
5614,LaBe2Cu,False
39695,TmBrO,False
43946,GaAgTeSe,False
16029,Ba2InHg,True
38461,Li2MnO3,False
36541,V2MoOs,False
16019,NbSiRu2,False
7225,BeMoCl,False
7527,CuF2,True
755,SrHfMg6,False
13435,Ni5Se4Br2O12,False
8818,Li4VTe3O12,False
45495,La2Os2I,False
23570,GaS,False
23843,Sm4Cl6O,False
24439,CdTeMoO6,False
11238,BeCuRh2,False
9051,DyLuHg2,True
26558,YMg3,False
34384,KLiZnO2,False
30847,LiCaGaN2,False
43507,AgSnSe2,False
50584,Er2US3O2,False
11566,Be2ZnP,False
42100,Li6CuO4,False
46689,Na2FeAsCO7,False
21965,BaTe,False
11087,Be2ZnBi,False
16056,TiBi2O4F2,False
18615,Co2OF3,False
52050,Li6TiNi7O16,False
10378,HfBeSb,False
32302,PmInAu2,False
23871,YbFe2Ge2,False
6915,MnBe2Nb,False
16283,HoGaAu,False
44127,PrDyIn2,False
10637,BeTl2Se,False
46891,Ca4SnS6,False
51179,MgAgO,False
30544,SrZn2,False
48225,Li5Mn3O8,False
6871,ThAl2,False
24841,Cu2GeS3,False
51803,Ta2N3F,False
13611,SmZn2,False
41510,UCo4Sn,False
12883,Be2CdFe,False
19568,Tb3GaC,False
22850,CaFe2O4,False
9115,BeNiP2,False
38362,LiMnPO4,False
2818,Ca5P6Pd6,False
48313,CaPdAu,False
7826,Zn2FeAs,False
18029,CeCo5,False
24421,Te2MoW3Se4S2,False
40098,LiMnAs,False
35170,Dy3Fe2Si3,False
28097,AlH3O3,False
10190,MgBe2Mo,False
37876,Mn3O2F6,False
53330,LiAg2,False
14071,CaZnPb,True
40284,Li2VSiCO7,False
16860,KCeF4,True
1132,DyMgPd,False
29749,AgBC4N4,False
49165,TiH22C12O4,False
31126,CaAl2SiO6,False
48102,Na4NF,False
18033,PmGePd2,False
40097,ScAl3,False
18091,Lu6MnSb2,False
45385,ZnCr2S4,False
48554,BaFe2S2O,False
18661,Dy2CuAg3,False
44398,VGa2FeCo4,False
53204,ScHO,False
42875,V3Ir,False
35989,TlFeSe2,False
38801,Li2CrO3,False
13345,DyAlNi,False
32241,MoW3Se8,False
36675,Hf2TcOs,False
35317,PrErIn2,False
877,Ba4TaSe,False
31196,HoSe2,False
1949,Sc5In4Rh2,False
37317,SiH8,False
50719,KAg,False
35462,Hg3Au,True
47935,P2Cl,False
5800,BeNbSi,False
30300,Hf3Pb,False
16901,PrNdIn2,False
46487,Ti5Si4,False
44603,LaCeRh4,False
39725,TbMn2Ge2,False
3701,TePb2O5,False
37595,FeS2,False
11539,Be2VGa,False
17206,MnSbPt,False
2785,CdHgSe4C4N4,False
45068,Li2ZnGe,False
48311,Li2CeO3,False
10310,K3VF6,True
1490,Ca2PN3,False
53679,AsC,False
20562,Rb3CeCl6,True
17212,Rb3GaBr6,True
43060,Nd4S3NCl3,False
47132,HfBeIr2,False
33770,AcMgHg2,True
10305,Be2CuTc,False
28938,BaNa2Pb,True
41262,HoMgIn,True
12977,ErMgTl2,True
54073,BaNaPO4,False
52692,K3Ag9Sb4S12,False
53165,Li2HN,False
2584,Be2SbPt,False
3991,BaLiPd2,False
40723,V3Pt,False
48461,CoNi5S8,False
45018,Zr6Al2Co,False
35802,ScZnCu2,True
7499,Mg7Cu,True
44016,TmBr,False
16286,Li3GaF6,True
22620,AgAuO3,False
2247,BeNi4P,False
39873,HoCo5,False
10197,ZrBe2Si,False
30434,VPt,False
28963,SnS,False
2464,LaCeCu4Si4,False
24454,LiCoSiO4,False
46536,K3Hg,True
47495,Rb2YTlF6,True
16539,BaInO3,False
10313,ScBe2Pb,False
44702,TbSi2,False
31260,NiAgSe2,False
39831,Y4SiS3,False
32816,V2ReOs,False
11608,Sr2Be2Bi,False
22015,CeYMg4,False
20566,SrCuSi,False
41411,Tb3Al,False
13674,MgSiO3,False
14043,MgCoO3,False
40077,Ba2LuCu3O6,False
42527,InCuSnSe4,False
34301,RbCuO3,False
20353,K2RbMoBr6,False
12722,Ca2TaBe,False
47235,HfTa,False
42858,Sn3P4O14,False
50390,Sc2IrOs,False
41375,MgSnO2,False
12806,TaBeCu2,False
31870,ScNiB4,False
9298,Rb8Fe2O7,False
42646,K2ZrSi2O7,False
29119,Li4Cr3Co3Sn2O16,False
50820,HfTaC2,False
15475,MnCuNiSn,False
53567,RbCaBr2,True
28949,NaCdPd2,False
37902,TlGeBr3,True
28170,Ba2AgAu,True
21625,PdS2,False
13480,TmPd,False
17021,K2AlAuF6,True
37675,H2C,False
17405,HfH6C5O4,False
32931,Yb4Bi3,True
36309,Mn2O3,False
26494,MgNb2,False
12933,SrB6,False
8093,SbAsIr,False
17979,YP,False
20511,DyTlO2,False
8115,CaBePb,False
915,Ba4CrCo,False
32202,Te2Mo3WSe2S4,False
26514,CSO,False
4888,Ba4TlPt,False
6386,YInPd,False
31220,PmCdAu2,True
34660,ScGa2Ni,False
38039,Li2Al2FeO6,False
33098,NaNdTl2,True
9939,BeGeSb2,False
38163,Te2MoW3S6,False
47077,Ba2HoCu3O6,False
5690,Zr6Al16Rh7,False
21422,TeMoSe,False
33141,TiCuSi,False
54136,Ag3Sn,False
8078,LiSi3Pd,False
40355,HoTmTl2,False
52154,Y2TiSnO7,False
51163,LiAlNiO3,False
36768,Bi14Te13S8,False
2524,ZrTe,False
24871,ScCd3,True
10772,BaMg6Nb,False
9737,YWO3,False
6028,BeMoPt2,False
10989,MnBePd2,False
39550,Sr2MnSO3,False
45869,Pr3IrO7,False
10614,TiH8N2F6,False
32988,SrZrO3,False
45617,InP,False
54148,MgBH,False
37686,NbVO5,False
11846,Be2NbSb,False
52200,Rb2IO,False
45909,TbCuSe2,False
40950,Li4VFe3O8,False
50307,LiMgBr,False
33913,PrBi2ClO4,False
41921,Fe3PH6PbSO14,False
22798,SrZn2As2,False
25554,FeBiO3,False
8409,BeMoW2,False
3720,NdB2Rh2C,False
24733,K2NaCuF6,True
43502,PrThCN,False
34949,LiSiIr2,False
28175,HoAu,False
44142,Ti3Nb3Sn2,False
31970,Dy2CdIn,False
28633,LiGa2Cu,False
6448,SrNb3NO7,False
40192,TmIn,False
7797,SrBeCl,False
33749,Tm2MgIn,False
29303,LiCuO,False
41797,Fe3C,False
44740,NaMnO2,False
12500,BeBi2Ir,False
6490,Tl2SnHgSe4,False
9356,HoSi2Os2,False
41708,Tl2SnTe5,False
26079,CrO2,False
10338,Be2NbCr,False
3786,MnRh,False
46646,YbCuS2,False
41319,NdMnSbO,False
49982,BiBO,False
46814,PuAl3,False
29098,Tb4Mg3Co2,False
1799,Na2VO3,False
28227,Te2O5,False
31680,Hf3Si2,False
38260,NaSmS2,False
26896,Co3W,False
28193,Fe3OF7,False
40910,NaHo2F7,False
22009,Fe3Sb,False
2923,Ho2Ga8Co,False
19576,Nd2SeO2,False
37249,TlAuO2,False
31211,PmAlAg2,False
49390,RbIO,False
2109,NdNiSb2,False
26414,CeMg,False
47384,Ti4In2CoNi,False
3296,P4S3I2,False
39347,KBF4,False
42050,TbTl3,True
49768,TeSO2,False
7124,Mg7Mn,True
20455,GaAgP2Se6,False
9390,ZrTaBe2,False
47622,CePmMg2,False
28942,SbTe,False
50371,CeW2O8,False
15650,Th3In,False
31251,CaMn4S8,False
43660,ZrSiO4,False
43890,MgZn2Sb2,True
32694,YbCdAg2,True
47312,Ca2CuCO5,False
4069,HfMg7,True
10846,Be2GaCu,False
19392,SrMn2BiO6,False
30313,CrCu2Si,False
13941,YbAl2Ga2,False
50461,S2N,False
50359,La3BeGaS7,False
25620,Lu2TiO5,False
30201,Li3Fe2Cu2O8,False
5530,Ba4TePt,False
18164,AlInN2,False
39773,Li2CuSbP2O8,False
25223,HfZrO4,False
40580,CrO2,False
44921,ErIn5Co,False
24488,NbAs2,False
21928,NaCr2S4,False
35599,MnAlRh2,False
9991,CaBe2Cl,False
36941,MnO2,False
15979,LiCaSb,False
52218,La3GaCuSe7,False
24975,PtS2Cl6,False
34082,Te2MoWSeS,False
27472,HoAgHg2,True
6445,UGaRh,False
789,TaReSi,False
11086,BeFe2Te,False
46908,AsCl3O,False
23724,ZnB2H8,False
20012,Li2Ni3WO8,False
29153,Sc2TlOs,False
19018,ZnGeP2,False
40150,MgWO4,False
12041,LiFeOF2,False
40995,RbNdTe4,False
39190,Ti3Si,False
36690,Ga2PdBr8,True
33160,Li5CoO4,False
10690,LiMnAs,False
26476,MgGa,False
31141,Ba3SbP,False
29366,NdAs,False
43566,TbCdHg2,True
30044,RbAlH8N4,False
37908,RbSnS2,False
36631,CuH12N10O8,False
23950,Mg2SnO4,False
5599,SN,False
49176,GeC2,False
23156,SbAsO3,False
45809,NpSb,False
53680,PbBr,False
50190,Rb3YI6,True
41388,AcF3,False
40618,Tl2SiS3,False
33808,YbScRh2,False
52745,DyZnSn,True
326,Mn3O4F2,False
26039,BaSi4O9,False
6327,Ba4HfTc,False
29607,BaF2,False
38078,Li3V6O16,False
4842,LiPt2,False
35432,YbBi2BrO4,False
23288,SbO2,False
14317,Li3H6Rh,False
43932,CeCo4Cu,False
51417,LiNiPO4,False
51234,CaSnHg,False
41336,SnWO4,False
37369,RbSrCl3,False
13828,Li2CuSiO4,False
44212,SrMgHg2,True
19206,TiVW,False
49451,InI3,False
17122,SmBiPd,False
25800,VTeO4,False
20654,PmNd3,False
39145,YScAu2,False
24973,MnZnF6,True
47938,Pr2SbAu3,False
41261,MgV2O4,False
50417,Y3Lu,False
31261,SrBe13,False
41051,TiBr4,False
53118,SnHF,False
36950,TbBa3,False
15763,TiAl6Mo,False
44119,SrNdMnO4,False
23618,Ca3FeRhO6,False
25047,MoO3,False
48242,Li2PH,False
12689,BeCo2Rh,False
53352,NaAlO,False
54513,Sm3Pb,False
43302,Cr2GaC,False
18524,TmGaO3,False
792,Ag2Se,False
36949,Rb2NaTlF6,True
2474,SrCrF6,False
42073,BaIrF6,False
27342,Na2Be2O3,False
30879,Te6Mo3WSe2,False
31916,CaGa4,False
33237,Ba3WCl2O5,False
40616,K3H5Pd,False
12364,NdIr5,False
52614,CdMo6S8,False
31435,CaAl2S4,False
11269,CaCl2,False
43323,Li2VSiO4,False
33952,YMgHg2,True
45675,FeNi3,False
25063,LiCa4B3N6,False
32485,BiO2,False
28570,MgMn2S4,False
50306,Na3SbSe3,False
44896,Na3HoCl6,True
40599,YbAgGe,False
50216,Tl6WO12,False
21108,Pm3Er,False
52964,TlAsO4,False
42521,NaTlO,True
33471,InAgW2O8,False
21184,ThFeNi4,False
23202,Sn2BSe,False
35362,YHoZn2,False
34266,Be2Mo,False
17771,H2C,False
53285,Nb4O9,False
13255,Yb3Sr,False
14312,NdNiC2,False
17680,TePb3,False
40207,ZnO2,False
15663,YUSb2,False
37343,SiC3,False
3308,MnCdO2,False
7904,HfGeRu,False
41935,HoSn3,False
32324,YNi5,False
38237,Li3VO2F2,False
51666,NaSe2,False
37127,SmB4Rh4,False
46079,Li2WS4,False
46192,Tl3Pb,True
15875,CeAs2Au,False
27944,Ba3AsP,False
29095,MgCo2S4,False
31397,Ta2N3F,False
50046,ScBO2,False
50271,PbBrCl,False
44583,Sm4Sn3,False
39431,UBi,False
39623,Li5GaO4,False
1091,Li3Fe4B4O12,False
10561,LiBe2Ga,False
20986,BeW2Cl,False
54175,BHN2,False
323,RbSrO3,False
33170,Pm2SiHg,False
25505,TlCu3S2,False
3119,SICl7,False
23356,ZrPbO3,False
31875,LiBePd2,False
6110,BeCuRh2,False
34450,TeMoWSe2S,False
25038,V2O5,False
27811,Y2HgPb,False
46349,CaSnS3,False
21017,Dy3Ho,False
36728,TbTlAg2,True
25317,Mg2Sn2O5,False
26745,CrPtO2,False
14496,Ba2SrUO6,False
37097,NiAg3,False
23768,LiYS2,False
53931,ZnAgF,False
38262,LiVF3,False
25161,MgCr2O4,False
20370,SnH20C11O6,False
46205,LiV2O4,False
26528,LuTlS2,False
9949,CaBeSi2,False
29120,TeW2SeS2,False
48831,CaTiN2,False
52945,K2AlOF5,True
37742,SnBrCl,True
14781,NdLu3,False
13961,KPdF3,False
51869,CdO,False
53599,CaAsH2,False
28476,Tb2O3,False
18611,FeBiO3,False
15267,WSe2,False
29996,TcC,False
11821,LaNdN2,False
10770,LiAlSi2O6,False
5350,Ba4RhW,False
26109,LiCuF3,True
4508,ZrAlCu2,False
38703,BiSe,False
17604,ZrScFe4,False
12783,SmSi3Os,False
26090,HBr,False
18826,ErSi,False
10192,Be2CoGe,False
42865,LiMn2P2O8,False
39341,V3O4F2,False
39453,MnCu2Sn,False
49648,CdH6C5O4,False
32226,GaSeBr7,True
19231,CoSb,False
9094,Mn2BeGe,False
32804,BaPrO3,False
16228,CuBr,True
19797,MgS2,False
45074,TlCu2O2,False
2401,SN,False
3848,NaCoPO4,False
23285,H14C9O3,False
53855,Li4MnCo2O7,False
20860,TeRuSe,False
40510,K2Pb2O3,False
9687,Ca2AuN,False
29502,RhN,False
14891,YbZn3,True
2688,Na2ZnGe,True
53922,BiO2,False
17487,ZnAgAs,False
16151,PdSe2Br6,False
49050,SnH6C4O6,False
5309,BaOsBr,False
51270,Li7Mn2Co3O12,False
722,ErAgGe,False
53852,CaPN,False
31739,HfGaRu2,False
4789,TcBr3,False
739,Sn2BF7,False
24715,SiSe2,False
95,K2TcCl6,False
28688,P2Ir,False
29450,WN,False
30420,CoS2,False
31104,YbBa2ReO6,False
6762,BeTc2Ge,False
10217,ScBe2Si,False
40987,Ag2Se,False
31159,Li15Ge4,False
49323,La6CoSi2S14,False
25844,MgCd,False
40921,NbS2,False
14536,SmBrO,False
28405,SrCuH6O5,False
42492,La2NiO4,False
31351,PrBS3,False
23224,ScRu,False
44374,Mn2GaNi,False
4880,Ba2ZrCl,False
31337,Lu5Si3,False
15615,Tl3FeCl5,False
35470,YLuZn2,False
17548,K2InGaCl6,True
30831,PaMn2Al,False
23437,KZr2Nb,False
14941,YbAlAg2,False
46748,Mo3Pd2N,False
36637,KPr3,False
45567,Ba2Ga2O5,False
38659,MnO2,False
30954,Li2CaHfF8,False
32153,MnV2Os,False
15845,KRbAu2,True
13887,Al2FeS4,False
2560,CaMgSi2O6,False
54005,NbH2O,False
30605,Na2Cd3Si3O10,False
43064,Cr3O8,False
18718,CuCl2,False
41864,Na3ScSi2O7,False
37853,Li2VO2F,False
13665,SrCr2As2,False
19245,RbNdTe2,False
52609,BaC2,False
40825,LiNO3,False
14403,Pr2Ga7Ni,False
15177,BaB2Rh2,False
53807,CS2,False
50343,MgFeC2O6,False
45554,TaTe2,False
17509,Ho2TeS2,False
52061,LiMnF3,False
28866,MgMn2O4,False
3088,Ce3CuSnS7,False
32874,SiO2,False
5571,YbLiGe,False
44664,YbNi4Sn,False
1696,Co3O4F2,False
40461,NpSi,False
35352,DyBi2ClO4,False
31705,TbNi4B,False
21701,NdCo2Si2,False
9969,Fe2Sn,False
39160,TbBi,False
25156,Ca3Mn2Sb2O12,False
5108,Li4CuF5,False
30396,MgIr2,False
934,BiPO4,False
53312,LaN2,False
10060,BeMo2Ru,False
7627,ScAsP,False
50588,LiCaN,False
44443,LaAlSi,False
45226,Zr3Cu,False
30583,NaNd2RuO6,False
40229,TiAs2O7,False
712,Li2Co4O7F,False
21551,Ba3Cr2O8,False
21528,TaAgF6,False
31062,CaInAu,True
28998,CaBi4O8,False
38269,InCl3,False
8916,YBe2Cr,False
23133,TaCrO4,False
30009,BaCaO2,False
23954,Rb2FeCuC6N6,False
50414,Li2BO3,False
38387,MoC,False
16414,Yb3K,True
19748,Rb2DyAuCl6,True
28582,TiZnO3,False
749,Ba4TcSb,False
24071,GePt3,False
7851,BeSi2Ni,False
37792,Li4MnO3F,False
48547,MgCl3,False
44527,PmZnAg2,False
48435,SrB2O3,False
50210,CaBeSb,False
8786,Be2InSn,False
2186,RbAuC2S2N2,False
9445,Be2CrGe,False
29684,MgCr2F12,False
50392,YbBeO3,False
35566,NaHo3,False
53256,GeSbTe,False
46391,Nd3Te4,False
21024,TbPmIr2,False
1682,Ta2Pd3Se8,False
26234,MgSb,False
28922,IrN,False
44883,Zn3P2S8,False
41047,Li3BP2O8,False
30654,InAgS2,False
1512,Ba4ScGe,False
53471,BeCdPd,False
15198,MgIn2Se4,False
7751,Na2PHO4,False
999,Mg3Sb2,False
14576,Mg2BO3F,False
43555,CeAlSi,False
43952,TaTl3Se2S2,False
28695,LiCoNiO4,False
12746,Mg6CrC,False
30608,MnS2,False
43365,Na4Ge2Se5,False
42192,YbLaAu2,False
34013,ZrRe2,False
20984,K2SrCl4,True
21603,K3Ga,False
5693,U3O5,False
36076,NaSbO3,False
32546,NaMgTl2,True
48273,MnNb3Se6,False
37935,VOF,False
38536,AlCuRh2,False
52940,Li7Mn2Co3O12,False
4470,Ba4TeRu,False
41315,SrH4O6,False
44809,LiCd,False
12194,Co3Sn2S2,False
21779,ZrCl2,False
52094,Li7Mn4CoO12,False
53968,Li3Ti2MnO6,False
12780,MgZn2,False
15483,Er2PdPt,False
6549,CuBi2O4,False
21867,GeSe,False
21819,Mn6O5F7,False
36980,OsAu3,False
36264,Na7Al3O8,False
25265,VSbRu,False
44727,NaNb3Te4O16,False
27910,YbKS2,False
20514,Pr2CdS4,False
49358,Cr4InAgSe8,False
47514,Ca2ZnCd,True
7442,Y3Mg,False
30802,CeY3S6,False
23177,NaInH8N2F6,False
44340,Sm3Ga,False
17310,Rb2PtS2,False
50319,Zr6Ga16Ir7,False
53879,BeTeBr,False
490,CoOF,False
8267,BeTe2Pd,False
33361,BeGaIr2,False
30094,FeP2O7,False
8198,LuFe2,False
24100,Hg3S2Cl2,True
26325,BaPr2MnS5,False
37304,SmFePO,False
14195,Pu2W2C3,False
23668,Li2GePd,False
13463,K2BeTe,False
25203,AlNi2O4,False
31883,MnInRh2,False
8255,NaNiPO4,False
36427,NbInRu,False
51979,ClO2,False
1629,TiSnSb,False
43133,KCr2FeO8,False
27442,CaCeMg2,False
32972,Mn3Al10,False
32330,Sm3Co2Ge4,False
37191,SmEr3,False
46554,LiNbFeO4,False
33125,MgSiIr2,False
33483,AlIr,False
6765,Li2ZrN2,False
23564,Ta2PdSe6,False
39704,NdInAu,False
31227,Cr4InCuSe8,False
21869,Rb3CuO2,False
3638,CdB2O4,False
2599,CaNiBN,False
15553,Sm2CN2O2,False
4735,BaBe2Br,False
51500,Sm3Mg2TiS8,False
1895,Li3LaSb2,False
35392,Yb3Re,False
52117,Li4Ti5Co3O16,False
53170,NbFeO4,False
14047,MnO2,False
18949,SnH10C6O4,False
18432,ZnH14C9O4,False
35123,As2O5,False
27777,HfO2,False
37109,LiAlB4,False
31954,KRb2GaF6,True
31563,HoMgAu2,False
53657,P3Br,False
7168,KCuC2N2,False
42926,AlAs,False
49158,Li2Ce2Si3,False
40869,AlSiP3,False
37726,Dy2InHg,False
9473,Bi2Pd,False
10371,Fe6O7F5,False
27307,Ti2ReNi,False
2884,CeAs2Pd3,False
26455,HoPd2,False
40473,Ba3Ti2O7,False
11937,BaCuSe2O6,False
22047,CdNi3C,False
31709,LuMg,False
14250,Mg2Sn,False
29218,Li2VF4,False
9990,BeBi2W,False
30425,PrSe2,False
8851,NaBe2Cr,False
18002,K2CuBiCl6,True
518,NaCaLaF6,True
15817,ThBrN,False
44445,SrLaTlCuO5,False
37797,Bi2Pd,False
39194,NpBi,False
46710,PrAl7Au3,False
42459,Ba4MgSi,False
13246,KCu4Sb2,False
28347,EuBiAu,False
30774,Ca2SiO4,False
34931,Na2S,False
12967,Na3PSe4,False
38274,LiMn2F6,False
39944,LiMnPO4,False
45504,PaH3,False
24472,LiIr,False
5727,NbFeTe2,False
40702,Tb3Mn3Ga2Si,False
14937,ZnWF6,False
53047,TeOF,False
5794,ScBe2Rh,False
35234,LiHfRh2,False
37057,ZrFeSe,False
19640,MnTc2Sb,False
22807,BaTm2NiO5,False
561,Ti2GaCo,False
2382,ZrCrF6,False
23455,AgCNO,False
4993,K2TiCl6,False
38004,Li4Mn3Fe2O10,False
48701,BeReMo,False
40607,ZnFe4S8,False
12733,Na2NiH8S2O12,False
1078,BaSrSc,False
1860,Hf9Mo4As,False
6311,ZrSn,False
5621,BaCaIn,False
14186,Sm2Cr2C3,False
18527,HfNbN2,False
33923,K2ScSi4O10F,False
7707,BeAsBr,False
5204,BaMnCl2,False
49371,Be2BH3O5,False
44057,Rb2NaScF6,True
39580,BaCaFe4O8,False
19432,Hf4CuSi3,False
5687,BaNbBr2,False
15415,YThN2,False
2282,Li2Fe2CoO6,False
53244,GaPSe,False
28000,Li2Ti2O5,False
34989,Hg3F,False
26590,K4CO4,False
5822,BaMgMn,False
14968,NaFeO2,False
13975,FeF3,False
17035,Mn6O5F7,False
7067,ScAsW,False
2416,BaZr2Te,False
46954,PbWO4,False
31976,Ti5Si3,False
17148,ZnMoN2,False
47686,SrCo2N2,False
39038,Sr3V2O8,False
47038,Ti2ZnS4,False
1455,Rb3IrN6O12,False
38740,Ba3SrTa2O9,False
34285,Sc2AlCu,False
53074,Tb6Co2Sn,False
42610,CaCo2O4,False
52626,Nb6TlS8,False
45760,ZnGeO3,False
38183,Li5SbS,False
40759,GaRu,False
25736,Ti2MnPt,False
25997,CeSe2,False
16169,Tb2PbS4,False
18814,Ti3In,False
383,Ca3Ru2O7,False
38002,SmMgF4,True
35804,BaSn3Pd,False
23825,HgTe,False
18385,CaCl2O6,False
20067,BaNdO3,False
39045,Mn3O2F4,False
7693,YbAlCu,False
22014,NaMnP,False
17151,Tb3Ag,False
38178,Li2HfO3,False
21417,GaPtO2,False
215,Mn6O7F5,False
54142,NaCa3MgFeSi4O14,False
40096,CaMn2S4,False
40883,TmCuPb,False
5983,BeNbRu,False
18660,TiGaTc2,False
28834,BaMgHg2,True
49341,HfCl3,False
42105,NbIr,False
20200,AcNiO3,False
17734,YbTmPd2,False
41884,LuIr2,False
50442,BaLiBi,False
46664,Sb3Rh,False
42811,CeCoGe2Ru,False
53032,TlMoCl,False
34277,ErSnRu2,False
27038,TaTcPb2,False
16081,MnGaPd2,False
42525,Cu3PS4,False
13565,RbMoO3,False
24512,Zn2SbWO6,False
23721,Ca2CuIrO6,False
11262,LiCu2P2,False
47147,K3InF6,True
31640,C3N,False
11724,HfBe2Pt,False
30942,Li2MnF6,False
43705,Li2SeO4,False
38630,TiCdO3,False
54024,LiVO,False
18519,TiSnIr,False
16367,Th2Si3Ru,False
27380,MgCO3,False
17135,ScTlF6,True
49488,Li2MnCoO4,False
6253,Al3Co20B6,False
52383,NpF6,False
27055,BaSm2PtO5,False
17395,SmNi2B2C,False
26441,BaSrFe4O8,False
45761,InP3,False
8024,CaS,True
25579,V3Sb2,False
31486,Ba2SmMoO6,False
2269,DyP3O9,False
26203,CeMg,False
1421,ZnH6C2N4O4,False
9500,LaBe2Co,False
49513,MgH2C3O4,False
44061,PrFeCo4,False
43753,Ca2Sb2O7,False
16161,USbSe,False
39721,FeNiO3,False
33477,TmZnRh2,False
20247,Ce3GeS2,False
44196,CeCrS2O,False
19480,ErPb3,False
32229,NbTe4,False
9095,BeNi2Bi,False
18833,LaThCN,False
6452,DyPdPb,False
45143,Li3Al2VO6,False
36167,SrH2Se2O6,False
30488,VN,False
40417,Co3O2F4,False
18808,TiInNi2,False
40551,Ta2InC,False
26612,Nb3FeS6,False
14813,TbCo2B2C,False
41531,RbCa2Nb3O10,False
10813,NiO2,False
10834,Mg6CrFe,False
38152,BeH2,False
22927,NaTmO2,False
29617,InBi,False
46984,TlMo2Cl7O2,False
14012,Ho2Sn3Pb3S12,False
41516,DyCd3,True
38796,SnBO3,False
42120,Sr2HfO4,False
50034,H10C9O2,False
16919,KTe,False
21769,LiMnN2,False
25780,Rb3BP2,False
20086,CeZnAgP2,False
15534,SnO2,False
25617,MnV2O6,False
22464,Na2CdSn,True
29072,LaAuO2,False
44783,AsSeI,False
35097,Ba2I2O,True
6497,SrTaBe2,False
18157,Na2LiInF6,True
36063,Ta2B,False
44253,YbPrSe2,False
25653,SeBr,False
44483,NdPIr,False
18076,CaCd2P2,False
10053,BeRu2Pb,False
11673,BePtBr2,False
33919,Ca7H12Cl2,False
25750,Sm2O3,False
33057,Lu2AgOs,False
41028,P10Au7I,False
43143,CoCu2Sn,False
36133,V2P4S13,False
22857,SrAl4O7,False
45440,AgBF5,False
25553,RbAuF4,True
3105,Mg3Sb2,False
41874,Sc2MnSe4,False
20070,SbO2,False
32525,SmSbPd,False
12716,SmSi2,False
31919,Pm2ZnPb,False
33217,KNO3,False
53002,InGeCl3,True
17392,K3BiCl6,True
31366,KEr3F10,False
4790,Li2MnF4,False
44113,NdCo2As2,False
26687,NdCd,False
47377,V4Ru,False
49843,AsXe2OF10,True
28826,PrN,False
17860,TbLiSe2,False
30989,NbSbRu,False
43436,La3SnN,False
10703,Sr2BBrN2,False
41634,Nb3TeCl7,False
38126,C3N4,False
1172,MgBeCr4,False
20128,Er2Ga3Ni,False
24040,Na6ZnS4,False
22506,Yb5Au3,False
28423,VS,False
4391,Ba2TiCl,False
5386,Fe4O5F3,False
34438,Ho2MgAl,False
44871,Li4SiO4,False
48777,HCN,False
43561,TbCdAu,True
54104,ZrTiO4,False
21567,H4C5S2N2,False
30589,Sr3AsP,False
51610,SrYCoO4,False
49788,CdH12C8O4,False
12718,YP2Ru2,False
31749,CeZr7O16,False
48065,LiPW,False
31413,Sn2Ir,False
36393,Ta3N5,False
49474,ZnH18C11O4,False
37019,AgHgO2,False
3000,Lu2Si5Ir3,False
17225,Mg5Pd,True
32748,Na4Al3Si3ClO12,False
30163,V3O5F,False
51892,LiGaAu,False
28449,AgF2,True
12546,CeErIn2,False
39794,Fe4N,False
48309,SrGaH5,False
15944,SiCl2O,False
23804,PNO,False
30769,Nd2Re2Si2C,False
51007,Mg5Sc,True
17464,BaGa2SiSe6,False
47425,PmTm,False
329,Ba4CdSn,False
14748,ZrGeSb,False
9433,PrMg2,False
45705,Ce2Dy2O7,False
50645,CoTeO,False
12678,BeZnCr2,False
46146,SrCrF4,False
30578,Te4Mo3Se2,False
42537,LiCe3,False
16352,CoCu3HgSe4,False
36272,SiH,False
47030,Ti2Pd3,False
41733,TaTiFe2,False
7671,KMg7,True
5888,EuH3O3,False
6554,Sc2BeRu,False
19909,TbCu4Pd,False
9845,TiBe2V,False
6389,CeCd,False
12491,RbNbO3,False
45408,Nb5Ga13,False
565,SrAlO3,False
16537,Rb2LiTaBr6,False
2517,Re3S4Cl,False
28475,K2VAgSe4,False
31896,PmSbRh2,False
52630,BaSiCl,False
29290,SrSiO3,False
15000,Rb2TaHgF6,False
26595,YGaI,False
24484,SrY2S4,False
28910,MgSn3,False
40644,LiTlPHO3,False
19917,MnAlCo2,False
2823,UPt2,False
20217,Rb2NaIrF6,True
4056,PAuCl8,False
36998,Zn2CuIr,False
41279,Dy2Bi2O7,False
4452,BaMoSe4,False
21929,NaLaMgTeO6,False
22690,HgB2C8N8,False
18652,CaHF,True
42365,PmYTl2,False
31537,V4SiSb2,False
33789,TaSe2,False
52091,LiMn2P2O10,False
1113,MnTl3,False
31335,NbAl3,False
3566,BaCdSb2,False
31157,Ca2CdSn,True
35624,ErHg3,True
53921,TlAgF4,True
46305,Hg3Cl2O2,False
5713,BaLiIn,False
17461,Yb3Ho,True
52077,DyWO4,False
26142,Li4CO4,False
14878,ZrSiRu,False
8480,TiGaAs,False
51096,BaCdSe,False
41500,SrPt5,False
43111,Sm3CuGeS7,False
34410,BaAl9Fe2,False
51955,SNCl,False
51716,CaSnN,False
19106,ThMn3Ni2,False
14823,NbP2,False
53343,HS,False
22917,TmAgP2Se6,False
47721,Rb2AgSbF6,True
37946,Mn5O3F5,False
35817,TbSmIr2,False
30692,PaGa3,False
27338,SiO2,False
50470,Ba2I,False
34632,LiMgP,False
7825,MnBeTe2,False
41509,Sr2InF7,True
49785,SrSnO,False
28576,SmAs,False
16111,Sc6MnTe2,False
18822,Rb2LiPrF6,True
19119,CeSb,False
20366,TaTl3S4,False
5262,Sr3Al2Si3O12,False
36308,Ca4Al6O13,False
26065,Li3CrCo3O8,False
29331,Ba2ErRuO6,False
1393,Ba2YGa,False
10087,Be2CdNi,False
28557,Sr2LiIr,False
31482,CaIn4Pd,True
48051,KZn,False
32970,YbGaAu2,True
50085,LiFeP2O7,False
14285,BeAl3,False
23738,Rb2SnI6,True
43979,LaGe2PdRh,False
10279,Be2Cu2Bi,False
49886,AsNF2,False
53489,LiVSiO4,False
26478,Ce2SeO2,False
43691,Tb3Li,False
54271,Li3CrClO4,False
26227,BeF2,False
14082,RbAsOF4,False
6525,Ag3Te2Au,False
9879,Ba2Mg3F10,True
16226,LaFeAsO,False
45902,NaMnAsO4,False
32962,TbBi2BrO4,False
23451,Li2ZnCl4,True
48007,LiV3Zn2O8,False
37787,BMo,False
8013,Be2HgTe,False
52025,Au2S,False
18851,MgBr2,True
41910,SbPd,False
31469,CSO,False
23723,BaLiP,False
35630,Rb3Mg,False
41711,Mg7Si,True
15525,Sm2In3Cu,False
2805,CeAlCu,False
36638,AcMg5,True
37288,Li5Mn2Co3O10,False
28702,MgSiO3,False
15410,K2LiErCl6,True
9811,ZrHg,False
28124,NaLi2Tl,False
51421,VOF,False
37340,TlGeBr3,False
31683,PmPd2Pb,False
22813,SmEr3Se6,False
2022,LiBe2Ni,False
1387,Ba4MgSb,False
32149,SrGePt,False
53196,Na2FeO3,False
23415,YUO4,False
13964,Rb2InSbBr6,True
34784,Ni3S,False
54191,PrCo12B6,False
50440,LaPu3,False
17341,Sr2PdN2,False
11637,Mg6NiW,False
40983,DyCoC,False
3663,BaYPt2,False
25094,B13C2,False
6371,SrScBe,False
3695,Ba2HfTe,False
8239,Sr2CuClO2,False
11330,TiBe2W,False
31674,LiAlRh2,False
36616,ErCdRh2,False
49490,ZnH18C11O4,False
31385,LiHPd,False
34647,TlSiPt5,False
21273,FeCoBi2O6,False
42117,Sm3Cd,False
6303,MgBeZn,False
40546,V3O4F2,False
33353,SrLi2Sn,False
45832,UGe2,False
15023,YFe2SiC,False
12408,Be2NiTe,False
21396,PrGePd,False
22930,CaTiO3,False
13401,H3NO4,False
9380,BeZnSn,False
25920,LiAgF3,False
29360,Rb3NbO8,False
16737,Rb2InAuCl6,True
49812,Er2MgTiO6,False
8612,ScBeW,False
31942,Na2MgAlF7,True
10909,NaBeSi2,False
11057,ZrBe2Cu,False
41999,CaMgNi4,False
5759,BeSn2Cl,False
31745,KCdAs,True
1276,Ba4MgNi,False
682,PuTaC2,False
18920,YbZn2P2,False
6692,ScBeZn2,False
433,Na3SbTe3,False
45533,Rb2MgH4,False
30167,SrPt3O4,False
39354,Cr2Hg2H2O9,False
38134,BiClF8,True
44777,CeNi2,False
18020,NdPt2,False
53417,MgCl2,False
45547,VSi2,False
40533,NpAs,False
24951,FeHO2,False
708,LiMnF4,False
17347,TbYbPd2,False
37811,LiVF3,False
44671,Li2TiCrO4,False
14309,CoCu2SnSe4,False
10984,Zr2AlC,False
41899,RbFeF4,False
43504,GaNi6Ge,False
41761,PaI3,False
14956,DyAlCo4,False
36507,CaYAg2,False
42597,SmI2,False
47258,Sn3Bi,False
32701,AlSiRu2,False
1246,La2Mn2Se2O3,False
50372,Er3NiGe2,False
41165,SmCuPb,False
42451,Ba4SeBr,False
22388,Sr3LiTa4O12F2,False
43815,LaCuSi2Ni,False
4740,DySi2Pd2,False
29509,HoSb,False
51463,BiOF,False
48855,Li4Co3O7,False
38706,NaDyS2,False
49039,H6C7N2O,False
8031,DyGa2Ni,False
47827,Ca2N,False
33384,Ba2YCu3O6,False
33895,Hf5Ga3,False
18297,CrFeSb4,False
4394,BaNiRh2,False
24538,Na8TiAs4,False
33138,Er2AgRu,False
45876,NiSbSe,False
43960,Na5SiAs3,False
9347,RbCd4As3,True
53139,SnHI,False
33739,Li4HN,False
21258,MnCrRe,False
9071,CaBe2Cr,False
37272,TiReN3,False
17093,UHgO3,False
33756,Yb3SiO,False
14900,UAlAu,False
18930,Mn4FeO5,False
50715,AlHO2,False
19788,Fe4Te3Se,False
54074,Yb2B6Rh9,False
3086,CeCoSb2,False
27626,TiCu3,False
27092,Ge3Te,False
29434,NbC,False
29807,Sm2O3,False
10180,MnN,False
14232,Ni2SbTe,False
34533,NdAu3,False
37617,Mn3CrO8,False
33509,Ac2SiPd,False
16406,K3PdF6,True
8356,HfAlPt2,False
35786,Hg3Sb,False
28167,Zr2CoPt,False
15927,YbCd2As2,True
9142,Nb6Fe16Si7,False
14554,Pb3SO6,False
41583,Re2SCl12,False
9468,TaBePt,False
39597,NaPt2,False
12788,Na4CO4,False
41803,SrSn,True
34938,LuPPt,False
21190,Tb2TlHg,False
27231,CrS,False
23771,CeCuSn,False
45859,Sc2ZnS4,False
53712,BaBN,False
30416,LiCaF3,True
3211,RbBSe3,False
35818,PaAgO3,False
17848,FePS3,False
42760,MgFeP4O12,False
30594,Ho2Al,False
42080,WC,False
36847,RbNa2Sb,False
16409,LiCa2Ge,False
230,RbLiO3,False
51281,SrO6,False
38716,SiHgP2,False
44794,AlPO4,False
24573,LaBO3,False
15370,NiAg2O2,False
4830,Ba4ReSi,False
42984,Ti3Al2NiC,False
18719,LiV2CrO6,False
32464,SmMnSi,False
50099,BaTlCl,False
22233,Sr6Rh5O15,False
25346,Mo2WSe6,False
53643,InAsSe2,False
4255,Er2SeO2,False
42013,Ca3Sn2S7,False
19326,CePrMg2,False
48614,ZrTi4Pb5O15,False
54326,Li4MnCo2O7,False
13804,CaMg,False
44855,RbHF2,True
8275,P2Ru,False
37728,SmI3,True
35145,Mn2FeC6N6,False
1887,Li2MnF6,False
371,Li3Fe5O10,False
14507,CaLu2O4,False
19770,Te3MoWSe,False
34929,LuPO4,False
31158,Te2MoWSe2,False
37533,VPO5,False
42573,Ba2NdBiO6,False
53029,TlMoCl2,False
26018,Li4CO4,False
35923,Te2Mo3WS6,False
45056,Li3CrSiBO7,False
39860,YCd3,True
21684,Zn2TeSe,True
22283,K2AgBiCl6,True
37075,LiEr2Tl,False
19499,Na2YF6,True
8769,Be2PdSe,False
7178,BeTcBr,False
45442,Cr2FeS4,False
49523,Li3B,False
2115,Zr3Co,False
26927,HfGeO4,False
24010,Sr3Al2Ge2,False
36947,AlCu,False
51336,BaAs2Xe5F22,True
28500,Ti2MoAu,False
32913,ZrTi2Ga4,False
48768,PPbO4,False
49325,Li2MnP2HO8,False
51926,TaMnO4,False
20204,Ce2PrO6,False
52199,SrZnF2,False
13499,Li4UF8,False
1853,NaSbO2,False
4662,Ti4FeBi2,False
11484,BeSnCl2,False
34716,NiN,False
13640,KSbS2,False
43558,SrTa2O6,False
44343,NbHg3F6,True
24880,DyMg,False
10902,CeSiNi4,False
45123,Rb3TlO3,False
5579,BePtSe,False
46527,ErCrB4,False
1899,Li2Mn3F8,False
10955,NaZrBe,False
40129,Dy3GaC,False
39034,TlB6H6,False
38135,Zn2SiO4,False
27854,Ba2MgB2O6,False
14096,LaInPt4,False
2691,Li5MnO3F,False
6185,Al5BO9,False
15669,CrIr,False
54256,ZrRu,False
19469,Tb2SiGe,False
52386,NdSiPd2,False
6407,Be2CrIr,False
26307,Mn4ZnS8,False
22761,ZrMn2,False
29227,HfHgO3,False
21359,Zr2Te2P,False
31810,PmSbAu2,False
19713,SnH4C2F2,False
46007,YbSnPd,False
42483,NiH20C8N10,False
20002,ErFe2SiC,False
18250,Rb2ScInF6,True
23813,AgAsRu2,False
7390,SrBeV2,False
32128,Ni3SnP4O16,False
34307,NbRh,False
37123,Mg3Mo,False
16113,CdInAsSe,False
47741,Te7Mo8S9,False
37108,Na3Au,True
17417,Ti3Zn,False
15236,H3ClO5,False
21562,Zr2AlN,False
42748,CrO,False
41857,ZnPS3,False
9066,BeZn2Tc,False
18960,Ce2MgIn,False
9406,HfAsIr,False
3929,Mg7Cd,True
27496,KLaS2,False
24773,KCuC2,False
41562,MnInBr3,False
31660,CeAl2,False
18761,ErSiPd,False
42855,RbMg,False
42127,Na2NdCuCl6,True
27861,BeGeAs2,False
49196,Er5In4Pt2,False
38359,Ho3CuSiS7,False
16558,TbCo2B2,False
45773,KBH4,False
3021,NaCd4As3,True
47184,SmMg5,True
3559,BaSc4Mo,False
13678,BeGaCu,False
22911,Ca3Ti2O7,False
4164,Bi2TeO5,False
48928,Mn5CuN4,False
1010,V3Pb5ClO12,False
5227,BaSnO3,False
29680,ZnFe2O4,False
15851,Ba2PrNbO6,False
35862,CrAs2,False
6856,SrAl2SiN2O3,False
21823,DyBO3,False
41564,Hf3Zn3C,False
51535,Li4Ni3SbP4O16,False
17890,DyAs,False
16580,In3GaN4,False
50273,ErMnAl,False
47007,Te4Mo3S2,False
26700,CeBi,False
45392,K3N,False
27799,Ti3Ag,False
4931,Ba2SnSe,False
28736,RbAs,False
13737,SrCuO3,False
50892,Rb2CuBiBr6,True
10360,ScBe2Sn,False
44116,VOF,False
5358,Be2SiNi,False
43514,AlH3O3,False
8493,LiMn2F5,False
5050,CaAlB3O7,False
36898,TbHO2,False
39643,Tm3TaO7,False
38863,ErVO4,False
20464,LiZnN,False
25603,Fe2OF3,False
10783,CaZn2N2,False
11880,AlFe2B2,False
11653,TiAl2Cr3C2,False
23812,Te2MoWSeS,False
52453,Mg3Cr2N4,False
5891,KBi2F7,False
41885,NdHg,False
46263,CrReO4,False
44069,In2S3,False
40169,CaY2S4,False
14308,Mn2PdPt,False
16269,U2AsSe,False
14030,InRh3PbS2,False
36798,MgZnRh2,False
12749,Be2MoP,False
21812,MnGeRh2,False
51708,CaSiN,False
9569,TiAlCu2,False
25541,Ho2Hf2O7,False
14527,Y2B3C2,False
22931,Sb3Pb,False
36157,NaN3,False
41428,YAl,False
17055,Li3ScF6,False
3332,HgBiO3,False
13859,Yb4Br6O,True
36571,LiGe2N3,False
53318,LaN,False
40143,Sr3HoRhO6,False
37668,BOs,False
53449,MgSnO3,False
1775,Ba4HfPb,False
26498,K3Hg,False
11849,Mg6CuSb,True
3875,BaCa2Sn,True
46760,Fe3NiN,False
20387,Tm2Ga3Ni,False
36435,Mg3Sb,False
44390,LiV2O4,False
5993,BeVP,False
3013,Ba2CuP2O8,False
7070,Ba2CdSe3,False
7674,RbIO3,False
2501,PrOs2,False
23196,RbMnP,False
38215,Li3Co4CuO8,False
53011,InGeCl3,False
38668,HoLuMg2,False
1253,BaScBr,False
27234,Na2MgCl4,True
48795,Lu3Ga8Rh3,False
2936,ZnSiAg2O4,False
42983,Sc2ZnIn,False
29646,TiZnO3,False
35698,SmCdPd2,False
17183,Sm3Pu,False
22048,Te3MoWS,False
26644,InSiTe3,False
16426,Cr4CuO12,False
33622,Ta2NbIr,False
22939,ScAlAg2,False
47758,TaS2,False
37421,CeErMg2,False
30036,LiMnO2,False
39088,Y2CuPt,False
32930,MgGeIr2,False
13457,SrSi7N10,False
4608,TiCrAs,False
40006,La3InN,False
50202,Na2N2O3,False
26692,HgCN2,False
12119,Be2TlZn,False
26200,AlBiO3,False
34367,PrFe4P12,False
28597,Mn3P,False
47946,P2Cl,False
23473,Li2CuSb,False
27627,Zn2NiN2,False
43908,InCuGeS4,False
9200,LiV3O8,False
340,KBaO3,False
51541,Li3Fe3NiO8,False
7766,Mn2BeCo,False
54369,MgSn7,False
50087,BaCdO,False
34849,TlBiS2,False
41606,Na8SnSb4,False
42179,Ba2MgTl,True
22561,Rb3Sb2Br9,True
31097,Sm9Ga4,False
30026,CrC,False
40923,CaCr2O4,False
35190,PrNd3,False
52879,SbMo6S8,False
18763,LiAlZn2,True
48608,BaZnTe,False
45011,ScS,False
30277,HfBe,False
6447,BeTe2Br,False
3779,SbICl2F6,True
13929,Na2Bi5AuO11,False
11847,ThGeO4,False
10451,Be2TlCr,False
12367,KBeIn2,False
30743,YFeF5,False
31934,ErH2,False
13162,Be2SbCl,False
30719,MnH2O2,False
18392,Tb3Ce,False
106,BiClO,False
48791,Pd2PbO4,False
1839,UWC2,False
53155,LiMn3OF5,False
26184,GdTe,False
27574,Ti2ReTc,False
52310,HIO,False
42203,Ba4Ru3O10,False
48958,NaSnCl,False
48431,Nb6ZnS8,False
30191,Lu2TeO6,False
51151,BaSrS2,False
37107,PrTe2,False
4748,ZrBr3,False
18183,YbTm2Se4,False
13704,SnP3,False
27822,LaZnAu2,False
6758,BN,False
21346,RbSbF6,True
11132,Be2PdRh,False
44110,CePrO4,False
15109,La3Ho,False
19823,Sr2CaI6,False
51036,PmSmZn2,True
33631,Ho2Fe2Si2C,False
43524,TiSnRh,False
51838,CaTiO,False
15429,LiSiBiO4,False
49220,Tb6MgGe2S14,False
1004,Ba4TlV,False
44387,Mn4CdS5,False
43752,NiN2F14,False
44804,Fe2B4Mo,False
8707,Be2GaPd,False
47218,Bi2Sb2Te3,False
3386,DyFe2B2,False
22259,HgF2,True
40988,CaIn2,True
17226,Nd2CdAg,False
22099,H5C8SNO,False
816,KAgO3,False
33599,TiSiPt,False
22214,Sr3Ca,True
23999,Cr3SnN,False
32612,BaBi2Pd2,False
33444,CaCu5,True
15761,CoNi2Se4,False
22861,KNbO3,False
53524,RbAlN,False
23371,CdI2,False
43606,CeAlCu2Ni2,False
37429,TeW2SeS2,False
50232,Li2CoOF3,False
33242,TmCdHg2,True
53757,BHO2,False
25335,SrHfO3,False
14296,Li7CuO4,False
5623,Li2Fe2OF4,False
26456,Cr3Fe,False
42035,K3LuSi2O7,False
6159,CeNi2Ge2,False
10660,Mg6FeC,False
13445,SrZnSe2O6,False
19999,CdH12C8O4,False
29365,Pr5Co2B6,False
11021,Be2TcCl,False
41313,CeMg3,False
19657,K3Rb,True
19856,Ca3Ac,True
45597,Li2MnC2O6,False
14,Li4Mn3Cr3O12,False
11969,TiOs,False
14612,BePO4,False
14633,ThGe2Au2,False
35948,Al2BiSe4,False
37303,InSnBr3,True
20059,AlCr2C,False
47660,IrPt,False
50815,NaVH2I2O9,False
2522,Li3P,False
16293,HoErMg2,False
47364,ZrAlCu,False
42743,LiPrZn2,True
25709,RbLiCl2,True
30215,ZnAg2O4,False
6334,K2FeCuC6N6,False
27669,ZnC2O4,False
41734,Ba4ZrNi,False
21142,AlPd,False
36199,NCl,False
40966,YbMgNiH4,False
4902,BaNaSb,False
23866,Li2NiC2O6,False
31054,Ca5Si2N6,False
44847,Ca3N2,False
21036,NaAsSe2,False
30025,GePbO3,False
16515,Ta4N3,False
29804,HfCoSb,False
541,Ba4YCu3O9,False
10204,BeSn2Os,False
44764,V3Au,False
5441,BeCoOs,False
4892,Ca3Mg,True
29735,Li2Cu3F8,False
7305,BeCuBr,False
9042,YBeNb,False
15712,NpScRu2,False
3023,NaAlAs2O7,False
19970,TiMo2S4,False
51068,BaBrO,False
2006,CaAgBi,False
33561,FeTeCl7,False
38737,ScVO3,False
31380,LiPm2Ge,False
49534,Li4MnCo2O7,False
26904,DyC2,False
8613,BeV2Co,False
37220,LaBeO3,False
30659,UTe3,False
11588,Bi2SeO5,False
34448,SmAl3,False
38358,ZrAlRu2,False
20712,YbAl4Mo2,False
40724,RbIn4,True
13716,NdPH5CO7,False
11565,K2BeMo,False
53148,Sr4PrMn5O15,False
32581,NbSe2,False
26724,AlV2O4,False
34180,NaFe4Sb12,False
45298,Ge3B,False
14882,YbAlGa,True
41879,SrRh2,False
47173,Yb2LiCd,True
49286,SnH10C6O6,False
11413,MnBe2Os,False
23169,H12C10O3,False
26681,CeSe2,False
49825,CuTeSeI,False
11005,TlIO3,False
5207,LiVF4,False
33462,LuCdHg2,True
7858,SrMg6Mo,False
28396,HoBiPd,False
32763,MgFe6Ge6,False
49677,LiDySn,False
34566,ErBi2IO4,False
13376,NbGaNi2,False
50883,Rb6Na4Tl13,True
30645,B3Ru2,False
2700,BeNbGa4,False
54237,TaAgF2,False
61,Ba4VSe,False
17585,HfH6C5O4,False
40388,TePbO3,False
54083,PrSe2,False
17701,FeCo2Si,False
52283,Y10Cd3Ru,False
18898,K2ScAgBr6,True
13822,YCu2,False
23936,NaCuSe,True
22264,Sr3SmRhO6,False
14431,PaSb3,False
15225,ThAlCo,False
18528,HgSe,False
4932,TaNiB,False
16260,Dy2NiAs2,False
20897,Zr6NiSb2,False
27067,CrAgO2,False
21733,FeP4,False
11791,Ti2AlN,False
36288,CdI2,False
16136,Ag3Au,False
1236,CaAsH5O6,False
15546,ZnTe,False
44099,NaBF4,False
17176,BaSr2Ca,True
12169,Be2SiRh,False
52226,Tb3MnB7,False
20141,Y2MgMn2S2O5,False
22419,Rb2PtF6,True
17782,HfZrV4,False
6489,CaBeCu2,False
37606,Li2ScPCO7,False
34073,Rb3Ca,False
48272,LiTeH,False
11085,BeTlIn,False
35526,SmRe3,False
17643,AlRh,False
51604,BrO,False
17263,K3BiI6,True
28110,GaNiRh2,False
20261,CaMn2As2,False
17869,H4C5S,False
12021,MgIn2,False
28036,NaSO4,False
23338,TaPt3,False
15823,V2NiP,False
40318,SrUS2,False
5091,Ca3N2,False
510,Li3VCrP4O14,False
47419,Hf3Pb,False
6231,Ho2Al3Co14,False
50847,TaSbO4,False
1711,Ba4ZnSn,False
25065,K2NaAs,True
29214,SbF4,False
39528,DyCuPb,False
8139,Ti2BeSn,False
34581,ErAgSn,False
12996,SmInPt4,False
27264,V3Zn2O8,False
2612,CoGe,False
39403,WCl2O2,False
44670,MgMnPd2,False
16456,ErSe,False
12595,CeMg6W,False
14767,CrBiO3,False
50212,AgAsS,False
30050,RuCl3,False
42686,DyYMg2,False
48927,H8C10SN2,False
8702,USnPd,False
47765,NaCS,False
49342,CdH16C10O4,False
51102,BaCdSe,False
1934,HI,False
40334,HoCoC,False
50537,KRb2GdCl6,False
26223,ZnMo2O4,False
15364,CaNi5H,False
2173,La2Ga12Pd,True
19547,VO2F,False
5994,GeN2F6,False
27424,BRh,False
3014,HoBC,False
25499,NaGe2N3,False
48978,TiH2C2O6,False
18979,VOF,False
14707,Th2Au,False
17092,CdPb3Se4,False
23434,H10C7O6,False
116,MgIn2O4,False
12358,InTe,True
35180,HfMgPd2,False
46697,TiAs,False
51235,Li3FeO3,False
25055,K3BAs2,False
294,Ba4BiPd,False
39670,SmIO,False
21078,PtS2Cl8,False
20592,Mn2Ga5,False
1100,YbCrSb3,False
4982,Zr6Al16Os7,False
16138,HoGa3,True
28174,LaBPt3,False
53765,TlCN2,False
4781,YbBiAu,False
40660,BaIn2Pt,False
52481,BaNaB,False
6706,BeTlPd,False
18663,Ge2TeSe,False
39013,K4Au6S5,False
39476,LiCaPrTeO6,False
17136,In2CuAgSe4,False
13593,Li3B5H2O10,False
25379,TiS2,False
29755,RbHO,False
31555,NaCeAu2,False
30517,U2InCo2,False
20044,CdIn2Te4,False
41551,YAs,False
34324,Be3Cd4Si3SeO12,False
16085,Li2VO2F,False
16302,Ce2SbTe,False
41824,HfPt,False
43298,Sm3PbC,False
54147,MgFe4CoO8,False
33779,Ti2MnCo,False
38919,Ba2AgBi,False
15251,HoNi4Au,False
22150,Sc2S3,False
8937,RePCl9,False
11024,SrTiBe,False
22709,SrHfO3,False
38824,TmBi,False
7834,AuN5O14,False
35080,Yb3V,False
50862,MnH2O2,False
36096,NdPb4F11,True
9159,EuTl2Pd,False
26334,TiAl,False
49296,MnCdSe4,False
18194,CaZn2As2,False
51711,CaSiN2,False
28116,CdCuPd2,False
15196,ErCl3,True
2094,RbTaP2O8,False
15014,PrGe2,False
24110,As2O3,False
30928,TiPd2,False
42782,PtCl2,False
5507,YNiB4,False
10247,LiBe2Ge,False
34651,DyAu2,False
51227,CIN2,False
33902,YInRh2,False
5133,NdGe2Pd,False
10910,Be2RuW,False
21118,K2PdF6,True
30946,Ho2TlAg,False
21646,NiSnH12O6F6,False
13903,Li6CoOF6,False
16665,BaGa2GeSe6,False
52055,LiCoSiO4,False
36171,YC,False
12624,NbGaPb2O6,False
34328,LiHo3,False
42392,NaAl2Sb,False
19039,Li5Cu2Ge2,False
7720,HfBeSi,False
50800,Pr2FeSi3,False
32037,Li3CeSb2,False
4127,Mn3Pd5,False
13607,LaBeBi2,False
54482,PuP3,False
50514,Mg2Al3CrS8,False
22654,SrCd,False
4134,Ba2InTe,True
15199,Eu2CdGe,False
35230,HfMgRh2,False
33172,BPO4,False
500,Ba4TiIn,False
30718,Er2IrPd,False
45558,LiPr2C2N4F3,False
36317,NaN3,False
34306,Rb3Re,False
19936,MgCo2,False
39344,NaCaVO4,False
41057,HoSb,False
38035,ErRu3,False
21951,NaLi2Sb,False
42347,CaAu2F12,False
54327,ErSn7,False
40645,NpGa3,False
48157,Y2SO2,False
30378,CeYTl2,False
16693,UF3,False
11533,Be2NbRu,False
10837,Ta2CrNO5,False
30909,Si3Mo5,False
2478,CuAu,False
43465,Mn2O3,False
13069,BeIr2Se,False
23503,ZnS,False
36284,LiMg3,False
23502,PtCl2,False
24357,NaSr3IrO6,False
44463,K2RbTaI6,False
6453,MnBiSe2I,False
30999,Ho2TlCd,True
38047,Re3Se4Cl,False
2412,SiBHC3NCl2,False
23409,Nb2O5,False
13409,Li2Ga,False
808,BeTcRh4,False
27304,ZnNi4S8,False
38223,PrN,False
17480,H8C13O2,False
31086,MgSb4O8,False
841,Nd5Ir3,False
48514,LiYSe,False
50089,CdCoO3,False
14435,ZrNbB2,False
44721,UCuPO,False
19346,HfH2,False
14477,VPd3,False
4012,BaNiPd2,False
44606,LiNi3O3F,False
50850,FeO,False
45443,SmC2,False
49162,LuCo4Ge2,False
47624,LiSmS2,False
12092,SrGe2,False
3075,BaGa2Br,True
33108,Sr2CuI2O2,False
38136,MoW3Se6S2,False
33729,SiBiO3,False
34445,YbPmZn2,True
27909,IrN,False
4833,BaZnCd,True
28704,Be2SiO4,False
50318,LiBrO,False
11962,SrNiO2,False
19348,Y3Cd,False
16828,SmPOs2C,False
14473,PrIr2,False
32332,ZrFeP,False
8371,Hf4BeRh,False
23384,Na4SnSe4,False
47558,YbKI3,True
41768,Rb3Ga,True
29917,Er3AlN,False
8159,HfBeGa,False
871,Ca3Mn2Si3O12,False
17163,LiCrS2,False
47509,SrCa3,True
30331,AlTc2,False
26749,YFeW2O8,False
5383,Na4BeAlSi4ClO12,False
4371,BaYPb,False
3395,Ba2P2O7,False
3280,Ba2MnSn,False
30470,Ba3BiP,False
42170,AcPdO3,False
16149,K3GaCl6,True
41142,CaCr2O4,False
30289,Er2InPd2,False
17309,HoAgTe2,False
49983,H8C5O2,False
51740,CaAsN,False
37629,Na2SmPCO7,False
51773,NiN2F14,False
20580,PrLuS3,False
32535,TbBi2ClO4,False
14109,PrSi2Au2,False
1258,CeCoGe3,False
38055,ZrIN,False
53428,BaSiTe2,False
34493,ScOs2,False
45064,USi,False
25229,PrZr3F15,False
31058,Pm2MgSi,False
24456,K4UO5,False
25098,Dy3BWO9,False
39480,Li8FeO6,False
44349,Er2SiGe,False
47533,NdMgTl,False
47002,Ca2CuSbO6,False
20480,CoAgO3,False
4788,Co3W,False
32106,Ca5As3,False
1333,Be2VMo,False
36029,TeW2Se2S,False
5183,DyP2Pt8,False
26852,Tl2Ni3S2,False
2096,Mo3Ir,False
26071,YCo3Se2ClO8,False
37290,Sc3Pb,False
49766,H20PbC12O4,False
52955,NaInF,False
15743,Mn3Ni4Sb,False
49175,Hg3Se2F2,True
33379,YbMg2,False
32446,PmTlAu2,False
35489,Dy2IrAu,False
49146,GaI,False
36681,CdSbS2Cl,False
25201,Cu3Ni4O12,False
11784,PrGe2,False
49807,Ho3B7Mo,False
4314,YbCoGe2,False
26272,LiF,False
23406,WO2,False
49409,SbIO2,False
54192,ZrGa,False
8566,Li4ZrBe,False
43919,Na4WO4,False
18795,ScHg3,True
4366,CdSe,False
39681,NiHgO2,False
30683,YAu2,False
12355,Mg6ZrBi,False
8768,Li5InO4,False
2349,BeTlRe4,False
19978,In4SnS8,False
13660,NaLiMg6,False
4070,La3PbC,False
47032,NdPS4,False
20379,GaTeI7,True
6066,BeRe2Bi,False
19559,HfCu3,False
24106,Cr2HgSe4,False
26656,YCuS2,False
53527,BiOF2,False
49154,GaI3,False
39928,Sr2GeS4,False
34189,YMgAu2,False
35233,SmEr3,False
9459,MnP2O6,False
44238,Li2CrNiO4,False
28380,MgCdHg2,True
4322,Tb3Sb4Au3,False
12311,BeCr2Hg,False
21715,Nb6AlSn,False
12529,V3O4F2,False
21176,ErPd3,False
44339,PrPIr,False
46870,BaPdCl4,False
23923,MgTiSi2O6,False
18922,SnO2,False
9425,SrMg2As2,False
39295,ZnSn3,False
1286,BaCaBi,False
2867,ErSi2Au2,False
41359,Ba2SrWO6,False
25969,NiS2,False
38376,V3Ga,False
13485,H6C3N4O3,False
48543,Mg2Cl,True
40121,RbLiCrO4,False
39207,Li2V3FeO8,False
29750,Tl4GeS4,False
36476,NaSO2,False
48476,BaAg,False
37368,PdAuO2,False
13072,Mg6NbCd,True
7005,YBeSb,False
54343,YClO,False
12876,Be2SiW,False
625,CeCu,False
4215,K2NiH12C4O14,False
29553,LiB,False
14699,SrLiP,False
2318,SbPt3,False
48466,LiH,False
49298,TiH16C9O4,False
20804,Na2CuP,False
9206,BeBi4Te,False
35875,Mo2As3,False
28287,K2MgF4,True
45771,ScCuSi,False
12570,Mg6NiC,False
38551,MoWSe2S2,False
50042,LiFePH2O5,False
33860,Li2MgGe,False
49867,H20PbC12O4,False
34061,LuInRh2,False
39212,ZrSc2Tl,False
19774,Hf2Ga,False
37431,ThCoC2,False
2314,NdGe2Rh2,False
50954,InBi3,False
36755,LiCu3,False
26841,CoO,False
47905,RbCr5S8,False
49164,LiCoPO4,False
25339,Rb2TeBr6,True
15885,LiGaO2,False
52710,GaSb3Pb4O13,False
27526,UAl2Cu,False
391,AlCo4,False
24812,CaSn2N2,False
21057,CaSmAg2,False
1599,Ba4BePb,False
11078,NaBePd2,False
669,MnO3,False
8153,BeOsW,False
50759,BaSmFeCuO5,False
50033,BSbO4,False
11956,CoSb2,False
11775,YBeHg2,False
47492,Sn3Ge,False
2185,MnI2O6,False
29603,Mg2TcO4,False
21345,BeInBi,False
30619,BaSr2MgSi2O8,False
21340,H4N2O3,False
13217,ZrCu2,False
51250,FeP2O7,False
23393,NaAlSiO4,False
23966,K2CoPbN6O12,False
10323,Pr3Ga10Ni,False
22948,Fe2O3,False
13781,ZnGa3N3O,False
5818,LiVP3O9,False
46526,NaB15,False
15216,ErAgP2Se6,False
36407,K2AgAu,True
48618,BeAs,False
28545,NaLiHg2,True
44135,LiCrCo2O6,False
31074,TlCuPSe3,False
44207,Rb2YAuI6,True
30714,AlV4C3,False
29182,LiCoS2,False
31292,HfRe2,False
20411,Rb2AlAgF6,True
26402,MgBi,False
14154,NbC,False
53583,As2C,False
24637,Li2CuPO4,False
34149,Rb3Os,False
15034,NdSi2Ru,False
16695,PmNdHg2,True
36967,LiBeH3,False
9422,KCd4As3,True
2383,YBePt4,False
6374,BeRePb,False
29973,MgFe2O4,False
10522,UCr2Si2,False
35626,NdVGe3,False
46122,Dy2PbS4,False
20350,LiSi,False
10986,MgBeRe2,False
40359,ReTe3Br5,False
1993,FeBiO3,False
51986,ClO,False
25470,CO2,False
4639,BaCrCd,False
41628,NiBiAsO5,False
31761,MoPRu,False
6064,AsNF6,False
44168,NdP2Pd2,False
11170,Na2BeHg,False
20572,CeB2Ir2Rh,False
24669,LiMgBi,False
7098,CaBePt,False
10387,MgBeBi4,False
20278,HfCrO4,False
16805,K2LiAuF6,True
18974,LaTi2TlO6,False
36548,YbSmPt2,False
10499,BeMoRh2,False
45231,Sr2FeCuSO3,False
10081,Be2BiMo,False
33503,CaFe4Sb12,False
26295,ErNi3,False
17506,Ba2LuReO6,False
29623,NiN,False
36185,LiNiC2O6,False
53731,BH2O2,False
11630,PmPrMg2,False
5570,LiB6H10O2,False
39632,LiAgF2,False
47648,Tb2Al3Co,False
3370,Ba2ZrHg,False
24856,NbCoSn,False
1863,MnNb3O6,False
45437,ScIr3,False
15940,YbMn2Sb2,False
48921,H3C6S2NO,False
8578,Na2LiAlH6,False
36467,NaS,False
27162,NbFe3,False
8510,TmPd3,False
42704,LiVP2O8,False
25357,MnOF,False
31833,PuB4,False
53038,U3Bi4Rh3,False
20699,NaPrO2,False
9192,PrYMg2,False
50640,CoPd3,False
6893,BeTePd,False
3810,Ba2TiNi,False
53759,TlC2N,False
13106,Rb2CuSbCl6,True
11919,ScBe2Te,False
21088,HfAlNi2,False
27275,AlV2O4,False
29712,Be2Zn,False
25757,NiH2O2,False
1985,GaAgSeS,False
7197,Te4MoBr,False
38986,Sr4Br6O,False
37216,Tm2BeOs,False
36663,DyI3,True
24034,MgFe2O4,False
656,Ba4CoSn,False
21657,CaTmZn2,True
32488,Be2CuRu,False
9081,BeGeRh,False
53013,RbInF,True
23788,TlF,False
40838,Mn2Sb,False
48020,CuPI,False
12615,NaMn2O4,False
53667,RbPbBr3,False
19700,TmMg3,False
29048,RbFeF3,False
40366,K8NO3,False
37399,TlAu3,False
52426,Yb3Ca8Se12,False
4635,NaCo3O4,False
31654,InAs,False
48576,Ca3Ga3Ge3O14,False
4680,Mg3GaO4,False
47366,ZnIn3AsSe4,False
49974,Ca10Ge6F,True
24783,Sr3Ti2O7,False
31061,HfVGe,False
1108,CeMg2H7,False
47434,Ba2UBeO6,False
36169,AlBiO3,False
34484,KLu,False
15148,TaCrO4,False
38646,LiMnF3,False
960,ZnH4C2O6,False
22806,MgV2N2,False
49647,Na2MoO2,False
54289,ZrXe,False
2398,La2MgGeO6,False
19577,K2AgAsF6,True
36022,MgAgF3,False
8593,Be2InSb,False
38149,LiVF4,False
34094,U3Se4,False
19282,Na3Hg,False
18434,MnCuF6,False
27161,ZnSb3,False
15999,CdSnAu,False
25490,Ni5P4O16,False
22773,CdPOs2,False
16465,LiDy2Tl,False
50844,CoNiN,False
14918,TiSn6F16,False
32230,MnV3,False
42629,LiMnF4,False
19549,HgTe,True
32869,AsPO4,False
28403,BaSnS2,False
52668,MgAg2P2S6,False
17877,KHg2,False
14638,TlSb,False
7479,Ce2Fe17,False
52514,KSe,False
9769,BeZnRu4,False
33901,SmCu4Ag,True
48711,BeSbP,False
12182,K2BeRe,False
52101,La3FeCoS7,False
31258,Sc3Al,False
41773,Ce3Th2O9,False
29200,CaV2O4,False
21464,MoP2O7,False
7271,KCaCO3F,False
20674,LiCuS,False
15755,YbGa4,True
15934,LiMnF3,False
29792,NpN,False
35137,RuI,False
41244,LuCuPb,False
11632,Be2CdRu,False
24610,ZnCo2Ge,False
47478,Ag3Bi,False
28491,LiTiS2,False
42723,MgF2,False
40379,MnCo2Sn,False
44393,SrCaCr2O6,False
47150,K2LiMoBr6,False
6681,ErF3,True
49069,AlBO,False
52951,InNF3,False
603,Cu2As,False
21580,K2TeSe3,False
39938,CrBiO3,False
8951,YMgBe2,False
5701,BaCo2Br,False
7413,SbCl6O2,False
24741,BaY2PdO5,False
36259,VHO2,False
14820,TaMn2B4,False
53804,Tb2Al3Ge4,False
38900,ZnSnO2,False
14570,TbCoSi3,False
40698,Rb2Li2GeO4,False
17346,K3CeBr6,True
34822,PuSi2,False
30093,CrP2O7,False
52810,Fe4As2O11,False
15452,LaMnIn,False
45121,CaAgO2,False
50091,LiMnPO4,False
49581,Li3TiP2,False
26716,InPd3,False
29575,W2C,False
46292,ZnI2,False
25140,MgMnF6,False
50219,Li3MnCoO5,False
20245,BaNbTc2,False
45759,K2Ge2PbS6,False
49453,Sr4SnN4,False
46702,Nb6Co16Si7,False
32342,Lu2PdPt,False
16862,Li2CoCuO4,False
23311,K2TiS3,False
30591,Te2MoW3S6,False
13914,LiMg6Nb,False
8453,ReMo2As,False
53476,MgTaO,False
13153,Yb3Al,True
8826,LaIr2,False
43233,CeAl3Pd,False
18819,Fe6O11F,False
48062,LaOF,True
10237,Be2NbSe,False
17748,TiZnBi2O6,False
39746,Sm2Ti2S2O5,False
5650,Pu2Ni2Sn,False
13543,FeNiPt2,False
41860,NaZr2CoF11,False
50118,BaYF2,False
33847,SiGeN2O,False
14859,MnCl2O2,False
19157,Ti2Si6W,False
32008,HoSb,False
41887,NaNiAsO4,False
5025,CaAl2Cl8,False
32595,In3Rh,False
9315,Rb3Mn2Cl7,False
22599,Li2TiB2O6,False
52718,Zr2FeB2Ru5,False
26707,PbO,False
12065,AlPdO3,False
43833,OsO4,False
6156,Li3Ti2Ni2O8,False
2004,NaCoF3,False
27498,ScTaPb2O6,False
32868,Sm4Mg3Co2,False
13097,Ta2FeRu,False
44824,Sc2Ni2Sn,False
45623,Lu2In,False
42002,SmMoClO4,False
49594,Sr2MnCu2S2O2,False
48349,B2Br,False
48907,HC3SO,False
12362,H2C2S,False
19014,TlCuIr,False
27880,TcB,False
31255,Sn5S4Cl2,False
29010,InCuS2,False
22569,Ni3Se4,False
28951,Ca3Mg,False
6941,MnSnAs,False
24506,Na2Mn3Cl8,False
10158,Au3F8,False
24264,Li2CrSiO4,False
38859,Li2Co2SnO6,False
13834,Li2FeF4,False
15139,Li2TiCrO4,False
36141,AlB3H12,False
25340,Sr4MgCr2S2O6,False
38757,ErGe3,False
42490,NaMg7,True
42250,SnPbS2,False
9892,HoCuGe,False
29905,Pr3Sn,False
22272,K2S,True
36989,Pr2ZnHg,True
36039,TlCdTe2,False
37497,HoB4Ru,False
40509,AgP2,False
36890,RbMoO3,False
12266,Ba3ScCO3F7,False
17498,NaBi3I2O4,False
23297,La2CuO4,False
35107,InSb3,False
35890,ReBr,False
43047,MgTi2O4,False
11371,MgBeSb2,False
41540,LiB,False
32774,CeP12Os4,False
28330,NpPt,False
2622,BeTlCl4,False
12825,Mg2BeOs,False
44000,ZnS,False
17800,VO,False
30531,ScPt3C,False
51256,Hf5CuSb3,False
36083,Rb2B2Se7,False
29338,MgGeN2,False
5927,Nd10Se19,False
29201,CoO2,False
31700,VCr2S4,False
51370,TbCa3Mn4O12,False
13083,Rb6Te2O9,False
17700,CoMo3,False
54347,U3O,False
48632,MnCSO7,False
33646,YbPmPt2,False
38140,Li5SbS4,False
46421,SnO2,False
53520,RbAlN2,False
38012,LiVF6,False
18437,Rb2ErAgCl6,True
40560,NdIn3,True
43476,SbTeClO3,False
2135,Pb2O3,False
2967,Fe4O3F5,False
11804,LaBe2Mo,False
4404,ZnGeAs2,False
6994,Sb2Os,False
34460,ZrAs,False
7758,MgBeMo2,False
19453,Tm2PtRh,False
12360,Ce2Mg,False
8579,Mn6O7F5,False
43087,YbB2,False
30098,AlBr3,False
47577,RbInBr3,True
13045,ErTmHg2,True
24678,CaNd2S4,False
47921,TiNCl4,False
18402,CrB4Mo,False
343,BePd4Rh,False
52752,Ta4AgS8,False
23232,Zn2SnO4,False
42470,LiCo4O8,False
4175,DyB6,False
13321,Pr2SnS5,False
29041,Ca5Sc2Co2O12,False
5491,ThSi2Os2,False
34343,InAu3,False
31398,BaCaGa4O8,False
25348,Dy2Hf2O7,False
10998,Be2IrOs,False
24957,GeCl4,False
32570,Nd2O3,False
46968,Al3Pt2,False
50611,CaVS,False
15350,ErAgS2,False
6955,TaTi2Be,False
22312,LiBBr2,False
26866,CePd3,False
24457,LiInAg2,True
4743,Ba4CdW,False
50972,CeHoMg2,False
139,Ba4MgTc,False
12519,LaBe2Tl,False
24900,TaO2F,False
2811,Ba3NaN,False
34756,NpGa5Ni,False
31175,TiCu,False
42930,CdN,False
19314,VOF2,False
47759,OsC4Cl2O4,False
5557,BaMgCl2,False
13279,SiO2,False
18488,Nd2CuO4,False
39979,NbCrGe,False
38021,Na3MgPCO7,False
16641,HfWC2,False
47731,Li2ScIn,False
4854,BaLiBi,False
12290,USnPd,False
31579,RuN2,False
26600,ZrTaNO,False
17490,NdCo2,False
11276,BaMg6Ga,False
36414,LiV2OF5,False
26332,SnO2,False
822,YInCo2,False
9062,NdAsSe,False
36894,NiO2,False
25395,BaBiO3,False
30991,Bi2Te5Pb2,False
48110,MgN,False
53760,TlCN2,False
7224,Ca2BrN,False
21732,Sr2UInO6,False
40290,Ta2H4O7,False
23126,CaMoF6,False
36091,SnH12C6F2,False
49784,Nd3In4Ge,False
38304,Be2OsPt,False
27567,NdRu3,False
39903,Ba3Ti3B2O12,False
52137,Sc5Ga3,False
27885,RuO2,False
11818,BeBi2P,False
45780,TaSi2,False
4064,BaZnIr2,False
40233,DyFe2Ge2,False
32944,ThGa2,False
23083,Li2MnCrP2O8,False
4823,SrFeAsF,False
12576,Na3CrBAsO7,False
3661,PbS,False
19991,H4C3SO,False
17940,Tm2ZnPd,False
25078,Pb2O3,False
7009,MgBePd2,False
27848,La2ZnRu,False
49591,MgMoO,False
30096,YFe2O4,False
9546,SrBe2V,False
53848,BaVO3,False
7425,CaBe2In,False
9437,Bi2PO6,False
38582,Ba2CaMoO6,False
10645,KBe2Cd,False
1609,Ba4TaBr,False
51905,HNCl,False
11033,BeCrCo,False
1031,Zr2Cr4Si5,False
19854,FeCoB2,False
6432,Zr2CoP,False
7775,ScSi2,False
35625,Nb4C3,False
49919,NaAsO,False
15084,ErMgIn,True
17776,Pr2Ni3P4,False
41145,Nb3Sb,False
15060,TaAu,False
48001,LiCoF4,False
51010,MgPb2,False
38118,Th6CoBr15,False
15355,TiZnNi2,False
44669,Ba5P3ClO12,False
33963,Lu3Th,False
47879,TlCdTe,True
32026,Na2LiAlF6,True
43147,YbNaSe2,True
49970,AuS3,False
39571,SbOF,False
49851,ZrPbS3,False
17059,Sm2Ga3Cu,False
16418,Nb2TcOs,False
25367,AgRuO3,False
52661,Mo3Se2S2,False
28029,EuZnGe,True
16553,TbZnAgAs2,False
436,Rb2FeI4,True
47138,Rb2InAgI6,True
35220,Nb2Co3Si,False
28198,LiCd2In,True
7621,TaBeTe,False
20815,FeCo2N2,False
45610,CuBiS2,False
23821,CrSi2,False
12740,SrBe2Nb,False
48310,Ba2AuO3,False
9064,HfMn2Be,False
45229,Mg2SiPt,False
14472,Rb2InCuF6,True
50672,SrGaN,False
9185,KBe2Cr,False
18587,TmAlNi4,False
10020,NaLuCl4,True
46994,CaSmCuClO3,False
8264,KBeTe2,False
43897,Rb2TlInI6,True
30218,AlSb,False
39566,Na3MnSiBO7,False
43845,Ba3Ca,True
10117,InSb,False
25631,TiO2,False
45842,CdTe,False
53042,VPO5,False
19641,NiP2O7,False
46611,AlAg2,False
13115,Fe2CoAs2H10O14,False
15656,Li2VN2,False
38650,InBF4,False
48966,NaTlCl,True
47494,KHoO3,False
33325,TmSiRu,False
44841,Zr3O,False
35496,HfFeP,False
12586,NaBeV,False
17961,Y2TlZn,False
50961,CaF3,False
44962,AsRu,False
24195,ZrO2,False
53086,TiO2F,False
14549,CeUN2,False
5829,Ba2TiBi,False
52344,SrHI,False
23539,SrZrO3,False
26129,LiO2,False
33953,ScCdAg2,True
6377,BeBiTe2,False
21510,NdAl2,False
42093,SmAl3Pd2,False
23674,ScSbPt,False
9967,LiCrGe2O6,False
11368,BaHo2O4,False
37995,Li2VF4,False
33154,HoInPd2,False
27655,AgN,False
42061,NbNO,False
44626,K3MoCl6,False
43334,NaClO3,False
9167,BeSi2Os,False
17538,YbCeAg2,False
44816,CaPd5,False
46504,TeH6O6,False
22245,NaYS2,False
45471,Nb3Rh,False
42298,Rb2InSbI6,True
51418,LiCoPO4,False
40612,Tb3InC,False
43735,Tb2AlFe3,False
22741,CaMg2Bi2,True
17066,LiO8,False
38061,LiVF4,False
27244,TmB2C2,False
9321,Ta2BeCl,False
23219,Li2CrCo2O6,False
43335,CaCu2O4,False
27494,Ca3Pb,True
43231,SrF2,False
19829,YbNa3,True
33962,CaMgTl2,True
41709,Sr3B6Rh8,False
53249,LiHf2O3,False
48000,TaW,False
14531,Tl10Hg3Cl16,True
53209,SiHO2,False
47732,LiY2Ga,False
47003,NbWSe4,False
12565,ScBe2In,False
13937,YSi2Cu2,False
9471,KNaBe,False
16350,Pa3Hg,False
15136,PmLuIn2,False
26782,VSe2,False
22958,VAg3O4,False
47006,CaCd2,False
30551,ErFeC2,False
24808,YbAs4Rh6,False
14946,Mo2SeS3,False
28092,Mn2VGa,False
14056,Mg3Os,False
12527,Be2CoSi,False
15642,Co3Pt,False
44314,Na3Ge,True
44187,Lu6FeSb2,False
23442,CdSnF6,True
18574,CrS2,False
35616,Na2MgAlF7,True
16268,Ni3Se,False
38615,DyZn,False
13752,UPt5,False
26046,RbTe,False
14572,Rb2LiScCl6,False
26698,Ho2AgIr,False
33103,Ta4MnS8,False
465,BaSb2Au2,False
36489,GePbS3,False
44182,YTh,False
53064,ZnCl2O,False
23626,ZnCo2N2,False
25537,MnZnSi2O6,False
10862,BeGe2Pt,False
11178,CaBePt2,False
39267,DyBi,False
51883,Mg2H3Cl,False
43926,Ti2S3,False
25930,TeMoSe,False
37312,PrB2Os2,False
33514,YbLiGe,False
40223,CuBSe2,False
11277,Be2CrPt,False
4938,BaTi4Br,False
45267,SmSi2Ir2,False
24766,KPS3,False
3536,LiGe2P3O12,False
8197,Ta4AlC3,False
17327,LiFeF4,False
3254,BaCa2Ga,True
14118,MgScAu2,False
32889,BaAl2Si2O8,False
23560,Bi2B2O7,False
25781,Ba2AgAu,False
3804,KBiSe2,False
47063,K2NaAlH6,False
41203,Sr3AlO4F,False
23785,NdAu,False
53172,LiH2N,False
346,CeSiIr,False
40744,Li14P2N6O3,False
52911,YBrO,False
33596,PPbSe3,False
48222,ZnPS,False
53499,MnF2,False
6304,Mn3Cr2Sb3O16,False
51466,VCuO3,False
44247,YbGaCoO4,False
47394,SnCl2,False
35893,Lu2ZnGa,False
721,LiAlB14,False
29982,DyTlTe2,False
49805,VSnO2,False
27824,TlAs,False
52840,LiVNiO4,False
16124,LaMnNi4,False
45374,CaGe2Ir2,False
12963,Mg6TiNi,False
30978,ErSi2Rh3,False
32757,Pa3Si,False
45193,ZnCu2SnS4,False
34747,Zr6Al2Fe,False
30257,CeBiPt,False
13888,GaFeCo2,False
35099,Si2O5,False
19587,SnH4C2F2,False
18842,CeSiI,False
23124,YPb3,False
35235,NdLuTl2,False
34053,U2W2C3,False
8932,Er3CoSi3,False
4143,BaNaV,False
30021,MgFeF4,True
33508,Ba2InBiS5,False
5307,Ba2FePb,False
13688,SmO2,False
21737,MoPt2Br,False
20728,BaScIr,False
32222,Nb3Sb,False
50386,ZrTaFe4,False
41949,CaCrF6,False
27803,ScPaRu2,False
50248,PuZr4C5,False
24272,GaSe,False
41125,CoO2,False
5915,ZrO,False
9266,MgBeNi2,False
20182,LaAlCu4,False
35427,SiRh,False
15354,Hf3Ag,False
18775,H11C5,False
21265,SnPb3,False
40023,Mn3Sn,False
37929,Li2Mn3NiO8,False
40051,TiS2,False
30825,Ac2GaCu,False
37830,TcIr3,False
48725,AsNO,False
18743,Rb2NaNdI6,True
38590,SF6,False
47715,TlWO3,False
33595,Hf2FeOs,False
43352,Na3BiO4,False
4548,ThSi2Os2,False
18136,Rb2P2Pt,False
54177,ZrBr,False
38170,Li2MnNiO4,False
45977,K2NaMoF6,False
23069,ErSnPt2,False
2506,K2ReCl6,False
32940,NbAlFe2,False
13948,Ca3SnO,True
38252,Lu2Co2O7,False
23112,MoS2,False
8991,MgBe2Tc,False
40734,PuSi2Cu2,False
48939,CuSi2N3,False
18343,Rb2LaAuCl6,True
50828,Er2GaCu,False
25076,Mg2Bi2O5,False
33142,PmMgAg2,True
22508,H4C9S3O,False
31148,Nd2CuGe2O8,False
4167,Ba4SnRh,False
53782,YCN,False
14258,K2InSbBr6,True
35978,YGe2,False
39857,LiVSiO5,False
1238,Fe3O4,False
5219,CeAsRuO,False
12268,NbPSe,False
39585,CeMg2,False
6618,NdAl3,False
39544,UNi2P2,False
3664,Rb2MnCl4O2,False
6869,ScSiAu,False
26443,MgZn,False
29389,Te4MoW3Se2S2,False
18821,TmCu2O4,False
676,Ba4HfTl,False
50986,Cu12As4S13,False
14924,UCu4Pd,False
42929,Ac3Y,False
45275,RbMnF3,False
12745,K2PdS2,False
9183,Ta2BeAs,False
5448,Ba4BiMo,False
35282,DyYCu2,False
41785,Cu3Sn,True
2681,Ta2Co,False
51207,GaFe2,False
47208,MnCd3Te4,False
20415,ZrNi4Sn,False
36810,SnBi2Te4,False
41295,PbO2,False
38273,Li4Cr3GaO8,False
52528,Y4Co16B3C,False
37041,ScInRh2,False
44144,Rb2NaCeI6,True
33443,VCuO3,False
32049,Al3Ir,False
52377,SbHO,False
46515,Pr3Al4Si6,False
47756,Ta2Te3,False
53818,BaCO3,False
40996,DyPd,False
14026,Rb2MgH4,False
37891,Li3VF6,False
7114,Be2HgPd,False
7734,Na3AsO4,False
49433,Mn7CdO12,False
19021,LiMg2Ge,True
17025,Hf4AlSi,False
15513,ZrHBr,False
42149,TiCrP,False
12101,CeZn,False
13190,NaCa4B3O9,False
52011,SrPCl,False
13506,Li2SiO3,False
36231,NaMg3,False
16954,ScNiSb,False
13950,HfFeO3,False
3249,HoCd,False
16030,Ho2AgAu,False
34122,SmSi2Pt2,False
39392,Fe3Sn,False
23688,CdI2,False
31532,MnAlOs2,False
50776,Ti4C3N,False
53833,CaGaN,False
2363,Ba6Nb2IrCl2O12,False
37173,Sm2MgIr,False
16415,HfNb4CN4,False
22777,Al2Si2H4O9,False
49486,K2Te,False
4131,Ce3MnBi5,False
12154,Li4Mn5NbO12,False
26369,HfIr,False
46410,CuSe2,False
46373,DyAl3,False
6718,Li3V2P4H2O16,False
49892,ZrAsIr,False
3617,BaV2TeO8,False
45043,NaAsO2,False
7358,NaAgC2N2,False
3877,BaBi2Cl,False
35965,Lu3Sn,False
20880,Ca3Pb,False
42493,TaSe3,False
33670,Te2MoW3Se4S2,False
32738,NbNiP,False
16284,LiMg,False
5039,Bi2MoO6,False
8098,ZrGaPt,False
49635,Rb2MnSe2,False
10420,Ba4MgMn,False
47786,SnC2,False
39881,Nd3GaO6,False
9683,Mg6CoSi,False
32810,Er2TlAg,False
29889,NaHS,False
13862,BaLaCo2O5,False
28038,BaSi,False
52676,BaSe2,False
10682,CaSi2Ni2,False
52636,MnF3,False
51093,AuCl4,False
35993,SmZn2Cd,True
8497,MnBe2Bi,False
20287,Yb2MgTl,True
30658,PrNiSb,False
19537,CoH2O2,False
50136,CePm3,False
52281,SrLa2Mn2O7,False
40458,TiW2O8,False
6346,Ce6P17Pd6,False
19234,ErBiPt,False
15315,NaAc3,False
46051,SeS2N2O2,False
46306,Er2Pd2Pb,False
13194,Cr2CuO4,False
5880,SbAsPd5,False
48054,B2MoRu,False
21770,YSiRu2C,False
17117,NiIr,False
11683,Na2BeW,False
49865,PbS2,False
39615,FeCu2Sn,False
36281,Ag3SI,False
29507,CrO3,False
1138,S2O5F2,False
15450,CrAgO2,False
43132,Rb4CdBr6,True
18364,Al2CrB2Mo,False
20202,Ta2CuO6,False
22483,Li3VO3F2,False
49004,SrPO4,False
20670,Li2Co2OF6,False
15668,RhF3,False
3194,TeAsHO5,False
12908,HoNi5,False
12279,BeCr2Si,False
44667,Nd2GeO5,False
42652,MoPb3Cl2O5,False
8471,CeMg6Nb,False
409,ErH9C5N2O8,False
47884,Sr2VMoO6,False
54461,YSn7,False
43004,K2NaCeI6,True
46677,U2Co21B6,False
51116,BaSbI,False
52332,VPO4,False
36752,Li3Ac,False
5101,BaGaBi2,False
15833,K3GaBr6,True
43665,Yb4Pt3Au,False
30057,Li2SnIr,False
24792,CdGeO3,False
41423,V6C5,False
38661,Mg2SiO4,False
50536,BeTlP,False
102,Sr2TaN3,False
51719,Ca2CuAs2,False
29537,MgTiF5,False
39952,HoRh,False
12365,Be2WSe,False
49272,NaGeSe,False
1135,BaSrMg,False
40075,RbNiBr3,True
2957,TbPt,False
28830,Zr2IrRh,False
49271,Li2CoP2O7,False
30033,BaH4O3,False
41672,NaVO3,False
3155,Ba2SrSi,False
17907,V5Te4,False
44438,NaSr2OsO6,False
25578,La2MoO6,False
41222,LaInCu2,False
50965,CdAg3,True
37347,PrY3,False
53896,BaTlO,False
34522,Lu2RuAu,False
53451,Li2AlN2,False
29246,ReN2,False
8557,Mg6MoW,False
15287,ScNi2,False
29161,MgSO4,False
48202,Dy2CdTe4,False
44572,Cu2SiTe3,False
32753,MgSc2Tl,False
51247,Li2MnP2O8,False
36049,Sm2IrRh,False
22645,BaVClO3,False
45853,U2C3,False
29536,RbSm2CuS4,False
9945,BeTl2Os,False
15937,Nb2NiO6,False
11108,SrBe2Se,False
37030,Mg3Br,True
10755,BeZnIn,False
16480,K2PdF4,True
10914,Mg6CdNi,True
32175,RbB6H6,False
16392,Li3AlF6,False
52034,Li3Co3SbO8,False
44965,NaLi3H8N4,False
18273,C3N4,False
7623,ThC2,False
19003,DyBiPt,False
16003,K2YAuBr6,True
13280,LiFe2F5,False
13275,Er2Al3Ga,False
32441,LiSO3F,False
14221,CeCoGe3,False
26112,PrCd,False
4091,BaVTe2,False
29992,Mn2Al2O7,False
50434,CoO,False
6885,BeSbTe,False
30983,Li2MgSi,False
18261,Rb2TlAuF6,True
19426,LiCo3OF5,False
44569,Nb4O5,False
37945,Dy2MgTl,False
48703,CaAsO2,False
3174,TiTe2,False
33726,Be2NiPt,False
1317,Si2Ag6O7,False
11978,Be2GaRh,False
19908,Dy2Zr2O7,False
2271,BaCuSn2,True
4059,DyB4Rh4,False
50946,Be3Si,False
41502,Dy2Si5Rh3,False
4229,Ba4BiPb,False
8847,NaBeTc2,False
46484,CaSnS3,False
38032,YWN3,False
48737,GaAg3S2,False
32786,RbVF3,False
65,Ba4CaSn,True
23144,NaTaNi,False
51314,Ti6Al16Ir7,False
28762,Nd2UTe4,False
43651,In2TeO6,False
30274,Li2Fe3CuO8,False
10213,SrLiBe2,False
11656,BeSiNi,False
926,CeAlO3,False
34490,DyPaTc2,False
42321,YbAcTl2,True
31010,YSi2Ru3,False
49642,LiFe2OF5,False
17772,MgPb,False
35699,ScAlNi2,False
10153,MgBe2P,False
3517,PrCo12B6,False
2895,SrMg6Fe,True
10415,KB6,False
23063,CaMnSn,False
35090,Rb3Hg,True
7996,BeBiPb,False
11773,HfBe2Ge,False
34231,HfGePt,False
11191,Be2VSn,False
36220,BaCuO2,False
23199,PrPt5,False
48712,Sr2NbCoO6,False
29993,ZnMo2O5,False
14115,TiB,False
17819,H4C5S,False
27595,NbAgF6,False
6777,PuB4Os,False
45841,TaTe4,False
29387,Tb2CoGe2,False
11050,BeGa2Ru,False
40181,AsS2NF6,False
39309,CaPPt,False
49928,NaSrAs,False
8141,CeCuGe2,False
49743,SnH4C2F2,False
3428,BeGa4W,False
31264,Sc2PdRu,False
15419,ErPtF7,False
43357,K3RuF6,True
33131,Na9ZrP4ClO16,False
6454,MgMnBe,False
12682,HfGe2,False
40431,Dy3Mn3Ga2Si,False
48758,AuS2,False
35256,Te3MoWSe,False
19016,CaThBr6,False
11447,Na2BeP,False
32228,V4GaSe8,False
28862,CN2,False
32856,TeMo2SeS2,False
24065,Tm2Te5O13,False
2056,YBeCo4,False
11370,PrMg,False
26602,CaCo2S4,False
28320,LiTaO3,False
8457,Mg6VCr,False
17780,Yb3Ce,False
11492,K2BeSi,False
21944,NbMoSe4,False
35962,ThB4Mo,False
47866,Bi2Sb2Te3Se3,False
6039,BeNbPb2,False
28626,SrB2,False
10032,TbNbO4,False
21798,ZrTiNi2H2,False
22058,YbZnCuAs2,False
43441,Zn2InCuSe4,False
27975,MgO,False
34875,Lu2CuRh,False
9849,BeBiW2,False
17677,MgSi2,False
17573,CaMn3O4,False
16400,Li2FeO2,False
25451,Ba2AlAg3O8,False
17039,CaAgN,False
41770,Ba4LiSi,False
48200,Te6IrCl3,False
26501,Mg3Mn,False
35690,LiHoSn2,False
32142,Lu2RuRh,False
11321,HfV2,False
8151,LiAsSe2,False
16259,Na3Ga,False
45116,CeTlAu2,False
25080,ZrRh3,False
20658,RbTmS2,False
37983,Ca2MgIn,True
48882,CdF2,False
44822,TiAg,False
40485,Sc3PbC,False
3483,K5CuAs2,True
26754,NbCoSn,False
28401,YCuS2,False
29176,Y2Pt2O7,False
29574,CaGaGeH,False
39923,V2O5,False
16102,LaSmS2,False
23098,MgCN2,False
27199,Rb2NbAgSe4,False
28877,H3S,False
21734,LiCu2F6,False
24929,SrSbSe2F,False
41814,Li4Al3Ge3IO12,False
2531,LaSnPd,False
10556,ScBeCo2,False
10318,Pr2AgRu,False
21103,K2AgSb,True
29752,ClO3,False
22923,PrTlPd,False
4684,Ba4SiGe,False
29630,Ca3PN,False
3706,BaZr4Ni,False
33794,PmAg2Sn,False
18412,LiHg2Os,False
44533,UHg3,False
46718,Mg2Mo3O8,False
25114,CeU5O12,False
50577,SrCrO4,False
5606,NbFeB,False
7195,LiMg4H13Os2,False
46708,P3Au2,False
22193,Y3CuSnS7,False
26817,CoO,False
10880,TaBeW,False
35647,SmHoRh2,False
7495,LaMgNi4,False
4819,Ba3CaO4,False
31617,NaPmTl2,True
19416,Hf2Te3,False
7747,BaGe2Ru2,False
34114,MgFeRh2,False
11659,NiO,False
38561,AuSCl5,False
34382,LuTh3,False
21663,PuOs2,False
24220,PbSeO3,False
22989,CeP,False
33935,PmBiAu2,False
12681,BeNbSb,False
20913,Tm2Sb2O7,False
51815,LiF2,False
35272,Te2MoWSe2,False
12253,LuN,False
45291,Ti2CuS4,False
13700,Na2HgAsF6,True
48517,LiZrSe,False
14982,NbCu3Se4,False
44496,VO2F,False
8421,ZrCr2As,False
46204,HfSiPt,False
34630,CaInHg2,True
43154,ZrIn,False
39149,Sr2HgSb,True
42944,Pm2Mg,False
29445,Y4Sb3,False
27237,MgNi4S8,False
25777,MnCuRh2,False
40693,ZnNi4O8,False
4980,BaBeCo2,False
39103,LiCoSi2O6,False
29737,CaMnO2,False
785,Ba4CaNb,False
41376,MnP4,False
32000,Tm2CuRu,False
38886,BaV2Ni2O8,False
52662,LiMg17Al11,False
2036,SiRh,False
38271,LiVO2F2,False
15208,BaH2O2,False
30122,ZnNi,False
1535,LiV2O5,False
10983,BeCrSb2,False
50724,KZn,True
437,LiV2F7,False
43454,SrGa4,True
24746,Na2Te2O7,False
27532,Be2CuIr,False
52923,CClF2,False
26772,MgNb2,False
1697,Ba4LaGa,False
14349,YAg,False
53122,GaP2,False
11098,KBe2Pb,False
24503,Na6P4W,False
29520,Sr2YTlCo2O7,False
49855,Zr8Co3Cu,False
11125,ZrBePt,False
19596,Al2HgSe4,False
34227,HoMg3,False
555,BaBi4Br2O6,False
51035,CuBO4,False
43269,Rb2Sb4O11,False
22268,HoInAu2,False
48473,Tm3Fe2Ge3,False
5873,LiMn2O2F3,False
14581,NbVO4,False
21299,Li2GaAu,False
54505,H2C,False
6228,NaCaBe2B2O6F,False
49893,LiMgAs,False
47497,Sr2TlIn,True
14110,MgCd2,False
25564,LiGaO2,False
34068,Ca2BiAu,True
48772,SnH12C7O6,False
46098,K3Bi,True
22346,Rb2YCuCl6,True
25361,Er3Ru2,False
8313,TlV5Se8,False
3313,LiAsSe2,False
33078,LiSiRu2,False
25666,Li2CuS2,False
3832,BaTa2Se,False
33994,YMgRh2,False
48462,Zr9Co2P4,False
54122,Ta2Ti2Co2C,False
34379,Yb2CdIn,True
28944,Sr2YRuO6,False
17554,SbAu3,False
25796,Na3CoO3,False
9889,Be2SeCl,False
42422,Na2Te4O9,False
16092,V2O3,False
15318,Rb2TlHgBr6,True
54341,YClO,False
47283,TaInO3,False
16375,Ce2UO6,False
38188,ReSeCl,False
47454,SrTaO3,False
20045,LiCl,True
35855,Y3Th,False
3387,SiPd2,False
10300,ZrBeSb4,False
919,CaCdAu,False
14591,PbClF,False
36389,MnN,False
17947,Ce2TeO2,False
37938,Yb2ZnPb,True
34043,SnTe3O8,False
30441,KCo2As2,False
53528,Li4MnFe3P4O16,False
44631,MgAl2O4,False
13497,LaCdO3,False
15361,SmErMn4,False
47838,CoRh2O6,False
44923,Nb4CrSe8,False
30861,Dy2Zr2O7,False
12446,MnVCuO4,False
48128,TiN,False
1460,Ba4NbTc,False
43653,HfAlPd2,False
29369,MnSn,False
48541,LiSe2,False
39608,LiIrRh,False
6214,Na2HfH6O6,False
23151,MgAl2S4,False
28568,H2W2O7,False
30815,NbTl3Se4,False
7129,CoTe,False
15797,CeAl2Cu3,False
20187,Na3YI6,True
974,Ta6Fe16Si7,False
39693,SrCrW2,False
41927,TmHg,False
38998,TiNiSn,False
53444,MgSnO,False
28816,Ca2MgHg,True
14351,NaNdS2,False
1878,RbNa5Be8O11,False
38963,AgCSN,False
34327,Pu3Sc,False
45431,SrGa2B2O7,False
1158,LaNi2B2C,False
32259,Pt3O4,False
1542,MnPtF6,False
40090,HoIn3,True
51944,NaPbO,False
12441,NdCu2Si2,False
24254,NaNbO3,False
6103,Be2NbOs,False
11062,RbPO3,False
14516,Sr2Zn3Cd,True
36428,LiV6O7F5,False
17545,Sc2CdGa,False
22325,Ca2CdN2,False
14976,ZnAs2,False
51818,CaGaH,False
33130,AcPbAu2,False
47367,ZnHgS2,False
20030,MnAlPd2,False
5691,Ba4SnP,False
8223,TiBe2Tc,False
35642,Sm3Zr,False
43413,ThMgRh2,False
40116,YFe2Ge2,False
39022,CaNi2,False
51671,RbSnBr,True
49957,Mg2AuO3,False
49224,H6C7O2,False
1133,K11LiMn4O16,False
7227,Be2InCu,False
45419,NdGa,False
295,Ba4TiSe,False
29950,VZnF4,False
25929,TiO2,False
9778,BeSe2Cl,False
53311,BPO,False
12884,MnGa2Se4,False
44355,K3YI6,True
14079,SiO2,False
16867,CdAu,False
53619,MgSe2,False
28408,CaMn2S4,False
93,EuCuBi,False
26985,MnS,False
10167,Mn2BeTc,False
51967,SrPbO,False
3951,Fe2C,False
51526,Mg2C,False
19555,H7C4,False
33393,Ac2CuGe,False
45250,Th2Au,False
11047,AcH3,False
26565,CeSe2,False
3682,CeMg3,False
19635,Ti3Si,False
38000,Nb3Fe,False
43564,ErSi2Ni,False
13479,InI,False
4466,Ho2ZnOs,False
19313,ZnH12C8O4,False
24431,MnSnAu,False
3767,V2CoO6,False
50635,ScAgS,False
7876,LiZnO2,False
7965,Zr2BeSn,False
41274,TiAs,False
33864,MgInAg2,True
16573,Sm2MgIn,False
2996,Sr2Co2O5,False
6287,KHfBe,False
30877,PaNi2Sb,False
26627,Lu4B6O15,False
53874,MgBH,False
26116,YMn2,False
34665,Ga2BiSe4,False
21370,LaTiTeO6,False
51506,Ca3Y2N4,False
22655,Na6SbO5,False
36901,Rb2Fe4O7,False
46806,NaCu3Ru4O12,False
35425,LiSmCu2P2,False
14372,Hf2Al,False
4387,CaAs2O6,False
40953,TbHg,False
14291,Li2Mn3CoO8,False
40962,ZrMn2,False
612,UCr4C4,False
52556,Mn5SnO12,False
29212,LiZn2Cu,True
44622,Y2Zn17,True
25181,SnS2,False
52175,TaOF,False
47067,YSnO3,False
16460,YbNa3,False
24161,LiCuBO3,False
52336,Sr2Co2O5,False
15411,PrSiGe,False
48263,LiHS,False
8601,HgCSO3F3,False
35188,Ca4Bi2O,False
47282,CrMoAs2,False
4100,BaNa2Si,False
50743,LiZnP,False
23231,CaC2,False
13298,TiFe,False
20701,Tb3Sr,False
32367,NbGeIr,False
9639,LiAsP2,False
39939,ErTl3,True
53510,V2OF7,False
24548,NdS2,False
47726,Co3Sn,False
18690,ZnH18C11O4,False
7387,ErNiBC,False
13672,SmSb2,False
47640,BaN2O6,False
51032,SiNiN2,False
22311,BeBiOs2,False
8686,Ba3Nb2CoO9,False
39743,YPbAu,False
39830,Sr6In2NF,True
49950,K8LaP4Se16,False
53046,YClO,False
52832,TiV4CuO12,False
25475,H6CNF,False
16605,BaCd3Ga,True
29180,CaCe2S4,False
21486,Al6GeW,False
21440,CaH4C4O4,False
30465,V2CrRu,False
19801,AlSiMo,False
18748,CaSi2Cu2,False
35014,In3Ge,False
40739,Li2ZnGeO4,False
53633,Sr2TaN2,False
17514,Si2NiPd,False
33307,TiNbRe2,False
4969,BaTlSn2,False
9501,BeCuPb2,False
18756,H7C7NO,False
39019,Sm2TlZn,False
27450,Li2CO3,False
38581,Na3Sr3GaP4,False
20439,Be2Co,False
30437,SmZnIn,True
46466,MoW3Se4S4,False
35332,Ho3Mg,False
4296,BeIr4W,False
47056,K2LiAlH6,False
21796,LiCuO,False
35043,YSeCl,False
38221,TlI3O9,False
38794,AlFe3C,False
37395,CdInGaS4,False
44906,NdNi2Bi2,False
41299,Tb2Pb2O7,False
4191,Ba4YCo,False
14106,Pr2Se2O,False
4973,BaNa2V,False
13140,CO2,False
51559,Li3MnCo3O8,False
38993,CoCu4O8,False
29765,B2CN,False
2360,RbMgF3,False
43169,CeInNi4,False
33411,AcAgTe2,False
35038,YErZn2,False
13110,Dy2AlCo2,False
12109,BiI3O9,False
2687,PC2S2N3,False
16967,CdSn,True
9342,Ba2H6Pt,False
15327,CeZn2Au4,False
54230,NdZr,False
45750,SmCuSn,False
43575,YbBa2UO6,False
45175,Sr2Ge2Se5,False
42407,Yb2CdSb2,False
34800,ErAgHg2,True
51317,Rb2UTe3,False
18025,K2InHgI6,True
50958,YbCaPb2,True
11958,YMnNi4,False
18525,TcSnSe,False
40087,ZrCoSb,False
16717,LaGa3Pd,False
46331,BaCl2,False
28888,YMg,False
48021,MnNiSnRh,False
1406,Li3Fe3O4F4,False
23893,SmFe5,False
38809,MnOF2,False
13720,NpSO,False
4948,TbCo12B6,False
36782,YbSiIr,False
20830,PmSmRu2,False
22663,SrMoO3,False
54040,MgPO,False
10474,SmGe5,False
41757,Zn3B7ClO13,False
17938,VCu3Se2S2,False
10549,CeMg2,False
16216,KNa2AlF6,True
28433,EuZnGe,False
32713,NbSeI,False
18005,Mg3WO6,False
13651,Mn2ZnAs2,False
15591,Ac3Zr,False
46137,KCrF3,False
14759,K2ZnH4,False
3897,AlSn,False
39853,MnCu2SnSe4,False
24553,CaTiO3,False
13821,ThAg2,False
31354,Hf2N,False
38566,ZnBiAsO5,False
40160,CeIn2Ir,False
13623,LiBeCo2,False
45238,CeB2C,False
39481,YbHo2S4,False
30768,Ca3BiP,False
17177,SmTh,False
22406,LaNi2Sn2,False
15863,V6O11F,False
26783,Mn3Al,False
37821,Ba4ZrO6,False
50546,Mn4VSe5,False
6740,LiMnPO4,False
3260,Li4BeRu,False
35493,BaAlBO3F2,False
42457,Pb3Br2O2,False
44704,Cr3InO8,False
44456,BaCaAlF7,True
39527,Li8NbO6,False
47810,CaGeH,False
33203,Re2P,False
19571,V6O7F5,False
52432,K3Mo3C3Se4N2,False
51794,Ti3Al2NiO,False
23647,CeAl3,False
36233,Mn6OF11,False
37391,RbSnBr3,False
23294,InFeAs,False
6914,BeGaTe,False
3969,BaSe2Cl,False
46307,Te2Mo,False
10453,BeCdCl2,True
4331,Ba4CrRe,False
24410,MnP2H8O10,False
5835,Ba4TlTc,False
49017,LiCo4O8,False
15293,YbTmSe2,False
17921,K2CdAu,True
3958,Ba4PRh,False
5030,Li4MnW3O12,False
53801,Mn4NiO8,False
38305,Ti3Mn2Co3O16,False
37731,Th2BiTe,False
16214,CoB2W2,False
14007,SbRu,False
51274,LiV3O6,False
20596,Ba2Hg,True
48836,H7C8NO,False
18941,V6GaSn,False
16526,SrPAu,False
35869,NbGaFe2,False
24864,SrP,False
24003,YH3O3,False
14149,CuAgS,False
46231,Na2Ti3Cl8,False
29514,SiO2,False
49592,HfH8C6O4,False
17733,Al4Ni3Pt,False
50496,SCl2,False
32952,PmZn2Cd,True
29983,LiV2Si2O8,False
41599,YN,False
46322,RbGeI3,True
37658,Na3N,False
5301,Be2InGa,False
3169,LaAl2,False
52639,Nb5V3S20,False
44956,AlCuPt2,False
3048,CuC4O4,False
366,Na3CuO2,False
6899,Cu3N,False
11869,BaP10,False
31369,Mn3Mo3C,False
43718,Rb2ScTlF6,True
38315,TbB3O6,False
24535,MnO2,False
2310,Fe4O3F5,False
23210,TiFe4O8,False
21535,Na3Pd,False
46661,VHgO3,False
30315,Te4Mo2WSe2,False
41939,PdO,False
51722,Ca2YO3,False
29827,NO2,False
23929,MgSiO3,False
33289,Sr2SnHg,True
17584,YbCaHg2,True
29691,LiB,False
23794,LiInSe2,False
46886,MnSeO4,False
2270,Mn3NiO4,False
50707,AlHO2,False
51215,BeTeP,False
23390,Tb2Fe2Si2C,False
26306,LiScSi,False
614,Mo3WSe4S4,False
13114,Li5VCr3O8,False
10491,MnVBiO5,False
34923,Li2CePb,False
7003,BeSnIr,False
29357,MgV2O4,False
19692,K2LiPrI6,True
22541,Ho2O3,False
14067,Li2AgPb,False
51753,ZnNCl,False
18429,LaHoTl2,False
41486,K2HfF6,True
9147,CuSnF6,True
35281,YbCdCu4,True
29746,BaSn4O8,False
40725,KNaS,True
41470,Rb3Sm,True
11685,Be2CdGa,False
53019,TlGeCl3,False
6216,YBeNb4,False
28535,La2GeI2,False
24327,TiAlFe2,False
42210,Zn2GaAgSe4,False
8048,K4I2O,True
25021,Li2ZrTeO6,False
41991,NbRu3,False
36809,LaFePO,False
25597,SiO2,False
23703,YTiF5,False
19004,CaCu2P2,False
39455,TeO3,False
49186,Ge2Cl,False
26154,K2NaAlAs2,False
21930,RbLiS,False
46674,Ho5Pb3,False
20696,MgInSe3,False
10398,YBe2Cl,False
22733,BaHgO2,False
38130,SrTiO3,False
41911,SrHg2,False
20675,Pr3Ag,False
6299,MnBe2Co,False
42564,Mn3O4,False
824,Ba3Nb2CoO9,False
21175,K2BrCl,True
39071,Tl2Sn2S3,False
50209,K3TmCl6,True
5788,ErAgGe,False
4533,Ba4FeRh,False
54491,InHO2,False
40044,ZrSnIr,False
1320,SrCa2I6,False
19170,Li2MnCoO4,False
8179,Mg4BeMo,False
16256,PmTh3,False
31178,SmBiPd2,False
3861,CeP5,False
47156,Na3PrCl6,True
43535,Rb2ScAgBr6,True
34304,TiS2,False
683,Nb5As4Pd4,False
50904,Rb3RhF6,True
50872,Ni3Ag,False
50531,Ag2Cl,False
7732,NaBeP2,False
7726,HfReAs,False
4062,MgSiO3,False
24516,Ni3S2,False
31967,P3Pd,False
47503,Rb3TaF6,False
5434,Ba4ZnIr,False
49440,In2I,False
16991,Rb3AuBr6,True
21375,NbBi2Mo,False
10786,BeSiP2,False
42590,Al2BiS4,False
50641,TaAgS,False
23242,CdI2,False
19436,Ce2YSi2,False
18127,Na2AgAsF6,True
27437,TiNi,False
9808,BeNb2Sb,False
41441,Zr6FeSb2,False
52277,KHg6,True
25351,Mn3P6Pd20,False
5770,Fe4O7F,False
40961,Li2InPt,False
43716,Ga2Ag2Se3S,False
8260,Mg6WC,False
14190,ErAlZn,False
44173,TiTc2Ge,False
28539,KCuF3,False
47261,AcY3,False
2108,LiBPt3,False
28551,LiY2Cd,False
36381,BaN,False
3390,NaMg6Nb,False
36653,HfFeCl6,False
34562,LiCdAg2,True
11001,BeTcRh,False
40148,LiH2N,False
43210,PaSi3,False
25385,ZnBi2O4,False
48428,MgAlO,False
46643,Li2FeSnP2O8,False
47692,Sn2PbSe3,False
54275,CdC2N,False
7360,ZrIn2Br6,False
12230,Na2SnC4O8,False
9019,H2O,False
23175,TiSnPt,False
22576,ErSF,True
4848,BaCaZn,True
47982,ZrNiH,False
43699,BaNdMnCoO5,False
13197,BeSb2Te,False
14234,CoOs,False
14928,In3Pd,False
22024,BaCaMn4O8,False
27303,Sm3AuO6,False
53755,TlCN,False
30370,HgO2,False
46608,ZrS2O8,False
2319,VIr,False
27613,NaCoO2,False
34479,YbVO4,False
10275,Be2TlHg,False
28048,KMnO2,False
36034,DyMgRh2,False
41447,SmMg2Ag,True
7512,LiBeSb,False
26349,MgZr,False
50165,Li2Fe2OF4,False
48993,PtSCl,False
5423,CoAs2O6,False
44421,LiVF6,False
44231,Dy2FeSi2,False
8849,BeCrGe2,False
10874,Be2ZnP,False
50630,CrN,False
39164,Tb6Br7,False
36945,TmZr,False
32380,ZnAsPt5,False
23833,LiSnPd2,False
45028,AlVO3,False
1731,Al3Bi5Cl12,False
45136,Li7Co5O12,False
7973,K4UP2O10,False
20021,SrCu2Ge2,False
5010,Ba2ZnSn,True
15088,Cu3Rh,False
2183,InBrO,False
23333,MgPPt5,False
44114,ScAs,False
7557,CaSiSnO5,False
35320,LuPb2,False
37884,TlZnF3,True
35475,CaF2,False
18746,TiNbAlC,False
35908,NdSn3,False
38647,Li2CrCuO4,False
26348,LiN,False
54527,ArSe2,False
49745,Rb2PdO2,False
26114,ClO,False
28787,Cu2HgI4,False
19179,BaP2Rh2,False
7435,Be2VBr,False
587,CeFeSb2,False
48902,Li3V3O8,False
25632,Ba2PrRuO6,False
25320,YClO,False
24175,Mo3Pt,False
48380,BCCl,False
29811,TaN,False
5182,Li3VS4,False
23515,Na3Cl2,False
44382,Pr2ZnBi4,False
47595,CdSb,False
413,VOF,False
19419,YbSn,True
40091,PrFe2Ge2,False
23208,Ca2GeO4,False
17676,ZrAlCo2,False
50592,Li4CoOF5,False
16339,Na2AgAuBr6,True
53438,Fe6O5F7,False
38925,SmCrO4,False
3297,Na2B4H20O17,False
19648,TmPPt,False
112,HfTlCuS3,False
5592,BeSiHg,False
22731,KAlTe2,False
39096,Li2TiCrO4,False
50517,Mg2ScMo3S8,False
5375,Rb3Mn2Cl7,False
14055,USnAu2,False
34821,PrEr3,False
1903,Li3Mn5Cr2O12,False
23249,LuGaO3,False
597,Ag2W2O7,False
2245,BH10C2N5O3,False
735,Sm2Co7B3,False
50627,CdNO2,False
35943,CeTe,False
48293,Dy3MnAlS7,False
53529,TiAlN2,False
52990,GaTeCl,False
2885,Li3TiV2O6,False
16841,BaSr2N2,False
19532,MgH2C3O4,False
48948,RbNaCl,False
31763,PmGaAu2,False
15728,Rb2Sn2O3,False
34248,Al5Mo,False
10038,LiTiS2O2,False
34270,Tl3H,False
26891,TmLuPd2,False
4899,BaTl2Cl,True
49935,RbAsSe2,False
33118,LiTm2Ir,False
54392,PH4F,False
20863,Sc2Sb,False
22298,RuC,False
26431,UH2O4,False
28853,Ca2HgAu,False
17896,ZrC,False
8125,BeZnCo,False
12110,Mn6O5F7,False
54317,HeU3,False
16457,ErP2Pd2,False
24375,BaYAgSe3,False
45168,Mg3BH3O6,False
42572,KMnBr3,False
42255,NaO2,False
14243,TiCo2,False
35713,Ho3Tm,False
50522,NaBeGe,False
49111,NdP2,False
45515,TaO3,False
35128,BaSrSn,True
39722,Nd3In,False
35756,ErTi2Ga4,False
33665,ScGeRh2,False
1048,Ba4SiTe,False
46359,Bi2TeSe2,False
9140,Sr2BeCo2,False
51172,Ba2Te,False
432,KTmO2,False
22012,FeRh2S4,False
31198,PmMgRh2,False
36748,LiBeAu2,False
27646,BeFe2P,False
25143,MgCo2S5,False
11122,BeCdSi,False
4242,RbBO3,False
20901,PmTmTl2,False
38431,BaTiO3,False
1354,Sr5In3,True
52144,LiMn2B2O6,False
8658,BaAlGeF,False
4757,Ba4HfPt,False
11315,Na2TiBe2,False
41080,CeVO4,False
4822,Ba4SbRu,False
19754,LaTiAlPbO6,False
16507,NdSi2Pd2,False
25934,CaMn2O4,False
4887,CaTa2O6,False
30705,Li10Mn3F16,False
46097,YbNiO3,False
27897,AlP,False
22044,ScBiO3,False
48412,Rb3InI6O18,False
52047,Li4MnCo2O7,False
15905,MgIn,False
37338,SrDy3,False
47351,BaNdCo2O6,False
38382,LiNiSnO4,False
39645,Li4Cr3NiO8,False
37674,Li3V3CrO8,False
25257,TiZnBi2O6,False
14448,CeP3,False
53073,FeSnPt,False
41894,ErRh2,False
50905,Ba2NdCoCu2O7,False
17621,Hf2CoOs,False
30812,Sr2TlCd,True
54352,InSn7,False
29706,Sb2O5,False
20468,Er2Sn2O7,False
53048,TiAlFeO5,False
53515,LiZnO,False
13971,TaN,False
35518,Zr2O,False
52081,Li7Mn2Co3O12,False
21748,ThTaN3,False
25116,Rb2LiAsO4,False
34473,Sr2I2O,True
29247,BeB2,False
8221,ReAsW2,False
12396,Be2InTc,False
12776,LiZnPS4,False
53850,CaNO2,False
26261,Al2O3,False
21653,CeSiRu2C,False
18454,HCSNO2,False
37894,Te2W2SeS,False
40985,BaI2,True
7657,BeFeNi2,False
21871,NdAg2Ge2,False
4529,Ba2NbTl,False
52547,LiNbTe,False
17717,AgGe3,False
38093,Li3Ni3OF7,False
48563,Co2OF3,False
28919,MnZnO3,False
3723,BeSnRu4,False
33410,BaCaI4,False
2985,NaLi3Si6,False
38546,Li4FeCo3O8,False
47274,Be3Pd,False
53842,CaGaN,False
23549,InSe,False
51746,Ca3AsN,False
49459,InI2,False
10916,CaMn7O12,False
26860,Rb4CO4,False
14441,Bi2O3,False
50164,BaSr4,True
6700,ThZn2,False
36490,IClO3,False
7886,Ta2MnAs,False
44211,Li3GaGeO5,False
14365,BaCrO4,False
14151,Lu2O3,False
12044,BeTl2Rh,False
41743,LiErSe2,False
28395,Mg2CoSbO6,False
27554,Hf2Zn,False
21984,Pr3Y,False
2129,HfN,False
27664,LiCo2O4,False
47665,Pm3Ga,False
41015,HfCo2Sn,False
2421,UMo5O16,False
3890,FePd,False
23783,TaFeO4,False
21007,RbSmO2,False
2879,BaNa2Ga,True
43019,Pb2IOF,False
49108,MnAsO4,False
38771,NdPd,False
11257,Mn2B4Mo,False
42337,Y2ZnCu,False
21411,Y3Bi,False
25985,MnRh,False
28738,CrTcGe2,False
51415,CoSn3P4O16,False
51377,Rb12Sn2Sb6O,False
41639,WC,False
5190,Ba2NaSb,False
39992,Li4GeO4,False
30279,HoHfOs2,False
6291,YbSi2Pt2,False
13974,CeCd3,True
42022,UN,False
5754,BeInRh2,False
49387,Dy2Pt,False
32389,Pm2CdSi,False
20933,VCu3HgSe4,False
34316,Ga3Te,False
11225,BeZn2Ga,False
37078,Yb2Co2O5,False
37281,PbS,False
41468,MgVBiO5,False
33803,K2Rh2O5,False
40557,CdSO4,False
4289,NbS2,False
39529,NpAs,False
43602,GaGe,False
10667,SbPt,False
5433,BaTeBr,True
15554,UCu5,False
29351,MoW3Se8,False
34157,Rb3Co,False
46601,SiO2,False
53695,PbBr,False
39405,NaN3,False
46052,DyNiSn,False
46803,CaSnS3,False
41176,CeFeSi,False
50596,Na2InCuBr6,True
37037,CuSe,False
2633,PrCoSb2,False
16068,GeSb,False
44193,ErCuSi,False
27906,La2TlCd,False
43268,NpGa5Fe,False
47025,HgN,False
38819,SmCu,False
34416,Tl3PS4,False
9114,Zr2BeP,False
19704,LiMnF3,False
5641,Be2SbSe,False
33684,U2SnRu2,False
30499,SmAl8Cu4,False
22442,TbCo3B2,False
27899,CaH2O2,False
44889,RbTcO4,False
35309,YTlCd,False
28387,Sn5B2Rh6,False
41184,NiAg2O2,False
48362,BBr,False
51512,NaBiO,False
17795,H5C2NO,False
19291,LiNpRh2,False
30643,AlBO3,False
36700,CdPS3,False
26240,LiFeF4,False
15754,Dy5Sn11,False
4540,NaCeS2,False
52489,LiCo3O2F6,False
10615,BeGaPt2,False
11914,CaAu5,False
8873,BaCdAsF,True
36926,SrTlO3,False
22756,Li5BiS4,False
41730,RbZrCdF7,True
2257,BaMg2Fe,False
39982,HfAs2,False
18839,TbSbPd,False
8323,PrAgSb2,False
51177,CaBeTe,False
52312,HoFeO3,False
12533,Be2CoIr,False
27670,Ti2NbPt,False
39889,TaVO5,False
26141,ErPd2,False
9029,SiAsRh2,False
2838,Na2BeO2,False
31079,PmCdAg2,True
52214,CaAlN,False
34864,SmErTl2,False
53112,SnHF3,False
26180,Na4CO4,False
52475,CeLuO3,False
45126,Ca3MnZnO6,False
22008,LaCeC4,False
47193,Rb2CuRuF6,True
13434,Mg6CrCd,True
30250,CrN2,False
13057,Ca3AuN,False
817,H3NO4,False
31052,PaZnAu2,False
16976,Be4AlFe,False
18723,Ce2Si3,False
1495,Mg2GeB2Rh5,False
8258,MnOF,False
32440,Li2B4O7,False
42245,LiYPd2,False
30081,RbO3,False
22636,BaY2NiO5,False
36384,Hf2AlMo,False
46923,Te4Mo3S2,False
49442,InI2,False
29451,TeMoWSeS2,False
30142,MgF2,False
19717,Cd3Pd,False
6927,ZrBeGe,False
12564,Hf2SN2,False
2752,LiVGeO5,False
17215,AgSbS2,False
37287,SbPO2F6,False
52240,GeP2,False
15171,CdHCl3,False
31780,Er2NiRu,False
15378,Ca2Mg,False
22200,KHgSb,True
32417,Lu2ZnIr,False
23375,Tl2O,False
13673,Mg2Ni,False
35846,BaZrSe3,False
16567,V3NiO6,False
36059,ScGaCu2,False
13274,TaSe2,False
14158,BaCd2Ge2,True
27645,LiNiO2,False
24263,MoH4O5,False
3142,K2NiN4O12,False
19345,La3SnC,False
52202,SrZnF,False
22770,Cu3N,False
53431,IrO2,False
37603,YbSmPd2,False
20135,Er2ZnOs,False
29004,HfB6,False
1716,Ba4TiBi,False
45347,Ba3MgRu2O9,False
40680,Pd3PbC,False
23587,BaSn2,False
34217,RbAl,False
41750,Ba4BePd,False
52080,LiInF4,True
8238,BeNbRu2,False
20103,NaO,False
34469,Zn3B,False
7801,CeAl2Ge2,False
17949,H9C13SN,False
9829,Zr2TiBe,False
38968,LiGaSe2,False
35405,TbMn12,False
46925,Ho3Al2Ni6,False
6469,Be2InRu,False
47603,K2LiCoF6,True
12185,YbRbS2,False
25402,SrTa2Bi2O9,False
4285,YCrO4,False
22296,ZrUAl4,False
40904,Cr2As,False
15345,Eu2ZnGa,False
15936,LiFeF3,False
42801,B2W,False
13966,Ce5Mg,False
47841,Rb3AgS,True
28463,TlSb,False
1803,BaNdCo2O5,False
1057,Ba4NbCu,False
27995,MgTi2S4,False
21090,CePa3,False
48341,K2TiO2F4,False
25329,CrO2,False
23264,LaCrO3,False
38206,LiCo2O4,False
16768,LaCu2Ni3,False
35259,HoGeO3,False
18276,HC3S2NO,False
9997,Hf2BeGa,False
34606,FeHO2,False
5485,BaCdBr,False
9286,KBe2Bi,False
45138,LuGePt,False
21717,NaMnO2,False
15041,AlTlBr4,True
52360,ReHO,False
44149,RbNaSi2O5,False
51299,Ta3VSe6,False
20407,TiH6C4O4,False
14993,PrCoP,False
38310,Li4V3Fe5O16,False
28837,Rb2Te,True
42861,TmFe2B2,False
48014,Li2Mn2SnO6,False
40382,Cu3BiSe2IO8,False
52265,Nb5Si3P,False
44829,Tb2LiIr,False
25735,TiCl3,False
11826,Ba5Er2ZrAl2O13,False
49697,TiMnV4O12,False
50821,GeTe5Pb4,False
41567,Mg3P2O8,False
53546,Li2Sb,False
6352,SN,False
24778,Lu2CdS4,False
44378,La3AlO,False
47153,Bi3Pb,False
5149,KAuN12,False
53705,MoAsO4,False
46946,Te2Mo3WSe2S4,False
42670,YbBa3,False
2458,TcBr4,False
3788,TlFeO2,False
1090,Ba4ZnSe,False
52766,LiFe2Rh3O8,False
22441,ZnCl2,True
21475,Sm2MgCd,False
22668,Ni3Au,False
7439,TaBeSn,False
52509,NdCoO3,False
48548,Li2V3CoO8,False
45186,CdI2,False
7312,CuS2,False
7205,BeGa2Bi,False
30597,K7TaS6O24,False
28541,TiBe2Pd,False
28947,Li2CuPd,False
27548,SbS,False
3406,HoZnPd,False
15818,NdGe5,False
1861,FeTeS2N2Cl5,False
7321,HoCuSi,False
11525,KBe2Bi,False
44885,InSb2S4Br,False
13590,TbP,False
15983,In3Ga,True
41842,SmFe2,False
15246,Rb2LiNdCl6,True
46531,Li7BiO6,False
4825,Ba4CoSi,False
31726,KAcTe2,False
26067,LiNdO2,False
22304,KSiH3,False
7240,Si2H2O5,False
30904,YMoO3,False
28014,LuInNi2,False
647,Ba4SnSe,False
20133,KBiO2,False
8933,Li5FeO3F,False
48361,LaTa2CuBrO7,False
31134,SmFeB4,False
52160,TiFe2O4,False
41433,YAl,False
47103,Te5Mo4S3,False
33547,Ca2HgPb,True
24714,SbH4NCl6,False
36098,Mg2B2O5,False
15395,Li3ErBr6,False
27508,Yb2LiHg,True
28851,ZnMo2O4,False
37319,Sm2AgRh,False
49872,PdF2,False
4522,BaMnPb,False
25988,AlCo2O4,False
30473,AlPPt5,False
34593,MgPt3,False
21754,CaMg2As2,False
44613,LuTe,False
2516,TlZnAsO4,False
23180,Rb2CdCl4,True
2896,Na14Ni2O9,False
46508,Er5Mg24,True
52102,NaFe2O4,False
37611,NdPb6F15,False
6543,BaAsAu,False
25900,Ba2Mn3AlO8,False
12139,BaMn4O8,False
18680,TaWSe4,False
24661,Er2TeO2,False
4076,FeO,False
39411,Pb2CBr2O3,False
23702,ZnSb2Xe6F24,True
729,AlFe2,False
17924,TlSbS2,False
47916,SnRh3,False
37509,TlSbO3,False
2527,Li4Mn3SbO8,False
27164,ZrNiSn,False
40142,NaAlH4,False
18303,ErFe2Si2,False
27590,Tm2ZnGa,False
49211,TmAl6Cr6,False
17757,BaSr2I6,False
12941,Li2Co3WO8,False
36933,LiLuHg2,True
28647,Sr2Ti6N2O11,False
6001,FePO4,False
53129,Ge2P,False
26615,Ag3Pd,False
18106,MnCrP2,False
40803,Fe3SnC,False
43241,Sn3Sb,False
44616,Ho2MgTc,False
8262,Mg6NbSi,False
47172,La3Ti,False
5322,Ba4InW,False
20316,NpHgO3,False
52800,CoAgO3,False
20642,Pr3Ti,False
52314,Zn4InS6,False
52098,Na2BiBAsO7,False
12414,Na2BeGe2O6,False
51243,V3P2O8,False
32693,CaSnHg,True
35844,AlPt,False
44590,In3Pd2,False
15346,Rb2HgRuF6,True
4875,Lu5Te2Au2,False
29505,ZnCr2O4,False
51673,NaSe3,False
41327,HoCuPb,False
25247,Ca3P2O8,False
51960,SnPbO2,False
12292,U2Re2C3,False
4416,BaP2Pb,False
28078,Pm2NiRh,False
662,Mg7Fe,True
7744,SiGeAs,False
25570,RbFeF4,False
3182,BaScNi2,False
45198,YbBPd3,False
9320,VSi2As,False
14845,CaFe2As2,False
33720,Li2YTl,False
46371,Sc6N2O5,False
52608,Sb4Se3S3,False
40505,K3ZnPCO7,False
7481,RePbClO4,False
7666,YTcAs,False
42369,TmMnGe,False
27679,Ti2IrRh,False
9703,Sr3CaO4,False
13105,TeMoS,False
38517,Tm3TlC,False
1415,Ba4ZnCd,True
8190,BeSiW2,False
28164,Mg3Zn,False
41003,Ni2P,False
53006,RbInF,False
1921,Ba4MoCl,False
10563,Be2PtW,False
32234,HfNbP,False
28225,LiCaAu2,False
32838,NaErTl2,True
14539,DyHo3,False
23975,CoTePb2O6,False
17282,TaFe2,False
10929,UTe2,False
38464,Co2SiO4,False
11246,NaCu2H2Se2O10,False
26278,Lu2C3N6,False
9048,ZrAu3,False
29140,TeW2Se2S,False
23574,TlZn2Tc,False
14332,InSe,False
54474,P3O,False
44884,RbAuBr3,True
6749,CaBeMo,False
27309,TcN,False
38727,TeBr2,False
21067,YbGa,True
8970,Li2BeCo,False
38939,Ho2CdSe4,False
33912,Ho2OsRu,False
25782,UBi2O6,False
5702,ScB2Ir3,False
17435,PdSe2,False
20391,Sr3FeN3,False
31071,Sr3ZnRhO6,False
45968,HgF2,False
47273,Sr3Ca,False
48241,K2MgMo2H4O10,False
44273,Tl5BrCl4,True
26751,Sr2HgGe,False
25520,MnO2,False
16407,YNiGe,False
9919,Be2HgSb,False
22659,CaReBi,False
39007,DyAl8Cr4,False
18331,NiSe,False
14965,Na2SrAl4Si4O16,False
40474,MgSn2O4,False
5595,LiBH4,False
17662,YbSr3,False
35762,HoO,True
34812,LiZr2Tc,False
22832,SmEr3S6,False
31437,IrN2,False
25808,Pt2W,False
39296,CeAl4,False
21518,CaHgO2,False
41657,Ba4GaPd,False
49235,Li3Fe2Co2O8,False
34475,CrSe2,False
1438,NaMo3P3O16,False
23145,TbNbO4,False
29581,FeB,False
14936,TiBr4,False
10711,TiRh,False
7701,Be2CdP,False
34802,NbInNi,False
51433,LiV2OF5,False
47685,SrCeN2,False
22651,K2ReF6,False
46407,ErGe2Ru2,False
35293,ThSe,False
24362,Li4Mn3Sn5O16,False
40823,TbSiRh,False
6323,LiB6H10O2,False
17193,NdRhC2,False
21639,BiBCl,False
54406,Li2FeB2O6,False
25547,LiAlAs2O7,False
33180,LaMgCd2,True
43835,PmTmCu2,False
28427,MgSnO3,False
53323,Li2Ag,False
49710,V2O3F,False
26469,RbBrF4,True
44940,Sr3NiPtO6,False
44596,MnSnB2O6,False
25655,Li3CuS2,False
22953,Li2CdCl4,True
17540,Pb2SeS,False
21761,H5C7NO2,False
49728,CdH18C11O4,False
5499,Al2Si2H4O9,False
15726,Er2Pt2O7,False
50172,AgPt4,False
11703,KMg6Nb,True
51201,AgCl2,False
39708,Nd3TlC,False
29820,CaSb2O6,False
23107,HoHO2,False
28168,Hf2VTc,False
25544,Np3Se4,False
21821,YTi4Cu3O12,False
32596,Nb3Fe20B6,False
49217,Ti9O10,False
49545,Li2I,False
24568,VPO5,False
20505,ErPbAu,False
40937,ZrInNi2,False
15665,K2NaLaCl6,True
20848,LiO,False
12559,MgZn,False
52295,HIN2,False
6585,Li3FeB2O6,False
5992,BaVS3,False
33283,HfZnCu2,False
27900,PaAu3,False
54580,HfSe2,False
33597,Na3CrF6,True
14126,CoCl2,False
46348,TmGaRh2,False
52170,TaOF,False
40239,TeMoWS3,False
3033,Sc3FeC4,False
42939,Pr2Co7B3,False
11079,YbCo2,False
44492,Li2AcAl,False
45475,ZrGaAu,False
45239,Rb2Al2Sb2O7,False
35318,Ba2Si5N8,False
16171,LiSc2Ga,False
44560,CoAgO3,False
44106,SrCl2O2,False
5258,BaCd2Cl,True
41944,Ti3Au,False
47845,Ca3In2N4,False
17118,H10C18S3,False
9938,CuH4O2F2,False
50109,BaMn3O6,False
37614,Na4Ni3O7,False
1984,SCl2O2,False
16314,Pm3Ho,False
38396,SmNiB4,False
49573,SrLiP,False
10629,Er2Ga10Os3,False
43981,LaAg,False
44683,Rb2Bi2O5,False
7317,BAsO4,False
35613,PrMgTl2,True
35691,TmRh,False
7422,BeGeOs2,False
14915,PI2,False
36469,VPO4,False
15847,NaSbS2,False
5795,SrBeV2,False
17470,PaMn2Ga,False
31546,Nd2MgTl,False
7808,CaBeSb,False
3806,AlAgSe2,False
19479,TmAlNi4,False
4873,HfAu4,False
45329,Fe3PdN,False
46298,KMnPH2O5,False
27010,KAgO2,False
14134,HoIO,False
54029,LiS2,False
43688,CrHO2,False
7813,Li2CuBiO4,False
36636,Sc2H5,False
25495,NaN3,False
33766,Re2O7,False
25365,Li2TiSiO5,False
11152,Be2SiSe,False
42386,Ba4CuSb,False
38937,Ba2Pd2O5,False
1287,YBeCu4,False
31641,Te3MoWS,False
39364,MnAg4Sb2S6,False
53777,YCN,False
41104,UNi4Sn,False
35146,ScGa2,False
30959,Al2IrRh,False
19756,GaNi4Ge3,False
42015,LiMoIO6,False
41337,VOF3,False
47445,Sc6Te2Ru,False
5059,Ba4VCo,False
36494,Mg2ZnGa,True
40138,InFe2CuSe4,False
35702,CoCu2SnS4,False
26044,KSi,False
46295,W2SeS3,False
35092,TiOs3,False
331,FeAu3,False
28244,Ti2OsRh,False
35776,Ba3N,False
25419,Sr4PtO6,False
2684,In2Se3,False
13320,ZrFe2Si2,False
31636,SrIn4Ir,False
2764,BaCa2Ir,False
17249,CdH10C7O4,False
50973,AlGaNi6,False
22449,PuSi,False
10175,KMg6Cr,False
11099,ScBe2Cd,False
51919,MgZnO3,False
28525,KCaF3,False
53297,AsIr,False
11308,Mg6BMo,False
2843,BeCd4Se,True
45681,ErVB4,False
52598,BaBrCl2,False
40570,BaH4O6,False
39656,Na3FeO3,False
37810,NbCr3,False
45430,NbTeCl9,False
4259,Ba4LaNb,False
15220,In2Ni3Se2,False
18883,CaHoCd2,True
12280,NdO2,False
28285,LiZnCd2,False
19875,Rb2InAuF6,True
32329,Mo2C,False
31867,SrLiGe2,False
13734,MgZn2,False
46279,VSi2O6,False
9067,NiCl2,False
2926,BaHfNi2,False
50578,Ta2Ti2NbC5,False
42019,RbVI2O8,False
21310,AcSnPd2,False
23334,Rb2IrF6,False
12995,BeBi4Sb,False
36394,CdCN2,False
31171,CdC,False
49067,TiH18C10O4,False
38412,KAlSiO4,False
12242,Mg2BeNb,False
9564,YBe2Se,False
843,CeCuSe2,False
54128,ScAg3,False
4358,KBaMg2,False
9840,Fe13Ge3,False
9415,BeTl2Pb,False
8690,U6Mn,False
35143,BaNaHg2,True
52135,NaMoF,False
50583,LiCaN,False
18849,MoPd2Rh,False
36766,TbYRh2,False
30680,CrFe3,False
4737,AgO,False
16232,SmHO2,False
16016,TbBaO3,False
28991,LiCuAu2,False
12725,Be2ReRu,False
48559,BaCl,False
1218,Pr2TeO2,False
45901,GaAuO2,False
41109,Na2CrO4,False
43024,Rb2CuSbBr6,True
1588,Ba4HfFe,False
37887,NbCr3,False
6634,LaTa2Be,False
18161,LiO8,False
31627,TaFeP,False
20461,Mn2CdTe3,False
4934,CeZr7O16,False
33644,PrCdAu2,False
16473,MgFeGe,False
74,LaAlH6,False
6699,EuMg2Sb2,False
7266,CdCO3,False
51678,Li2VO2F,False
33663,RbAcTe2,False
5136,Ba2GaBi,True
37293,CeS,False
7658,Li4Ti5Fe3O16,False
53279,H2Cl,False
50121,Ba2ZrO3,False
31794,Pr2CdPd2,False
4339,K2Hg3Ge2S8,False
53663,MgN,False
48368,B3Br,False
30305,TeH2O4,False
9535,UCoC2,False
17840,LiNbS2,False
32934,KCu4AsS4,False
44557,Cd2GaAgSe4,False
27090,SiO2,False
5589,BeTcW,False
47707,CaSmIn2,True
51839,NaCrO2,False
14913,VCl2,False
15898,TaNb,False
29579,Mg2CrN2,False
13810,BaCu2As2,False
51196,Li3FeCo4O8,False
23648,SrP3,False
25032,Yb2S3,False
30294,SnSe,False
52420,SrHSe2,False
49829,Ga2Os,False
26001,SrU,False
5373,Ba4CuRe,False
12460,BeGaBr2,False
28383,Ti2AlNi,False
24934,CrInCo2,False
19744,HoFe5,False
27375,MgSi,False
27544,V2ReTc,False
12787,CaMn2P2,False
19312,RbTlO,True
29898,NaSrHg2,True
22301,TbSi2Ni2,False
1529,Y2AlNi2,False
47679,SrPPt,False
6463,Na4IrO4,False
36849,CdC2N2,False
26070,TbPd2,False
38228,LiV5O7F,False
24663,TaRu3C,False
18339,Li2TlHg,False
3953,Ba2MgGa,True
35925,Mn3Sb,False
42605,RbAlAs2O7,False
23370,Rb4Br2O,False
49434,ZnH16C10O4,False
30863,MoWSeS3,False
18110,NaCo3O6,False
13812,Mg5Zn,False
7835,Ce2O3,False
47649,DyClO,False
8760,HCN,False
26324,LiHF2,False
14033,Zr2CrCo3,False
4818,BaBiW,False
47174,NdTl2InTe4,False
44813,ZrTe,False
36751,Hf3Pt,False
35793,Li3Tc,False
4844,BaSnSe,False
29771,AlSn2O4,False
29776,CoSi2O6,False
51511,Ca2AlCoO5,False
1255,IBr,False
27406,Li2Ti3O6,False
30925,PaInPt2,False
27735,YTaO4,False
12455,SrZrBe,False
11875,Na2CuH4O4,False
35548,YMg2Sc,False
42577,Zn3Ge3Sb2O12,False
20215,H2C3O3,False
40621,ZrFeF6,False
36441,Mo2WSe2S4,False
2795,Sc4BeZn,False
37277,CeDy3,False
45505,MgCl2,False
2243,AlCu,False
5686,BaLiCr,False
15489,NaSnP,False
28778,ZrN,False
8931,RbLiMg6,True
22212,BaAg5,True
19981,CaZn2Sb2,True
23357,Ca3BiN,False
44478,Sr2ErUO6,False
16839,Rb2NaErCl6,True
34846,LiYAu2,False
4747,Ba4FeSe,False
48136,WOF2,False
44396,PmTmZn2,True
1408,BaCaCl,True
2530,Sc2NCl2,False
32953,AlCrRu2,False
36031,Ti3N2O3,False
11379,SrFe3P4O14,False
33272,SnP2S6,False
27845,VGeRu2,False
12934,YbMn2Si2,False
3303,Ba4Zr3S10,False
3289,BaLiBi2,False
854,CdSO3,False
14164,Fe4C,False
23896,KCeS2,False
15460,AuF3,True
43554,CaPAu,False
8960,HfBeSe2,False
40793,SrZrS3,False
1131,PrClO2,False
22570,TiTl4Se4,False
31218,K2Hg3Ge2S8,False
50880,Na2CuBiBr6,True
47159,K2ScInI6,True
28237,LiCd2Hg,True
1485,Ba2SiO4,False
22824,S5N6,False
31051,Ti2Rh,False
40356,PbS,False
53780,LiV2F7,False
17182,Rb2YCuF6,True
21437,Pb2O3,False
14124,Ta2Se,False
51880,NbIO,False
1718,BeHg4Ru,False
18271,CdH4C4O4,False
2097,Li2Co3TeO8,False
8142,NdCo2B2,False
29433,Li2PtF6,False
40047,NdNbO4,False
16436,Fe3Ge2,False
10206,LuSi2Rh2,False
10809,YSiNi,False
38955,Mg10FeO11,False
20027,MnNi2Sb,False
29673,NaLaAu2,False
29194,Li2FeF6,False
6375,MnV2O4,False
13842,HoSi2Pt2,False
1897,AlCuH28S2ClO22,False
20829,HfH6C5O4,False
2090,BeNbBi4,False
31180,Er2MgAl,False
12890,VFeSb,False
32994,ThCdRh2,False
38840,MnTePd,False
5029,NaBeTl,False
12256,CeMg6Mo,False
27918,MgIrO3,False
19667,MoIr4,False
1437,Mg7Bi,True
25725,Ga4SiO8,False
30070,YMoO3,False
11705,ScBePt4,False
28042,Pm2NiIr,False
22148,Nd2GaCo2,False
43191,LiMgN,False
7887,MgBeSi2,False
27405,SN,False
16416,ScAg4,False
29563,Er2Ru2O7,False
31965,PaP2,False
34558,LuAl3C3,False
31362,UAs,False
11899,LiBeGa,False
50513,YbTmS2,False
7468,BeCuW2,False
15325,LaGe3Ru,False
48166,TlZnF,False
52074,Na2MnO3,False
1394,MgBe2Se,False
16698,YbAc3,False
21186,ThCo5,False
27648,YAgS2,False
18534,Cr2OF2,False
17842,TmBi3,False
36912,YbSm3,False
31089,YCu2S2,False
49499,La2Se,False
38626,TmAu2,False
7355,Be2GaCu,False
23849,Te2MoW3Se2S4,False
35834,SmHoIn2,False
41386,VAgHgO4,False
32127,KHF2,True
27860,TiO2,False
22825,AgNO2,False
19438,CrCuO2,False
52543,Li2CrP2O7,False
4077,CaPbF6,True
4479,EuGe3,False
47655,Sr3NbO6,False
47388,Na10SrSn12,True
7906,Lu2Si2O7,False
7467,Li4MnO2F3,False
37244,Te3W2Se,False
52755,Ba2NdTlCu2O7,False
27220,YbTmHg2,True
17537,Br2Cl3,False
34582,Nd2O5,False
43247,La2SbI2,False
32314,VCo2Ge,False
45035,NaNiO2,False
32922,Mg3Sc,False
5883,Eu2O3,False
16272,BiSbPd2,False
28392,Li2RhAu,False
18735,Al3Pd,False
30514,Rb3PS4,False
35157,LiThAu2,False
27168,TlBr,False
50919,HoLuAl2,False
33576,SmTmTl2,False
40500,SbRhO4,False
30849,PrAlSi2,False
21193,NaCaSb,True
41916,NaBi2AuO5,False
33254,Fe3C,False
45465,NdSmIr2,False
43461,CaSnS3,False
16078,TlCu4S3,False
43861,KRb2GaBr6,True
30413,Sr2H3I,False
24693,Co2P2O7,False
29986,VZn2SbO6,False
18067,CsCu3O2,False
24305,V2Pb3O8,False
48783,TiH20C11O4,False
47483,BaPtO3,False
6106,BeReHg,False
5677,BaSr2Mg,False
48070,LiMnF4,False
2364,Hg2CN2Cl2,False
51650,NaNi2O3,False
9562,YTh,False
39784,PrCr2Si2C,False
1511,FeO,False
33019,Li2PdPb,False
10597,FeCu2GeS4,False
47830,TiCrAgS4,False
39627,DyMg2,False
40604,Rb3Ru,False
12038,DyCu2,False
38279,Li5WNO4,False
49943,La2TiCuO6,False
48814,HfSnC,False
42129,VInO4,False
41020,YMn2Ge2,False
27040,CaTi2F10,False
48568,BaGeH,False
46159,Ba2CoSe2Cl2O6,False
19270,H5C3SN,False
21618,CaNd2Te4,False
27339,YCdAu2,False
49428,ZnH16C10O4,False
2983,SiO2,False
46158,Lu3Ni7B2,False
41183,H8PtN2Cl6,False
29160,WCl3,False
54591,Ca2Mg,False
4173,Tb2InGe2,False
29874,K2SnBr6,False
52896,BaLa2Cl8,False
24933,YSnPd2,False
18158,La2AsI2,False
46745,MgI2O6,False
52349,RbHO,False
28272,LiMgHg2,True
15205,Cu3Ge,False
42209,KDyI3,True
15870,Tc3Rh,False
7854,BeRe2Mo,False
29283,SiO2,False
1582,UCuP2,False
5454,CaB2H8,False
48839,Li2MnCoO4,False
31526,AcHgAu2,True
27311,NiS,False
11675,K2BeRu,False
16424,Na2CuBiF6,True
21394,MnAlFeCo,False
37474,MnCo2O6,False
4500,ErAsPt,False
20872,V2ZnO6,False
2087,H2SeNO4,False
31179,Ti2NiSe4,False
16120,Dy2Fe3Ni,False
12351,KCaBi,True
45340,Si3W5,False
9143,Be2PPb,False
29960,SnO2,False
45237,MnF3,False
39073,Ba3V2O8,False
37799,LuMgHg2,True
49345,LiFeSiO4,False
30177,Cr3N4,False
53932,Ge2Br,False
20091,H3C2NO2,False
10413,Be2HgCl,False
2386,Na3GaP2H2O9,False
36692,CaPuRh2,False
51619,SrTiN,False
51584,IBr2,False
47523,Ba2PrTaO6,False
8295,Sr2BeGe,False
1449,KBiP2Se6,False
44960,DyCuAs2,False
37231,NdGe3,False
11512,ScBeTl,False
9802,PrSi2Os2,False
49199,Ge2Cl,False
16849,Rb2LiPrCl6,True
19732,K2RbAlCl6,True
20165,As2Se3,False
36644,AgPb4ClO4,False
28868,ScAgO2,False
35420,MnCu3,False
28354,Y2ZnAg,False
42026,Sr3CdIrO6,False
40870,NaHgPO4,False
49967,MgPdAu,False
24122,GeBi2O5,False
17729,NaScTl2F6,True
4156,BaSb2,False
38057,Li7Cr5O12,False
50285,Li2Co3BiO8,False
30001,CaHfO3,False
8918,KN3,False
42504,CuAs2,False
31735,ZrAlAu2,False
40886,LuNi2,False
14065,NbNi2,False
14017,PrBr3,True
25043,Ag3SI,False
39279,Li3Mn4VO8,False
17523,H7C8SN,False
52975,Yb2Mn12P7,False
7917,MgBe2Te,False
29191,Al2PdPt,False
22811,ZnTe,False
17674,SmHo3,False
2917,ThGaRh,False
6341,LiTi2Be,False
42925,AuSeClO3,False
18588,KRb2IrF6,True
43836,Li2ZnPb,True
33391,Ge3N2,False
27139,NaAlO2,False
34617,MoW3Se2S6,False
8053,LaMg2Ni9,False
36016,Lu2ZnCu,False
32399,SmTlO2,False
5339,BaWBr,False
37735,Li3TiV3O8,False
36058,Ti2AlV,False
38587,Cr2O3,False
42808,NaNi2O3,False
24125,SmAsO4,False
7594,BePW,False
39564,YMg2,False
23082,NaO3,False
31065,TbBa2ReO6,False
28646,CaMn4Al8,False
30649,Sn4SF6,False
29789,Tl4CuTe3,True
17857,RbMgF3,True
30803,MgCuO2,False
51302,TiNb3Se6,False
40028,RbAgO,False
31231,ScAg2,False
17317,ErLuRh2,False
31963,H4CN2O,False
37900,NiBiO3,False
21444,CaZn,False
35852,UIr3,False
39367,TiAu,False
29705,LiCu2PO4,False
53495,LiBeTe,False
3379,BaGeP2,False
23413,NdMnPO,False
16765,LaMnFeGe2,False
40857,InNi3,False
10288,CeMg5,False
29846,MgVO2,False
49328,MgPH2,False
52267,LaMnO3,False
18731,YbF3,False
20208,CeZnAgAs2,False
24265,VO2,False
35945,ErV2Ga4,False
22925,MoF5,False
19125,K2TeSe3,False
45797,V3CrO8,False
27797,HfMgO3,False
13749,LiSc2Pd,False
21859,ZnBi3,False
30410,LiCaMgSiN3,False
46035,HPbI3,False
32444,ThTeAs,False
51578,BBrN2,False
47081,Yb2AlGe3,False
17688,Li2CoNiO4,False
17601,DySi2,False
28159,HoCu2S2,False
15071,Al2ZnS4,False
9807,Be2RhCl,False
6461,BeCrCd,False
41132,CeSn3,False
54071,N2F,False
29670,AlHO2,False
11747,Sr2AsAu,False
30987,Ca6Ge2O,False
48487,BaBiCl2,False
31769,Er2Mg3Ru,False
50842,AgSnTe2,False
4603,TbGa2Ni,False
16083,PmNd3,False
33022,Yb2AgGe,True
49952,MgAuO3,False
35217,AcCdAg2,True
43577,Zr4CuNi,False
30921,Te4MoW3Se2S2,False
5261,K2BaMn,False
31053,Rb2NaYF6,True
19529,ThInRh2,False
46703,MnSiIr,False
16391,Pm2AlGa,False
8727,Be2WCl,False
5427,LuNi4Sn,False
26389,Rb3CuO2,False
27117,PdSO4,False
44261,In3Ag,True
32246,Te4MoW3Se4,False
52762,Al2Co3GeO8,False
51923,Li2V2SnO6,False
1176,Ba4BeGe,False
40564,CuTe,False
6143,Be2ReHg,False
24673,BaAg2GeSe4,False
53175,Li2HN,False
26160,Ca3Mg,False
46090,Ba2YTi2TlO7,False
43637,Ca2B2O5,False
40140,UNiAs2,False
27739,Ba2Zn2ClF7,True
4024,AlAgTe2,False
28277,PbSe,False
14181,LiPr2Rh,False
53450,VSO4,False
1986,Dy2CuGe6,False
48393,Y2WO6,False
356,PrTiO3,False
48253,AsSF,False
21969,Ca3GeO,False
12795,FeBiO3,False
11942,LiCo3O6,False
45046,LiGa5O8,False
20553,SrSmAlO4,False
50858,SrTeO,False
21682,ZrUS2,False
28176,LuZrRu2,False
27940,Ba2S3,False
8168,NaBeTl2,False
13461,Te6Mo3WS2,False
16242,EuH2,False
26361,LiBiF4,True
54209,BaMgP,False
18391,LiY2Tl,False
48665,SiPbO2,False
34715,Mn3S,False
24668,Na6MnSe4,False
15552,MgCu3NiSe4,False
21303,Y2SeO2,False
12100,ZrBe2In,False
2566,MnOF,False
36830,TeMoS,False
33565,PmCu3,False
17040,NpC,False
38295,Li2Ni2SbO6,False
8338,Be2TcRu,False
8503,BeCrTe2,False
47268,DyPaO4,False
24020,AgI,False
29683,LiFeF4,False
34323,Rb3Ba,True
36408,YbCd2Sb2,True
14679,CaCd2Au4,True
54068,Mn2BrO3,False
3107,KCuTe,True
39513,TiSb,False
42371,Li2SnF6,True
15901,Lu2SnAu2,False
45810,Ni3Te,False
20014,AgO,False
18448,AlCuO3,False
35036,LiMg2,False
36625,PaBO3,False
23171,K3P,True
38880,NaSi,False
46958,Na3Mg,False
7089,HfCo3B2,False
14447,NdSi3Ru,False
45755,NaAg3O2,False
6151,BeSnPb,False
7757,ReSnAs,False
9060,MnBeV2,False
49854,PbS,False
7544,BeCoPt2,False
34518,WSeS,False
39124,TiAu,False
53169,Nd2Co17N2,False
37772,Li3Co2O2F3,False
45262,Ge2Pt,False
42174,AcVO3,False
43866,BaLaMnInO6,False
52403,LiCuRu2Rh2O8,False
53856,Ba2Se,False
8902,Co3O2F4,False
9429,Er2WO6,False
1367,K2MnSnSe4,False
494,FeS,False
46087,TeMoWSe2S,False
18804,Sn3Te,False
51244,Zr4S3N2,False
35079,ZrInAu,False
42612,LiMn2P2O8,False
53207,KMg3AlSi3O11F,False
35692,NaInAg2,True
40052,TiZn3,True
2000,SO3,False
22223,NbBi3O7,False
13062,NdBr3,True
7158,ZrBeZn,False
4537,LiVCrO4,False
18585,BaIn2Te4,False
10224,BeFeP2,False
47515,Rb2NaCeF6,True
50430,Na3B2PO5F4,False
22332,ThAu3,False
14189,Nb2ZnO6,False
46414,MgO2,False
53860,CaVO,False
750,Ba4SrRu,False
23368,BaAlCuBiO5,False
14013,ErPaO4,False
10698,Be2FeNi,False
54081,Rb8SbO3,False
6827,Be2CrSb,False
3141,BaRh2Br,False
53815,SiC,False
20893,TiVO3,False
26941,CeMg3,False
8513,ZrSiAs,False
49603,HfH8C6O4,False
2351,MgGa3,False
25391,HoH2ClO2,False
27489,CuSe,False
39609,LiFe2F5,False
33818,TeMoWSe2S,False
53152,SbTeRh,False
44724,Nb3Se4,False
43864,ErBi2BrO4,False
27252,LuCd2,False
47941,Nd2Ge3Pt,False
7366,BeRe2Ir,False
21242,BiTeCl,False
5522,Be2NbZn,False
37410,Si2OsRu,False
41692,MnSbPd2,False
5849,Li3AlB2O6,False
52508,TiI3,False
8199,LiTiBe2,False
50618,CaZrS3,False
48115,TiOs2,False
1344,B5Mo2,False
37017,Na3LiP2O7,False
34909,Y2Si4Mo3,False
48989,ZnH4C4O4,False
12410,K2MgH4,False
39562,Li4TiCrO6,False
34365,V2AsC,False
3279,CaAs2O6,False
37949,SiH10O4F6,False
45253,Cu3Pt,False
41265,Na2NiO2,False
18687,TlNi2Se2,False
11111,Li2CoOF3,False
20892,K2AgMoBr6,False
51043,ZnBO,False
15516,LiMnF3,False
28850,Ca2TlHg,False
21547,CeMn2Si2,False
18425,HgBr3,False
53832,BaHfTe,False
44987,Sc3In,False
32461,CdBiSe2I,False
7144,BeHgSe,False
13233,HfBe2Ru,False
48227,LiHO,False
1478,Ce6B2C3Br3,False
5501,Ba4CdFe,False
31197,CaNi4O6,False
40938,ScInPt2,False
1294,Ba4CaCo,False
29347,Li2CrNiP2O8,False
45701,ThIn2Br6,False
9824,MgCd5,True
28710,NiHO2,False
12720,SrMoO3,False
20473,K2CuP,False
41611,CoH3C6N6,False
39897,YbGa2,True
47275,SrF3,False
45652,KNa2AuO2,False
47617,DyLuIr2,False
24560,UCrC2,False
15604,U3Al3CoRu2,False
38209,Li3FeCo3O8,False
51759,ZrNCl,False
34683,Hf5Sc,False
23718,IrPbBr,False
19658,La2MgSi2,False
39218,PrSmO2,False
44244,LaCBr,False
39461,Ag3Sb,False
44125,FeIr3,False
5333,K3AsS3,False
40455,YbRh2,False
13980,LiFeOF,False
42491,Al4C3,False
36321,MoSeCl7O,False
6766,KZnAs,False
42684,K2NaScF6,True
50575,Ti4WC5,False
43488,CdSeO3,False
39269,ZnH4Cl2O6,False
2313,GaCo,False
33931,Fe3B,False
25301,Na2DyMoPO8,False
25897,Be2IrRh,False
45631,Cd2Sb2O7,False
53043,TcO2F,False
6950,Li2Ti3NiO8,False
51407,Li3YNi2O6,False
36348,TmClO,False
48754,SnH12C7O4,False
20328,SrNbO3,False
16797,Rb2YHgI6,True
24899,V2OF5,False
47592,TiCuO3,False
37514,KCaBr3,True
12827,Fe7S8,False
37911,CaTcN3,False
53322,SmMg2Cr3S8,False
21515,Nb6AlSb,False
51648,PBr,False
15344,LaAl2Ag3,False
41849,CrBrO,False
28905,Li2MgGa,False
21774,YTe3,False
8468,Be2ReGe,False
53167,ScOF,False
38569,LiCdBO3,False
16184,LaMnAlNi3,False
22083,Ce3AlO,False
39046,CrHgO4,False
43370,LiCr2S4,False
46425,NaMgF3,True
44968,NaSr3BiO6,False
39382,Sr3Cr,False
9767,Nd2W3O12,False
38494,CdI2,False
39579,Li6CuF8,False
50811,MnTlOF4,False
43439,Mg3Pb,False
48793,Fe2CuRh3S8,False
5121,UTeAs,False
48898,ZnH8C6O4,False
21963,Si2CN4,False
13957,Zr3Ta,False
52857,YCBr2,False
26417,PPbW,False
33356,YbHgPd2,False
12506,Mg6MoC,False
25996,BiBr3,True
53153,YMnF,False
50058,Co6O5F7,False
4190,Ba4CdTc,False
12517,Cr3SbP4O16,False
49431,Ga2FeN3,False
25321,SrZrO3,False
41419,CdCu2SnSe4,False
9735,YBe2Fe,False
34731,NiTe,False
13625,Na2LiYBr6,False
3596,BeNbIn4,False
28266,Sr2ZnGe,False
591,Ba4GaGe,False
38072,SeBr2,False
13574,SmSnAu,False
48291,LiVC2O6,False
32236,Pm2IrPt,False
47604,Na3Sn,False
3341,NdCu2Ge2,False
29545,ScAu2,False
16705,K2EuAuCl6,True
49721,VPbO3,False
19408,Nd2MgSi2,False
46062,ZrCr2,False
53091,NdAl10Ru2,False
2387,Na3ThP3O11,False
7924,LiBe2Cl,False
41246,CaMn2F10,False
29880,CaSn2O5,False
30440,CuRh2Se4,False
7610,Na2BeH4,False
44158,LiCoS2,False
37353,BaNd,False
36060,PaAs2,False
10817,BeZnRe,False
45380,HoFe2,False
44659,Ce3SbAs2,False
38915,Ba4LiCuC2O10,False
41147,HoZn2,False
33285,HoSiIr,False
8953,Be2VIn,False
31738,PaCdPt2,False
35516,Rb3Tm,False
53088,VOF,False
21441,MnGaPd2,False
35312,VIr,False
26911,Rb2NaNiF6,True
39274,MoWO6,False
3353,BaZnTe2,False
741,FeH3,False
17902,PmSe2,False
52644,BaIF,False
54205,ZrI,False
32281,CdAu3,False
18894,ErTmRu2,False
49627,Fe2O3F,False
6045,La2Zr2O7,False
16821,LiCe2Al,False
29485,BaMgCr4O8,False
1723,SrMg6Nb,True
44920,AlNi2O4,False
48889,RbAgTe,False
4098,Pr2Ni2I,False
43865,Ga2FeCo,False
25152,DyCuSb2,False
21020,NaHg3,True
50247,Ni2ClO3,False
34244,TiTc2W,False
10394,Be2CuGe,False
1254,Li2Co3SnO8,False
52789,MgVGaS4,False
14596,Ca3Nd,False
24605,K2P3,False
44001,HfCrAgS4,False
17483,BaCuSeF,True
54573,Dy8Ga3Co,False
29888,Na2VO3,False
48925,Cd2Te,False
49105,PrVSb3,False
22011,AlH16C10ClO4,False
29516,BaSiC,False
38692,Yb2PdAu,True
43855,Na2GaHgCl6,True
33520,DyZnPO,False
14074,CeGe2Au2,False
13657,BeVRu,False
44076,CeRu3C,False
8204,Ho2Ni2Pb,False
27404,RbS,False
2061,VAu4,False
46580,UGa5Ir,False
23581,MgNi2N2,False
52535,B2H,False
27282,YbLuTl2,True
21178,HoNi2P2,False
47207,KRb2LaCl6,True
5384,Ba2NiF6,False
1480,HfAsRu,False
8560,SrCaBe,False
8678,Li5Nb2V3O10,False
5526,LiMn2B2O6,False
47728,Ho2AlCd,False
17208,BaSb2Pd2,False
6616,FeOF,False
20646,ErPt2,False
3153,WS2,False
8898,Mg2BeHg,True
24635,LuAl3,False
25342,FeO,False
12385,K2SnHgTe4,False
36010,BeF2,False
20210,Pm2CuNi,False
1539,LiVGeO5,False
27048,ZnCr3,False
47753,NbW6Se14,False
27118,Re3Pb,False
44088,ScBiO3,False
16786,HCF,False
50971,La2CeS4,False
21470,FeOF,False
24915,ZnFe2O4,False
16095,RbI,True
38654,HfZnIr2,False
14478,TbRh2Pb,False
8684,K2BiAu,True
8443,NaCrAs,False
35660,AcCd3,True
45862,Pr2In,False
28857,CaBe2P2,False
21600,TiCrAg,False
3243,ReO3,False
34052,LuAlB4,False
43375,Rb2AgCl3,True
45395,MgCd2,False
11279,Li2MgGe,False
4585,Li4Fe3O2F6,False
24890,Ag2PdO2,False
4303,Sr2CuAg2S2O2,False
44325,Sc2CuNi,False
12761,Be2TlPt,False
51208,Li4CoSn3P4O16,False
44645,MnZnN2,False
26842,Hf2ReTc,False
51635,BaZnF,True
29658,U2InPd2,False
47068,Zn3Si3Sb2O12,False
49448,Zr2CuH5,False
23913,Li7MnO3F3,False
53498,LiBeTe,False
3843,DyB6,False
41926,FePH6NO5,False
17385,Cu3As,False
44548,Na3AuBr6,True
33714,TiMn2V,False
19266,RbAuO2,False
45552,MnS2,False
16035,Nb3CuO8,False
24846,UNi5,False
53095,AlAsO4,False
41739,TeO3,False
48172,Cr5Se8,False
12349,BeZnSe2,False
32032,Te2Mo3Se4,False
45966,Li3Pt,False
43314,Li2GaAg,False
4359,K2BaV,False
25104,MnO2,False
36306,ZnBi4O8,False
18751,AlAu4,False
38516,Sr2BN2F,False
11145,BeZnFe,False
20691,Ba2ZnIn,True
48400,BCF,False
23909,BaGa4S7,False
13938,NaPH4O5,False
1537,YAlO3,False
43849,HoTmRh2,False
17872,Sn3BiTe4,False
20957,K2AgAs,True
10708,BeBiOs,False
46795,Y2C3,False
26599,Mn2Sb,False
2715,Li2NbFe3O8,False
53327,LiAg2,False
15857,NaNpCO5,False
50529,BeInSe,False
29418,CaGaSnH,False
42718,DyMnAl,False
26333,CeBiPd,False
43209,SiP,False
753,Mn3O2F4,False
40436,Li2FeCuP2O8,False
14036,Ho5Rh3,False
51448,Mn3O5F,False
9069,KSbF6,True
7794,BeInRu2,False
30986,TbGeAu,False
29281,Al2NiO4,False
25189,CaInBr3,True
51886,InSbS,False
46779,Tb4InRh,False
43317,NaLi2GaF6,True
32697,MgSc2Ru,False
334,CoF2,False
49278,Nb2Co3Ge,False
31552,NdBrO2,False
20481,Li2Co3NiO8,False
32768,InPd2Au,False
32987,SiO2,False
16824,Li2FeS2,False
12197,Mg6NbCr,False
13662,K2MnBe,False
14974,Na7AlH2C4O12F4,False
45045,Li3FeN2,False
24781,Li2FeBr4,False
34918,BaNdCuBO5,False
44195,TiAl,False
26329,LiCa2Sn,False
21536,Rb3BS3,False
4372,Ti6Al16Pd7,False
31659,Pm2AgRu,False
29310,Ca3BiAs,False
17275,Rb2CuPdF6,True
47833,KSi4Pd4,False
54286,Sn7B,False
22380,LaReB,False
41622,CeZn3Pd2,False
39235,Sc2IrPt,False
37174,Nb3AlC2,False
45354,TiNb3O6,False
23272,LiZnFe10O16,False
13023,Be2PtBr,False
8948,Li2EuGeS4,False
51058,YbTmZn2,True
2961,HgPtO2,False
52345,MnAsO4,False
22882,Li2AlAg,False
38025,MgBi2O4,False
48929,CdTe2,False
46318,Mo3WSe8,False
8794,ZrBe2Pd,False
8821,Ga2CoAs,False
33166,YbPaPt2,False
19271,CdH8C6O4,False
13481,NaCl7,False
30888,V2CrTe4,False
36188,VN,False
3432,NaCO2,False
25941,LiRhO2,False
40274,TiNiP2O8,False
5489,BaGe4Bi,False
6841,CaBeCd,False
24794,K2VCuSe4,False
28784,Y2MgGa,False
10942,YMgBe2,False
752,PbS,False
14344,UGa5Ru,False
9900,BeV2Pd2,False
1675,Li2PbAu,False
21429,ZrNi3,False
47402,ZrCuF6,False
27261,NaMg3,False
49741,YPbO3,False
16118,Ti2Si6Mo,False
48686,ZnSiO2,False
15252,AlGaIr2,False
47421,ZnO2F2,False
46267,NdTl,False
20576,VPd3,False
30089,PrSnPd,False
38953,LiCo2NiO6,False
51739,SiCN2,False
38303,VH2O2,False
42972,Ho2CuPd,False
11133,K4YBe,False
19495,HfP,False
41232,LiUO3,False
11161,HfBeSi2,False
49155,Mg2BO4,False
4125,BaNaY,False
6599,USnPt2,False
12425,YbPb,True
8000,GaFe3,False
17289,Ta2FeS4,False
37500,TaI4,False
32845,PmZn2Ag,True
9213,RbAuSe2O8,False
1616,BeNi4Rh,False
10591,VSe,False
8865,NaMgBe2,False
29548,BaC2S2N2,False
49876,AsPt,False
45087,InSb2S4Cl,False
52674,BaPdS,False
16303,Ti2RuRh,False
12893,Mg6NiBi,True
12862,Cr3NiP4O16,False
47092,ThInAu2,False
4413,BaSrMo,False
7678,AsPtCl,False
39932,LiHS,False
48364,LaN3,False
11720,TlFeC3NO4,False
2526,LiMnSbO4,False
13154,BaMg6Sb,True
27847,YSbRh2,False
8660,TiAsW2,False
46659,HfSb2,False
9547,AsPd2Pt,False
14277,MgAl2Cu,False
20819,BaBe2Te,False
23421,Ho6CoBi2,False
32524,Np3Tl,False
15869,LiSm2Ga,False
5964,BeSnGe,False
29217,Tm2NiAs2,False
22260,TbCo2Ge2,False
814,H2O,False
13459,HgSeO3,False
17935,HfH8C6O4,False
53960,Co5BiO12,False
41829,NaVGe2O6,False
23523,Zn3As2H16O16,False
23820,BaYCl5,False
10953,LiBeW,False
43563,FeNiN,False
46254,TbNi4P2,False
330,CrCuO2,False
42562,Tb2PdRh,False
52504,BaBSe2,False
7218,PrBRh3,False
25413,LiBO2,False
28488,CaFe4S8,False
23378,PtPb,False
32532,SiO2,False
41168,Au3Br,False
27581,AcTe3,False
44371,Rb2LiGdCl6,False
1160,Ba4GeCl,False
30944,K7NbS6O24,False
35905,Be12Pt,False
4073,Ba4HgRu,False
31039,Ba2AsAu,False
11558,InPd5Se,False
4273,LaMnO3,False
18423,TiP,False
48911,AgPbO,False
44742,HgPb2Cl2O2,False
35654,Sc2AlC,False
2579,CaAu5,False
23777,ZnS,False
52969,Pr2MgIrO6,False
53357,NaAlTe,False
23129,BaC2,False
25468,CaBi2O4,False
37193,NaAuO2,False
6205,K3Mn,False
2021,Ce2ZnNi2,False
51420,LiCoSiO4,False
38817,Li4Fe3TeO12,False
52937,ZnH6C2,False
50491,HfCrCuS4,False
32977,AcMgCd2,True
4118,SiO2,False
45665,LiTi2O4,False
16835,TlF,False
40030,MgCu2O4,False
46474,Pr3OsI3,False
54273,ZrTi,False
41224,Li8PO3,False
19937,CeSiBRh3,False
51162,MnNi,False
52643,BaSrCl,True
4219,RbAgO3,False
40658,NdGeRu,False
35979,BaHfS3,False
22138,LaCeMn2O6,False
44297,Er2Te5O13,False
37494,AgRhO2,False
36351,CaTlHg2,True
25390,AlF3,False
39172,Er2TeO6,False
15360,YbAgS2,False
26734,NdNiO2,False
35661,PrAl2Ni3,False
13695,Mg6BiW,False
37133,PrS3,False
43711,Hg2Rh,False
39946,YVW2O8,False
29380,CoAsS,False
345,SmSi2Rh3,False
40346,HfIr3,False
8936,YAgSb2,False
51901,LiAuS,False
43777,HfTiRu2,False
42314,Sr3Ac,True
37261,Ce2ZnHg,False
560,Nd3CuGeS7,False
48078,Li4Ti3Mn2Nb3O16,False
15446,U2AsS,False
49184,Ho3P6Pd20,False
21667,Nd3NbO7,False
22417,Nd3GaN,False
49704,CdH14C9O4,False
37385,Ba6In2NF,False
27086,TiAs,False
3593,ScSiRu,False
18016,SiNi2,False
48145,SrPdO,False
53631,RbInBr,False
38148,Li6CrO6,False
32879,NaPrAu2,False
10037,YScBe,False
27774,Hf2N2O,False
15197,Tl3VF6,True
48093,BaInFe4O7,False
21220,HfMoP,False
32547,Ti3Tl,False
49883,AsNF,False
54044,SrSiN2,False
42094,YbB4O7,False
8832,TaAsIr2,False
53593,MgSe,False
17186,TiMo2W,False
48678,V2FeO6,False
53956,Li3Fe2Si2O8,False
22633,Tm2O3,False
20236,TbP2Pd2,False
13297,CeMg6Co,False
27119,Ca4SmB3O10,False
16096,K2RbDyCl6,True
4835,NaSb3F10,False
28573,ThFe4P12,False
7651,CeP5,False
525,GaS,False
9809,BeCdSb2,False
44341,BaH5ClO3,False
2060,LaCo2Si2,False
20528,TbNi5,False
47178,Na3SmCl6,True
27750,Ba2UCo,False
29552,CaFe2O4,False
32920,BaO,False
39314,PaAl3,False
1391,BeFeBr4,False
21338,Ho2InOs,False
4388,Ba2VPb,False
32123,Li3DySb2,False
40893,ThSe,False
40740,H3BrO,False
23554,VPbO3,False
41189,ThBr4,False
35083,Re3Sn,False
23077,BiO2,False
8825,AsPtSe,False
1217,LiNbF6,False
48639,U2Ga10CoNi,False
837,H9BrO4,False
17969,Li3Sb,False
26253,InCl,True
38060,H2SeO3,False
39891,Mn3As,False
11503,TaBeBr,False
22842,H7C9S2N,False
46181,NaMnSi2O6,False
12572,BeInFe2,False
29455,CeSm2S4,False
46113,Rb2Li14Pb3O14,False
7938,MoAsSe,False
25318,BaCa2I6,False
45666,USi,False
34205,K4SnSb2F14,True
24198,BaYF5,False
9537,BeInGe,False
52851,CBrN,False
50378,LiMnPO4,False
44490,IrPt3,False
39054,BaZnCl4,True
1241,Ba4CoMo,False
19238,HoFeNi,False
25347,NiO2,False
21741,LiNbO3,False
33257,Te2MoW3Se4S2,False
2995,HoMnO3,False
24295,Y2Ru2O7,False
27094,BN,False
28909,ErN,False
2032,BaMgC2O4,False
17283,TbBiRh,False
46155,Sm4Br6O,False
35069,RbRuO3,False
25904,WO3,False
50616,CaZrS,False
23401,RbLiCl2,True
16926,Pu3Ru,False
6817,ThAlPd,False
30670,CrCo2Si,False
22136,InTeClO3,False
49559,LiPS,False
36383,TiSi,False
9988,Be2CrPt,False
42965,YMoO4F,False
12003,Li2BePt,False
34178,ScBiPd2,False
41623,LiCaN,False
34414,Rb3Ac,True
28443,K2LiAlP2,False
52152,TmSiPd2,False
8278,SrBeRe,False
37188,Li4Mn3NbP4O16,False
16440,VCrGeC,False
19183,SmInCu4,True
3441,CdP2,False
33774,Y2Cr2C3,False
47703,BiO2,False
24912,MnO2,False
36655,NdS3,False
53565,RbBiSe2,False
48331,MgAl2P2O10,False
54050,NaP,False
46069,HoSnRh,False
53887,BaMgP,False
36453,UH2O4,False
14760,BaMg,False
29216,LuHO2,False
38049,InSnBr3,False
30832,V3P2O8,False
4274,Ba4GaP,False
54387,PHF2,False
27225,MgNi3,False
29818,Ti2MnIn,False
41449,Y2SiCO7,False
9284,CuMoF6,False
48459,LiH2,False
36905,NaTl2InF6,True
46286,MoS2,False
22788,GaAs,False
22869,YOF,False
38383,CdO2,False
48719,Rb4TlSbCl12,True
16225,AsPb3,False
16463,BaSrMo2O6,False
3456,Ba2PbSe,False
11787,NbTe2,False
39155,Sr2PAu,False
22809,SrCu5,True
48536,Ba2Cl,False
29057,RuO2,False
40067,FeSb2,False
24388,CeNi2Sn2,False
29251,DyScO3,False
14044,Ce2MgZn,False
33330,VFeSe,False
12120,Mg6NbNi,False
20122,SnSb,False
18545,Na2CuAuF6,True
47152,HoTmPd2,False
13134,YbCu4Pd,True
24459,Sm2Sn2O7,False
30324,Zn2Bi3O8,False
42642,SrLu2O4,False
27763,Na6Ge2S7,False
285,Ba4NbFe,False
4120,BaHfW2,False
19496,Tm2CuRh,False
43610,Mg4SiSn,False
48067,Fe3O5F,False
32159,HoPd3,False
27929,MnAlRu2,False
4793,Ba4CoPd,False
25246,Li2Nd2Si3,False
44488,CaTmRh2,False
18240,TbErHg2,True
7648,CrH8N2O4,False
6498,HoB4Rh4,False
33641,LiAlSiO4,False
21885,Te2W3Se2S2,False
39752,LiZn2Cu,False
18182,Ba2UHgO6,False
33068,U3As4,False
45744,NpGa2,False
36899,Nd3Ho,False
23836,Li2Cu3F8,False
13137,LiBiO3,False
20303,Pm2RuPt,False
27191,LiGaS2,False
7033,BeVIn,False
34386,ScAgO2,False
2544,TbCuAs2,False
34385,Ac2ZnSi,False
50679,BiPd2O4,False
53781,ZnBSe,False
20754,Tb3Mn3Ga2Ge,False
36956,Tm3Mg,False
33088,LiDy2Ru,False
30348,Mn3O5F,False
53302,ZnAgN,False
34701,SmGaAu2,False
52837,Co6O7F5,False
8324,BaCaC2O6,False
14163,NaPF3,False
14481,BeRu3,False
48954,Ca2AlSbO5,False
17412,Te2W,False
17073,ZrH8C6O4,False
7877,Mn3OF5,False
273,RuPbO3,False
42251,LiAg3,True
17322,MgCN2,False
41464,HgOs,False
53994,MnBiO3,False
14402,Mg5Sb,False
30960,ErB4Rh,False
45572,Th2Ge,False
7136,SnI3,False
20952,UNiGe,False
50836,CdSnAu,True
33367,Ho2InAg,False
40430,TbC2,False
3126,YbPt2,False
7884,BeCdPb,False
29088,Li4ZrO4,False
54378,U3Tc,False
40821,Li4MnV2WO12,False
25493,ZnCrSiO5,False
25240,PbO,False
9747,Tc2AsCl,False
18428,Y3SiS2,False
12104,YbNaS2,False
4058,BaZnPt2,False
971,LiNiPO4,False
46495,Pr2Ru2O7,False
12630,SmTiO3,False
36257,LiS,False
19171,Sr2CN2,False
12,Ba14Na14LiN6,False
10557,LaBeRh,False
34446,LiCa2Ga,True
42978,Sr3TaGa3Si2O14,False
37866,ThCdHg2,True
43627,CeMg2Si2,False
15085,BaCuS2,False
9294,BeRuPb,False
45768,PdSe2O5,False
13776,ZnNiF6,False
11628,Li3V2Cr2O8,False
9341,LaAgGe,False
9557,Be2NbBi,False
15549,ThGe,False
45830,SrN2,False
28440,LuAlO3,False
40561,TlCuF3,True
6005,TlCdI3,True
27761,Be2IrRh,False
46694,K2PtI6,True
12252,SrBeCd2,False
5961,MgWO4,False
30829,Nd2Zr2O7,False
5792,BaMgZr2,False
76,Ag2F5,False
6478,Na2BiAu,True
31918,PrCdAg2,True
29525,MgUO4,False
20452,RhI3,False
53391,BaPbF2,True
16328,Ta3N,False
18644,ZnH8C6O4,False
5812,HoB2Os,False
21540,Li3CuF6,False
10193,BeNb2Fe,False
42275,MnPd,False
1434,SeBr6N2,False
27112,NaGa,False
31032,GeRu,False
35652,Tm2AgHg,False
13649,USbPd2,False
350,BeTlSe4,False
11283,Li2Cr3CuO8,False
15963,Fe2Si,False
28664,Ba2TlAg,True
43576,NbMoS4,False
16516,HoCo4Ni,False
43570,RbNa2AsF6,True
43175,K2NaSbI6,True
39532,Li4Ti3V3Cr2O16,False
31728,AlN,False
54355,U3Sb,False
38512,K3NaFe2O8,False
47851,TbLuIn2,False
19008,DyNiC2,False
54490,P3S,False
25893,MnFe,False
45358,TlAsPd5,False
36965,Ce2CuN2O2,False
4184,BaNaTe,True
33870,Nd2MgCu2,False
41645,AgCl,False
553,TiNi,False
37825,HfTeSe4,False
42973,Ce2Ga5Au3,False
25779,Dy3S4,False
12874,Mg2Sn,False
40368,Yb2LiRh,False
11976,LaBe2Pt,False
22787,HoHO2,False
38160,NaSmTe2,False
12961,BeRePd,False
35364,CuH6BrN2,False
6516,Rb2MnCl4,False
15427,CaCuO2,False
24822,KCuO,True
6943,DyAlB14,False
42264,K2LiBO3,False
40846,Li4V2Cr3Fe3O16,False
12807,BeSbMo,False
38355,CoAgO2,False
8720,BaMo6S8,False
583,SeO2,False
28793,CdSnPd2,False
30838,Ba3As2,False
21950,K2NaAsBr6,True
5587,Nd2Ni5B4,False
9068,Ca3SiBr2,False
20890,Pb3SeO5,False
35574,ErAl2Ge2,False
40260,Ga3BN4,False
31878,ScSiRh,False
52645,BaIF2,False
17105,H2CO,False
35094,ScGa2,False
3115,UBC,False
43807,In4SbTe3,False
53699,AuS2,False
38244,Mg3Fe3O8,False
18398,H3C3N,False
27287,HfAgB,False
2969,Ca2ZrSi4O12,False
6398,Ho3Al5O12,False
11592,Be2InCl,False
21023,CaH2C3O4,False
22203,BaTiO3,False
19609,K3Zn,True
20718,NdCuO2,False
8348,TiAsP2,False
25656,SmAsO4,False
36909,Tl3BiCl6,True
42498,Zr3TiCu2,False
2567,AlVFe2,False
41658,Li2CuO2,False
46773,SrMgGe,True
14125,Ba3Pm,False
49617,CdH2C3O4,False
13811,TeO3,False
43240,Rb2NiF6,False
35171,TaAs2,False
54115,LaMo6S8,False
53063,ZnClO3,False
39448,Ba3Br2O2,False
3634,Li2MnF6,False
33439,YMnO3,False
9642,BeTe2Rh,False
47519,Li2MnCrO4,False
1957,CeMg6Al,True
48441,NaSr2LaTi4O12,False
15155,Li2VO2F,False
27254,YbIr,False
30968,Ba3NiSb2O9,False
46157,BaMnO3,False
19471,KZnF3,True
45467,Sm3TlC,False
19026,FeN,False
51536,CaHBr,False
40605,MnGeN2,False
3410,BaSrIn2,True
11338,ZrTe,False
53220,Dy4CdS7,False
35591,Li3Pr,False
7339,BeTcHg,False
28319,Sc2AlHg,False
10500,MgPt3,False
9581,Be2InP,False
34131,DyO3,False
10241,Cr3B7BrO13,False
1089,Ba4MnPd,False
51826,LiF2,False
53359,HS2,False
47958,GaMoS2,False
16847,SbPd3,False
48304,Sm3MnGaS7,False
49055,LiAlB,False
3635,Rb2TeCl6,True
14947,MnNiSnPd,False
22221,K2ScAgI6,True
10040,RbSnS4,False
17929,Li2MnO2,False
36430,Yb2ZnAg,True
54519,AcSe2,False
23419,BaTi4O7,False
10475,SrMg6Al,True
24600,BaYCuWO5,False
28361,DySb,False
45149,HoIn5Rh,False
52806,Fe4OF6,False
53533,TlBiF,True
24147,RbVBr3,False
21556,AlVO3,False
45767,CoCuO2,False
22941,MgNiBi,False
10000,BeTcIr,False
11643,SrHg2,False
5460,Li2PrP2,False
18282,Li3Tl,False
13486,TbSi3Rh,False
54269,VBrO2,False
31365,Hf3Rh5,False
1849,SrB2O4,False
24319,Na2O,False
200,Sr2H6Os,False
50535,LiV3O4,False
1753,Li3Ti2CuO6,False
2541,EuFe2As2,False
23360,CaTa2Tl,False
39797,Er2CdS4,False
29316,Bi2O3,False
49419,ScIO,False
1121,CeSi3N5,False
27441,WO2,False
51520,NaAlSi,False
21617,Sb5IO7,False
44472,Pr2Tl,False
18541,Rb2GaCuF6,True
27618,Ac2SnHg,False
864,Ba4CoSe,False
26152,Nb10C7,False
53251,Ga2P,False
28696,Ba2GeTe2Se2,False
48095,ZnMoF3,False
12580,K2MnP2S6,False
11391,ZrBe2Hg,False
12878,Zr2Sb,False
18284,NbS3,False
53183,LiH2N,False
21069,TaBi3O7,False
28467,K2RbBi,False
38162,BH6CN3F4,False
32156,YMn6Ge6,False
14753,Ba3MgSi2O8,False
29422,Mn3Cu3O8,False
21983,NdZnAsO,False
17054,Ti4O3,False
47253,Ac2ZnIn,False
44029,MnFe,False
8466,Be2Sb2Rh,False
49015,Zr11Os4,False
12203,Ca2BeCr,False
13579,TiBeP4,False
1115,KCuCl3,True
101,YAl3,False
2711,HfScBe,False
38513,Li2Ge2O5,False
21,BaGe2,False
27135,BeZnO2,False
40340,NaNO3,False
41928,CuWO3F2,False
32114,Be2NiRh,False
16233,NaSn3,False
47387,TeMoS,False
15609,TbInAu,False
6896,V3S,False
17625,LiCuPO4,False
26372,CaNi,False
1954,V3O4F2,False
6397,CeSb2Pd,False
32404,LuGaPd2,False
14408,Ba2ZnSi2O7,False
26865,WN2,False
31757,CaAcZn2,True
51186,LaUTe6,False
32072,PmRh2Pb,False
7018,LiMnBe,False
38903,YScAg2,False
35337,Sr2CN2Cl2,False
45545,YGe2,False
40802,H3BrO,False
43668,U2AsSe,False
23150,TbFeSi,False
1044,BTe3O3F15,False
25048,CdTe,False
22757,Na2SO3,False
6181,PrAlPt,False
5298,BaHfSe,False
1070,Li4H4Rh,False
21993,K3PrCl6,True
36289,Na3GaS3,False
29824,ZnSnO3,False
20760,MgNi2,False
6317,LiTaBe2,False
16037,SrCeAlO4,False
7645,FeNiAs,False
11959,CaBeW,False
18658,UFeCo,False
984,Ba4TeBr,False
51091,S2F,False
6960,NbVF6,False
14926,USiS,False
18056,HCF,False
23745,Dy3CuSiSe7,False
43303,HoMnAl,False
39467,Li7SbO6,False
3614,MgTi3,False
30821,Li2MnF6,False
5548,BaLiTl,False
28451,SrYPt2,False
21110,Sr2TlPb,True
38076,LiFeSiO4,False
37146,Pr2NiIr,False
33370,TiP2,False
52058,IOF,False
10051,BeCoP2,False
22895,ZrTcCl,False
7692,SiIr,False
16692,AgN3O4,False
23049,Y2TeO2,False
18750,SrP2Rh2,False
54064,NdAs2Au,False
11313,BeFeCl,False
39152,Ho2TeO2,False
27491,IO2,False
43499,KNa2IrF6,True
16505,Cr4Cu3Se8,False
47039,AlCo2S4,False
25206,Al2FeO4,False
4716,BaSc2Ni,False
1525,LiMg3,False
23811,SrS,False
53298,Ca5CdN4,False
20861,VOsCl,False
51405,LiCr2P2O8,False
46634,Zr6Co23,False
29266,SbAsO4,False
1651,Ba4SrRh,False
51992,OsSeCl,False
24050,LiAl,False
42017,Ni3Sn,False
12043,BeVSi2,False
46269,BiOF,False
47062,BaTl2Hg2,True
20322,Rb3BiF6,False
48916,AgSbS,False
20218,Sr2CuO4,False
46290,Al2Sn2O7,False
743,Li3SbS4,False
18291,HfNbB4,False
8657,NaBeRh2,False
36654,CdBiS2Br,False
10440,BeCo2Os,False
33951,RbTl3,True
47798,LiAgO2,False
50503,SiCl2,False
4542,CeNbO4,False
43079,Nd3AlC,False
46533,Li2Si2O5,False
37221,AgAsSe,False
12298,Be2PbBr,False
31363,Ti3NiS6,False
3992,Zr5Sb4,False
45254,CuPt7,False
1259,Ba4SnBr,False
24995,Ca3Hg,True
39432,Li2CrFeO4,False
45282,Mo5As4,False
16738,K2NaLuCl6,True
12181,RbMnP,False
52906,Pr3CBr5,False
51931,MoN,False
29234,UH2O4,False
33023,LuOs2,False
25198,Te2MoW2S4,False
10468,SmAgAs2,False
25721,ZnMo2O4,False
52215,CaAlN,False
45477,SiP2O7,False
25803,CdHClO,False
18879,LiY3,False
51617,BaInBr,False
39412,BeZnSb4,False
43516,Ca2Mn3O8,False
21171,SnSb,False
6391,Li4V3FeO10,False
48750,RbTlBr3,False
8795,ReAsAu,False
16098,YbZn2Ga2,True
51596,MgInBr,True
12086,BeCu2Pt,False
15439,NdMgAg,False
9742,BeZnSi,False
35737,UB2,False
14816,Yb3Tm,True
2970,Ho2CN2O2,False
49151,Li2NiO3,False
17107,MgVRu2,False
3103,Li3Co4O8,False
31077,TbSiIr,False
34742,Si3H,False
38371,Ho2Ti2O7,False
23366,NaMnO2,False
6572,ScBe2Ge,False
22816,ScTlO3,False
1206,Ba4ScTl,False
49590,KVPbO4,False
39313,BaHIO,False
29024,Hf2ZnTc,False
16995,CaRe2Si,False
54383,PHF,False
32023,NaHgPd2,False
2368,ZrCl3,False
41382,Sr2CoO4,False
16710,Ce4Ni3Pt,False
6944,ScBe2Ir2,False
21380,BeReB,False
31938,HfNbTc2,False
31844,Zr2Ni2Sn,False
30489,Zr2Cd,False
8621,Eu2GeSe4,False
34810,TlS,False
35184,NpS,False
14035,MnTlO3,False
38697,Tb3SbO7,False
13384,YbSr,False
15432,Zn2GaCuTe4,True
50956,Fe3Pd,False
15280,EuCl2,True
27853,LiPmHg2,True
42088,LiBiF5,False
52663,BaMgSe2,False
42348,Ho2AlRu,False
1521,ZrBe2V,False
14489,KMnF3,False
6624,H2SeO4,False
49964,MgAuO3,False
29224,Ba3SiO5,False
26778,P3Ir,False
15189,UPdSe3,False
39839,GeTe7As4,False
49498,Li3Co2O5,False
45616,KLiSi2O5,False
50656,LiV6O7F5,False
39793,V3Se4,False
15494,Rb2InAsF6,True
27202,UTe,False
7346,ZrBe2Ir2,False
27727,BaNaTl2,False
52275,HF,False
46311,Na3MoO3F3,False
23452,NdMnAsO,False
30897,Sm3CuGeSe7,False
20168,RbAuSe,False
19522,TeAs2,False
2452,Ti3Bi4O12,False
32783,CaRuO3,False
26451,CaZnSi,False
13751,V2CdO6,False
20745,Nd2ZnRu,False
24133,BaDy2CoO5,False
23919,Mg3Au,False
41656,Ce2Sn5,False
54268,TbZr,False
39030,TiH,False
38891,BaAl2,False
41595,YAlNi,False
14161,MgCo,False
11115,Mn3OF5,False
53945,TlBrO,False
20016,H6C9SO,False
30421,SrGa2Au2,True
883,SiBr4,False
49213,H8C11SO,False
27691,YbLaHg2,True
20186,K2NaErCl6,True
12976,Ca2BeW,False
42124,Sr2CaTlCu2O7,False
24166,Li2Ti2S5,False
3255,BaIn2Te,False
26787,Sr2Rh,False
12958,CaMnSi,False
7010,SiRu,False
35410,MnCr2O4,False
34047,Li2MgHg,False
3592,TiNi,False
17513,ZrInPd2,False
40253,GeAsSe,False
42919,K2AgBiBr6,True
9628,BePdRu2,False
40302,NdSnPt,False
41462,CaGa2,True
9212,Rb2LiYBr6,True
37063,ScOs3,False
28258,HgPt3,False
3139,TiGeTe6,False
40218,Dy2In,False
52881,H3BrO,False
35007,TeMo2Se3,False
48649,BeCoSi,False
6034,LiFeF4,False
2392,BeCr4Se,False
239,NaH2SO4,False
48894,RbAgTe,False
8217,MnFeAs,False
21363,In2TeAs,False
27956,Ca2Co2O5,False
39747,Ce2Dy2O7,False
4429,Ba2GePb,False
15746,Eu2TlSn,False
25582,LiCr2O4,False
31142,Mn2O3,False
28173,Zn3Sb,True
28398,Sc2TiTl,False
31657,Te2MoWS2,False
10632,PrCo2P2,False
40261,Mg2H6Os,False
23017,BaYFeCuO5,False
24333,GaN,False
30741,Er3In4Co2,False
39511,SbBrO,False
22384,TeMoWSe3,False
5184,CeAl2BRu2,False
21749,MgInCu4,True
9722,CaBe2Si,False
33436,Er2ZnIn,False
37976,Li3MnSi2O7,False
31927,Sc3Ni4Ge4,False
1909,K2SnHgSe4,False
9698,Zr2Sb3Pd,False
50039,H6C4O3,False
22533,ZnFeO3,False
11234,BeCrSn2,False
46603,LuSeO3F,False
10336,Sn2Ru,False
19796,CdH12C8O4,False
28803,CaScRh2,False
43248,NaBiTe2,False
596,BaTm2O4,False
39338,Fe2N,False
48474,EuS2,False
23520,NiO2,False
28841,Na2AlZnF7,True
31068,Ti2InNi,False
16900,CaH2,False
43522,Fe3O5F,False
21150,Pr4OsI5,False
49035,Rb3FeS3,False
50783,AlSbO,False
50676,MgHg2,False
38385,Pr3SiAgSe7,False
14981,Li5Ti6FeO16,False
51659,P2Br,False
15630,Nb2PC,False
40419,Sn2Ir,False
38166,Sm2TlHg,False
15184,BaFeO3,False
32831,YbCuSi,False
7048,Be2MoPb2,False
20227,K3SbBr6,True
35161,Pu3Au,False
16159,Hf3Sc,False
3548,BaPr2Ti3O10,False
23651,Sr4Zn3F14,False
18063,ErMgRh2,False
18806,Fe2CoGe,False
25237,Mn2ZnO4,False
45605,ZnNiO3,False
49878,AsIF,False
20079,H6PbCNCl3,False
38222,MoH2Cl2O3,False
48444,MnCr8Cu3S16,False
46427,Li2MgSiO4,False
124,Ba4ZrTi,False
49871,Sr4MnRuO8,False
3585,VNi3,False
19691,GaF3,True
46631,Na3YBr6,True
52466,Na5Ni2P2C2O14,False
23296,Li3In2,False
35558,Li3Th,False
53776,BSe2,False
36813,TaS,False
6367,CsNiF3,False
27235,YbYPd2,False
46960,Ho2OsAu,False
6509,Be2IrOs,False
13610,MgSn5,False
35064,Tm2CuPd,False
54445,HeP3,False
2138,AlAu2,False
37004,MnO2,False
9676,TbMgSn,False
45132,Sr2Mn3Sb2O2,False
49716,Zr6Al16Pd7,False
10219,BeSn2P,False
51353,Mn2CrAs3,False
32521,LiTm2Tc,False
18559,Er2CuTc,False
369,Te2Mo3S4,False
13567,BeGa2Tc,False
10005,YbNdS3,False
48858,CaO,False
44998,HoPtF7,False
20118,CaSn,True
38868,LiMnBO3,False
53579,Li7Mn4CoO12,False
37080,PrTm3,False
8396,SrAgTeF,True
14294,MgSe,False
54247,Sm3TaO7,False
15164,Al2ZnS4,False
14844,FeCuO2,False
31830,MnSiRu2,False
34133,Ga3NO3,False
15146,CuO,False
6010,B2Mo2Os,False
22481,RuF6,False
10419,BeNbRu2,False
5949,LiPd,False
3440,BaSrMg2,False
35759,YbZn,True
24876,Yb2S2O,False
31247,ReN,False
46751,TlIn5S6,False
39856,NdTi2CdO6F,False
10672,HfBe2Hg,False
10264,HfBeGa2,False
36513,CuSiH8O4F6,False
44675,Nb2CrOs,False
31989,TaAlOs2,False
11136,LiSnPO4,False
22876,Ca2Nb2O7,False
31642,Te2MoW3Se2S4,False
18349,Fe2CuN2,False
28994,K2Sr2O3,False
11553,Si2Mo,False
19582,TmScB2O6,False
6273,BaNbCr2,False
32203,CaMgPb,True
28120,EuC2,False
19334,NbCo3,False
14147,RbLi7Si2O8,False
3532,Na4BeAlSi4ClO12,False
32115,ZrMn6Ge6,False
29125,Sr2TaGaO6,False
45295,Ba2AlInO5,False
45334,SnTe,False
3007,BaMgH4,False
12616,MgBeFe2,False
28544,NaTl2Hg,True
12646,Mg6NbBi,False
19461,MgCoCu3Se4,False
37678,LiMnFeO4,False
3426,BaLi2Ca,False
27980,EuS,False
53171,ScOF,False
39428,ZrMnO3,False
27308,Ti2CoRe,False
13402,LuCuSi,False
19335,Th3N4,False
53746,RuC2N,False
14404,Pr2Os3,False
29966,ZnCo2S4,False
41984,NbRu,False
43510,NaNiIO6,False
44807,ErTlRh2,False
35467,CaPrHg2,True
32758,LiPmTl2,False
36882,TlHCO2,False
25623,BaAg2Hg2O4,False
44776,NdBO3,False
40039,HPd,False
39063,Li3MnAl2O6,False
41146,DyPb3,False
103,Ba4YRh,False
1199,PrAlPt,False
5464,Ba4SnPt,False
39549,KTaCu2Se4,False
36922,Rb2NaSbCl6,True
40853,Li2CuSiO4,False
20996,InF3,True
6877,Be2VTe,False
45683,ScTaO4,False
13813,YbLiPb2,False
27926,NaPmTe2,False
22451,Te2MoW3Se2S4,False
3137,KAs,False
5838,Mn3Rh,False
52617,CeLu3S6,False
10106,BeZnPt,False
26655,Al2O3,False
44635,Zr2FeOs,False
9229,Sr2MgH6,False
50059,H4C3O,False
14827,Hf6CoBi2,False
40036,Ba2AlCr3O7,False
14286,LiUPH8O10,False
12402,Mg6CrB,False
49497,ZnH18C11O4,False
32415,DyB2,False
39689,VRhO4,False
32395,MgTiIr2,False
34758,NiI,False
16916,AuCl3,False
48731,GaAgS,False
2836,EuTaO4,False
37179,Zr6BI12,False
715,Ca2AlH10ClO8,False
46011,HoSi,False
5998,TbInCo2,False
45883,Dy3Y,False
32900,Dy2TlAg,False
4763,Ba4ZrRe,False
35189,LuO3,False
2561,ScBeMo4,False
49907,NaPrF4,True
46149,Bi2Pb2Se5,False
44656,V3S4,False
46444,Ca2CrSbO6,False
7487,PrMgGa,True
39497,VGaFe2,False
22823,H16C9O3,False
4138,Ba4MgIr,False
20637,KLiZn3O4,False
13609,Th2BiN2,False
22759,Ca3Fe2Cl2O5,False
1613,CdAu,True
26792,Na2NbF6,False
18061,K2ScAgF6,True
27756,CoCuO2,False
10119,CaBePO4F,False
52210,Li4MnCo2O7,False
43211,SO4,False
44837,UIr2,False
29132,BaBr2O6,False
25814,TlCu2Se2,False
53414,Li4Ti3V3O12,False
45416,ThAl8Cr4,False
41085,PrMn2Ge2,False
47991,GeHO2,False
23885,YAgO3,False
23761,LuInPd2,False
39909,K7NbAs4,False
6372,Ba2NbCrO6,False
35439,Pm2InHg,False
49290,TlGeS2,False
24273,CdSO3,False
17557,HoNiGe,False
9332,CrSb2,False
31977,K2PuO4,False
46000,RePb3,False
28933,ZrScCo2,False
36173,Cd2Bi6O11,False
37144,NaMgO3,False
27789,TiGaFe2,False
10623,Be2MoPb,False
966,MnAlFe2,False
52938,CuSbO,False
35824,ErP2Ru2,False
31214,PmB3,False
4870,BaSc4Rh,False
49636,V3O4F2,False
50083,Ba2HBr,False
31040,Ni3N,False
42935,RbAuBr3,False
29268,HNO,False
26279,PuAs,False
11076,ErTmCu2,False
4521,Mn3Au,False
51963,SbNCl,False
39427,CaNi4O8,False
11172,CrPt3,False
32946,NaPrHg2,True
28004,MnN,False
32199,YSnPt,False
13645,YbSi2,False
3984,ScRe2O6,False
14558,Zr2VCo3,False
7296,Be2CrRe,False
19715,NaSb3O8,False
29636,Zn2Bi3O8,False
9316,HfBeRu2,False
10893,ZrBe2Se,False
50774,K2CuP2O7,False
13066,CeZn2,False
30785,Sc2OsPt,False
20395,LiThPt2,False
9616,TbSi2Rh3,False
39257,TmMn12,False
33077,LiHo2Tc,False
2027,Ba2ZnH6O6,False
42148,KYCu2O4,False
8086,Li7IN2,False
45717,KSbO3,False
51828,LiFeMo2O8,False
29949,Ta2ZnO6,False
16735,SrSiNi,False
28169,Be2VPt,False
18178,BaCaI4,True
29037,SrSi,False
18389,NdFeNi4,False
19675,DyAl2,False
32187,Mg2AgAu,True
244,Ba4ZrCu,False
42447,LiMn2OF3,False
32045,LuPd,False
20989,H6C9S2O,False
16408,Pr2Mg,False
26047,TiH,False
46977,MgMoF5,False
6615,BeNbIn,False
30278,Ce2Zr2O7,False
30748,LiDy2Al,False
8945,Nd2Fe17,False
46637,Ti3Ag,False
45484,ZnS,False
28257,Y2MgCd,False
2901,LiFeF3,False
19111,Cr3NiSb4,False
42563,Ni2Hg2SF6,True
2502,NaPH2O4,False
45466,Li2Fe3SnO8,False
4450,Al5BO9,False
11478,Cr3Si,False
11556,HfMg6Ti,False
10372,ScBe2Tc,False
33121,Ti2TcIr,False
15530,Li2Co3SnO8,False
39268,SmAl2,False
8711,MgVAs,False
14778,As2Os,False
11991,BeCr2Cu,False
10790,BeZn2Ru,False
25683,Li4CO4,False
19140,CeSmMg2,False
9237,SrMg6Si,True
7022,LiFeF3,False
29916,K2MnF6,True
5287,BaBi2Cl,False
21455,Yb3Cs,True
5956,BaFe2S4,False
36255,Mg3Nb,False
9022,LiBeGe,False
31671,Te2MoWSeS,False
5085,Ba4TaFe,False
18507,SnH18C10O4,False
17285,Rb3EuF6,True
29133,TiZnO3,False
46836,Te2Pd3,False
12002,PdN2Cl4,False
39417,BrF3,True
34896,Cd2PtRh,False
17209,YbBiRh2,False
48409,BHC,False
23268,Fe2SiO4,False
20180,MnTeO4,False
31067,Ca10P6SeO24,False
17789,Hf3N4,False
33517,Tm2AgIr,False
955,La3Ni2Sn7,False
11206,YBe2Cu,False
3896,Ba4CoP,False
49353,HfMgO2,False
42923,Li2MgCd,False
7607,B2Mo,False
22183,LiCuF2,True
12842,DySi3Ir,False
19628,K3VSe4,False
39967,CeFeGe3,False
24557,CrN,False
52599,Sm4Ti4S4O9,False
15133,SrH16O10,False
34603,HfGa5Co,False
1667,Rb2SbAuS4,False
48552,MgTeO,False
12145,Y2MnNiO6,False
28205,Be2CuNi,False
31808,TaMnP,False
40654,NbW3Se8,False
19902,La2CdHg,True
44428,NdCdAg2,True
14360,DyYFe4,False
17199,FeSb,False
49339,HfAs,False
18163,CrCu3HgSe4,False
39026,Te2MoWS2,False
52780,Ag3PO4,False
50795,AlSbO3,False
23504,AlCuS2,False
50908,Zn3In2O6,False
34705,YbAl2Si2,False
41220,Na4MoN2O2,False
36691,Li2MnSnP2O8,False
52069,PbIF2,True
24707,SrGeH2O4,False
36224,LuPd3,False
6752,TaBe2Rh,False
50356,RbSbBr,False
31987,NdSn3,False
1907,LiBePb,False
30415,ThGa3,False
24437,LuSb,False
922,RbPrP3HO10,False
37546,KCaCl3,False
4111,BaP2Ir,False
6996,Be2CdRu,False
24300,Y2O3,False
29967,ScN,False
44462,Nd5As2ClO10,False
37314,Ba4ErRu3O12,False
33380,Sr3CoC3N3,False
18617,BaAg2GeS4,False
52156,Er5SbAu2,False
13511,Be2CuPd,False
37803,MnO,False
47332,ErRe2SiC,False
19098,Ta3Cu,False
10933,BeCuSi2,False
34950,LiAu3,False
47455,SrPm3,False
25410,Al2Si2O7,False
45614,Ti3SiC2,False
6307,UCoSn,False
36132,AgN,False
10401,Ti2BeCo,False
20337,TlCdS2,False
15861,K2RbAlI6,True
26515,RbClO2,False
45370,BaH4O6,False
3999,ScGeRh,False
13454,NdGa2,False
14825,Cr3Fe2Sb3O16,False
30575,LiVOF4,False
21250,MgH2C3O4,False
47130,K2RbYBr6,True
47891,AgPS4,False
43041,Cr4S3N2,False
13730,Rb3ClO,True
22170,BaSiB,False
3196,BaTiTe2,False
27397,ThRh,False
45641,FeAg2SnS4,False
46044,Y2O3,False
53407,BaMgTe,False
15904,CeAlCu2Ni2,False
26031,BaSi2Ni2,False
40109,FeB,False
1260,K2CuH8C4O12,False
48168,CaGa2S4,False
11345,TlCo2S2,False
15289,Li5Mn3Cr2O10,False
20396,Tl2F3,False
4356,Ba2GeBi,False
1086,H10PtCN8O2,False
51877,NbIO,False
17277,HoBiRh,False
35006,AlCrNi2,False
30596,PbSe2,False
46061,Li3Be,False
42154,SmFe2Ge2,False
47789,CeAlNi4,False
20602,MgPaPt2,False
42378,Ho3Mg,False
39426,SnBiO4,False
45754,NdSbPt,False
46449,MgTe2,False
4905,BaYSn,False
6086,NdGe2Au2,False
39999,RuS2,False
11947,TaBeGa,False
5931,Be2PdBr,False
36290,Mg3Mo,False
38435,Li2H2SeO5,False
48226,NaTiF4,False
8108,BC7,False
14899,MgAg3,False
30267,RuBr3,False
39574,Li5MnO4,False
22180,HgF,False
35564,PrAl8Fe4,False
33094,NdZnSn,False
6952,CaTiBe,False
16304,V4Zn5,False
11423,BeZnIn4,True
27173,Mo3WSe2S6,False
13387,Ga2NiS4,False
8288,Li3Mg,False
8449,HfAsPt,False
11068,Mg6VMo,False
5923,BeGaTe,False
18863,Zn3PBr3,True
6475,LiBeFe,False
24581,CaCoSi2O6,False
3552,BaIrPt2,False
18865,Sb2Te2Se,False
40484,LiCoPO4,False
28466,CeAlO3,False
49084,InCuO2,False
50763,Yb3Pd,True
9283,MnSbPt,False
53031,Ti6Ga16Os7,False
2520,Ge2N2O,False
11483,ZrBe2Zn,False
3793,YAlCu,False
45831,Li2CuAs,False
47520,NaCeS2,False
51766,AsI,False
27720,YScAg2,False
42246,Th4SiGe,False
34283,Nd3Th,False
11526,BeFeW2,False
1573,V2CuO6,False
26179,KBaAu2,False
2613,MgTi,False
44676,MnCu2Sb,False
33349,RbMnSe2,False
48402,HoNiB4,False
48848,CaZrO3,False
15912,Tb3Er,False
2325,Mo3S3Br,False
1821,Cu2SO5,False
40108,Li2MnPO4F,False
33651,Ac2IrPd,False
52238,CeVO4,False
23016,AgCNO,False
37307,Pm2ZnHg,False
20463,SiO2,False
54381,NaSn7,False
27976,LiFePt2,False
44598,SrCdP2O7,False
7624,CaLaBe2,False
17389,MoPt2,False
43822,DyAg3,False
19477,Mg2NiIr,False
2042,H2C2S3N2O6F6,False
26562,MgMn2O4,False
39035,Li3Co4S8,False
53260,SrGeP,False
42643,Er2Zr2O7,False
36680,Pm2SiAg,False
22101,FeIr3,False
20628,Sm2CdNi2,False
46938,Nd2Te3,False
26367,MoF5,False
35422,SmBS3,False
38827,TmLuTl2,False
27996,SiO2,False
38391,Cu3Se2,False
2865,BeCu4Sb,False
47048,Tl4CrI6,True
19137,Rb2ScTlBr6,True
48179,ZnSnO4,False
27682,CeSnAu2,False
944,LiVF4,False
16865,TiH10C6O4,False
47858,Rb2AgSe,True
39139,BiPt,False
24694,CoO2,False
20301,ErCuO3,False
2903,BaSn2Se,False
7503,Co2SnAs,False
45921,ErCuSe2,False
22534,KCaNi2,False
50888,K2YCuI6,True
44531,Tb3TlC,False
13995,Hg3Bi,True
24499,RbCr4O8,False
43222,La2SbO2,False
1310,Ba4YTa,False
36119,MgCr2O4,False
7391,Be2CrCu,False
20977,GaFeRu2,False
41242,Ce2In,False
47602,DyHoRu2,False
27389,Ti3AlSe2ClO8,False
28686,TaC,False
53535,Sr2TiN2,False
16709,PmHoAl2,False
42611,YInPdAu,False
22424,TmMg,False
34080,Te4Mo3WSe2S2,False
49587,HfH8C6O4,False
36139,SiO2,False
33502,Ge2Pt3,False
15541,LiCuO2,False
40124,Yb3TlC,False
33243,TiMn2Si,False
52536,U4Cr7Si,False
24594,NaH2N,False
12373,LiMg2,False
38524,ZnSbAsO5,False
52830,Li4VTe3O12,False
53197,TlSnF,False
2671,MgGa,False
15393,RbSrCO3F,False
24102,VO2,False
9665,TiBeNb,False
7907,Ni3Sn,False
26951,YErRu2,False
26077,Tl2MoO4,False
22794,Yb2BaNiO5,False
51672,CNCl,False
28683,Mg2Ni3O8,False
38283,LiTmPd2,False
35360,NdZn2Ag,True
51555,CaSiBr,False
37631,Li2VBPO7,False
45740,P2Pd3S8,False
39342,AlH3O3,False
34818,VFe3,False
30679,CeO2,False
41630,ZrN,False
13671,Cr3Te4,False
38855,PrNbO4,False
23062,ZnS,False
3186,Li3Ti4O8,False
54293,Sn7As,False
45151,PrGe2,False
4046,Ba4MnRh,False
47527,NaCeS2,False
16882,Sm3AlC,False
771,VCu3O4,False
26355,CoO2,False
43409,LiTiSe2,False
7410,K2PbS2O8,False
21028,NbSnS2,False
50418,NbAl2Ni9,False
1341,Ba4MnGe,False
29439,SrPrO3,False
1195,SrH16O10,False
6958,BeCo2Cl,False
11295,Be2TlSb,False
19298,AcBrO,True
20519,SrCO3,False
51961,TmTc2,False
43028,Mn3CrAs4,False
1586,Ta5Ge3,False
1925,NaClO3,False
12156,MgTiH4,False
51429,VOF,False
18908,Er6FeBi2,False
38633,SbPO5,False
52908,WBrO,False
34778,Sc3Al,False
13916,TiBe2,False
21126,Ti3Al5,False
20808,NaNbO3,False
53753,BH2O2,False
7706,BeNb2In,False
10913,MnSn2,False
48870,TlCdF4,False
49138,Ca3MnCoO6,False
35162,ScCd,False
21360,Ba2PdO2F2,False
35787,AgPbO2,False
53591,MgRhO,False
35544,Ge2Mo,False
28845,BaCaSi,False
29991,CaSb2O4,False
42848,ZnCu2GeSe4,False
37239,Te2Mo3Se2S2,False
48828,CaSmCrO4,False
46981,Nd5Sn3,False
25648,BaBe2N2,False
20447,YScN2,False
25538,Ba2AlCu3O7,False
41323,CoO,False
8629,Mg6FeSb,False
46699,C5N4,False
9076,CaBe2Bi,False
10828,BaNa4O3,False
35838,CuHgO2,False
34590,BaAl4,False
21840,AuBrF6,True
11106,Te4Mo3WSe2S2,False
16025,Mn3Os,False
12821,PrB2Rh3,False
35070,K3WF6,False
7622,Mo2AsW,False
23331,Rb2CuH4Cl4O2,False
22568,NaZnSb,True
4685,Ba4CdIr,False
22462,Rb2PdC2,False
22185,Sc2ZnPd,False
51372,AlV12Sn3,False
27249,MnGaFe2,False
26091,KHfCuS3,False
22521,KRhO3,False
38613,Rb2CdO2,True
415,Ba4TiCd,False
42309,LiCuOF,False
44377,LaUAl4,False
35841,SmH3O3,False
23433,Li3Sb,False
27068,Ce3Mg,False
49204,Ni3OF5,False
52787,CrCo3N3,False
24577,RbNa2BO3,False
29842,MgCrF4,False
10133,Be2NbOs,False
45391,TaAgS3,False
33867,SrCrF4,False
35878,U3C,False
9649,NpO2F2,False
51568,MgSiO3,False
24810,Rb2NbCuS4,False
72,USb,False
32752,BaZnAg4O8,False
2065,BeGaBr4,False
28133,YbTlSe2,False
20631,YAlN2,False
12431,BaSm2NiO5,False
51634,PSBr,False
38644,K2CrPCO7,False
34087,LiZn2Rh,False
25260,BaN3Cl,False
2832,SnO,False
37292,SmMg16Al12,False
39142,HoRh2,False
12302,Na2BeRe,False
9178,BaZrF6,True
51067,Ba2HoMoO6,False
44860,ThRu,False
31815,PmGaCu2,True
21920,BeSbAs2,False
42587,ZnCrO4,False
26529,MgAl2S4,False
53102,DyMgMnS4,False
23067,MgTaZn,False
10418,Be2PtBr,False
48373,Na2LaO2,False
8285,BeCrGe,False
31492,CePO4,False
1395,Ba4CuP,False
5977,Be2Cr2Pt,False
44594,Nb2CrRu,False
3499,Co2As,False
15722,HgPd,False
4227,Mn2CuSb,False
27941,Pm2CdGe,False
2198,ErSnPd,False
45958,Ba2Li3TaN4,False
24052,Tl2ZnI4,True
25675,HoAsO4,False
34044,CdPPt5,False
49478,LiYIr,False
41422,ErMoO4F,False
38918,CaCoO2,False
45388,Sc3SnB,False
4745,Ga2O3,False
28157,Na2HgBi,False
34009,LuCo2Sn,False
27392,V2MoRu,False
48776,LaMn2BiO6,False
24482,HCl,False
48818,NiCS,False
41956,PdBr2,False
27431,K3NaFeCl6,True
11016,Mn2O3,False
21493,Na2PdCl4,True
34941,TiZnN2,False
12562,Dy3CuGeS7,False
51735,CdSF2,False
23244,Y6CoBi2,False
31244,LiPm2Al,False
7681,MnAsAu,False
38924,LiSbO3,False
43547,UPb3,False
15946,Na4SrCaSi2,False
41580,YMgAl,False
8924,Mn2SbTe,False
13046,Rb2YAgBr6,True
31064,LuMnSi,False
36602,ErZnRh2,False
9578,BeZn2Co,False
26136,Be2RuRh,False
17339,ScTaN,False
34495,ThAu2,False
12917,Be2BiRu,False
25947,LiS,False
38444,TlAuCl4,True
29693,PdN2,False
2177,BaCu2Ir,False
49530,ZrH2C3O4,False
4124,Ba4VOs,False
6561,SrBeCl,False
19017,CrSnRh2,False
25208,ZnIn2Se4,False
49554,Li7Mn4CoO12,False
25311,CrO2,False
38336,CaLa2SnO6,False
4681,Er2CuGe6,False
41137,USn3,False
45062,Al6C3N2,False
45213,TbSi,False
8808,Be2TlSb,False
44714,TmSnRh,False
13350,LiMgSb,False
27517,LuB2C2,False
28121,MgO,False
29122,Na4TiO4,False
44739,Pr2Zr2O7,False
25446,Ca2Bi2O5,False
13019,LiLaTi2O6,False
49881,AsIF2,False
6413,LaSiBO5,False
5411,Ba2NbBr,False
39517,ScCu2O4,False
4364,Fe2B,False
1765,Ni6OF11,False
17817,SrCdPb,True
14414,UPb2,False
17634,MnHg2S3,False
33567,Tm2CdIn,True
25314,BaTm2O4,False
3898,BaMgCl2,False
36324,CeCd,False
27238,GaPO4,False
25737,DySi2,False
41214,NpSi2Au2,False
2234,BeGeS2,False
35615,LiCd2Au,True
41764,Ba4BeTl,False
45200,Yb3DySb3,False
9671,Li2BeCo,False
49861,PbS2,False
39732,V3Sn,False
4007,LiGe,False
23237,TaV2,False
52249,LiFe6Ge5,False
9847,Sr2BeBi,False
25406,NdRhO3,False
8596,Be2CoCl,False
13631,BaZn2N2,False
11249,NaIO3,False
45461,Rb2NaFeF6,True
49194,Ge2Cl,False
42180,Ca2CuCN2O2,False
5738,BeHgTe2,False
14062,Mg6SiB,False
47191,ZnSn3,False
36687,Pm2AgRh,False
1245,BeVCu4,False
28562,MoP,False
41371,KAs4IO6,False
7519,Be2CrW,False
47773,PbCO2,False
36062,K3Y,False
16750,MgAu2,False
10524,LaRu2,False
13872,SrGe3Ir,False
19891,ReSn2Se,False
34936,La3Pb,False
41832,Mg3Ni20P6,False
839,K2Al2B2O7,False
24104,LiBeN,False
21362,Li2GaIr,False
20081,MgPd3,False
47391,U3Si2C2,False
10734,HfBe2V,False
52291,LiHI,False
26006,ZnCr2Se4,False
20655,CrSe,False
41823,CeMgZn2,True
24193,HC2O2,False
48771,DyNiP,False
22689,SrCrO3,False
40240,Li2CrSi2O6,False
42326,CdHg3,False
8145,LiCdAs,False
3285,EuSn,False
32255,K2NpO4,False
53398,BaPdF,False
2365,Li3CrO4,False
54382,ThU3,False
19278,ZnH20C12O4,False
18975,K2RbYI6,True
1013,Ba4VSn,False
18283,PuClO,False
1916,Cu3H2C2O8,False
29270,KInO2,False
53320,BPO4,False
3649,BaSrLi2,False
38557,CaSnO2,False
5953,Er6MnTe2,False
13603,Co2OF3,False
10492,Ca3BiP,False
228,KH2I3O,False
32214,ThSbTe,False
36112,NaYPO4F,False
11564,Be2SeCl,False
44435,Mg2GaPd,True
51337,MgFeBO4,False
16833,Ho2TlZn,False
13762,Er2Cr2C3,False
19911,ZrAsRu,False
38964,NaMgH3,False
32152,MgH2SO5,False
30456,TlHgN3O6,False
3994,Ba2ZrTe,False
16204,ErIn5Rh,False
53319,HPbO2,False
15498,YSiPd,False
42613,Mn5Si3,False
4033,BN,False
48616,LiTiCoO4,False
19177,TlBi,False
30572,YPd3C,False
7704,K2BeFe,False
32060,Pm3Ge,False
11066,MnCuSb,False
7085,Sc2BeGe,False
41579,LiCaCrF6,False
42756,BeCo2Si,False
49700,TbMoBrO4,False
23869,NbBr3O,False
8398,ThSe3,False
33039,PmMgAu2,False
27073,TmInAu2,False
32715,VZnRu2,False
54189,Ba2CaCu2MoO8,False
36165,NaTaO3,False
31912,AgBiTe2,False
48679,YSiO3,False
43557,BaZnIn3,True
54325,RbMoCl,False
29774,V2CuS4,False
40814,Rb2Li2SiO4,False
28829,Ba2LiMg,True
47775,Er2Fe17C2,False
17821,ThSiRu2C,False
37834,NbFe3,False
39006,KAgO2,False
342,H4PbC2O6,False
19872,Na3ScCl6,True
32948,DyZrRu2,False
53622,Mg2Se,False
16633,Pm3Th,False
5440,BaNa2P,False
4169,BaSn2Sb,False
21616,RhF3,False
22362,Ti2CuRe,False
5601,LiBe2Cr,False
44139,K2AgAsCl6,True
49640,NaMoO,False
51810,Ca2C,False
25592,Rb3AsSe16,False
50530,BaYMnCuO5,False
25057,NdMnSi,False
45693,HoAsPd,False
40685,Cr3RhN,False
50026,BSbO,False
19679,K2HgAu,True
51965,Sc2NCl2,False
33159,Yb2CdPb,True
47141,Ge3Pd,False
25942,Rb2PrO3,False
39819,LiFeO2,False
27394,NaCdIn2,True
45436,Mn5O3F5,False
48977,SrLi2SiO4,False
53785,YCN,False
32217,Mn3Ge,False
36527,LiCaAlN2,False
39143,Na3NO2,False
42798,LiGe,False
51492,RbBiF2,False
7170,ScF3,True
24930,Cd2As3Br,False
7940,Sm2V2O7,False
8247,YBeZn,False
45951,ZnBi2O4,False
8342,CdAsPd,False
15981,LiDy2Pt,False
53907,SrBeBr,False
28654,CeBi,False
1020,La2SiO5,False
12403,SmP3H5NO10,False
10185,TlCu2S2,False
44430,CeGa2Ni3,False
10999,TbNi4Au,False
38398,RbCdBr3,True
16469,Pr2MgAl,False
49531,Li3V4FeO12,False
47637,CeGaCu4,False
25799,V2ZnO6,False
19802,Rb3SmCl6,True
18340,UAl3Pd2,False
45353,SrNi4O8,False
5408,BaLaMo2,False
46635,VS4,False
53646,YBr4O,False
29053,Sr3GaO4F,False
10750,BeW2Cl,False
39568,Zn3GaB6PO12,False
15681,TbTh,False
19107,In2AgTe3I,False
54565,NdHO,False
7418,KMg6W,False
6918,KHCO3,False
2253,Ba6Mn5O16,False
40682,YbInPd,True
50838,TaSbO,False
12882,BeVIr,False
2663,Ba2U2O7,False
13352,Mg6SbW,False
26132,CaAgP,False
20229,Y2TlIn,False
30754,RbUN3O11,False
12684,NaMg6W,False
6931,EuAl4,False
43130,LaNi4Pt,False
44132,TmIn5Rh,False
34258,Tb2Cr2C3,False
3979,BaSbTe,False
35906,Pm2Mg,False
23006,CrCuS2,False
30737,PrSe2,False
28693,Ca3AsP,False
25420,Ba7Cl2F12,False
46524,Ti2Cu3,False
50810,MoCl2,False
22418,Sr2CoBr2O2,False
9197,Zr2Al3Co,False
21855,CdH6C5O4,False
42033,Rb2NaHoF6,True
41161,Te2Mo3WSe2S4,False
46884,Ba2CuSn2F14,True
4715,NdZnSbO,False
4433,PrMgPd,False
16961,Sc2CoCu,False
31586,AlFe2W,False
31959,Te2Mo3WSe4S2,False
26103,FeCl3,False
23185,HfPbO3,False
31266,NdF3,False
3411,Ba2TaTe,False
24005,B5H9,False
46640,Nd2HgO4,False
52729,Pr3AsBr3,False
43380,MgVO3,False
21124,H12PbC8O4,False
13601,Ba2LaUO6,False
32181,NiP2,False
24740,Sm3Ge4Ru2,False
52987,Ag2TeH4O6,False
25713,LiMn2O4,False
35513,SnBrF,True
18108,Na2LiNdCl6,True
46076,K4Fe2O5,False
16940,Rb2NdCuCl6,True
41257,MgCo2O4,False
50896,Rb2AlAuF6,True
49942,CaAu2N2,False
23860,CoCN2,False
2598,UAlIr,False
13444,Mn2BePd,False
6822,LaBePt2,False
36305,K3AlTe3,False
42135,RbTlBr3,True
54070,TbZn3P3,False
24752,Tm2V2O7,False
37551,TiN,False
25213,TmP5,False
20911,CaFe2BiO6,False
21797,Mg6Sn2Ge,True
15973,Li2Ti2Sb2O,False
44620,CeGaAg,False
24241,Tm3Mn3Ga2Si,False
1305,Ba4TiZn,False
45398,YPPt,False
33657,Er2MgTl,False
10239,SrMo6S8,False
7392,TlAsOs,False
47322,LaSiOs2C,False
6289,BeTlRu,False
1766,Li3Mg,False
52222,CaAlN,False
18111,Ho2ZnRh,False
52813,Sm2Mo2O7,False
23764,Te2MoW3Se6,False
13912,K2PdSe2,False
34190,LiVAsO5,False
14651,K2S2NO7,False
34221,K2MgF4,True
160,La2PI2,False
12037,CeMg6Mo,False
2433,Co2O3F,False
54039,MgPO,False
37992,CeY3,False
23776,Ce2SbO2,False
38749,NaCeSe2,False
25066,Li4Ti3O8,False
27359,Si2O,False
20494,MgBi5,False
45307,Na3Sb3As2O14,False
24960,Tb2MnNiO6,False
42257,LiPrAu2,False
32917,HfSb,False
5222,BaMgBr,True
28217,NaLi2Hg,False
21743,YbBRh3,False
11902,Li2BeSe,False
5524,BaNiS2,False
13864,Ca2GaCu2,True
28213,YbSb2Te4,False
29704,MoO2,False
30620,VFeO4,False
24681,CdSO4,False
41331,GaFe3,False
23115,BaGe2B,False
5865,BaLaSc,False
29022,HoSeO3F,False
3068,Sr2LiCoN2,False
42772,LiVBO4,False
49800,KCdP3O9,False
1211,Ba4MgTi,False
716,Ba4TiMn,False
7370,BeCdCo2,False
39255,CeOF,False
39545,NdSnPd,False
24996,Ba2Fe2S2OF2,False
13366,TaH2,False
29821,MnZn2SbO6,False
31707,AlTlI4,True
41005,ScInNi2,False
50472,BaI2,False
44898,TbBaO3,False
29364,Sc2Si2O7,False
17321,K2RbScBr6,True
14072,BaTeMo2O9,False
22400,Al2Ru,False
28473,NdBPt2,False
37864,LiMn4O8,False
21938,YbTlPd,True
803,Ba4TaGa,False
41409,Mn2CrCo,False
41173,BaMg2FeH8,False
16047,La2TlAg,False
20046,SrZrO3,False
20475,HoAl2,False
28811,AgPS3,False
30180,LiCoSiO4,False
42300,Rb2LiLuCl6,True
12753,Mg2Sn,False
33691,LaPd3S4,False
35542,HgTe,False
44153,K2ZnSe2,True
7276,NaBe2Pt,False
22880,YH3O3,False
24531,BaVO3,False
5365,BaZnSe2,False
14375,CeFe2P2,False
35191,MgSnO3,False
34906,LuP,False
52126,ZrMnF2,False
30723,Sm2AlNO3,False
44771,USb2Ru,False
44930,Mn3F8,False
8482,CeIr2,False
44018,UGa,False
50824,SiSbO2,False
43877,BaFeO2F,False
43583,MnCdTe2,False
21215,Dy2PdRh,False
24112,CoO,False
50740,CoSbRh2,False
16180,Li2CuPO4,False
38752,Li5Fe3Ni2O10,False
30640,ZnSb4O8,False
4597,Co3Mo3N,False
35329,Mo2WSe2S4,False
34134,CaAs,False
32333,SiRu2,False
19533,ThSi2Pt2,False
36735,HfTl3,False
27978,TbCl3,False
19512,H6C10S,False
32593,HoSi2Pt2,False
33613,SmBi2BrO4,False
8216,V5SiB2,False
40070,CaCu2O4,False
32631,YbTl2Cd,True
41217,NdNi5,False
11571,BeF2,False
14792,ScCu4Sn,False
50998,BCN2,False
22140,K2LiCeCl6,True
33430,Te2Mo3WSe2S4,False
33329,Ti2VS4,False
45439,FeSnF6,False
24017,LiCuF3,False
36734,LiAgO2,False
13165,TaSe2,False
800,Ba4MnZn,False
4085,Al2SiO5,False
49604,Mg16Al12O,False
40951,CuH2SO5,False
33916,CaDyHg2,True
47381,Ti2ReOs,False
39058,KNdO2,False
41888,Ca5As3O12F,False
27240,TiNiSn,False
16001,BaYBr5,False
38989,NaTeF5,True
6878,HfBePb2,False
4792,BaMn2Sn,False
47135,SrNdGaO4,False
25228,UAl4Co,False
44624,VCrB4,False
27243,LiLaHg2,True
4689,CeMn4Al8,False
24413,Ti2FeSe4,False
3144,ZnNi2O4,False
24791,FeN3ClO3,False
17455,Na2GaCuF6,True
12918,KBeCd2,True
39188,K4CdCl6,True
16532,YbSmCd2,True
2255,CdAs2O6,False
4279,CrFe2Se4,False
27028,Ca2Sb2O7,False
49875,PdF3,False
8067,Be2TcRh,False
1867,Sr2CuB2O6,False
25609,Sb4O5F2,False
15174,VCr2Te4,False
34790,Rb3Mg,False
17195,TbCdPt2,False
28246,TiInRh2,False
50671,CaCdPt,True
22237,Ti2Cu3,False
13498,Be2CrOs,False
27217,NbSe2,False
30259,Na2Zn3S4,False
410,Ba4PdCl,False
43852,Rb2GaAgF6,True
42349,Ho2CuOs,False
607,K3Sn,True
44852,KC2N3,False
20394,Cu2S,False
11056,RbCdH2I3O,False
13615,PrCl3,True
5216,Li3SbS4,False
52085,Cu3OF5,False
4945,Ba4ReIr,False
5674,InS,False
26523,CdCuF4,True
30088,CdRhO3,False
10681,K2RbPrF6,True
21624,Sb3Au,False
4405,K2WCl6,False
38960,Na2MnAsCO7,False
25745,Bi2Te2WO10,False
30707,Sr2ErRuO6,False
638,Sr2CoO3,False
4528,NdSnAu,False
47491,ErAlSi,False
5723,LiV2O3F,False
49244,WO3,False
41701,Ca2RuO4,False
18881,Te2MoW2Se4,False
46793,Ho2HgO4,False
12626,Ca2BeTl,False
49538,Li2I,False
24997,LiMnF4,False
45745,MnNiBi2O6,False
34531,MgTaOs2,False
49517,MgH2C3O4,False
46264,TlAgBr3,True
23863,Sr2MnO4,False
15860,TbK2CuCl6,True
10704,Mg6CoSi,False
43036,NiPt,False
20384,Li3FeO4,False
41867,UHg2,False
12942,CuO,False
5673,YbPd,False
23100,BaCO3,False
33069,YMgCd2,True
15431,CoNi,False
49276,VF5,False
26217,CaYZn2,False
52633,Nd2Cu5Ag5,False
47123,BaBrCl,False
43791,SrCrO2,False
18377,K2ScHgF6,True
13326,NaBe2Ru,False
13638,HfMg6W,False
9884,Mg6GaCu,True
48585,Ca2Al3O8,False
32749,Nd3Si2ClO8,False
54210,LiNiAsO4,False
42152,CeB2Ru2,False
5161,YbAl2Pd,False
21188,ZnGaPSe,False
402,Ba4NbZn,False
13101,LiTa2CuO6,False
44985,LiTmPt2,False
51772,As2I,False
44853,Rb2U3I4O20,False
54032,Li2Te,False
4682,EuCu,False
10709,Mg6NiW,False
25230,SmH2ClO2,False
1569,Ba4TiBr,False
10306,Ba4YPt,False
14829,ThSb2,False
27076,U3Si4Ni4,False
29809,ZnH2O2,False
4783,Li2CuNiO4,False
19126,Ga2CuAgSe4,False
19130,CdH8C6O4,False
32805,Pa3Sb,False
3324,Tl2CdGeTe4,False
25447,TiO2,False
15586,YbBr2,False
40328,ZnIn2S4,False
34549,NdCdAu2,False
28399,Li2GaHg,False
52329,Tm2Al9Ir3,False
25288,CaCu2O2,False
1033,Ba4MoBr,False
27354,YCdHg2,True
33971,YbRh2,False
9765,Be2TlTe,False
23381,Ba2TmNbO6,False
46965,TeMoS,False
3122,RbMg6W,False
26992,AgCO2,False
6209,CaBeOs2,False
51374,Na3NiN2,False
40082,CrGe,False
15570,Co3P2O8,False
44075,Ni2PPd,False
26005,AlPO4,False
5804,LiIn2Ir,False
33190,Al3Cr,False
43056,Zn4FeSe5,False
5359,BaCr2Mo,False
50591,K2LiLuCl6,True
20019,Dy2S3,False
4128,K4BeP,False
53778,RbAuSe2,False
45363,K3Rb,False
6540,Ag2S,False
54182,ZrCo,False
10409,BePdSe2,False
1928,Hf4BeZn,False
49367,Cr8Fe3CuS16,False
14020,ScF3,False
50375,LiPm3,False
12856,SiO2,False
9166,Be2HgSe,False
41937,PrSb,False
48755,CaAuF3,True
19352,SrLaGaO4,False
49837,TlPS,False
21293,Mn3O5F,False
25012,TmCu2Ge2,False
37134,CuS,False
39011,Na3AlH6,False
24205,LiMn2O4,False
46744,LiIn2Ru,False
16955,K2InBiF6,True
43749,SnO2,False
31099,CuTeO3,False
12390,Ce2Zn2Cu5,False
30322,Sr2HoReO6,False
21072,ScInP2,False
24827,Rb2NbCuSe4,False
32219,TiZn,False
49395,Bi2Pt3Se2,False
5014,BN,False
41351,Li2Ti3NbO8,False
29847,MnCdO3,False
39537,CaMgAsO4F,False
27710,AgH,False
34185,LiSmO3,False
22644,Tl2SiNi,False
33126,LuThRu2,False
21985,K2TlInCl6,True
39165,ThSe2,False
13309,HoAgTe2,False
51343,Sr6MgMo3O14,False
4293,H8PtO6,False
3691,BaCoGe2,False
54432,CaP3,False
16274,Eu2TlIn,False
38670,Na2Nd2Ti3O10,False
14434,Rb2AlInF6,True
46328,MgNi2O4,False
23181,SiCu2Se3,False
33592,MgPPd5,False
17960,YZr4O9,False
2498,V2OF5,False
36550,Na2Cl,False
17981,SiPt,False
52379,Sr5Fe4CoO10,False
10393,K2BeTc,False
48198,SrTeO,False
45125,V2O3F,False
8824,MnGa2Co,False
37776,TmMgAu2,False
34025,TiGePt,False
32201,ZnCuAu2,False
38395,Ge3N4,False
21537,PrHoTl2,False
5631,ScBeOs,False
47271,Sr2ZnGa,True
47510,Yb5Mg,False
43840,SrClO,True
28604,Ag3P11,False
37752,Dy2SeO2,False
25232,NaAlAsO4F,False
49692,Zr9NiMo4,False
8959,EuTl3,True
20073,ThAl2Co3,False
53026,Ho4MgNi,False
20750,RbTeAu,False
22073,CaPd2,False
27642,Mn2AlO4,False
25049,BaCaI4,False
5724,RbPrSe2,False
27833,YbMgTl2,True
5786,KAu5,False
34712,Sc2FeB2Ir5,False
45673,Mg2B4Ru5,False
30703,Cr2S5,False
26718,MnAlF5,False
13953,BW,False
36287,AsO2,False
16009,Y2Al3Si2,False
18490,U3Si2C2,False
32188,K3ReH6,False
4581,BaLiY,False
674,H4N2O3,False
31720,In2Pt2O7,False
15633,ZnSiNi2,False
21615,K4BeP2,False
21565,CeSi2Ir2,False
44184,Li2MnBr4,False
455,Ba4ZnPd,True
45672,CrS2,False
9653,MgIn2,False
2643,PdSeO3,False
38119,BeCo2O4,False
47021,Sc2CuAu,False
44146,FeCu2GeS4,False
18317,KRb2AuCl6,True
14362,TbZnSn2,False
31545,Te4MoW3S4,False
43046,Sm2CdIn,False
26953,Zr2SN2,False
43243,LiAl5O8,False
11309,MgTi2,False
54366,LuSn7,False
17873,GaPb3,False
53435,CaBeBr,False
42440,Ba4TlSb,False
36594,AuBrO2,False
35491,Cr3Ga,False
28644,SnBi,False
31652,Dy2MgIn,False
149,Mg6ZnFe,True
3510,Pr2TlCd,False
41710,ScInAu2,False
29193,NaGeSbO5,False
498,Zr3Al3C5,False
49145,SnH8C5O6,False
25865,BePRu2,False
20108,RbNdS2,False
49197,GeCl,False
30485,IrO3,False
27757,ZrBeRh2,False
28412,Ti2Al,False
9741,MgZrBe2,False
36649,Li7VO4F2,False
14989,Er2Ge2Ru,False
10973,EuMg3Ge3,False
38696,DyB4Ru,False
18598,SiGe,False
52650,BaInF2,True
36551,PrHoMg2,False
34168,KTiPS5,False
49759,SrSO2,False
14042,Nb2Cr,False
42817,Nb2MoRu,False
14780,CuC2S2O6F6,False
8995,BeV2Os,False
31782,ErNi4B,False
50239,NaV4O10,False
208,Ce2Nd2O7,False
49010,HC3SO,False
4341,URe2,False
10172,TbSi3Ir,False
18079,Fe4Se3Br,False
48187,Eu3B2Pt7,False
21740,AcFeO3,False
18100,NaHCO3,False
49365,NaFeBO3,False
16884,TaSe2,False
39294,CeGa2,False
20342,FeS2,False
7209,BeSi2Hg,False
9859,USi2,False
22119,RbFeSe2,False
7471,LaMg,False
35871,SnSb,False
7682,CoAsS,False
20533,PrNdAl4,False
31806,Mg2Cu,False
36263,LiScMo3O8,False
33047,Zr3N2,False
4616,Ba4MnRe,False
49761,SrSO,False
54363,U3Si,False
34226,Cr2FeTe4,False
8823,MgBe2Ru,False
49338,K4PSe3O16,False
36338,NbCrN,False
51013,MnTc2Ge,False
16874,Ti2FeTc,False
14142,CoHO2,False
13157,Ti4Cu2O,False
13754,YbCuSb,False
37818,Yb3Rb,False
14703,K2SnBr6,False
27388,Ta2MoOs,False
38642,KHo2CuS4,False
52893,Tb5Pb3,False
35351,PrNdTl2,False
6524,MgBe2Pd,False
29542,BC2N,False
44716,MgIn2Se4,False
17443,Eu3Mg,False
6709,Sr2BeRh,False
28054,Te2Mo2WS4,False
16939,TmAsO4,False
45529,TiCoSn,False
24130,K2Sn2O3,False
11317,SrSi3Au,False
53364,NaAlTe,False
54300,BeSn7,False
9512,RbMg6Ga,True
36128,SiH12C2N6F6,False
52918,Y6NiI10,False
17531,Co3O2F4,False
29148,LiSbAu2,False
46067,K5Dy3I12,True
26336,KMgP3O9,False
25912,Ta2I5,False
15776,HoRh2Pb,False
47547,TlIn3,False
20134,H4C6SO2,False
18882,Sr2CuPt,False
47963,RbPbCl,False
40231,MnO2,False
8750,BeZn2Ge,True
43582,LiMn2P2O8,False
17982,Ni6SnSe2,False
407,YGa2Pd,False
11256,Mg6NbAl,False
51442,Li2O,False
42107,YTa3O9,False
41914,TlHg,False
10769,CaRh2O4,False
39570,ScFe2,False
9877,TiBeSi2,False
49291,TlGeS,False
3646,Li2ZrN2,False
20172,NpTe,False
53926,SnHCl2,False
13524,Sc2BeTe,False
12547,HfTaB2,False
21395,WO2,False
4555,BC7,False
40755,CaH2O2,False
38258,ErMgZn2,True
30872,Tb3AlN,False
46502,SrCaPb,True
9092,Mg2BeNi2,False
33232,Li2MnCr3O8,False
12142,BeFe2Se,False
18921,Li2FeCoO4,False
17628,K2RbAsI6,True
17497,H2C4S,False
49121,Ni2Mo3O8,False
14255,MnPbO3,False
14107,Mg6NbSi,False
17804,K2InHgF6,True
33498,KSnSe2,False
13939,LaCl3O3,False
35994,Ba3Al2Ge2,False
35102,YGaAu2,False
31485,KRuO4,False
39968,DyTe,False
23696,Hg2ClO,True
6061,NaBeIn,False
41976,NaZr2ZnF11,False
27749,KVCu2Se4,False
8322,LiMnO2,False
1866,TmAgSn,False
27700,Ba4B2N4O,False
10568,BeZn2Bi,True
4204,Sr4GeP4,False
9414,FeWClO4,False
51874,NbIO2,False
50968,Li5Co4NiO10,False
26472,CdBiO3,False
47676,HoCu4Ni,False
45539,PrInRh,False
24201,RbIO4,False
33825,Lu2MgGe2,False
10701,BeGaPb2,False
40799,PtPb,False
50020,Sr3Os3N5,False
30100,TbAl,False
45432,Co3S4,False
40059,SrSiN2,False
42580,Nb2Zn3O8,False
28378,BaCaGe,True
39299,Mn3FeO8,False
28706,PtC,False
8081,ScMnGe,False
3047,MnSb4O12,False
43706,YMg2,False
8076,UInPt2,False
6073,LiNiBO3,False
47473,AcPm3,False
30632,HfO2,False
403,MnSe,False
7074,BeGePd,False
54511,AcSm3,False
306,Ni3Hg,False
47797,CaIrO2,False
15175,NdTa2O6,False
3143,EuAu,False
22184,ZnH2C3O4,False
46273,Tm3AlC,False
25761,Hf2CuTc,False
21327,In2S3,False
6324,BeBiBr2,False
39707,AsRh,False
5920,ScBe2Br,False
26448,K2S,False
45308,Te2Mo3S4,False
49134,ZrZnF,False
28617,KNa2As,True
2411,OsN2,False
42833,KRb2AsI6,True
35827,ZnNi2Ge,False
11275,Mg2BePt,False
36067,PaBr4,False
46172,RbTaGe3O9,False
49109,NaNbF4,False
22365,MnSe,False
51170,MnFeB,False
36522,USiRh,False
30558,Sm2SiTeO4,False
35187,Sm3Hf,False
53934,ZnAgF3,False
51039,Pr2ZnIn,False
7799,AsPd2,False
26813,DyHg2,False
19893,ErCo2Si2,False
43414,InAg3F6,True
18620,YbDyCd2,True
21801,Mg2TaSnO6,False
46441,Li10Zn4O9,False
19120,MgZnS2,False
37987,TbLi2F6,True
812,ZnCoO2,False
27178,LuSi,False
53569,RbCdBr,False
31516,Ba3MnNb2O9,False
19339,Rb2GaHgBr6,True
32102,PPdS,False
46010,Pr3InC,False
16315,PmYIr2,False
11053,BeNbP2,False
49626,MgO2,False
24382,Tl6SeI4,True
21962,NdSi2Ni2,False
47011,Te3Mo2S,False
54094,KAg3,True
46462,HfPd3,False
37806,BaReN3,False
23767,Te4W3Se2,False
27222,LiSbS2,False
44582,SrCu3Sn4O12,False
5392,Ba4HfIr,False
10111,Sr2SbAu,False
18037,TaPbBr,False
39984,NpTeAs,False
40234,In2Au,True
19935,PuO,False
26449,KNO2,False
51016,Na3Ag,True
35195,Lu2AlTc,False
12234,Mg2ZrBe,False
48615,BaZrTe,False
15612,SrTa2Mn,False
29779,NpCuSe2,False
47012,TeMoS,False
54435,CoP3,False
37575,MoW3Se4S4,False
6953,ZnAsIr2,False
47188,Rb2AgBiI6,True
33304,Sm2NiIr,False
5803,Ta2CoO6,False
11743,K2W2O7,False
3300,SmZnSn,True
34608,MgInRh2,False
9290,IrBr3,False
38503,NaLaSe2,False
41333,Te2Au,False
21123,K2Zn3GeAs4,False
32776,Nd2Ti2S2O5,False
1787,Ba2InIrO6,False
47399,Nd2TlCd,False
1008,Ba4YTi,False
1283,Mn3FeP4,False
45014,DyS2,False
52264,Na5Dy4Si4O16F,False
6242,ScFeC2,False
5791,AuN2,False
32998,AlAsPt5,False
42164,LiS,False
6082,NaInSi2O6,False
51557,PbIBr,False
34276,Sm3SiAgS7,False
5870,Be2VSi,False
42997,Rb2NaCrCl6,False
16753,Tl3As,False
53305,BOsO4,False
30559,Sr3P2,False
6609,BeSiCl,False
52591,SrCa3Ru4O12,False
37840,MnFe3,False
1994,Ba4MnCd,False
9792,Be2ZnTe,False
9012,Na2BeCo,False
10295,NaBe2Te,False
10238,PH3,False
48193,SbTeRu,False
53216,SiHO,False
19413,BeCo,False
26062,Ag3AsSe3,False
21990,ThTa2O7,False
33908,LiSn4Rh,False
30905,Sr3SbAs,False
22075,Zr2AlN,False
46874,Fe2P2O7,False
14353,Li2SbPt,False
41705,KHgC2IN2,False
25882,FeCl3,False
13131,Mg6CrSi,False
48843,SnH16C9O4,False
53729,AsP2,False
2657,Li2SbAu,False
28206,LiHg2Rh,False
26742,ZnO2,False
5202,Ba4InRu,False
33071,PrSbPd,False
24280,NiTe2,False
39868,LiMnF3,False
24575,TiO2,False
41435,YAl3,False
3838,KBaFe,False
6046,NiTe2,False
45521,BaH4O6,False
33183,AlH12Cl3O6,False
24108,MgGa2O4,False
17985,Zr2HN2Cl2,False
32795,TiGaPd2,False
37621,Dy2Pb2O7,False
44817,Tm2Ga8Fe,False
48888,CaSn2O5,False
37558,Hg3SbAsS3,False
25264,Li5ReO6,False
46395,PrP12Ru4,False
50310,LiBrN,False
41121,MgSb2O4,False
16570,AgSbS2,False
39337,NaV2O4,False
655,MoW3Se4S4,False
53004,RbInF,False
52422,La3Al4Si6,False
27637,LuGa,False
22550,LiCoS2,False
7760,ThAl3,False
1703,CaPbI4,True
52993,GaTeCl2,False
39843,Mg2Si,False
17469,Pr4CoI5,False
4176,Ba4SiIr,False
41815,HfAg,False
36155,Mn3O4F2,False
8049,BaBi4Br2O6,False
40824,UGePt,False
44012,KP2Ir2,False
50720,Y2Br3,False
8531,Hf2BeBr,False
19321,LiMnF3,False
33034,YbErPd2,False
4311,HfSnIr,False
52665,MnFe4Si3,False
7496,Sr2Ti2Sb2OF2,False
22378,ZrAl2Zn,False
8929,Li2FeF4,False
4576,Ba4BeRe,False
34145,TeMo2Se2S,False
50657,HoLuPd2,False
45997,NdMgNi4,False
40722,K3NaCr2O8,False
53608,Mg2Se,False
7816,MgSiH2O4,False
38046,Li2MnSi2O6,False
17903,SnH8C5O4,False
24574,KCrP2S7,False
28410,CdIrO3,False
13007,MgCuO3,False
22727,Ba2DyBiO6,False
50100,LiCoP2O7,False
619,Mn2GaW,False
20659,Te2MoWSe2,False
19458,SnH8C4Cl2,False
2034,Ba4VBr,False
23844,SrTe,False
49469,TlInS,False
15381,NdCoSi3,False
27251,MgV4S8,False
37158,UPbO4,False
51910,LiSe3,False
12152,NiB2W2,False
17977,ErHfRu2,False
29307,KTaO3,False
41225,Fe2Te4H3ClO12,False
16038,CaLaGaO4,False
16134,Ca2Mg,False
13784,CaPd,False
33009,Tm2AgPt,False
46323,Li3CuF4,False
48169,TlZnF,True
27817,KTcO4,False
27100,Ga2TeO6,False
37554,TbTmHg2,True
2366,CaBHO3,False
53745,Ba3CoIr2O9,False
7303,TiBe2Cl,False
25894,Cr3CuO8,False
1532,CuAg5As3O11,False
22729,TeO2,False
46402,LiSiNO,False
14177,Mg2Sb,False
34707,Sc2AlAg,False
26882,LiCu2O4,False
13919,LiH2NO3,False
8564,NdAl4Ge2Au,False
43166,Er3In4Co2,False
7718,BaGe12Pt4,False
21532,NbNi3,False
5397,BeBiMo,False
4027,Y3Ni13B2,False
34791,Ti2TcPt,False
45960,NiPtF6,False
5588,Ba4CoOs,False
29605,ZnCoF4,True
52646,NaScTiO4,False
35636,PrO,True
16417,SrCd2P2,False
54465,P3N,False
26890,TcN2,False
32983,CaCdAu2,False
49564,LiSbP,False
49673,HoCrB4,False
28400,NaAlF4,False
49736,La4Co2Sn5,False
7232,VTe2,False
29538,BaMgV4O8,False
38618,ZnSb2O4,False
29210,SrCl2,True
18007,Sr2CuSO2,False
33123,PaSe3,False
31854,PrNiGe3,False
43172,PrPtF7,False
39187,In5AgTe8,False
22275,AlTc2Pb,False
46719,AgBi3S5,False
42856,TiAlAu2,False
36011,TbS,False
46363,RbF,False
2298,DyNi4Au,False
8682,CeSi2Au2,False
52205,Nb3IrSe8,False
29814,MgSn2O4,False
1192,Y3TlC,False
8958,YSi2Ni2,False
8425,LaBeOs,False
15058,CeEr3,False
1410,Ba2HgBi,False
12006,KCa2Be,False
39324,Sm3TaO7,False
50238,C3N2,False
7423,ZrBe2Nb,False
10818,CaSi2Rh2,False
23681,SiC,False
23263,CaNiN,False
6785,CeTh2O6,False
39037,Mg2SiO4,False
15402,H4SO5,False
8894,KCBrN2O4,False
41524,Ba3In2O6,False
48626,Y4CrS7,False
1972,Pr2CuRu,False
38619,BaCaI4,False
18730,Nb4Pd,False
43490,K2LiNdI6,True
23342,CaGeO3,False
29621,TiZnBi2O6,False
13282,KRbMnF6,True
411,BeTlP4,False
18717,ErFeNi,False
35823,SrGaGeH,False
10352,LaY2Be,False
20971,V2NiS4,False
22625,HoN,False
45847,KGeNO,False
31317,Ti2CoSe4,False
6340,BeNbCd,False
31269,AcFeO3,False
25701,Ta3O7F,False
1316,Ba2HfO4,False
53941,La3IrBr3,False
33967,LiSc2Ru,False
10019,KSi2BO6,False
15178,SrCl2O6,False
26015,LiFeF4,False
9217,BeReW,False
4075,BaZrCl,False
25789,TiO2,False
44101,Cu3Ge,True
18224,MnNiTe2,False
27370,TcN,False
44262,Na2CuSbS3,False
234,UInPt,False
35500,Pm2ZnPt,False
3707,LaBeCd4,True
38161,LiVF4,False
23991,BaYCoCuO5,False
26172,MoWSe2S2,False
47379,TiVC2,False
47560,RbCNO,False
31925,TbYbHg2,True
26774,YbCuSb,True
33230,PtS2,False
38369,ErRh,False
5504,Ho5Co2Bi,False
1356,BaCaY,False
17787,LiCuAu2,False
8619,Nb2CoAs,False
27685,NpSnRh2,False
45896,Tm2FeC4,False
25202,Yb2LiCl5,True
2947,H2Se,False
35361,Nd3Ag,False
54170,VMo6Se8,False
46485,Te2MoW3Se4S2,False
4547,Ba4TaV,False
15908,UMnAl,False
35863,SbIr,False
19832,Mo2CN,False
10036,LaBe2Pd,False
53587,MgC,False
31899,NaAlPO4F,False
11155,ScBe2Te,False
38173,Bi7S9Cl3,False
41283,Mn2B,False
24356,Fe3O4F2,False
8697,HfMg,False
9783,Er2GeRh3,False
51613,BrO,False
4254,U2N3,False
19510,Er2CuSi3,False
1037,Y4OsBr4,False
34353,Ta5N6,False
51724,LiGaW2O8,False
8528,SrLiMg6,True
43308,HfSbRh,False
44799,Li2Co3SbO8,False
31621,BPO4,False
46509,GaTe,False
34563,Tm2MgTc,False
36992,VOF3,False
11896,YTi2Ga4,False
26830,Mg3Bi,False
46227,KTaAg2Se4,False
9599,BeGeTe2,False
51549,LiVC2O6,False
7550,Be2TeSe,False
13622,As2Pb3O8,False
21858,Cr4Te3S,False
47630,Ti3VS6,False
48249,Li4Mn3CoO8,False
53257,B2H,False
3463,TbSn3,False
43118,RhN2,False
6796,BeInPb,False
35549,LuAl2,False
42576,CrFe3B2,False
38474,KSn2I5,True
10149,HfMnBe2,False
10728,LiTiBe2,False
4570,Ba4ScMo,False
46383,Sc11Os4,False
2708,Mn3O4F2,False
50673,MgAlNi2,False
48591,BaTlTe,False
12892,Be2HgW,False
29350,SrCdO2,False
8205,BeSi2Ru,False
45730,Ti3PO2,False
31167,Te3MoWS,False
53809,SiC,False
46002,H6PbCNCl3,False
41792,CdPd,False
1635,Sc4Ge6Rh7,False
11910,Be2RhPb,False
47856,Mg2Mn3MoS8,False
8882,ZrBe2As,False
25197,Li2RhF6,False
13613,Mg6CdCo,False
7857,BeSiTe,False
15063,Li2Co3SnO8,False
13310,Li2S,False
25938,Dy2Sn2O7,False
53348,NaNiO2,False
6807,CaBe2Ru,False
19763,SnH12C7O4,False
13094,FeSb2O4,False
30217,LiCuSi2O5,False
44864,NaErP2S6,False
8029,Be2CdCu,False
13832,VAu4,False
50107,Li4Nb3Co3Sn2O16,False
33181,PmMgZn2,True
22052,K2NaInI6,True
3583,V3Ni,False
49212,GeF,False
7086,Be2NbV,False
34480,ZnP,False
2765,KCBrN2O4,False
39025,CrPO4,False
16554,GaCuSe2,False
36538,AgBO3,False
11353,Be2CuBr,False
42784,Zr3Sn,False
46621,P4N6O,False
27416,Zn3C,False
46282,BaMoP2O8,False
43813,Y2CuOs,False
51396,Li6MnO6,False
41115,Nd3SnC,False
33716,SnPCl9,False
18217,GaAgSe2,False
4141,UGeTe,False
27232,V2NiSb,False
28977,Ca2SnN2,False
15328,Ba2HoUO6,False
13830,La4S3NCl3,False
20569,Ga2HgS4,False
8585,KV5Se8,False
51459,ZrGa6Fe6,False
30721,CrFe2Si,False
8245,Hf2BeBi,False
51273,DyTlP2Se6,False
33610,Ba2HgPb,True
31710,Te2W,False
43062,LuCu5,True
14233,LaPd5,False
31571,PuS,False
26416,KB,False
48893,SiPbN2,False
19678,Rb2O,True
32754,NaCl,True
30784,CeSi2Mo2C,False
35531,MnNi3,False
12962,MnBe2Hg,False
9781,BeTl2Os,False
52376,PrNCl4O4,False
22834,SrPr2Se4,False
41154,Ni3Ge,False
37923,Li2VCrO4,False
19052,LiPmO3,False
16997,Sc3Sn,False
24398,YbHO2,False
30258,MoO3,False
35159,TiNiGe,False
5131,Na4MnO4,False
21049,BaMn2N2,False
48058,CoReO4,False
14367,CoReO4,False
51364,Tb10Si3Sb3,False
923,Ba4GaSb,False
47316,Yb3Cd,True
8242,FeOF,False
39540,Li3BiO4,False
42791,Ba2TmTaO6,False
33522,SmYZn2,False
11646,Ta2BeCr,False
27001,Mn5CuO12,False
12477,Nd3Au4,False
9895,Ti5Te4,False
2156,TeI,False
9153,Li4Co2OF7,False
44681,ZnBi2B2O7,False
26251,CaZn,False
44861,KHfPdF7,False
2106,BeCrP,False
35651,Rb2SCl6F,True
22482,USi2Cu2,False
20174,YGe2,False
26838,TiAu2,False
4397,Ba4PtW,False
52831,LiMnF4,False
43907,Li4UO5,False
29112,Rb2PdN2Cl2O4,False
25565,MnH2O2,False
25102,TlInS2,False
29383,CaMo4O8,False
37681,BeSiOs2,False
31997,HgCl2,True
17712,Mn3FeAs4,False
42032,BePd2,False
41039,Ta2Te4Br10O,False
42436,YB7Mo3,False
26072,MoW2Se4S2,False
52814,V2Cu5H4O12,False
4207,BaCaI4,False
5926,Bi2Te3,False
50614,CdCl2,False
39159,LiMnF4,False
34728,PrErZn2,True
51690,NaZn,False
24117,Li2Mn3WO8,False
32598,CoBW,False
1075,Ba4PdBr,False
9063,YBe2P,False
24036,Ta3SeI7,False
47850,CaSnS3,False
35239,KBaSn,True
8512,KCoAu3C6N6,False
40651,Li5V5Cr2O12,False
17024,CrAgS2,False
45173,CdAu3,False
54219,SrBeBi,False
37988,Li4CuNi3P4O16,False
31199,DyB2Rh3,False
13587,RbVO3,False
29318,LuCuS2,False
41162,ThPb,False
3778,Nb2N,False
12592,SnSb2Te4,False
21403,Tm2CdPd2,False
10484,U2OsC2,False
16930,SmGa3Pd,False
10815,Y2HfBe,False
24974,Te2MoWSe2,False
53494,MnF2,False
16989,K2TlSbBr6,True
1156,BaNaLi,False
46084,TbLiO2,False
39709,LiAl2FeO6,False
32678,CaBPO5,False
22898,KBePt,False
18152,BaBi2O5,False
48789,CaH4C4O4,False
15916,Tb3Li,False
18650,LaCoO3,False
20621,Ca2WN2,False
16360,Sc2Co,False
8297,LuSBr,False
43431,MgU2O6,False
12227,MgZn2,False
23395,SrGe2Ru2,False
3835,BaTi2Ga,False
3190,TmAl3B4O12,False
17265,LaYMn2Si2,False
36574,Ta2O5,False
26102,CaMo2O5,False
24135,YbCuGe,True
47349,PrIn2Rh,False
9392,CeSi2Os2,False
18431,VPt3,False
1376,KBa4Os,False
30404,BCl,False
21621,AlFeO3,False
46143,Pr3Co,False
28484,Li2PtPb,False
25987,Na3MoNO3,False
48556,Co3P,False
6886,Ho2Mo2C3,False
38640,Ce4B2N5,False
41101,CuBr,False
13330,Te4Mo3WSe2S2,False
16596,YbLi2In,False
30113,CaBiAu,False
28028,Ti2AlCo,False
22106,CeGe2Pt2,False
23321,PrBiO4,False
51699,NaZn2,False
37392,CuAg3,True
30448,Li2Fe3NiO8,False
46501,Hf2FeTc,False
36938,NiCl,False
3130,BaH2CSNClO,False
49200,ZnH10C7O4,False
50966,Ba2ZrInO6,False
45913,UCo2,False
27103,PBr,False
40215,DyAgGe,False
25100,CaAgAs,False
16517,ErFe2B2,False
53472,Li3F,False
11027,HoPRu2C,False
53235,CaAlF,False
10497,TaBe2Pt,False
53051,TmAl10Fe2,False
114,NaFePO4,False
25277,LiMnF4,False
35902,ScCuSn,False
6026,BaSc2Nb,False
34132,LuScPd2,False
53273,BI,False
19363,Mg3Hg,False
24090,YMnF5,False
30140,Te2MoW3Se6,False
51649,BaZnF2,False
36069,CaPtF6,True
34957,BaNaSb,False
8003,KBeIr,False
1327,MgBe2Br,False
48890,ZnH4C4O4,False
24287,ZnCr4O6,False
19882,Na2Zn3GeAs4,False
10216,MgSn,False
10602,TiTe,False
39285,Li3Fe2OF5,False
46291,Sr2SmNbO6,False
46134,SnAu3,False
12560,Mg6TiBi,True
6730,Be2CoCl,False
15256,Tb3La,False
42333,DyTh3,False
30185,PmN,False
34945,SmLuTl2,False
46301,Li3NbO4,False
24261,Na2CeO3,False
23630,SrP2Ir2,False
26016,Ag2S,False
3544,ThAl3,False
48620,NaPO2,False
24887,MgSc2S4,False
42242,Li3Rh,False
46507,Dy4CdRh,False
899,Ba4CaPt,False
38940,AlTlO3,False
44974,CaAl2O4,False
42271,AlGaAs2,False
34433,IrC2,False
43970,SbSI,False
48710,CdAsI,False
8694,RbYTe2,False
4509,BaSrMg2,False
12589,LiAl3Si9N14O2,False
44024,K3Bi2,False
23403,KCoO2,False
24416,Ca3Fe2N4,False
25306,TaNO,False
51451,LiO,False
19275,Tb3Ac,False
31774,HoSbRh2,False
46055,AcGa3,True
7537,Li2HN,False
20560,BaS2,False
7905,SnI2,True
34994,Rb3Ir,False
46737,ErSiPd2,False
14182,VO2,False
17349,BeH2O2,False
8019,Nb2VAs,False
47532,HoAlSi,False
32154,CdAsPd5,False
32826,Lu2NiRu,False
49370,AlGaO3,False
5310,Ba4CoBr,False
25512,Sr3BPO3,False
31359,CoReB,False
45263,Y3GaO6,False
36537,AsS24I3,False
38595,NaHoSe2,False
6240,Bi2Pt,False
33210,TbTi2Ga4,False
20979,NaCu4S4,False
20723,SnPd3,False
48526,BaZnCl,True
6036,Sm2MnGa6,False
45709,PbBrCl,True
2202,NbS2,False
40294,KSiPCO7,False
16289,Ga3Co4Ge,False
474,Sr2CoWO6,False
1509,LiInI4,True
5062,BaTi2Tl,False
19907,ZrTiAs,False
20950,TbDyIr2,False
30015,Mn2ZnO4,False
42277,Fe3SbN,False
17312,TaP,False
7570,LiTi2As,False
50070,Mn4TeO8,False
15910,K2NaNdF6,True
42892,RbAsF6,True
36319,Al2TcPd,False
25842,Ti9O10,False
45858,Pr2AlCo2,False
20748,ErSi2Os2,False
24985,AgNO2,False
16121,Zr2Fe,False
49801,TiSnO2,False
41735,Na3As,False
18926,Ag3Sb,False
982,Fe2O3,False
50009,BPbO3,False
24979,Cu3PSe4,False
45476,SnPt3C,False
43329,Rb3DyF6,True
15840,U2AsP,False
30032,MgMo2O4,False
51251,Dy3Pd4,False
23664,Dy3InN,False
911,Bi2Te3,False
39210,AgAuO2,False
35514,SmMn2Si2,False
29002,FeCo3,False
1271,BiB3O6,False
38710,YbAg,False
12407,LuAu4,False
50910,Rb2LiGaF6,True
23737,CoSnC4Cl3O4,False
35581,SbClO,False
49103,H2C5SO3,False
29682,Sm3TaO7,False
1881,HfBeGa4,False
6933,SrTi2Be,False
41801,PrVGe3,False
30028,YMn2O4,False
26486,TmLuRu2,False
16663,NdSm3,False
42996,Ba3P2O8,False
48841,Ca3Mg2FeC6O18,False
34925,PrDyTl2,False
50454,Dy2Ga3Fe14C2,False
459,CeMg6Cu,True
8233,Be2BiIr,False
37350,Ac3Sm,False
47420,Pm2AlCd,False
33161,Tm2AlOs,False
6056,Ba4VPd,False
35372,LiCa2Hg,True
39616,K5As2Au,True
18754,Dy2In3Cu,False
25551,BaPr2S4,False
2819,BN,False
47656,ThCo2Ni3,False
33635,ErTaRu2,False
22334,SnH4C2Cl2,False
7397,BeZnP,False
23760,CuHO2,False
36294,SnCl4,False
32348,Te4MoW2Se2,False
15227,LuZn2,True
54466,PH3,False
49174,La3IrI3,False
2719,BaNb2O6,False
386,MnAsPd,False
18924,Rb3YBr6,True
1050,CeMg6B,False
32046,Te2Ir,False
48781,ScCoSi,False
17846,CeMnNi4,False
1966,K2P2H2O7,False
23385,Li4MoO5,False
35155,NaPdO3,False
36771,LiDyIn2,False
45232,Na5InS4,False
35196,MnCoSi,False
8725,K2H4Pd,False
51502,BiN,False
53870,BaSe,False
30747,HfGePd,False
19118,LaGaSb2,False
42691,Mn3AlN,False
39244,KFeMo2O8,False
38367,Na3AsSe3,False
20826,Cu3NF3,False
50703,TbYb3,True
38519,RuCl3,False
3713,BaSn3,False
47816,YbAlCu,False
33165,Lu2TcPd,False
19317,KTiO2F,False
19233,VBO4,False
34645,NaTmTl2,True
37264,CaReN3,False
19364,MnAl,False
15404,Na3Ag,False
8080,BeCrCu2,False
53261,B2I,False
12889,FeSb2,False
49049,LiAlB,False
3822,ZrI3,False
12897,AsIF12,True
4696,KAsF6,False
29602,CaCo2O4,False
37712,ScBrO,False
41869,KHg,False
23168,Ag3As2O8,False
43469,TiAu4,False
44584,Mg2Sc,False
51357,K3Ti8O17,False
44448,NiRu,False
41380,BaMoO3,False
30411,Ni4B3,False
16443,Sr2Fe2Se2OF2,False
23743,MgCrF6,False
52476,Li2CrCo3O8,False
6557,BeFe2Cl,False
35201,NaCd2Au,True
4692,BaSrIr2,False
47945,LiNdS2,False
53455,SrMgO,True
29775,SmZn5,True
5831,CrAsRh,False
2637,Sr2CrCuSO3,False
7300,Sr2BeCl,False
43253,Pr2Ga3Cu,False
286,Sc2MnGe,False
18878,KPrO2,False
39066,NaNiBO3,False
13296,CdF2,True
13389,Na2BePt,False
40122,AlTlF4,False
23426,KTi2Bi,False
20987,LaPdO4,False
24014,Ba2HgS3,False
14098,Ce2Co17,False
52930,HCCl2,False
45765,CoAsRh,False
39966,Mn2Sb,False
5420,NiAsPd,False
20940,YMgCu,False
46473,LiTiNiO4,False
54552,HeSm3,False
25600,SrH12Cl2O6,False
46423,SiO2,False
7663,SmSi2Ru2,False
4588,CuSnF6,False
16773,TlZn3,True
14437,SmTiGe,False
8954,KBe2Pt,False
48602,AsRuS,False
9359,MoAsOs2,False
5688,Be2NbBi,False
23303,MnH2SO5,False
51351,NaLuTi2O6,False
17372,SmDyNi2,False
24197,CdI2,False
7711,TiBe2Te,False
40187,PW,False
40345,Ba2YCo3O7,False
693,Ba4MgPd,False
43155,Nd3Hf,False
8087,LiFeF4,False
40591,Li2VCo3O8,False
27263,SrCaTl2,True
32924,TiBeRh2,False
40871,Ba3Cr2S6,False
33305,Rb2Hf2O5,False
36237,BiS,False
50255,LiFeF3,False
18384,GeSb2Te4,False
54157,MgBH3,False
16897,K2ErAgCl6,True
25115,Li2AgBi,False
39536,CrSb2,False
1894,NaNdGa4S8,False
289,Ba4LiPb,False
17930,LiEu3,False
16468,TcPt,False
24550,CrSbO4,False
5466,HfTiF6,False
42234,ZnGeAs2,False
5439,CsSnI3,True
39002,TiMo,False
37947,RbSmTe2,False
15986,Ho2AgOs,False
15661,AuCl,False
43989,AgBiP2S6,False
31479,Mg2Sn,False
40847,RuSe2,False
3203,BaNa2Mg,False
47185,LuPaRe2,False
34879,YGeAu,False
20214,K2CeAgBr6,True
54582,NaNb6O16,False
11579,ErCdNi4,False
22469,NaY3,False
41633,VAg2PO6,False
40925,CaMn2Si4O12,False
38684,RbLi7Ni2O6,False
20665,Bi2SO2,False
38,Ba4TeSe,False
34319,RbCa3,False
16077,LiTiPd2,False
48796,Dy3NiPd2,False
29294,ErCuS2,False
52715,Hf9W4S,False
36684,Li3Mg,False
52801,V3O4F2,False
51309,K3SbS3,False
35765,Lu2GaCu,False
24731,KNbO3,False
47180,Nb2MoOs,False
16611,Ag3Au,False
54217,BaZrSe,False
16843,TiCu2Sn,False
48495,Li2H,False
23897,LiTlO2,False
43236,Ni2Ge,False
25724,TiCl3,False
53100,KLiAl2Si4O10F2,False
47704,SmCdIn,True
48722,RbBa3Ga5Se10Cl2,False
24645,CO2,False
31491,ZnCu2SnS4,False
53399,Mg2Cl,False
9040,NaBe2Cu,False
9699,Be2InNi,False
15503,ZrFeCo,False
28370,KAg3Se2,False
46535,V4As3,False
24615,Sn2OF5,False
12732,SrBeHg2,True
41964,Ca2HfO4,False
22240,V2CdO4,False
28444,EuO2,False
15781,VNiO3,False
13403,WN2,False
4353,BaCd2Se,True
52318,Na3Pd5F12,False
45037,NiSe,False
34656,NbCd3,True
4474,DySnAu,False
32140,Er2FeSi2,False
3770,ScB2C2,False
23920,Li2CoSi2O6,False
23568,BN,False
47106,Te4Mo3S2,False
38067,Li2V3CoO8,False
35127,KSr3,False
46389,KPH2O2,False
45645,Hf6NiSb2,False
22992,CoRe2O8,False
46456,MgSnO2,False
10073,BeMoP2,False
46750,Y7FeI12,False
31085,Ba2HoReO6,False
50709,Si2WO6,False
37014,HfV2H4,False
19445,Ce2SnHg,False
47864,Sr2MnSbO6,False
30869,Te2Mo3WSe4S2,False
22988,CaFeO2,False
14544,TlCO2,False
28011,ScI3O9,False
26432,Ge3N4,False
8084,MgBeTc2,False
38452,Ho2MgSi2,False
20099,TaSnO3,False
23376,AlCuF5,False
49362,AlGaO2,False
14493,LiPrGe,False
11622,CaMnSn,False
20325,MoW2Se6,False
25873,KP,False
20166,ThSeO,False
51790,LiNF,False
52545,BH2,False
32011,Ac2CdSn,True
6201,BeSnCl,False
9204,Mg6GaW,False
7579,Tc2GeAs,False
38294,LiNiPO4,False
37206,SiB,False
31207,Yb2Be2Si2NiO10,False
1982,LaZn5,True
34891,K3Fe2O4,False
34889,Sm2IrPd,False
31914,Cr2HgS4,False
33917,LiTm2Os,False
17433,H2C4S,False
30515,CeO2,False
7862,Sr2BeBi,False
47065,Te4Mo3S2,False
18782,Li2MnF4,False
5297,Ti8O13,False
49269,NdSm3Sb3,False
31850,KMnBi,False
11949,CeGaO3,False
15240,Al2ZnS4,False
1671,LiFeO3,False
21832,MgH2O2,False
25343,Zn3Co2O7,False
25113,Cr2Te3,False
7927,YBePb,False
48610,NaPO,False
34797,LuFe2Si2,False
30699,Ca3SiBr2,False
8922,NdClO,False
48075,LiYP,False
51182,Li2CrO2,False
15829,HoCuO2,False
50407,InBF,False
3526,KEuP4O12,False
22253,MnCoSe2,False
16203,BaSn3Pt,False
40705,LiIn2Pd,False
51176,Li2Ni3SnO8,False
20612,ZrCo2,False
16104,K2HgAsBr6,True
28548,ZnIrO3,False
50814,YWN3,False
30916,Re3Pd,False
7513,TiSn2O4,False
21652,CeCu2Si,False
8307,Ta2AlC,False
4679,BaTePd2,False
52337,K2BaAs5,False
40670,LiSbP2O8,False
21033,H14C8O5,False
52613,BaC2,False
46626,LiTl3Mo2O8,False
35227,SmHoRu2,False
25322,MoO2,False
46128,SiP2,False
6903,Sc2BeBr,False
28660,CaRuO3,False
27357,NaNiIO6,False
5026,BaBe2Ge,False
51609,BaBiBr,False
5292,Ta2PdS6,False
52239,La2MgSe4,False
9691,Be2CoCu,False
25013,DyGa2,False
39273,Ba4OF6,False
5732,LiUAsO6,False
12190,Li2CoBO4,False
26917,V2O5,False
42130,Rb2HgAuBr6,True
45003,YInCu2,False
4968,BaSrHg,False
27425,NaCa2Al,False
8417,TcAsW2,False
13031,TiNiO6,False
31662,NaCaAu2,True
866,CaB3H5O8,False
39914,Rb2In4O7,False
39795,UFe2P2,False
24705,NdFe3B4O12,False
22475,U2PS,False
26153,YbAg2,False
40135,SrCu2GeS4,False
24038,TiO2,False
20017,TiH14C9O6,False
39662,Na2WO4,False
27849,ZrNi,False
18689,Tl2PdCl4,False
20534,Er3GaS6,False
47211,GeBiPd6,False
18967,H6C13S4,False
31979,As3HO6,False
17381,AlNi6Pd,False
34314,Be2CoPt,False
20850,Tl2Co3NiSe4,False
30190,KCO2,False
41529,Ca3Co2Ge3O12,False
10927,BeFeOs2,False
7196,TaNi3,False
34023,HoNbRu2,False
24051,CrPO4,False
51430,MnOF,False
15367,MnAlNi6,False
47182,LiDy2In,False
39679,LiMnF4,False
53335,H2S,False
11674,Hf2OsRu,False
8728,SrBePb4,False
33672,NpIO,False
9401,Na2BeFe,False
24331,TiH12C2N6F6,False
15271,U2PS,False
18633,Fe4N,False
3431,LiCu2O2,False
24081,SrAg2,True
46632,Al12W,False
1683,EuPPd,False
25921,Ti2IrOs,False
50871,Y2Ga9Ir3,False
37232,Na2Zn2Se3,False
37125,NdCdPd2,False
29573,Dy3Co11B4,False
48612,BaZnTe,True
53893,HPbCl,False
42615,Rb3GaCl6,True
41238,Sc4C3,False
53669,Li2FeCoO4,False
33458,YbNdCd2,True
25444,PuP3,False
15024,VAu2,False
18641,Rb2LiMoBr6,False
1196,Ba4YCd,False
7795,Be2Ni2Ge,False
23621,TlCoAs2,False
5899,Ce2InNi2,False
15509,LaCeAl2O6,False
12671,SnP,False
3248,BaCd2Se,False
47745,AuF5,True
28965,Te2MoW2Se2S2,False
9086,CdFeAs,False
51628,Na2Cu,True
40774,LiCuO2,False
43223,MnTe2,False
4099,BaGaBr2,True
16823,InReGe,False
2808,Y3Ni4B4C3,False
30466,YBiO3,False
36578,MnCSO7,False
27537,MgCr2F12,False
36110,CaSiO3,False
37131,Co2MoS4,False
38990,V4ZnO8,False
54476,AlGa3,False
8207,Mg7Ni,True
14216,LiTiPO5,False
40958,Fe2Ge,False
37213,Na2Zn2Se3,False
34770,TmBeO3,False
17425,Ba2CoWO6,False
16908,SrNdAlO4,False
39996,BiF3,False
28620,ZnMo6O16,False
5291,CeB2C2,False
46962,Na2Mn2Se3,False
41948,MoAs2,False
35109,ScAu,False
50198,Ba2YInTe5,False
46860,Y3Tm,False
50849,TaSbO,False
11059,HfBe2Ni,False
34124,NdErZn2,True
2292,Li4BeSi,False
20144,MgScZn2,True
27167,GeC,False
2831,Co2SiO4,False
28809,NbSnRu2,False
42411,TmGe3,False
43942,YSi2Ni,False
30106,Li2FeF4,False
51154,BaTe,False
18292,RbO,False
21155,HfUNb2C4,False
23105,Li5ReN4,False
50878,Ba2AuO,False
27740,BPt,False
15409,DyBRh3,False
19274,NbVO4,False
13041,Li2Mn2C3O9,False
32611,MgCdAu2,False
42373,Sn3Ge,False
1665,Ce3Co4Sn13,False
48555,BaCl2,False
23190,Li2SnO3,False
47695,Sr2NbInO6,False
8537,UCo2P2,False
39904,Al2CuO4,False
42016,SrHgO2,False
17853,CeCu5,True
41798,Ta6Si7Ni16,False
13475,Mg6CuW,False
2874,MnTl2GeTe4,False
16629,Yb4Mg4Fe3H22,False
44050,HoMg5,True
31842,NbBiO4,False
7733,Li2VF6,False
44395,Mn3Sb,False
22623,TiPd3,False
10679,Be2CdTc,False
28351,Fe2TeO6,False
53113,LiV3Zn2O8,False
29043,Ba2YTaO6,False
32837,YbNdHg2,True
29881,MgSbO3,False
6641,Li2MnF4,False
7365,YbSnIr,False
13478,Rb2Pd3S4,False
54567,ErSe2,False
7408,K2ReBr6,False
24418,CI4,False
52253,Ba3Ru3N5,False
39961,AgSbS2,False
37986,LiVF6,False
24961,Pb3I2Cl4O6,False
23301,SF4,False
26099,ZrI4O12,False
53628,RbInBr,False
15097,CaB3H3O7,False
24458,HoGaO3,False
41612,DyTlPd,False
34948,UTeAs,False
42290,K2AgSbCl6,True
16067,CaTlI3,True
28748,Hf2MoPt,False
12838,SmVO3,False
5710,MgBeIr,False
19373,LuAlO3,False
37862,Yb3Rb,False
113,LiYSe2,False
39700,NaVO2,False
2432,NaCaBe2,False
47717,TaSnRh,False
30770,Ca3SnN,False
42172,Rb4CuSi2O7,False
6881,GaMo2C,False
31909,ErCuSn,False
38042,PrTlTe2,False
35596,HoSnO3,False
21712,KAuSe,False
17546,H4C8SO2,False
5633,BeB2C2,False
13132,YMg5,False
13207,SmB2Ir3,False
19062,CrNi2,False
30390,B2Mo2Ir,False
14797,NbO2,False
19316,Na3CoO3,False
7175,DyNi2,False
21661,SnGeS3,False
53236,Ca2Al2SiO7,False
711,CeMgAg,False
2659,BaSm2CoO5,False
42869,SnPO3F,False
30268,LiFeF4,False
23710,LiFeSiO4,False
54218,MgZr,False
2058,Bi2O3,False
38865,TiRu3,False
51987,ZrSiO2,False
29441,ZnSn2O5,False
18466,NbVC2,False
35434,V3Ge,False
8573,LiBeNi,False
5175,CaSiBHO5,False
37405,CuH3NCl,False
47326,Ag2BiSbSe4,False
7966,NaBe2Mo,False
53615,MgSe2,False
1116,Ba4SrW,False
45174,Tb5Ge3,False
15720,BHO2,False
22954,TbCd3,True
18531,NaBiS2,False
39899,SrTl,True
54201,BaCdCl,False
30256,MnCoTe,False
15911,Li2CdAg,False
47647,SrThF6,True
8518,Ta2BeGe,False
37446,ScC,False
45920,RbMgBO3,False
21291,LiHfS2,False
39089,NbSeBr3,False
11540,RbWO3,False
3159,NaSn2As2,False
26229,SbO2,False
30243,HfPt3,False
17387,HfUTa2C4,False
30541,CrInNi2,False
19718,UAl2,False
8863,TiBe2Ni,False
41587,Lu6UO12,False
40293,Ca2HfO4,False
41187,Na2SnF6,True
9375,RhO2,False
245,Nb2FeO6,False
52194,Pr5Sn3,False
11034,Mg6CoB,False
45279,LiYGa4,False
20657,DyMnGa,False
17116,Hf2CuRh,False
28698,BiI3,False
26121,IrC,False
47015,DyAl8Fe4,False
32436,PdCl2,False
52560,Ti2Al2CrCuS8,False
20421,Be4CoGe,False
42194,Ca2ZnGa,True
42526,CeZnSi,False
24047,NdCoO3,False
54485,P3Rh,False
45996,Mn2ZnO4,False
10969,NbRu3,False
33727,BeSiIr2,False
14812,CaNiGe,False
40782,LiVCoO4,False
43321,NClOF4,False
42316,Ta3Os,False
606,CN2O,False
12771,NaVO3,False
10618,BeSi2Sn,False
28446,YV2O4,False
48596,BaTlTe,False
28234,V2CrRe,False
10142,Be2TlHg,False
22302,TlCNO,False
5764,Ba4GeRu,False
17564,Ca2Ga7Ag,True
48292,NiAsO,False
36404,Te2SO7,False
34208,Na2LiBe2F7,True
43279,MgH12SeO9,False
13508,UNi2Ge2,False
27831,Hf2ZnHg,False
29491,Ca3ScCoO6,False
42893,Yb2FeS4,False
12866,BeZnIr2,False
48251,Li2PH,False
21479,K3Li,False
23769,RbVCu2S4,False
21374,ErTmIn2,False
30673,Pb3O4,False
6415,Be2SiCl,False
10235,SrBeSi4,False
52423,Dy2MnSbO7,False
46179,Ta4AlC3,False
30382,SiPt2,False
41144,Ca2Fe3O8,False
51904,LiAu2S2,False
11701,Be2GaPt,False
5807,LiVF4,False
24987,Ba2ScIrO6,False
15585,Zn4Ni5Ge,True
34394,NdBeO3,False
50125,LiMnPO4,False
3099,Ag2Se,False
7438,AsRuAu,False
18233,ZnH14C9O4,False
43284,MgH6C2O6,False
29414,Rb2MgO2,False
43145,Y2AlSi2,False
2975,Fe3OF5,False
14100,Ca3SiBr2,False
5584,Ba4ScFe,False
1533,Ba4TePb,False
40666,NaV2S4,False
35983,Sm3Tm,False
15559,Rb2NaLaCl6,True
25908,BaDy2PdO5,False
32787,Mo3WSe2S6,False
18739,LaFeNi4,False
673,Rb6Si2O7,False
45637,Na2CaP2O7,False
17519,NbGe2,False
22873,InFe2O4,False
25253,YMn3Se2ClO8,False
6584,MgBeIn,False
4628,ErAgSn,False
47629,TbGaAu,False
28749,MnSb,False
27586,TiO2,False
30612,ZnCdSe2,False
199,BaNiF6,True
35565,PrNbO3,False
21281,Li7Si2Ni3O12,False
22188,USe3,False
54542,Na2In2GeS6,False
5500,YBe2Nb,False
9253,Mg6CrBi,False
26283,NaSe,False
12567,SiSnPd5,False
23902,ZnWO4,False
44251,ScTeRh,False
31358,Sc2RuRh,False
7231,K2SnHgSe4,False
22732,ZrO2,False
40453,NaNbCu2S4,False
3262,RbAuN12,False
1997,BeInCu4,True
47018,Rb6Cl4O,True
54535,BeSe2,False
54541,Sm3Dy,False
47055,Sr5Sn2P6,False
13942,KNdTe2,False
54384,NbSn7,False
14904,SiNi2P4O14,False
27830,YSi,False
46572,Nb2MoO8,False
12235,TiBeOs4,False
10389,ZrTiTe4,False
17050,Cu3RhN,False
45407,YbRbF3,True
4045,BaTaCl,False
36993,Mg2ZnRh,True
18868,V2CuO6,False
8474,CaSe,True
31768,LiHoAu2,False
17931,Te2Mo3WSe6,False
11837,HfBe2Sb2,False
27474,Ti3Ag,False
31946,HoSiRu,False
17451,Pu2SnHg,False
2547,BeReTc,False
40166,NaIn2Au,True
1663,LiMn2OF3,False
32644,SmMnB4,False
34278,UTeS,False
34136,PmDy3,False
24616,LaGaO3,False
45811,BaAg,True
27676,PaSnAu2,False
12928,Hg4Pt,True
44315,Mo2Rh,False
27353,CaAu,False
395,BaCaI4,False
32354,ScRh2Pb,False
38196,YbAl2Cu,False
11518,LuInCu2,True
6705,CaGe2,False
15589,GaAgTe2,False
11071,ZrTi2,False
38608,CrNiO4,False
18324,H8C8O,False
47564,NdCu2O4,False
38404,PbF3,False
48996,ZnH10C7O4,False
24523,Al2CdSe4,False
29797,ZnCl2,False
32299,Na2LiN,False
54463,Sm2Mn2Fe15,False
33421,YbTaRu2,False
40467,Li5V2Fe3O10,False
31162,BaAl2Ge2,False
26556,YErAg2,False
51494,BiN,False
45326,ErCuAs2,False
26903,MnS,False
49826,YZnO4,False
39229,LiMnVO4,False
5444,MgTaBe2,False
21989,Ba3UO6,False
18642,K3Na,True
24397,N2O,False
43096,Mg2FeO4,False
9706,CaP2Ru2,False
45290,YB2C,False
27358,YbNiSb,False
34424,ScNb,False
15994,Zr3Si,False
37567,VCuO2,False
26705,GeF2,True
4520,BaCaPb,True
9651,Fe6O5F7,False
37942,LiVF6,False
53448,BeBr2,False
50346,Na3Co4O8,False
27095,RbSO2F,False
42805,CaAcMg2,True
35525,ZrMoP,False
29587,CaSn2O5,False
49718,Na2MnO3,False
33570,K3PO4,False
51290,LuAl3Ni2,False
15824,CeMnCrSi2,False
29517,InCuO3,False
24492,PbWO4,False
45912,DyPO4,False
4584,Ba4NiMo,False
19992,AcMnO3,False
29172,FeSbS,False
11871,Be2TlRe,False
16157,ZnGa2S4,False
27152,TiCo2Si,False
13259,HgNCl,False
11801,KLiZnS2,False
24821,RbCuC2,False
50867,SiOs,False
30896,Na2ZrSi4O11,False
27134,NiPt,False
14059,MnNiSe2,False
163,Ba2YBr7,False
14456,BiI3,True
29927,BaCaNi4O8,False
15283,CeAl8Cu4,False
362,Li6TeO6,False
20442,LuScCo2,False
45378,LiV2P2O8,False
397,NiS2,False
9236,BeRe2Ir,False
13300,Na2Be2Sn,False
23924,MnH2O2,False
856,Ba4ScSe,False
31410,LiPm2Ir,False
30401,ZrZnO3,False
53176,ScOF,False
26881,MoH2O4,False
37345,Sr3Tm,True
35148,K3Co,False
34749,NaHf2VF11,False
32089,NdAgHg2,True
25383,Li3Mn5OF11,False
9272,Fe2C,False
54440,TbSn7,False
32637,XeO2F2,False
15569,CeCo2Si2,False
197,TiCo3,False
423,Ba4TlCd,True
45503,YMnO3,False
28739,Er5NiPb3,False
43325,CeBRh3,False
31194,Al5Co2,False
35138,HfH3,False
29337,ZrN,False
28269,HgBiPb2,True
34713,KCu4Se3,False
45311,Cu2S,False
53538,LiTlSb,False
31107,SiPt5Pb,False
47730,KLi3,False
35814,Te4Mo3S2,False
26664,YF3,False
5424,CrF3,False
1719,SrCd2Ge2,True
6318,NaTaBe2,False
3056,BaCr2W,False
242,LaIn5Co,False
45367,Ta2VZn2O8,False
13946,RbMg6B,True
9899,CaBePb2,False
42921,TiNb3Al2C2,False
23414,V4ZnS8,False
25182,Mn5SnO12,False
45598,ZnNi,False
31583,Dy2ZnOs,False
49481,RbGeCl3,True
47347,Mn2SbTe,False
48097,MgSnN2,False
20714,Sm2TlIn,False
39137,Li2MnCo3O8,False
45146,NaSm3SiS7,False
39477,Zr2Ag,False
22634,Y2Mn2O7,False
8541,NaRe2As,False
52288,Nb4Rh2C,False
13969,V2O3F,False
45532,SiRh,False
19915,LiClO2,False
10018,BeCrPd2,False
44129,NaTmGeO4,False
32587,Na3UF8,True
26394,MgSn2O4,False
42404,Nb2Pd3Se8,False
23816,Co3Sn2S2,False
26211,Y3I7O,False
30018,KNaPrTaO5,False
12550,CsK2Bi,True
6232,Mn2BeCu,False
49501,LaSe,False
53810,Li4Cr3CoP4O16,False
50637,V3OF11,False
46947,YbFeGe,False
19279,Mn2CuN2,False
22118,YSn3,False
7556,HgPt,False
42359,USiOs2C,False
30835,Mg4As6Ir7,False
26821,Pu3In,False
12910,Ta2ZnS4,False
37073,Sm2AlZn,False
19676,Ce2MgCd,False
37090,KNO3,False
42000,Cu4SnP10,False
34420,HfBiRh,False
45509,MgTiPO5,False
47674,Rb2VF6,True
7340,HfBe2Se,False
5612,CeCo2P2,False
33276,SbBr3,False
24179,ThGe2Pt2,False
19695,ZnFe4O8,False
13993,MgAs,False
5172,InCuTe2,False
29336,CaCl2,False
18034,LiBi3Br2O4,False
44856,NpSi2Pt2,False
2124,PrHgPd,False
29062,ZnCo2O4,False
6424,AlSeCl7,False
12932,LiBeCd,False
26285,MgCd,False
4145,Ba4PPt,False
54346,HoSn7,False
28493,VMo2S4,False
51470,BiOF2,False
50045,H10C7O5,False
21789,Li2TiMnO4,False
21782,Th2In3Sn3,False
23754,BaYCuBiO5,False
20998,ZnH20C12O4,False
50276,ErMnFeO4,False
6898,ZrBeSn,False
13242,K2BeTe,False
49909,LiAsO,False
32554,Te4Mo2WS2,False
15466,Al2SiO5,False
33715,Sr2MnGaO5,False
19104,H8C7S,False
32665,LiGaAg2,True
20836,KIO2F2,False
9688,Be2InSb,False
41827,Zr2Al3,False
37671,NpCdPt2,False
22125,Li3MnP2HO8,False
14695,ScPaO4,False
16577,Pm2NiPt,False
20138,Pa3Cd,False
5594,Ba2MgSn,True
3764,Sr8Mn2FeN8,False
35243,Ho3CuGeS7,False
51823,CaGaH2,False
7972,BePBr,False
16922,TmAgP2Se6,False
31733,Sr2YIrO6,False
26856,YbPd2,False
4115,LiAlMo2O8,False
2385,K4CO4,False
28323,Ta2CuOs,False
32068,Mg2PdPt,False
31452,ReN2,False
17830,PrAlCu4,False
178,CeAl2Zn2,False
4392,BaGaBr2,True
27316,MnSbRh,False
22513,ZnAg2O4,False
12583,BaS3,False
6810,BeCdPd2,False
44150,Li3In,False
42992,Ti3Al,False
43618,Ti3Se4,False
19903,TbBa2NbO6,False
17311,YHoIr2,False
12599,SmAgO3,False
2340,Li2VF6,False
41272,CaMo2O4,False
41871,CaGe2,False
37807,TlInCl3,True
23715,Li2MgIn,False
19526,CdCu3NiSe4,False
54261,LuWO4,False
52521,Fe4OF7,False
27429,Pm2SiAu,False
51850,Mn2CuO4,False
12571,Mg6CoMo,False
13118,VSb2,False
24767,Sr3GaN3,False
20351,Ga2Au,True
45399,USiO4,False
3462,BaHgPd2,False
49769,Li4Mn2Ni3O10,False
16923,TiB2Mo,False
31711,Sr4Bi2O,False
1785,Nd3S3N,False
20833,Li2VCrS4,False
23934,H5CNO2,False
33702,PmAgHg2,True
49386,RbIO2,False
25111,NbCl5,False
24471,Fe3Ge,False
1372,SrIn,False
45879,Sc6Si7Ni16,False
43687,Na2ScAgCl6,False
5785,Rb2Au3,False
14368,Na2GaHgF6,True
5886,BeSi2Ge,False
54248,BiO,False
13952,MnRePt,False
54312,CeSn7,False
14341,HgAsPd5,False
5556,KBaCu2,True
45222,MgCuO2,False
16681,CaSi2Au2,False
30940,Ho2NiB4O10,False
1905,ZrBrN,False
10376,Ba4InP,False
12737,TmCo2,False
37538,TcB,False
29831,HfAu2,False
19799,Rb2PrAgF6,True
6257,Li2Ni2SnO6,False
45861,Hf2Al,False
52424,ZnHSe,False
46858,Rh2S3,False
4767,NdAl2Ga2,False
827,Li4MnO2F2,False
54415,La3AlO6,False
20757,Sm2Se2O,False
49706,TePbO,False
8345,BeNbTe2,False
1650,Li5H9Pt2,False
38278,Nb3Ru,False
3632,BeCuBr4,False
19820,Al2CdS4,False
50571,LiAgSb,False
46716,RuC4O4,False
46038,NaEr3,False
33877,BiH3,False
49669,NbO3,False
5266,BiSI,False
3500,UCo4B4,False
39610,YInAu2,False
49130,Ba2MnNiClF7,False
37552,Zn2SiO4,False
39201,Ba3CrS5,False
10560,ZrTiBe2,False
15740,NbRh2,False
13214,Ce3Ag4Sn4,False
17216,La2CoSb4,False
5082,BaZrBi,False
48682,ZnSiO,False
29039,Al2FeO4,False
4258,KSbMo2O8,False
39020,KAg2SbS4,False
36277,LiH3O2,False
27352,K2NaNiF6,True
32600,AcCdRh2,False
24463,Ba3Mn2O8,False
28583,Mg2Mn3O8,False
53339,H2S,False
17663,Sm2SbS,False
40789,ZrCuSiP,False
10407,LiBe2Co,False
4278,LiCo5O7F,False
28766,LuCu2O4,False
3004,TcCl3,False
17231,CaOsN2,False
44564,Yb2ZnIn,True
31790,Te2MoW3Se6,False
20527,Pr2SeO2,False
42934,Rb4Bi,True
17574,K2NaTlCl6,True
34247,ScGaRh2,False
14697,ZrGa,False
17184,CaH4C4O4,False
2203,LiMnSiO4,False
33526,V3Ag,False
21241,Sr2Fe2S2OF2,False
10934,NaMgBe2,False
9130,KBe2Re,False
41558,Mn2CoSb,False
44666,CaGa4,False
20402,BaMgCo4O8,False
4890,Ba4InOs,False
9615,HfBe2Mo,False
40647,Sr2YTi2TlO7,False
46436,RbPbIO6,False
46382,Nb3Ga2,False
32506,Lu2CuIr,False
31204,Rb2UBr6,False
11631,TlBiTe2,False
40812,FeCo2Ge,False
9370,BeFePd2,False
41073,MgCo3C,False
43902,PdF2,False
22546,NaRhO2,False
29429,GeO2,False
2550,BaZr2Tc,False
22945,FeBiO3,False
54236,ZrOs,False
2706,BaMoPt2,False
31348,LuFe6Ge6,False
17858,HfH8C6O4,False
37311,FeCo2O6,False
24188,Mg3Co2O7,False
5237,Li2MnB2O6,False
32597,Sc2AlZn,False
31949,TiNb2Se4,False
52828,Fe2O3F,False
10562,LiMg2Be,False
43368,K5Bi4,False
2736,USi2Os2,False
30030,PdC,False
19835,K3ErCl6,True
28136,V2ZnS5,False
53539,YBiF,False
48507,BaBrN,False
4523,BaSnSb2,False
3405,Ba2MgZn,True
7590,TiFeP,False
24859,Lu2Si2O7,False
8939,Y2BeBi,False
40636,InAs,False
35724,Ba3BiN,False
25594,Li4CO4,False
5680,BaGaSb2,False
41763,Ba4MnCu,False
54249,PuZr,False
13193,LiFe2Cl2O2,False
6243,Li4MnF8,False
20371,LaCeF6,True
39239,LiPRh2,False
2447,LaP3H8O7,False
2152,Na3CoO3,False
27821,LiTlHg2,True
32401,MoW3Se6S2,False
27082,CaZn,False
5111,NbTe4Ir,False
21766,CrPt,False
40451,LiFe2F7,False
37110,Mg3Mn,False
40018,Na2PtO3,False
1756,Rb2NiF4,False
47289,CeTh2O6,False
33906,WC,False
23416,CrCl3,False
23695,Lu2AlSi2,False
13273,CaClO,True
25498,MgMnSi2O6,False
7962,BeTl2Ge,False
2742,LiAlGe2O6,False
24187,LiVPHO5,False
11436,CeMg6C,False
32601,Al3Te3I,False
46138,Nd2Zn6Ge3,True
38068,Li2MnSi3O8,False
1761,GeRh,False
17655,K2NaBiF6,True
24751,Hf5CuPb3,False
51002,CaIn2S4,False
21787,SiH3I,False
13351,PrIn5Co,False
5907,LaSeF,True
15662,K2LiInF6,True
38346,Li4CrO4,False
782,LiVSi2O6,False
15563,CdHg3Te4,True
43278,LiV2O3F3,False
11000,Mg6FeW,False
50326,NdPOs2C,False
3954,BaZrTe,False
13943,MnO2,False
50402,ThUBe26,False
19402,InGa3,True
31019,YbLaAg2,False
25054,YbP2Ru2,False
29957,Ti2InCo,False
15647,KMgSb,False
21818,LiVO2F2,False
44288,Li2VCrO4,False
11892,LiTiVO4,False
45017,Al3Mo,False
14784,LiAg2Ge,False
13714,ScAgSe2,False
316,K3Sb,False
31299,YbNiH3,False
42916,YbSbPd,False
26199,MnNiGe,False
8647,Be2SbIr,False
15338,Tb2CoSi2,False
27769,LiSmHg2,True
44039,Sc5Si7Pt9,False
5982,Ba2PCl,False
10782,CaBe2Se,False
21861,BiTe2Br4,False
17345,KNa2ScF6,True
38302,PrRh,False
12582,SrNiO3,False
39911,Pr3Al,False
6536,ScBeSn2,False
39779,Yb2SrS4,False
19263,CrO2,False
20517,BNF8,False
18505,Ca2TlSn,True
40303,TiBr2,False
21205,TiVS2,False
27543,Co5NiO12,False
47770,OsCO2,False
25514,KClO3,False
7066,Li5MnCr3O8,False
13151,MgBe2Bi,False
26493,Sr2Si,False
42308,Yb3Sr,True
6464,ThAl3,False
52186,Sm2Ta3S2O8,False
8202,H4CSN2O2,False
44364,LiSbWO6,False
42690,Ce2FeSi3,False
50278,RbGaH4,False
15045,SiC,False
50841,TaSbO4,False
20024,NdSmIn2,False
29175,LiCdAs,False
11984,KRbCl2,False
42676,MnB,False
2746,MgP2H12O11,False
35076,Hf3Ge2,False
17664,ZrTaCr4,False
45602,Y3AlNi8,False
23686,LuHg,True
32450,LiAc2Si,False
9165,SrBe2Tc,False
11989,Be2GaNi,False
22054,MgZn2O3,False
53405,BaMgTe,False
36050,TiHg,False
27879,Ba2YNi3O8,False
470,ZnSeO4,False
47898,Rb2PrAgCl6,True
43032,Rb2Cd3SnAs4,False
23248,H8PdN2Cl6,False
54442,ErP3,False
17058,Sr2UCrO6,False
20435,TiH10C6O4,False
43134,MnBe2,False
24453,TeO3,False
26238,BaSb4O8,False
2121,Ca2MnAlO5,False
41436,NbS2,False
52518,Y4US7,False
8333,UFeC2,False
27270,Te2W3Se2S2,False
44372,Rb3SbSe4,False
52936,CNO2,False
11582,BaMg6B,False
20561,ErInCu,False
53041,NClO,False
28397,Co21B6Mo2,False
5364,BaVBr2,False
35204,HoTh3,False
37695,CaBO3,False
29379,ErTaOs2,False
35218,YAu,False
17942,K2CeAgCl6,True
42090,TbAlNi,False
31423,PaZnRu2,False
27994,LuCuS2,False
54035,Li2Te,False
8440,NaSn2O4,False
53109,CaAlS3,False
37088,H2CO,False
51804,AsI2,False
17159,CaB2C6,False
25127,FeO2,False
47924,TiNCl,False
9,MoW3Se2S6,False
30395,KRb2ScF6,False
5864,BaScCl,False
17305,NdSi2Cu2,False
35582,SmYAl2,False
16697,SrLaCuO4,False
19110,TmAl3,False
3338,MnO2,False
22117,Y2GeO5,False
34273,Pr3AlC,False
10918,MnCo2Si,False
25903,CdI2,False
51684,Na3Se,False
32095,SrClF,True
29312,MgCr4O8,False
42806,Mn5Al2V,False
7019,Ba2SrI6,True
33551,Sc2ZnOs,False
53987,MnV4Cu3O12,False
16245,ZrGa3,False
34686,LiCdAu2,False
9635,BeCoTe2,False
48235,MnTeO3,False
3571,BaBe2Br,False
14906,CaAlSi,False
54348,YClO2,False
29179,AlMoO3,False
7542,RbHfF5,False
1228,Ba2NaHf,False
45885,Te3MoWSe,False
4831,KBa2Si,False
49397,H21C11,False
5559,BC7,False
42357,PdSe2Cl6,False
602,KCuBi2S4,False
20938,Li2AlPd,False
16027,ZrNb,False
38454,Na2SnTeO6,False
10346,BeNiPt,False
25877,Er2Al3Co,False
34078,ScCu3,False
23170,Ho2Sn2O7,False
21800,Li2CuSn,False
10034,BeCuP2,False
24787,NiO2,False
18899,K2RbPrCl6,True
19475,TbPPt,False
45060,YWN3,False
50752,AlPO,False
44529,K2BaSnTe4,False
28964,Bi2SO2,False
4113,NpAl3,False
46064,K2Li14Pb3O14,False
32081,ThPSe,False
2280,DyFe2SiC,False
21655,NaMnO2,False
39407,TlFeF3,False
1226,BaTiO3,False
4101,MnFe2Si,False
8126,TcBr6O2,False
2842,Co2P2O7,False
18032,Li6Mn5SbO12,False
29213,CdGe2O5,False
31599,PrCo4B,False
17754,Na2AgSb,True
36889,VCuRh2,False
4568,BaMnCr2,False
4214,Te4Mo3WSe2S2,False
11243,Be2PPd,False
36785,YbDyHg2,True
4714,Ba4NbW,False
6165,KHgC2IN2,False
42950,YbCdIn,True
7248,CeNi2As2,False
17668,H6C7SN2,False
20311,CeThCN,False
36907,Li3CoO3,False
15295,HS,False
30689,HoB2Rh2C,False
48137,PdSeO,False
9312,TaBeBi,False
9100,Be2HgSe,False
33446,LiHo2Ir,False
6154,Na2BiAu,False
26206,LiVP2O7,False
41988,Mn2P,False
25474,LiFeF3,False
39534,Na2Ni2O3,False
47331,MoS2,False
25907,MgAl,False
43170,B2C3N6,False
31049,Ce2CoSi3,False
19189,Mg2Sb,False
38147,Li2Ni3OF6,False
16743,Rb3Mg,False
47601,TiCo2Sn,False
40721,TaInS2,False
9110,KInTe2,True
20920,Rb2YTlCl6,True
46104,Mo3Se4,False
47263,DyAgSn2,False
18038,Te2W,False
5617,Ba4GaRu,False
35603,In3As,False
3813,Li2Mn3NbO8,False
31306,CeS,False
2809,Na6FeO4,False
25449,H4CN2O,False
21923,BaAgP,False
4824,BaBeNb2,False
36218,BaMg3,False
51319,NaErPd6O8,False
40099,CeSiNi,False
52679,GdH9C5N2O8,False
33314,LiNd2Al,False
51349,Pr3BiRu4O14,False
13797,NaNb3O8,False
9318,BeOsRh2,False
8496,BeCoCu2,False
45781,In5CuS8,False
37341,CaTlCl3,True
1754,Ba4BeCd,True
27133,Tm2ZnAg,False
23632,K2Se5,False
15521,Bi2TeO2,False
43905,ZnCdSe2,True
27708,TiO2,False
26519,Sr3Li,True
11935,Cd3B2O6,False
45889,Tc2P3,False
52980,ZrCdO2,False
25734,MgV2O4,False
1660,K2CoH12S2O14,False
17130,Er2TlIn,False
10526,LiBe2Re,False
54494,NbGa3,False
17053,Ce2SeF4,False
33872,Yb2HgPb,True
34516,Be2IrPt,False
4911,BaLiPb,False
51352,ZnCuP2O7,False
13585,Mn3O5F,False
50294,Ce2Al3GaPd4,False
42267,Sc3Fe2Si3,False
18552,HfTaCN,False
1508,Ca4ScBe,False
38081,Fe5Si3,False
24469,Ba2ErSbO6,False
16508,K2PrAgF6,True
26630,CeY3,False
14755,Re2Cl5O4,False
37683,Sr3SiO5,False
14139,EuBrO,False
18077,BaNdMn2O6,False
24835,MnH10S2N4O8,False
45633,DyTiClO3,False
7389,Hg2SeO3,False
524,CaNi4B,False
4839,SrAgP,False
45931,Tm2MnS4,False
3829,Ti2CdC,False
8428,Mg6CdGa,False
1996,SrCuSn2,True
18512,ZrScCo2,False
44992,TlCuO2,False
13109,SrMn2P2,False
34111,TmGa2,False
33852,VSiPt,False
54099,MnAg3,False
31044,SrCu,False
20324,NaHg3,False
36485,Na6CuO4,False
28914,CdPdAu2,False
44155,DyGePd,False
7262,SmClO2,False
28117,LiCuPO4,False
11109,Be2MoP,False
19168,YTmO3,False
21699,TaTiB4,False
33333,Sr2DyReO6,False
38122,Nb3Cr,False
40488,PIr2,False
2534,NiO,False
16615,Rb2Mg,False
30371,MgSc3Ru2,False
23852,GaHO2,False
6689,KPd2F5,False
31222,LiPm2Ga,False
9530,Ti2CuAs,False
10309,Be2BiPt,False
32976,Sr2CuBrO2,False
40641,Li4V2SiGeO10,False
47226,In2AsP,False
50004,BPbO2,False
45421,Hf2MoIr,False
36764,Tl3Ge,False
48376,NaLaSe2,False
10908,Be2InPb,False
22370,YbZn2As2,False
43729,CrSb,False
12636,HoZrSb,False
21445,H10C11O3,False
26215,SrCaSn,True
10505,Be2MoSe,False
29255,BN,False
39106,MnVOs2,False
27214,HoMnSi,False
24041,InSn2I5,True
18558,TmCuGe,False
10414,Be2CoTc,False
41717,BaAgO2,False
85,CSO,False
44454,GaCuTe2,False
1308,Ba4ScRh,False
6062,ScBe2W,False
8625,BeV2Sn2,False
8355,NdSi,False
45100,YGa2,False
39908,Li2Pt,False
49384,FeO2,False
17090,K2NaIrF6,True
30627,Sr3PN,False
22343,KScO2,False
41951,NpTe,False
5274,UGaPd,False
5511,MnF4,False
5102,Ba2MnBr,False
38254,VCl3,False
13962,K2BiMoPO8,False
579,Ba4MgZr,False
52889,ClO2,False
31827,TbGa5Co,False
40050,TbInAg2,False
28085,Y2ZnIr,False
5236,Ba4SiRh,False
8988,LiMnOF2,False
45179,CeInPd2,False
26666,BPPbO5,False
10894,Sc2BeRh,False
5858,BaLi4Bi,False
31116,AlVOs2,False
2839,YbCu9Sn4,True
1188,Ce2InPt2,False
27515,Yb2PdPt,False
11351,ScBe2Pb,False
42644,CaSO4,False
4226,NaTi2O3,False
3745,BAsO4,False
26566,HfMg,False
12370,NaCeMg6,True
5326,TeAsRu,False
38408,DyPRu2C,False
34153,TiVTc2,False
49201,CeSCl,False
21805,Mn2ZnAs2,False
39204,AlHO2,False
19987,Mn3O5F,False
22165,ThMn2Si2,False
39614,Li2FeBO4,False
41796,TbPt2,False
26585,PrBi,False
12764,LaMnBe2,False
22688,SmFeAsO,False
40022,Rb4In2S5,False
17885,KRb2AsBr6,True
18404,LiSnS2,False
45576,ThIr2,False
961,Rb3InO3,False
41311,HfS3,False
45778,Nd2Be2SiO7,False
3609,BN,False
49857,SnH8C4F2,False
28917,TiI3,False
18134,TaRhO4,False
18503,LiDy2Rh,False
54127,Sr3Ti2Mn2BiO12,False
50222,Mn5OF11,False
50730,K2CeCu2S4,False
54266,CrO3,False
4187,BaYCd,False
39895,Al2PbO4,False
5054,Ba2TiCr,False
52369,Li2VCrO4,False
7830,Tb2Al4NiGe2,False
35289,TbCdAg2,True
19012,ZnH12C8O4,False
15079,Li2VCrO4,False
36398,CdI2,False
10854,Nd2CdRh2,False
5609,CaFeAsF,False
41365,LuTiGe,False
7578,Li4MnSb2WO12,False
28293,Zr2ZnCd,False
16383,Ac3Zn,False
23958,ErSiRh,False
13490,TbCo2,False
32413,Tm2ZnTc,False
43362,YAlAu2,False
23834,ZrIr3,False
50832,SrSbO2,False
23576,B6O,False
24452,MgRh2O4,False
27053,Ca4Al6SO16,False
27533,Ti2Sn,False
50519,BeB2,False
20160,CePPd,False
29989,PdC,False
36820,BaHg3,True
29162,K3Sb2N2O6F7,False
26428,LaV,False
15027,TiSiRh,False
23481,Rb2O,False
34049,U2Co2Sn,False
38091,BiS2,False
41635,SmAgPb,False
43480,ZnPd,False
18117,PmHoZn2,True
4749,BaSnSb2,False
11841,BeCu2Ni,False
26094,AgSnRh2,False
35183,Zn3Cd,True
4543,LiBH2,False
38368,NdPd3,False
52944,InNF,False
9409,BeFeIr2,False
3690,LiBC,False
53055,ZnClO,False
27246,PbSe,False
53269,B2I,False
33075,YBi2ClO4,False
43540,YPdPb,False
20085,SiPd,False
52812,Li4Mo3O8,False
34621,SmHo3,False
4913,BaHgCl,True
47045,YSn3Se2ClO8,False
22479,Ca2N,False
19578,MoWSeS3,False
13086,TiB2,False
15877,LaGe3Os,False
30857,Pm2ZnGe,False
21504,LiMnCo3O8,False
26930,Sm4FeSe6O,False
33534,Tm2IrPd,False
22179,MoRu,False
18336,TbPm3,False
7159,CaBeTl2,False
17164,Ce2AgSn,False
31328,LaF3,False
45070,Li5MnO5,False
24955,SbO2,False
29186,Ti8C5,False
16279,Na2EuCuCl6,True
15257,TaSiRu2,False
18264,CrMoO4,False
33972,LiCdPd2,False
32220,CuI,False
35464,Te2Mo2SeS,False
38728,Yb3Ti,False
22132,Cd2P3Br,False
14482,DyCuSn,False
5318,Li5Fe4O8,False
46629,HfNi5,False
30227,AgSbS2,False
40544,KTlCl4,False
44612,Be2B,False
2600,ZrCl,False
24689,SrSm2O4,False
29884,CrN2,False
19280,DySi2Ru2,False
32438,ScSi2Rh,False
17272,Sr2TaMnO6,False
8977,MgAsW,False
40236,Li2S,False
12886,BaHfP2O8,False
14004,Te2Mo,False
6152,CrFeBi2O6,False
37165,AlSb,False
25703,BaSiO3,False
17615,SmZr,False
28336,Hf2TcPd,False
24455,Li2CuF4,False
51563,IBr2,False
42479,Ba4NaP,False
6901,Be2NbSn2,False
9798,Be2SbPb,False
18190,MgHg3,False
34155,ScPdO3,False
39008,NaVO2F2,False
6404,Be2TcBr,False
26500,FeCuS2,False
12187,Be2ZnCr,False
39184,CoBr2,False
44914,MnGaNi2,False
37496,BeZnO3,False
49326,CdH12C8O4,False
24069,NaH3Se2O6,False
43698,Tb2CuIr,False
32497,Mo3WSe2S6,False
28212,NaIn2Bi,True
18323,NaCr2S4,False
31611,HoInPt4,False
22353,GaCuS2,False
28616,Li2MgAg,False
41387,SrAgSb,False
1229,GaPd2,False
51255,LiCo2CuO6,False
31553,KLi6IrO6,False
17256,H2C3,False
51452,ZrAgF,False
51939,NaHg,False
46086,Sr3ErRhO6,False
20023,TmNiGe,False
34267,MgCu2,True
25131,NdSBr,False
14852,CrCuSe2,False
6979,PtN2Cl6,False
36471,Sc2SO2,False
8254,BeCo4Cu,False
29654,NiN,False
32340,HoThTc2,False
15339,CoNiAs2,False
48411,TaTl6VS8,False
7278,TlAsRu,False
25910,Y2HgAu,False
27267,CdCuSb,True
18068,Na6MnO4,False
28485,BaHo2PdO5,False
52089,Li7Mn4CoO12,False
10732,Be2FeCl,False
22141,LiCuCO3,False
23258,HCl,False
23130,Sr3Fe2Cu2Se2O5,False
3666,CoAs,False
2215,BaSc2Cu,False
18576,CeSi2Cu2,False
14492,PrZnPO,False
32608,GaPPd5,False
2984,UCoB4,False
9291,TlCuHSO5,False
29972,NpAl8Cu4,False
53600,MgInBr2,True
36603,CdI2,False
48232,Li7Mn2Co3O12,False
47209,NaMgHg2,True
47362,TbFeSi2,False
40632,BaNiO3,False
31533,Sc2ZnTc,False
3872,LuAgS2,False
2528,UAlPt,False
30049,NbO2,False
22031,TbSe,False
30557,ZnSnO3,False
18892,TaCu3Te4,False
14420,MgS,True
8763,HPbIO,False
3856,BaCaSn,False
20456,Pm3Mg,False
18550,Lu2CoCu,False
31567,NaCa3IrO6,False
17418,Rb2IrAuF6,False
10811,Be2CrRe,False
14450,LaScGe,False
9241,NaSrBe2,False
25557,Ta3Br7,False
6118,CeAl4Si2Ir,False
18381,Tm2C,False
10008,BeSi2Sb,False
34161,Mo3WSe2S6,False
16581,Tb3Eu,False
1451,Ba4TiHg,False
25155,Mn3RhN,False
42312,ThCu2,False
31026,CoPPd,False
32425,Li3PrSb2,False
1181,Yb2Si2O7,False
37352,InGeCl3,False
27623,Be3Ru,False
3584,MgGaAu2,False
53493,BeCl2,False
39261,TiCrO4,False
27444,AlVCo2,False
49396,SIO2,False
44141,DyCr2Ge2,False
34853,Ce3AlN,False
43997,ZrTi,False
6467,BeGaPb2,False
42416,Ba4CrCd,False
12345,BeHg2Ir,False
30454,CrS2,False
36565,ZrFeCl6,False
4160,BaYTe,False
46250,K3Nd,True
31124,ErPt3,False
6245,KBeNi2,False
52607,FeSO4F,False
47733,LiNpRu2,False
19600,VCl3,False
37880,CBrN,False
16058,KBiS2,False
845,BeTcCl4,False
43616,Fe2CoSi,False
1042,Sm4Si2Se3O7,False
8925,CaBe2Cl,False
12476,YbCaPd2,False
48015,Nb3B4W3,False
25209,K2NbCuSe4,False
8058,AsP2Cl,False
16951,NaCo2BiO6,False
2943,LiBIr,False
47467,MnGeAs2,False
5220,BaCaIn,True
23040,NiO2,False
10458,LiBi3I2O4,False
9620,SmClO2,False
7247,BeCdTe,False
21623,YbAg3,False
15947,Cd4Te3Se,False
34395,TbMgAu2,False
8854,EuHg2,True
19612,TbRb2LiCl6,True
22089,Mn4S3N2,False
19051,SiRu,False
25616,Ti3N2O3,False
39625,PuAl2,False
47026,Nb5Sb4,False
4986,GeO2,False
5868,Cu2SnSe4,False
20112,CdAsP,False
19818,CeScPd6,False
35837,Fe3N,False
53501,Li2YO3,False
15132,Eu2MgTl,False
49053,LiAlB,False
681,SmInNi,False
46510,MgNi2O4,False
46898,ScNi5,False
47168,K2InAsCl6,True
7393,NaTcAs,False
23484,NaAuO2,False
42719,RbCaBr3,False
16675,Fe3Si4Ir,False
12270,LiSbTe3O12,False
36770,MgC2N2,False
32080,CaCeAg2,False
44887,NdSmZn2,True
50215,AgAsS,False
28608,Ba3MgNb2O9,False
3913,BaBeIr2,False
6301,TaTe4I,False
22746,Al2NiO4,False
13981,CeSi3Ir,False
46380,PrB2C2,False
7735,SrBe2Te,False
18989,CuNi2Sb,False
32975,MnBe2Ir,False
12987,Mg6CoC,False
25749,GaSe,False
27872,YCdRh2,False
39101,Na3PO4,False
24016,Sr2CoCl2O2,False
7151,FeAg3C6N6,False
49511,LiB2,False
41504,Na2Ca3Si3O10,False
38683,Li2VOF3,False
8805,YBe2Cr,False
27988,Y2CdIn,False
30430,ZrAg2,False
52405,Li2FeCl4,False
25227,Li2Mn3OF6,False
1736,K2P2H2O7,False
38311,Mg2V3O8,False
38037,LiSiPCO7,False
23555,Mn4As3,False
33694,Mg3Al9FeSi5,False
21209,InGaCuO4,False
5077,BaNa2Mn,False
5671,CaAlAu,False
21768,Tl3AsSe3,False
37680,ReH4NO4,False
43738,RbLuP2O7,False
23315,Ca3SbN,False
16125,TePb3Cl2O4,False
12192,NaMg6Cr,True
6520,TiBe2Sb,False
18267,Pm2CoRu,False
51720,CSN,False
40807,Co2Mo3O8,False
49695,V3Co20B6,False
18266,TbSi2Rh2,False
30508,LuAl2Ni,False
24446,Li6FeCl8,False
34787,LiCd3,True
27825,PmInPt2,False
16678,SbPbO3,False
12754,La2MgBe,False
29730,Ta2O5,False
20430,LiFeF3,False
12449,Be2CdSe,False
4193,As2PdO6,False
38449,Li2FeSiCO7,False
8941,LiBeZn2,True
8195,Be2NiCl,False
42990,KBa2IO6,False
32580,Ag2Cl3,False
32579,NdB4,False
14722,BaNi2As2,False
36354,HgS,False
30483,CdInGaS4,False
19216,H4C3O2,False
43546,Sr2TlHg,True
53160,SbOF,False
46926,Tm4InRh,False
50474,Ge2Sb2Te5,False
4598,BaReCl,False
44091,TmBiPd,False
21764,NdTm3,False
32866,CaCrF5,False
32051,Cu2Se,False
23947,CoPH6O6F,False
26380,CoRh2O4,False
616,Ni6OF11,False
2440,ErCdGa,True
23692,TmAsO4,False
38322,CaBi2O4,False
28093,Te8MoW3,False
36488,P2Pt,False
36470,Er2TeO2,False
48628,Li3NbV4O8,False
3058,BaFeIr2,False
3005,TiFeO3,False
31268,Rb2HfF6,True
34336,Al2Re3B,False
54516,ScB2Os,False
11648,Ba2HgBi,True
43655,CdAu2F12,True
32112,Ca3Zn2Cu2P4,False
23773,BaTe2,False
50988,LiBC,False
27129,YbNiC2,False
45897,Rb3FeO3,False
32909,Mg2AgRh,False
21838,V2O5,False
29600,BaV4ZnO8,False
31447,Na3FeS3,False
53287,BI2,False
6139,BeCd4Os,False
23155,AgN3,False
41098,LuAs,False
10866,K2MoCl6,False
43936,Na2AlAgCl6,True
16924,RbCo2As2,False
21116,NdSi2Rh2,False
9736,YBe2Sb,False
22144,Ho3AlC,False
42097,DyIr2,False
936,Ba4YMn,False
26739,CaCl2O4,False
22993,Na4CO4,False
31540,KLuS2,False
25255,As4S5,False
34535,SmSeClO3,False
49683,BAsO2,False
28202,Pr2Be2GeO7,False
46909,Dy4MgRh,False
28761,FeN,False
7095,InNi2As,False
14426,CaAlB3O7,False
36856,SmNi2Bi2,False
17583,Cu3NiHgSe4,False
52952,Li7Mn2Co3O12,False
22022,La3Sn,False
47907,PbICl2,False
46942,Sr3B2O6,False
36117,Na2ZrSe3,False
10045,BaSb2Ru2,False
21063,Li3Cu2F8,False
43614,TlCdN3O6,False
16712,SrCaS2,False
14602,NbCrO4,False
17798,CoO2,False
51775,PdSCl2,False
28614,ReN,False
26752,TiS2,False
4480,BaTlSb2,False
6161,ZrCo3B2,False
45463,RbBF4,False
19813,Si2NiP3,False
6961,Sr2NiTeO6,False
41890,NdHg2,False
11757,BaAsAu,False
20362,ZrAlNi,False
46230,Li2P2WO8,False
6305,LiBeFe,False
38718,CdI2,False
39214,TeMoWSeS2,False
24000,Te2Mo3WSe4S2,False
16472,NaScO2,False
43695,Mo3N2,False
53649,LiN2,False
22029,Nb3SnH,False
39420,TiBe2Pt,False
22862,LiTaW2,False
37738,Si3Sb2O9,False
1332,LiY3WO8,False
34973,YbMgSn,True
42709,NaP,False
48053,HfCrO3,False
38202,Li2V2F7,False
36160,Li2Co2SiO6,False
4496,Ba4NiSb,False
740,CaZr4P6O24,False
6940,TlBS2,False
11865,BaNa4O3,False
18278,MgNbOs2,False
12505,Hg3SO6,False
17436,YIr2,False
24139,MgH12Cl2O6,False
3227,BN,False
4072,BaSc4Co,False
38537,Si3N4,False
19840,P3BrCl14,False
22082,BaSiTc2,False
20775,K2TaNbO6,False
54351,U3Pa,False
50416,PmHg3,True
29386,ZnNi2O4,False
41563,TbCu5,True
15029,Lu2GaOs,False
13208,Rb2Se,True
46313,YbS2,False
15997,CdCoCu3Se4,False
33373,ZnPd3,False
594,Rb3Sn,True
27593,UTc2Sn,False
11750,NaMg6Si,False
51146,NaBi3Cl2O4,False
23725,CuN,False
22772,LiVSiO4,False
48389,Y3SOF5,False
21843,NiBTe,False
41840,Sm2Mo2C3,False
24465,MgTi2N2,False
44350,Mn5B2P,False
31596,TcB2,False
17617,ZrNbAl6,False
798,Na3Co2SbO6,False
6910,BeVSb,False
21060,RbCdF3,True
478,Rb2AgAu3I8,True
49171,InGaO2,False
38851,GaSnRu2,False
51077,SF,False
14522,Lu2InNi2,False
40926,K2CuF4,True
419,CaNiP2O7,False
49997,B3I,False
758,Sr3Fe2O7,False
20824,H4C9SO2,False
17912,AlV6Ge,False
37460,Li6PS5I,False
27085,CaCo2Si4O12,False
23352,NaOsSe2,False
17879,YbRb2LiCl6,True
47821,AlIn3Cu4Se8,False
33740,Er2ZnCu,False
18662,VO2,False
53942,TlBr4O,False
22866,MoN2,False
292,CdH4S2O5,False
26732,Li7Br3O2,False
51460,Zn3Ga2N4,False
3492,ErFeO3,False
19108,AlAgS2,False
4263,Fe2OF3,False
42962,Ce2ZrO6,False
53847,CaNO,False
50567,Ga3Au,True
11393,ZnS,False
34104,TiInPd2,False
44553,Li2SiAu,False
45349,SrCuSb,True
30269,Ca2H3Br,False
50959,GaFe7N2,False
22278,SnH4C2Cl2,False
39740,Na2CO3,False
17043,DyP2Pd2,False
37779,TiV4CoO12,False
36252,CoNi2S4,False
43799,Li4CO4,False
10740,BeNi4Pd,False
24275,Sr3NiIrO6,False
46899,Tm2Ni12P7,False
14466,HfCuGe,False
39421,LaCo5,False
34565,USbRh,False
51064,Sr3CoRuO6,False
20917,YFe2Bi2Se2O4,False
4074,Ba4IrBr,False
8671,AgAsSe2,False
26188,SnF4,False
2992,RbMg6W,False
34890,Hg3As,False
23449,Na2S2O3,False
46851,ZrAs2,False
49364,SnH4C2F2,False
34091,Er2PdRu,False
10278,MgBeSn,False
6351,TbReB4,False
32731,PrCuSn,False
51665,P2Br,False
47131,SrNdVO4,False
3429,LuSi2Pd2,False
51528,MgC3,False
25014,Ba2Ti3O8,False
25817,SiO,False
11965,Mn2BeV,False
52994,Ta4Co2N,False
24542,Li3TiP2O8,False
30349,GaSb,False
32681,TmZrOs2,False
7667,BeNiCl,False
44526,Sr2MoO4,False
32895,LuCdAg2,True
28283,ZnCr2O4,False
45369,PrPS4,False
19070,TbCoC2,False
445,EuSnP,False
36741,TmNbRu2,False
15969,ZrTiC2,False
31848,ThAsSe,False
14817,Ti2Sn,False
15900,LiCuS,False
28915,ZnCoO3,False
46342,RbF,True
31696,LiCa2Si3,False
33973,ZnPb3,False
39893,Zn2CrWO6,False
522,DyP2Pt8,False
25818,ZnIn2S4,False
26521,CePmZn2,False
43630,SmMg5Sb4,False
3128,Li3As,False
32445,Sm3InS6,False
17048,MgCuPb,True
34551,TlCl,False
20574,CrB2W,False
49552,V2Pb3O8,False
19739,MgPd3,False
5747,Li2CoBO4,False
32110,USe,False
33978,ScIr3C,False
45240,Li3ZnPCO7,False
20124,Cu4Br3Cl,True
43677,Tm3In4Co2,False
26373,TaAgO3,False
19804,RbH2N,False
21919,K2NaTaBr6,False
39355,Ba4NaSi,False
21159,SnO2,False
40254,Pb4SeBr6,False
9203,Be2InHg,False
24898,LiMnPH2O5,False
691,Ba4ZnTe,True
39000,TaTe2Br6,False
38299,Li3VPCO7,False
18664,YU2O6,False
2571,SrSi,False
49740,SnH4C2Cl2,False
13978,RbMgCl3,True
14479,CeGe2,False
14049,K3Cu8S6,False
33489,ZnPPd5,False
42713,ScAlCu2,False
43376,V2B3,False
28211,Ba7Al10,False
26898,TmLuIr2,False
12315,LiFeO3,False
44814,TbPO4,False
26543,Tb3Yb,False
9921,BeCr2P,False
32626,HfV2Ga4,False
39345,BiOF,False
46234,Ca3Si4Ir4,False
43344,K2NaTlI6,True
11783,Zr4Ni2O,False
43931,SmThCN,False
12863,Ti2Ga,False
10665,Ca4BeIr,False
41476,PrCo2B2C,False
33513,HfCdRh2,False
5901,MnBe2In,False
17446,K3ScCl6,True
12448,BeGeSb,False
34911,TiZnCu2,False
21559,Mn4AsP3,False
11839,ZrBeIr,False
53503,MnF2,False
4558,Zn3BPO7,False
51911,LiAuS2,False
45927,Tm2C3,False
11572,LiCoSnO4,False
40686,UAs,False
601,MnFeP2O8,False
24171,PNF2,False
35903,Ti3O,False
22841,SrCd2As2,True
3608,BaMgBi2,False
44730,Ca3PbO,True
29242,BaC2,False
47910,KHg3,False
835,KBaV,False
21164,NbCo3,False
13168,CIClF4,False
30498,MnGaGe,False
25137,Tb3SbO7,False
53694,As2C,False
53178,Li2FeF4,False
24651,RbNO3,False
24782,KHCO3,False
35057,TbO3,False
19938,LaGaSi,False
6229,Mn2BeCl,False
12224,Tl2CO3,False
42125,K2TiHgF6,True
9952,Be2OsSe,False
51779,CS,False
42263,Mg2AgPd,True
36659,Lu2MgIn,False
10304,BeCr2Te,False
5938,Dy5Ge3B,False
21669,Ba2Fe4AsP3,False
2287,YbAlO3,False
49596,NaSe2O6,False
45040,SmB2C2,False
5681,BaNa2P,False
32743,Ti2CoIr,False
24216,LiSmSe2,False
42741,Sr6Cu3N5,False
15625,PrSO,False
42005,CaPr2S4,False
7896,HCl,False
2342,MgBe2Pb,False
40132,Sr2YTlCr2O7,False
42138,VZn3,True
26646,ReTeS,False
23052,SiAs2,False
33981,HfSiPt,False
6195,BeInW,False
10406,Be2HgGe,False
37868,Co2SbO6,False
12389,Be2SnPb,False
45120,Li2SnGe,False
11876,Cu3BiSe2ClO8,False
43097,LiVO3,False
35027,YbF2,True
7805,Nb2FeAs,False
17859,BaYCo2O5,False
27827,MgZnAu2,True
39157,YbP,False
15621,NdGe2Au2,False
26204,Ti9O10,False
18054,Nb2Pb2O7,False
10048,NaAsPd,False
36267,YbNiO3,False
53783,RbAuSe,False
53308,LaN,False
483,Ba4ZnPb,False
40727,CdCO3,False
11920,Tc2P3,False
43760,U2In3Sn3,False
8172,AsRu2Cl,False
25588,AlHO2,False
9118,Be2BiMo,False
18869,Rb2LiTlBr6,True
5947,Ba4SiNi,False
11065,TaAlCo2,False
4117,EuMgH4,False
39312,TbLiSn2,False
39016,LuTlO2,False
33838,Te6MoW3S2,False
51450,Ho2Ga8Fe,False
25995,PBr7,False
42538,SrCaSi4,False
49615,Ba3Fe2Cl2O5,False
47835,Ca3O,False
38976,Pb5S2I6,False
16165,Zr2AlC,False
6142,BeNiBr,False
25932,MgBi,False
35417,SmPbAu2,False
45268,OsCl4O,False
52950,In2N3F,False
46523,Nb3Ge,False
36569,SmDy3,False
46876,NO2,False
40697,Sr2Si,False
34824,CeCdAu2,False
32567,Ba2GaGeN,False
16388,ThUMn4Si4,False
54418,BP3,False
29420,Ca2Mn2O5,False
39576,LaP,False
49853,H9C7,False
13224,TbCu4Au,True
18269,Na2ScCuCl6,False
17790,Na2InAgCl6,True
14766,LiLaO3,False
32050,ZrZn3,True
14237,KPrS2,False
15022,CdI2,False
6586,BeNiP2,False
37805,CrOF,False
17763,SmZnCuP2,False
31024,AlInCl4,False
40481,Tl4SiS4,False
42195,LiLuTl2,False
36804,NbCu3Te4,False
6426,MnGe,False
54096,Ag3Kr,True
17958,Rb3TmCl6,True
18593,CaSbPd2,False
33639,Ca3SiBr2,False
4560,BaMnBr2,False
1851,V3Ge,False
39010,Ga3NO3,False
6120,KBeRu2,False
31535,PmCu2Sn,False
15047,Yb3Pb,False
5470,Ag3BO3,False
14194,CeSi2Ir2,False
28635,Sr2CdHg,False
15624,TbNa3Cl6,True
3120,USbRu,False
33640,Pr2Ti2S2O5,False
10601,BeHgMo,False
17685,ErAg,False
54350,CaAlAs,False
23815,PrAu,False
25018,PtF4,False
26605,GaAs,False
51771,C2S,False
48197,AlCdO,False
3948,BaNaLa,False
30336,BiF4,False
6267,RbVP2S7,False
31093,PrZnIn,True
40251,K2NdPCO7,False
43838,HgPtO2,False
49658,AgClO4,False
3631,EuCu4Sn2,False
30830,LiPdAu2,False
13627,BaH2O2,False
571,KCoO2,False
31594,TeMoWSe3,False
2505,ZrBeTe4,False
36597,PrHoZn2,True
48434,UAl10Ru2,False
17074,CaH2C3O4,False
33563,PbCO3,False
37879,BaYCuSnO5,False
54362,CaAl2As2,False
13133,TaTe2Cl6,False
44031,TbCe3,False
21642,Pu3Mg,False
3567,NiS2,False
54292,YbZr,False
39353,Zr3Sn,False
47245,AsNO2F6,False
27278,BN,False
44540,BaCuSb,False
26468,Tl5Se2Br,True
3,KBi,False
24743,K2TaAgS4,False
39490,NdTi3FeCu3O12,False
48183,BeCo2O4,False
36207,CaC2,False
11537,Ta2BeCl,False
47922,RbP2Ru2,False
27037,LiLu2Tc,False
38733,Tb2KCuS4,False
8809,Be2BrCl,False
27169,FeCo2Si,False
11140,Be2VPb,False
14809,CrN2,False
29354,Te4MoW3Se4,False
32834,HoTi2Ga4,False
13756,USi2Ru2,False
12604,DyPa3,False
10145,BeSe2Br,False
50187,BeCN2,False
48449,LiH,False
43632,NaCO3,False
46476,MgSn4O8,False
29644,BeSe,False
37896,ReN,False
30652,Hf5Sb3,False
13229,KCdCl3,True
8831,CdAsIr,False
47568,LiBS2O8,False
42826,KZrSnF7,True
6108,KBe2B3O7,False
38413,TiH2,False
8477,FeAsCl,False
24710,CaNiF6,True
26851,CeRh,False
16621,SnRh,False
3873,ScSnAu,False
43889,Na2CdS2O8,False
49930,NaSrAs,False
20879,ScSe2,False
1290,GaBr2,True
1571,Mg2Al4Si5O18,False
47330,Er2Al4NiGe2,False
38501,Ca4PdO6,False
52974,InOF2,False
17636,MgHg2,False
25279,SmCuSe2,False
15714,La2FeAs2RuO2,False
14735,Ce2BiO2,False
43508,Ba2AlIn3,True
32680,Ba3P6N8O6,False
8704,BaSrO2,False
8185,Be2Co2Se,False
2086,Na2CN2,False
17505,Te2Mo3WSe6,False
45993,KNdW2O8,False
2862,SnO2,False
27383,ZnSi2NiO6,False
27800,YTlS2,False
14957,Sr2FeWO6,False
42986,Ba3SrTa2O9,False
22551,YbRb4I6,True
29836,Zn3As2,True
52835,Li2Fe3CoO8,False
30172,Ge2Mo,False
3003,BaLiRu2,False
23903,TaZn2CuO6,False
13947,Pr2Ga5Cu3,True
24566,CdSeO3,False
17314,H8PbC6O4,False
28065,PtPb,False
19949,TmAlO3,False
17126,MnNi3O4,False
51488,NaAlO2,False
11195,Be2InRe,False
5837,BaYPd2,False
2299,YBeIn4,False
32014,Sm2Ge2Ru,False
16282,PrAlZn,False
21334,PbF2,False
41300,PrAlO3,False
25273,Ag5PS4Cl2,False
19163,TlTcO3,False
9674,LiBeSi2,False
11441,RbTaP2O8,False
11639,Sc2BeTc,False
52541,TiNbGaO6,False
28070,TiMn2W,False
22704,SmSI,False
43945,NpAsSe,False
51705,CaSi2N2,False
20413,Co4N,False
10515,KRb2AsCl6,True
14515,LuFe2B2,False
39018,YHg,False
47070,Zn3Si3Bi2O12,False
3458,Hf4BeP,False
34117,Yb2BiAu,True
5213,BaTaBi,False
44208,Li2CoO2,False
20428,H8C13SO,False
16141,Na3Mg,False
45895,Zr4Al3,False
26075,HfPd,False
6167,HfAsOs,False
20157,KPb3,False
10161,ZnNi3Sb2,False
16250,TiCr2Si6,False
44280,SrAlIn,False
39113,Li4SbTe3O12,False
29273,LiNiPO4,False
7344,ScSnPd,False
53897,HPbCl,False
49561,MoH8N2O4,False
4385,Ba2InPb,True
37850,Li2MnVO4,False
45661,NiS,False
17028,KIO3,False
8505,SrBeNi,False
51122,TmMoClO4,False
7189,SrO2,False
10103,Y2BeOs,False
32907,Tb3CuGeSe7,False
15617,KRb2AuBr6,True
48786,In5CuTe8,False
30226,NaLi2As,False
13742,SrH2Br2O,False
892,Ba4TeMo,False
24315,DyMnSi,False
17362,ZrNbCN,False
48856,Ba4BiPb3O12,False
18840,BaCu2As2,False
15970,Pm2GaCu,False
4217,Ba4LiCr,False
43065,KRb2TmCl6,True
13816,Na2Si2O5,False
50218,CaAgP,False
6598,YCuAs,False
51900,Li2Mn2OF6,False
15151,Rb2PdBr6,True
42012,Ni3Sn,False
1572,LaCN2F,False
23387,RbHS,False
47297,DyErAg2,False
14269,ReN2,False
36650,NaCuO2,False
20722,ErInNi,False
33988,NdBi2BrO4,False
23499,Na2LiGaAs2,False
43286,Yb3Pm,True
38014,NaV3O6,False
41120,CeNiC2,False
52321,Y2OsC2,False
40316,Ge3Cl8,False
21353,NiO2,False
11517,ZrBe2Co,False
3029,CeAl2Pt,False
33568,TaMn2Al,False
19974,ZnH14C9O4,False
43724,AlAg3F6,True
26025,CoNi,False
6123,CrHgF6,False
25890,MgV4O8,False
19527,MnCoSnRh,False
47014,Rb3Nb2Br9,False
7351,SrCaI4,False
43206,KCrF3,False
39726,Ta2H4O7,False
40080,ZrH2,False
38079,LiFeSiO4,False
828,Sn3Te3Ir2,False
33494,CaCdHg2,True
44019,ErLuRu2,False
32209,TlCdS2,False
24507,BH3NF4,False
35008,RbTl3,False
33080,Tm2GaOs,False
46725,Zn2SnSbO6,False
8289,BeNbRe,False
37553,RbAgO2,False
117,LiH4SNO4,False
11435,Be2CdIn,False
16342,Al2HgTe4,False
19087,H6C12S3O,False
17419,H7C6SN,False
34066,HoNiO3,False
53146,InH2O,False
16550,Pr3Sc,False
37024,TmLuCo2,False
50512,BaTe3,False
38831,Ba2YNi3O7,False
1664,K2Ag4Se3,False
328,Te8Mo3W,False
6258,Be2NiPt,False
8693,LiMg3O4,False
48599,NaGe,False
48255,Li3Co2O5,False
35734,LiHf2Ir,False
6676,CaBe2Cr,False
25922,TmClO,False
29619,AgRhO2,False
41151,MgNi2O4,False
42692,Er2Mg,False
7995,TaAsAu,False
20751,AlCuRh2,False
27792,Ti2CoTc,False
39943,KCdN3O6,False
11006,LiNd2Si2,False
15105,CeSe2,False
24534,ZnSi2SnO6,False
47476,Nd2CoSi3,False
9873,Ta2BeMo,False
35469,MgSbPd2,False
53592,YbLiW2O8,False
51990,ClO3,False
42391,PCl5,False
9936,NaBe2Cr,False
53409,Ge2I,False
47872,Ce3Th3Si4,False
50887,CaSbAu,False
30610,HoAl4Ni,False
6210,BeSn2Pb,False
10594,Be2NbMo,False
14039,NiTeO4,False
9559,Be2TlSe,False
11394,Mg3Bi,False
37313,InAgP2Se6,False
52716,CuSeS,False
13196,Sn2S3,False
34308,NdInRh2,False
36206,Cr3Fe,False
12620,LiCuPO4,False
278,Si2Ru,False
908,LiMg,False
18218,ErPa3,False
15588,FeCoO4,False
7572,YBe2Pb,False
54306,CeU3,False
6089,HfBe2Sb,False
2486,Zn2TeBr2O3,False
4893,GaRh,False
7977,B5W2,False
42376,Zr3Tl2OF12,False
7593,Li2NiO2F,False
2462,K4TiO4,False
51868,MgHN,False
52505,LaMgFeNiO6,False
16117,CdAg2SnSe4,False
3816,BaLiBi2,False
5728,Ba4ZrIr,False
34592,TlPPt5,False
53363,BaTcCl,False
24490,MgV2O6,False
31962,TbCaF6,True
34423,NdDy3,False
51303,La6Mg23P,True
6400,TaBeZn2,False
6196,ErN,False
513,Be2CoTe,False
10851,BeSiTc,False
42011,SrH3,False
32420,ZrVP,False
38578,Li3SiNi3O8,False
5015,Ba4PdSe,False
22450,ZrBeCd,False
11029,Be2ZnCu,False
36563,Dy3Ga,False
32802,LiSmTl2,False
54277,Li3MnCoO5,False
49602,YFe2O4,False
6890,MgB2H8,False
27423,BiRh,False
20013,MnCo2Si,False
52241,NbF5,False
21068,NdPu3,False
54022,NaInS3,False
38864,Zr2SN2,False
36960,YbB4Ru,False
28572,CaCo2O4,False
40699,CeIn5Ir,False
2249,CeGeAu,False
15822,HfNi2Sn,False
23892,MnO,False
22848,NbVO4,False
51084,NdNiAs,False
43310,TaS2,False
32860,YbCdPd2,False
26526,BaCuWO5,False
16240,Yb2NiSb2,False
45144,Fe4C,False
31133,LiPm2Si,False
33428,YbCu,True
53946,SrHCl,False
44845,Li4H6Ru,False
26829,SrMg3,False
25207,UPd3,False
33469,Ti2ReB2,False
9363,H2O,False
11944,AlGaCl4,False
33527,K2CdC4N4,False
42837,V3FeS6,False
3643,BaCo2Sb,False
40982,MnGaPt,False
42773,La2InAg,False
45501,Li2GeF6,True
32574,Ni3B,False
53081,AlAsO2,False
21201,RbMnCuS2,False
39363,Li5BO4,False
20652,Hf2Al3Ni,False
13788,Mg6CdB,True
19892,ZrNiSn,False
26073,YOF,False
9896,URe2,False
7057,BeZnW,False
6818,CaSc2Be,False
52406,TbNa5O6,False
33652,VSnPd,False
49258,Pr6Cu8P8O3,False
3041,ZrH6O3F4,False
25660,MgCoPO5,False
34561,Re2W3C,False
27557,TmTe,False
6771,Mg7Zn,True
44505,Ba2YBi3O8,False
38681,CeBi,False
20492,Pr2CdAu2,False
53973,Li4Ni3O6F,False
17784,Ti2IrRu,False
42134,FePd2Se2,False
13650,Ac3Dy,False
888,SbXeOF9,True
30037,MgVF4,False
14169,UGa5Os,False
28661,ZrN,False
51044,MgGaMoS4,False
8881,Be2BiRu,False
49410,ErMo6S8,False
27535,Mn2CoSn,False
5808,BeGaCo,False
8316,Be2TlCl,False
5887,B3Mo,False
10181,Be2HgMo,False
13269,CaMg6Sn,True
24959,AgHO2,False
50654,LiFeF4,False
30556,BiBr,False
36433,MnCo,False
3601,Pr4B10O21,False
32285,SmFeSi,False
48025,MgCdAu2,True
46935,KTl,False
45097,Na3BeAlSi2O8,False
50561,LaMgFeCuO6,False
42911,SmYS2,False
11354,UBr4,False
5114,LiBIr,False
47284,CaYPd2,False
50384,GeC2,False
35665,Ho3Pb,False
80,Zn2Ga2S5,False
9745,BeCrCo2,False
26839,Li2HgAs,False
10494,ZrTi2Be,False
180,VH16C6N6O7F2,False
11887,Na2CuAs,False
21964,SrAlSi,False
3354,NaAl6Fe3Si6B3O30F,False
51447,ZnCoN2,False
51579,I2Br,True
38738,Li2MnFeP2O8,False
35898,BeMo3,False
53315,HPbO,False
13566,Ti2NiP5,False
34063,VSnPt,False
42755,Y2MgS4,False
36166,AlH3O3,False
25316,Sb3O7F,False
38291,Tc3Ni,False
31320,ZnSb4O8,False
13150,Be2GaMo,False
4551,Ba2CdBi,True
1979,Na5CoO4,False
54051,Na2P,False
40783,DyCu2Ge2,False
33540,CdHg2SO6,False
35919,CoAuO2,False
43400,Ba2ZnOsO6,False
1232,Ba4YTe,False
45492,YMgTl,False
4418,Ba4MoP,False
18824,YbSr2UO6,False
14860,Ni4O3,False
29398,LiSmO2,False
11320,Be2TlIr,False
34426,K2SbAu,False
30992,Nd3RuO7,False
44256,TaB2Mo,False
16258,UC,False
28526,Zr2ZnPt,False
6645,LiBeV,False
30749,TlN,False
26265,NdCd2,False
28505,TlSn2Br5,True
32185,ScI2,False
3748,BaBe2B2O6,False
17627,Tb2CoGe2,False
52572,LiMnP2O7,False
33209,CaSmHg2,True
26564,Mg3Zn,False
36797,CuO2F,False
43745,ZnGaPS,False
7315,ZnAg2SnS4,False
20234,BaSrN,False
8979,TcAsPd2,False
7564,ZrBeFe4,False
10226,MgBe2Ge,False
35725,Rb2NaGaF6,True
5876,KZn4P3,False
33296,PrCo2As2,False
46078,In5S5Cl,False
37886,Yb3Ru,False
44984,Ti3Ga,False
17721,Pm3Ag,False
1198,Ba4TeCl,False
36075,LiCoSiO4,False
39964,FeCu2GeS4,False
6920,Mg3Zr,False
1175,Ba4CdCo,False
46587,AgPb3,False
54229,AgSbF2,False
33177,Sn3As4,False
16690,Rb2InGaI6,True
32591,Te3MoWS,False
42284,RbNO2,False
48503,BaMnBr,False
50017,BSO,False
9636,Be2InCl,False
53303,KSn,False
8841,BeGa4Pt,False
24680,K2Bi8Se13,False
38145,Li6VCrP2C2O14,False
8910,ScTaBe2,False
9053,PrSb2Au,False
23616,LiV2O5,False
4486,Mg3Al,False
3582,Ba2CaGe,False
44501,BaNdMn2O5,False
21627,AlH16C10ClO4,False
49206,YbBaAl3SiN4O3,False
28643,SmGe2,False
33145,YSnRh2,False
32836,ErAl7Au3,False
1884,TiFeO3,False
23220,CuSe3Br,False
10225,BeCrIn2,False
44230,CdHgS4,False
31843,U4Si6Tc7,False
4765,Mn6O5F7,False
22172,BaCa2I6,True
33874,SiBi3,False
12750,CeTiGe,False
43141,CoO2,False
52103,YMnF3,False
4841,BaReBr2,False
22629,ScHgW2,False
24948,Pr3Sb4Au3,False
49492,CaCr2O4,False
20177,BaMg2Si2,False
42085,K4BaGe3O9,False
26378,Rb2TaCuS4,False
46778,Na2Si3O7,False
35506,NbGaRu2,False
31862,CaMo6S8,False
12885,BeCrSi,False
27120,Tm3P,False
32465,Lu2ZnOs,False
37360,ScSn3,False
28567,CaTiF4,False
43010,U2SbTe,False
50574,MnAs2F12,False
52757,Nb12Ga3Ge,False
5502,Ba2NaBe,False
43587,Sr2PrTaO6,False
49011,RbSbCl2,False
33218,Pm2AgGe,False
47401,Fe2CuS3,False
16280,Hg2TeSe,False
44030,CaF2,True
27603,Mn2CuGe,False
31290,Mg4Nb2O9,False
4806,Mn2OF3,False
15400,CeSiGe,False
18306,CSN3,False
39126,CaGa2O4,False
22642,Lu2O3,False
22748,ZrAlPt2,False
1321,HfBeFe4,False
17620,K2NdCuI6,True
1342,Ba4TlSi,False
14716,LiFe3O6,False
26148,RbP,False
8305,TaBe2Ni,False
49120,SrPF2,False
44093,Ca2CdHg,True
6726,ScGeAu,False
506,ZrBeCd,False
10696,Be2CrTc,False
2986,Zr2Al3C4,False
40040,Mn2ZnO4,False
42096,PtO,False
20622,TiCo,False
20797,CeSmTl2,False
6563,Eu2CN2Cl2,False
17267,BiPd6Pb,False
4895,YbB6,False
8744,NbB,False
36359,Li2MnF6,False
32652,Ba2HoCu3O7,False
9323,Ta6Fe16Si7,False
1501,ZnS,False
4110,Ba4YRu,False
17338,H7BrO3,False
37386,SiP2O7,False
48049,BMoWC,False
7508,RbCrCl3,False
7824,YMn2Be2,False
41067,PH4I,False
24687,K3GaO3,False
5117,Ni2Sn4Au,False
26316,MgCl2,False
29724,W3O8,False
9534,CaGaN,False
30297,TePb,False
10613,FeGe2,False
10726,KBe2Cu,False
31687,K2NaVOF5,False
38248,MgSiO3,False
29930,BaBOF3,False
24721,TmZrSb,False
40145,BaHg,False
5382,Be2ZnRe,False
54457,CeZn3,False
33985,MgInIr2,False
50621,CaZrS,False
32137,Sc2GaTc,False
28802,LiPH2,False
13359,CrTe,False
33033,NaSrAu2,True
16246,MnAu3,False
54399,YU3,False
26733,BaS3,False
31384,Sc2ZnRu,False
50745,LiZnP,False
496,Li6MnF8,False
11605,CeHfMg6,False
1940,Y4CoB13,False
5859,CeAl3,False
45178,TiSe,False
18691,PrCuO2,False
16447,OsC,False
21877,Er2CdPd2,False
40326,PuGa3,False
10699,YHfBe2,False
45923,SnPt,False
45428,Mn3Ge,False
53022,LiEuW2O8,False
51386,LaNi5H6,False
53727,CCl2,False
7604,BeCdW2,False
11979,BeOs2Ru,False
6333,TbSi2Ni,False
40598,Na5InO4,False
29649,Hf2N2O,False
9850,SrBe2Br,False
5913,BeTcGe,False
5353,B2O3,False
50152,BaO,False
53686,AsC,False
32519,CeBi,False
21207,LiGePd2,False
14025,ZrSc2,False
5628,NaCaBe,False
42617,K3Ba,False
27905,Al2VCl8,False
4964,BaSrSb,False
267,RbCrF5,False
5036,DyAu3,False
22548,Si3Bi2O9,False
39192,TlSbO3,False
48254,LiHPd,False
43063,La2Ni4Ge3P,False
23043,YbClO,True
7470,BeNbSi,False
14987,Ho2AlNi2,False
12343,SrZnSi,False
29108,MnZnF5,False
48598,AuXeF9,True
52490,LiIO,False
15182,MnCd2Te3,False
45962,MnAl,False
6562,BeGaOs,False
29036,Dy2CdS4,False
15406,YScO3,False
43098,Tm2SiO5,False
43226,Rb3AsI6,True
40827,Li2VAsCO7,False
41439,CaSiPt,False
11933,Be2SiP,False
33083,YMgZn2,True
48140,YOF,False
23979,VInO4,False
17709,GaCo3,False
20206,Mn2GaCu3,False
3914,BaCrIn,False
48138,Cr9FeB6,False
37501,CoBiO3,False
26344,MgTi,False
35716,CaPd3C,False
37177,SrAgO2,False
33085,Te6MoW3Se2,False
26490,NaTl2Sb,True
24509,Li7Cr2O8,False
514,Li5MnO3F,False
42469,Ba4YPd,False
11089,BeNbPb2,False
41451,Tm2CuTc,False
32568,Sc2AlRu,False
37207,Yb3W,False
48280,TlAsF2,False
16999,Ba2UCrO6,False
28393,Li10BrN3,False
19805,H7C8NO,False
8092,TiBeIr4,False
12301,BeTlNi4,False
47224,NaNiO2,False
17033,ZrNiP,False
46253,Ca5Al2Sb6,False
754,CeMgPt,False
25454,CaHgPb,True
551,SnPd2,False
53733,CCl,False
52989,InOF,False
29395,Fe3Ni,False
39675,ThCu2Sn2,False
30753,Ti2InFe,False
17778,Mn4Te3Se,False
25546,YV2O4,False
42634,Ho3CuSiSe7,False
26642,BaZnSb4O8,False
44174,SmPS4,False
15673,PrTh,False
41760,Li2VO2F,False
24910,LiFeAsO4,False
42092,ScSiPt2,False
29241,LiScF4,True
36848,DyMgCd2,True
24177,Cd2Re2O7,False
33746,Tm4InNi2Ge4,False
9187,Be2PCl,False
20967,Li2MnFeO4,False
49526,SrCaNiP2O8,False
30260,Ti4P3,False
47546,Na2BrCl,True
3908,BaCd2Bi,False
5009,YSnRh,False
9487,HfSi2,False
21163,KNa4Cl5,True
37089,TaMnAs,False
38786,ZnCo2O4,False
35593,UB2Ir3,False
19417,MgH2C3O4,False
52351,Ti5Cu2,False
18252,TeWS,False
18551,H2C2S,False
7954,Ti2MoAs,False
36883,BaSr3O4,False
13221,HfB,False
26076,CaPd2,False
14865,NaNbO2F,False
30197,CrN2,False
1159,Ba5Al5Pb,False
10891,Sc2NCl2,False
35992,NaLiO3,False
15664,Nd2CdCu2,False
13012,LaCoO3,False
37959,Li2TiCo2O5,False
17856,Sn2GeTe3,False
29280,FeNi3,False
22174,Rb3FeF6,True
22288,TlCl,True
35572,YErMg2,False
38894,BaNaTl2,False
17635,BaSnF6,True
36743,SnP2S6,False
4174,ThGaNi,False
54437,PdCl2,False
14843,Y2Mn3Fe,False
23206,MgSeO4,False
44485,TbRb2AuCl6,True
1717,LaFeSb2,False
41536,YbSi2,False
40643,SmAgO2,False
48696,Sr4Mn2Cu3Se4O4,False
28986,NaNb3O8,False
12082,Mg6CoSn,True
25926,Mo3O8,False
42822,K5As4,False
38074,VCrO3,False
5906,CeC2,False
37271,SmMg2Sc,False
16875,SrFeAsF,False
54449,HfP3,False
13288,Be2CdFe,False
9259,Rb2Te,False
47288,TbCuO3,False
1898,AlF3,True
7046,BeSi2Br,False
8885,Fe2O2F3,False
17854,SiRh,False
34413,TaAlPt,False
49115,SnPF2,False
37622,V2CoO4,False
48914,Ca5Co2N6,False
13570,PuZr,False
41726,KNaTe,True
16005,LiNbO2F,False
23079,CoGe,False
29900,MgVP2O7,False
19653,PrGa2,False
3904,Li2TeO3,False
18372,HfCr2,False
50228,BeSbSe,False
49487,Sr2AlTlCo2O7,False
18829,RbCr2S4,False
34262,Li3Hg,False
45574,NbSe2,False
23430,Ba2MnTeO6,False
40425,Na2MnCSO7,False
28657,ZrNCl,False
47116,Nd2GeO5,False
47090,PW4Cl11,False
36815,Ir3Ru,False
31614,TbInRh2,False
1125,SrMnSb2,False
29568,BiF4,False
6695,NaHgCl3,True
27592,PCl5,False
3516,Ba2CdCl,True
22973,MgCoO3,False
37766,MnP4,False
52933,CuSO2,False
16024,HI3,False
34586,YbLi2Pb,False
41089,ThCl4,False
24011,ZnNi2N2,False
48347,BBr2,False
10173,NaBe2Se,False
19020,KNiIO6,False
30518,Pa3H,False
28961,CaSbRh2,False
29674,KCuO,False
38314,NdB4Rh4,False
38437,MgFe10O16,False
16080,LaMn2CdO6,False
28981,Ca2V2O5,False
26826,NaAg3,True
42882,VBiO4,False
44838,Li3Hg,False
10293,KNi2Se2,False
31625,Li2SiSnS4,False
31601,AgTeO3,False
8771,ScBeTc2,False
52116,Li4Ti3Mn3Sn2O16,False
50035,Ca2Fe3O8,False
10416,BeTl2Cu,False
7937,Y2BeBr,False
42920,KNa3WO5,False
35972,TmThOs2,False
35868,Sm2AlCd,False
1250,Ba4NbTe,False
25963,OsCl4,False
5162,Cr2H24I3N9,False
25448,KSbF6,False
12943,NaMg6Nb,False
30293,CrN2,False
2284,KEuSiS4,False
5854,PbS,False
51605,Mn3Cr3O8,False
24246,MgPd2,False
44,Ba4LiHf,False
1109,KBa4W,False
38878,V3O4F2,False
32287,AcTlTe2,False
19924,BaSmCo2O6,False
39907,Hg2Mo2O7,False
28713,KNi2S2,False
11859,MgSn,False
29128,MnCuRh2,False
48897,RbAgTe2,False
22437,Li3Bi,False
52502,BaBSe,False
52669,BaYO,False
15538,PrYMg4,False
7620,CoTe2,False
49793,TaSnO,False
14991,Pr2SO2,False
49977,LiBiB,False
53208,TlSnF3,True
5282,BaMgBi,False
47236,PrSO,False
9207,NdSi2,False
21237,H3C5SNO2,False
11139,Th2Tl,False
22725,BiF3,False
39901,VCrO4,False
11998,BeGaBi2,False
22957,CrN2,False
18474,NaNbS2,False
19123,Nb3Al2Mo3,False
12668,NdNi5,False
31334,ReN2,False
30318,Se2Cl2O5,False
18353,AgPdAu2,False
33113,UGeIr,False
47464,HoTmIn2,False
6870,BiIO,False
16036,Y3Si2Ni2,False
52458,HfO,False
33319,SiC,False
15512,ScAu4,False
39221,MoO2,False
45129,TbCu2,False
28979,BaDyFe2O5,False
51674,RbSnBr,False
31060,Tm3AlN,False
13697,Li2BeW,False
43434,Na4AgCl5,True
46692,NbSiRh,False
29244,Ba2ClF3,True
50192,Be2C,False
16562,K3CeI6,True
27104,RbFeSe2O8,False
30150,Mn2CoAs,False
14636,Na8Cu5O10,False
39912,HfCo2,False
29725,MnZnF4,False
8184,Y3H2,False
51138,BaSnS,False
24639,CrAs,False
26907,NiBrO,False
3740,DyCu2S2,False
41471,CaTi4S8,False
43186,TmHfOs2,False
3766,KBaCd2,True
35480,Mg2TlPb,True
35126,PrSmZn2,True
34836,TeW2SeS2,False
30116,ErAsPd,False
9588,BeCdHg2,True
2649,TaFeTe3,False
47385,Tb4Si3Ge,False
28746,ZnOsO3,False
22972,Yb2Ge2Ir,False
14226,SrMg2,False
23599,YCrO3,False
15222,ErSi2Rh2,False
37624,SmCl3,False
3238,Ba2NdNbCu2O8,False
24028,Pr2CdSe4,False
34028,SmZnPO,False
39766,Li2MgAu,False
14198,SrZrP2O8,False
42199,Pm3Sm,False
27072,MnGaFe2,False
7100,Ti2SnC,False
53057,TiOF,False
12628,V3S4,False
28404,Cu2Se,False
21378,BeSiNi2,False
5158,BaLiSe4,False
49081,AlBO4,False
12193,Mg6CoSn,False
35376,Re3Ge,False
50159,K4Na2FeH3F12,False
54235,K4CaW3O12,False
18801,TlSbF6,True
8817,YBe2Nb,False
51180,LaYAl4,False
22995,HgO,False
53226,Er2Mn3Sb3O14,False
28799,MgNiPO5,False
44530,Sm5Co2,False
26318,CuO2,False
30641,Fe3O5F,False
50320,LiPBr,False
31814,MnSiRh2,False
5370,BaZnCl2,True
1486,MgTiBi2O6,False
20905,ZrAl3,False
41721,TbSi2Ir2,False
32301,Mn2AlW,False
35158,HoErRh2,False
47699,La2Ga7Co,False
3138,Fe3N,False
42913,NaLiZnS2,False
15902,Pd3I,False
850,ScBe2Cu,False
1515,Ba4MgCr,False
33680,KLiBeF4,True
48635,CaBeSn,False
44145,Nb3S4,False
31007,Ti2CrTe4,False
10509,MnBeFe2,False
12036,SrNdFeO4,False
22226,CeRe2SiC,False
43452,Ti4Cr,False
30949,Te4MoW2S2,False
54407,Sn7Pd,False
34661,V3Mo,False
26139,CuHgPd2,False
46329,NaHg2IO2,True
50501,La2Fe2Se2O3,False
28035,Li2ZnGe,False
19955,Rb3ScBr6,True
43754,SrSmNiO4,False
25918,NiS2,False
36285,Hg3AsS4Cl,False
23612,Ca2CoO3,False
5598,Li2FeO3,False
29800,Sr3BiSb,False
13647,TmTe2,False
4181,BaRuCl2,False
50447,BaMgBi,False
265,La3CuSnS7,False
54426,Sn7Se,False
6710,CaBeHg2,False
14340,Ca2MgCd,True
45156,LiO3,False
31046,Te4Mo3WSe4,False
35381,Pa3W,False
44326,TmRe2SiC,False
9607,Be2CoBr,False
45481,MnCu2Cl4,False
17698,H7BrO3,False
31164,YGa2,False
48003,LiMn2O3F,False
49595,MgMoO3,False
28251,HfScHg2,False
16806,MnCu2GeTe4,False
50317,Li2FeCuP2O8,False
14203,PSN9,False
5925,Fe2PO4F,False
8298,CeIr5,False
30537,K6CuSi2O8,False
35872,ZrSi2,False
35241,YbDyPd2,False
23682,Li2MnF4,False
2229,SCl2O,False
33828,CrPd3,False
5744,CaBeTl2,False
25046,K2RbPdF5,True
13163,CaSi3Pt,False
34225,U2CrN3,False
28060,LuAsO4,False
33052,NaPPdS4,False
42621,LiMnF3,False
14984,Nb3I8,False
27455,Nb4FeSi,False
30112,UAl2Cu3,False
18907,Ti2VTe4,False
23441,MnO2,False
32818,DyGa3,False
13073,LiMgBe2,False
22495,Re2RuBr,False
42426,DyZnPd,False
53636,RbInBr3,False
16230,Pm2AgOs,False
33000,BaAl2Si2O8,False
4933,As4S3,False
31528,KSmSe2,False
40576,InNi2,False
12685,ErMnO3,False
45330,K3BS3,False
10441,TiBe2Ru,False
16182,Rb5Bi4,False
17410,Tb5Mg,False
41561,NaVS2O8,False
15903,ErMn2SiC,False
25225,SmCr2Si2,False
51996,TeOsCl,False
13985,Na4Li5B3O9,False
18399,Rb2TlRhF6,True
17741,Na2ScCuF6,True
24026,BaMnV2Ag2O8,False
26403,RbPrMo2O8,False
30085,LiMn2B2O6,False
22393,CeGeBi2,False
45898,Li3In,False
31278,ErGePd2,False
10923,Be2NbOs,False
54557,Sm3Ho,False
18798,UTiFe,False
43404,Tb3Au,False
18506,HfTiN2,False
11462,ZrScBe2,False
15368,KUO3,False
47270,DyTl2InS4,False
1763,LiMn2B2O6,False
33111,U2Mo2C3,False
48124,NaAlF4,True
11569,ZrBeCo2,False
18772,Nd2Fe2Si2C,False
32183,Te7Mo6S5,False
52121,ZrMnF3,False
8386,LiSmSn2,False
1929,HoAu,False
1385,Ba4HfSc,False
11479,Li5Cu3Sb2O10,False
52847,LiBS2O8,False
5436,NdAl2Au2,False
14620,Rb2AlInBr6,True
25746,Li2TlSb,False
40291,Ba3Y2Cu2PtO10,False
31404,TiCoSi,False
12683,SrZrO3,False
23624,TiZn2IrO6,False
30750,LuAl4Ni,False
30179,IrC,False
1034,CeSiHRu,False
40287,K3LiP2O7,False
33925,HoLuZn2,True
32066,Tm2PdPt,False
19494,TmSi2,False
28775,Ba2LiHg,False
33590,YbNbRu2,False
40433,PmDyRu2,False
52846,BiP,False
39690,YbBi2Te4,False
50527,BeGeP,False
21541,BiPt3,False
11817,LiBe2Ru,False
41294,LiZn,False
36795,RbPdO3,False
25707,BaB2Se6,False
31628,NaAcTe2,False
46826,Dy5Pb3,False
52777,Ba6Ca2TaRu3O18,False
4023,VSO5,False
32034,H4NF,False
13252,Be2PIr,False
47886,HfNCl2,False
53632,RbInBr2,True
15977,Te3Mo2Se,False
33093,AgHg2PO4,False
52934,HCCl,False
27583,NbInRu2,False
20908,H4C8SO2,False
25973,PBr3,False
4448,Ba4TaPt,False
18805,TbSb,False
30475,MgVO3,False
46243,DyAgPb,False
19509,Rb2YAgI6,True
29610,Ca2Sn,False
6014,BeSi2Sb,False
39558,FeNiMo,False
49767,SmCrSb3,False
49940,Ca2AuN,False
32021,Hf2In5,False
10938,K2BeFe,False
44293,YbAl3,False
16323,DyMnGa,False
16485,TaTiN2,False
29046,Tm2TeO6,False
17836,FeNiPt6,False
51857,AuCN,False
47301,Tm2TcAg,False
38938,FeBr3,False
28648,Be2OsPt,False
165,ScNiC2,False
15932,K3NdI6,True
11160,BaZrBr,False
54225,AgSbF,False
49009,TiV3O8,False
25843,AgN,False
43622,YbGa3Cu,True
47953,Fe2PO5,False
53812,BiPtSe,False
40574,MnAlGe,False
27499,LaDyRu2,False
26614,NiH2O2,False
19901,CaAl2Si2,False
47380,Ti6PtAu,False
22592,BaP3,False
36418,KP,False
8976,Er5Ni2Te2,False
16458,SmDyO3,False
36070,ZrPdF6,False
33687,PrTa3O9,False
18792,TiVN2,False
14757,ScCo2,False
47441,PrNd,False
26853,SnSe,False
24376,Sr2HfO4,False
54309,DyU3,False
46606,Se2NCl3,False
1855,MnH,False
37187,SmTmZn2,True
25828,BeI2,False
18952,Na6MgO4,False
33865,Ti3Br,False
37136,Mg3Os,False
47701,Sn4TeSe3,False
12289,BeCo2P,False
7614,NaBH4,False
42410,Ba4TiGa,False
20882,Li5FeS4,False
26033,MnSb,False
47534,Rb2NaScI6,True
29923,MgSn2O5,False
29612,SrPdF4,True
14323,Zn2AsHO5,False
32099,Ce3Ni2B2N3,False
46547,PbSO3,False
50316,Li4BrN,False
30966,Sc2TlAg,False
33998,Sm2PdRu,False
51481,Ca2CdN2,False
53284,H2Cl,False
15193,Rb2Te2Pt,False
838,Ba4LaBi,False
53149,MnTlF4,False
29738,YbBi2,False
2721,PtCI2O,False
35541,TiZnPd2,False
13915,BaCuO3,False
52823,Li2TiCo2O5,False
41546,HoCd3,True
32184,DyPd,False
38436,InCoO3,False
23662,Tl2NiC4N4,False
4380,AsPdS,False
3367,BaNa2Pt,False
1080,Ba4SnSb,False
21461,H3C5S2NO,False
46915,LiSb3O8,False
49791,TaSnO3,False
10739,CrH,False
36426,MgSn2O4,False
32939,Ca2MgTl,True
11190,NiO2,False
14834,U2RhC2,False
3101,Ba2CoCu2S2O2,False
52784,Tl2PO4,False
41417,Dy2CuRh,False
5743,HfBeCo,False
41866,Li4CaB2O6,False
18338,SnH10C6O4,False
4705,BN,False
6769,GaFe3,False
44194,Rb2TlBiBr6,True
24823,P2Se5,False
21834,CaCu2Ge2,True
3541,BaPd2Rh,False
37608,Na3N,False
39179,Dy3Co11B4,False
5851,FeSe,False
964,Ba4HfV,False
22980,Li2MgPb,False
12130,BeCuCl,False
14290,BaAl2O4,False
13677,Na2BePt,False
52019,Li3Mn2O5,False
10655,ErCuSi,False
3586,SbS4N3,False
22901,TlPd2Se3,False
48765,Lu2Fe4Si9,False
42497,HoScZn2,False
1481,Ba4SnCl,False
1734,Nd3S2Cl5,False
38399,Li2SnTeO6,False
11925,BeZnP4,False
51860,AuCN2,False
770,EuTaO4,False
44938,PuBe13,False
20582,Rb2LiAsF6,True
1545,Ba4CaTc,False
28390,Sc2MnSn,False
51381,Nb2Bi3Pb2ClO11,False
52016,As2N,False
16672,TbCu2Ni3,False
1977,Yb3KF10,True
46014,Li2NbCr3O8,False
54450,TlSn7,False
63,TiCrAgS4,False
13557,LiMg6Bi,True
44405,Er2AlZn,False
8588,SiPd2,False
10163,TiBe2Cr,False
40548,Rb2H4Pt,False
1962,Rb3In,False
51637,ZnNi2O4,False
11385,SrBeMo4,False
47593,TbK2F6,True
48832,Ce2NiSn2Pt,False
48307,BaAuO,False
31394,Mn3W3C,False
18053,SnH24C13O4,False
13027,Nb2TlPS10,False
33840,Rb2NaMoF6,False
54344,Li7Mn2Co3O12,False
33176,BaZnCu4O8,False
223,LiYO3,False
9113,Be2CdSe,False
25611,Nb2Hg2O7,False
12000,Mg6CrNi,False
49763,Tm5SbPt2,False
32244,KB6H6,False
9436,Na2Si4Cu5O14,False
28579,LaNi3Rh2,False
23994,Y4GaCo4,False
36873,Hf3Bi,False
236,Yb2InCu2,True
46169,Al2O3,False
15806,La2NiPt,False
53206,Li2VAsCO7,False
28409,GaFeCo2,False
5903,Ba4FeTe,False
13100,LiBeCu2,False
36579,AgAuCl4,False
41534,MnPt,False
46565,NbSiPt,False
20725,Ba2ZrSnO6,False
53259,Ba2FeCoClF7,False
21571,BrF5,True
4108,Ba4OsPd,False
8462,NaBe2Cu,False
24255,Ti3H2O7,False
5035,Ba2YSn,False
33834,Ti2TcPd,False
6491,BeNbRe,False
44846,HoMoO4F,False
49356,CdH20C12O4,False
43136,NaIO2F2,False
11504,LaBe2Sn,False
20359,CoGeAs2,False
47927,WNCl4,False
2911,RbFeMo2O8,False
52361,BaZn2Cu2As3,False
30965,Sm3OsO7,False
19448,TmCo3B2,False
53952,CdCN2,False
20416,TeWS,False
33703,ScGa2Ru,False
24,AlAs,False
18452,K2RbTaBr6,False
42765,Ca7Ge,True
15206,TePb3,False
17987,Rb2ScHgF6,True
26638,CeNiAs,False
5354,Ba2SrP,False
12990,Tm2GaCu,False
47543,LiV2CrO6,False
24118,CdSe,False
44950,DyTh,False
3658,Li7NiO4F2,False
36995,NaLu3,False
34831,LuRh3C,False
3927,CaSb2,False
19544,Mn6O7F5,False
30637,Li2VCl4,False
50766,Y2US3O2,False
22282,CdIBr,True
33106,LiSm2Os,False
8438,LiBe2Tc,False
45313,Sr3Fe2Cu2S2O5,False
46024,KIn9Co2,False
54311,NaAgO,False
28058,K2Na4Be2O5,False
10138,KBeNb2,False
14196,Sr2ZnIn,True
9861,Eu3As4Pd4,False
19031,K2TaAgBr6,False
7444,SrBe2Zn,False
49452,LuCuS2,False
1880,K2PtO6,False
34076,K3MoF6,False
1064,BeNb4Pb,False
43814,Tb2Ge3,False
13076,Be2PtPb,False
43674,Yb2LiGa,True
4163,WO2F,False
47538,Na2LiYF6,True
31766,CaMgSiO4,False
17810,Li3Au,False
12047,Sc2CuRh,False
12954,YSi,False
16174,LiInO2,False
54589,IF2,False
52190,TcOF2,False
6942,NiAs2O6,False
49600,MgZrO3,False
29432,CaTi2O5,False
23654,UNiSn,False
34148,HoTaRu2,False
6438,BeTlIn,False
4865,NaCdH3C3O6,False
42425,MgSb,False
39790,NaCrAsCO7,False
45434,NdAlPd,False
44964,CaMg2,False
38691,Yb2AgHg,True
31561,Li4WO5,False
1249,Ba4YSb,False
40716,Er2O3,False
9440,Zr2BeIn,False
10995,TiBeRh2,False
14229,SmAl2Si2,False
25534,FeO2,False
33992,Hf2OsRh,False
29430,TaTlCu2S4,False
9186,BeCoMo2,False
33889,Sc2TeO6,False
44418,Ce2NiPt,False
46624,TbAl,False
49180,Li3SiNi3O8,False
54578,HeSe2,False
26068,H3NO,False
54003,GeO,False
45248,Sr2YTlV2O7,False
40885,HfC,False
22216,SnH4C2Cl2,False
31895,YZnGe,False
51521,BiTePb,False
9099,Be2CoRh,False
32964,YbLi2Sn,False
30533,TaF5,False
15753,Rb2YCuI6,True
39997,Li6UO6,False
8463,KBeBi,False
40586,LuMg16Al12,False
35482,YbPrAu2,False
29144,Ca2Ru2O7,False
35958,Rb3Ba,False
18260,CeTl,False
30347,Sr2YReO6,False
46092,CrAg3ClO4,False
53707,CNCl,False
38780,LiMnNiO4,False
43406,MgSiO3,False
39977,DyGe2Pd2,False
3010,BeTlTc4,False
14701,Rb2LiErCl6,True
13621,YS2,False
33021,VSiRu2,False
50869,LiNiO2,False
46439,NaLiCO3,False
12521,BeReBi2,False
25972,VCo,False
12180,HoFe2Ge2,False
53700,Bi3As2O10,False
11857,Cu2SiTe3,False
10735,BeCuMo,False
48374,ZnCr4CuSe8,False
37535,Zr3Tl,False
16093,Dy2V2O7,False
19543,SrAl4,False
40989,InPt3,False
12241,BeZnCd2,False
37827,Co2HgO4,False
22020,Rb3Na,True
44335,ZrMoW,False
2900,K2PdCl4,True
27519,LiFeRh2,False
5092,DyGa2Cu3,False
23659,SmVO3,False
8458,NbAsRh2,False
2481,SiBi12O20,False
50134,KMnSe2O8,False
40021,KAgF4,True
11546,AlP,False
26407,ZrO2,False
48720,AsNO,False
6277,NdO,True
34289,Pm3Pb,False
15300,MoSe2,False
26672,YOF,False
49840,H8C3,False
47512,LaTmMg2,False
47639,KTi2BiO6,False
28925,PuBi,False
11427,Rb2LiNbS4,False
9080,BAsPb,False
6186,BaLiBr,True
34626,LiAlNi2,False
43765,Na3MnF6,True
18300,K2RbRhF6,True
20356,Pm2CdPb,False
20768,TmNi2Ge2,False
15874,ZnInRh2,False
44164,Nb4SiNi,False
41680,La3MnGaS7,False
9384,KMg6Sb,True
6838,BeNbSb2,False
17849,RuRh,False
51144,NaHoF4,True
43180,BaP2Ir2,False
31076,BH3,False
43662,Ho2AlSi2,False
17967,MgB2,False
44491,LaCo2Ni3,False
36757,SmAlCu,False
46247,Ba2YSb3O8,False
14842,NdZr,False
27019,H3OF,False
20623,Mg3ZnO4,False
47525,V3Rh5,False
21253,TiCoNiSn,False
33044,MnCuPd2,False
4044,ZnPt3,False
38687,Ba2NbInO6,False
27678,YI,False
8211,MnBe2In,False
21824,LiTaBe,False
41772,HfCuGe2,False
24828,Ni2Hg2OF6,False
15637,Y3Mn3Ga2Si,False
30548,Li2FeOF3,False
37677,LiCo2P2O8,False
13502,ZnNi,False
25639,CrI2,False
31737,NdPbAu,False
43188,CaC2,False
32686,FeB2Mo2,False
52767,Ce2MgS4,False
32890,Tb3Si2S8I,False
4346,ErSi2Au2,False
23298,AgB2,False
24675,VZn2O4,False
22903,VFe2Sn,False
39598,DyB4Mo,False
33758,CdAgPd2,False
49018,H7C11S2N,False
20466,Ag2O,False
1518,Ba4NaSn,False
51266,DyFe4Si2,False
50047,NaVF4,False
12117,Be2CrNi,False
13460,CaHI,False
53272,HgC,False
19434,CoPtF6,False
46595,HfTe5,False
51707,LiTiCoO4,False
23205,Zr6CoCl15,False
6839,BeInMo2,False
31653,Ca5Sb3,False
47440,Zr2Ga3Cu,False
21022,Sr2VMoO6,False
50700,NaAlH,False
16192,K3SbI6,True
53388,CdTeMoO6,False
26299,Hf2Tl,False
2717,Li4BePd,False
20928,Ti2CuNi,False
33815,Ba5Nd8Mn4O21,False
2426,Ho3TaO7,False
17324,Co3ReB4,False
895,BeRuBr4,False
41749,Sr2Cd2CuS2O2,False
3867,TiCuNi2,False
11621,ErCo2,False
2158,BeSiCl4,False
41160,CaNi2O4,False
39655,BaLaMn2O6,False
45107,Ba6Hf5S16,False
13451,BaSrI4,False
714,TiCd,False
9499,YAsRu,False
6037,BaSi2,False
15213,LiVF3,False
38568,BaMn2Sn2,False
9358,MgCdTe2,False
34544,K5AuI2O2,True
10033,DyNi2P2,False
30364,CdH2O2,False
52720,AgAsO4,False
34961,Ho2CuRh,False
22542,ZnFe4S8,False
43539,Cu6SnGe,True
3561,ScNi4Au,False
37251,CaAcIn2,True
44882,Ba4Bi3,False
44455,Ca2Mg5Si8O22F2,False
13712,SrMg6Ni,True
15455,FeBiO3,False
24245,Na4FeO3,False
29747,CdNi3N,False
12172,NaSi3BO8,False
4386,BaGaBr2,False
19057,P3Ru,False
20683,NdTlS2,False
36303,Mg3Cu,False
17478,TmRh3,False
1224,Sm2Fe2Se2O3,False
49482,Sr3Sb3N5,False
38016,VOF,False
22372,Y2O3,False
34832,Tb2Co2I,False
37224,SnPbO3,False
38034,Nb3Cr,False
13555,YIn5Co,False
49668,Li2In2GeS6,False
37838,LiVSiO4,False
25980,CdSe,False
8157,BaSbAu,False
27807,Be4B,False
16022,K2RbBiF6,True
13955,ZnCdS2,False
30118,ZrC,False
21070,Pr2Ga5Au3,False
16937,H7C8SN,False
21579,Ag7NO6,False
37968,TbNaS2,False
28204,LiY2In,False
17400,PmPrIn2,False
4431,K2BaBi,True
4316,Yb3Ti3O14,False
8035,Hf2N2O,False
4015,V3O5F,False
27413,Ca2PI,False
6816,Mg3CdO4,False
30642,CaTiSiO5,False
45203,PrP5,False
45891,PuGa,False
36330,LiSc2Hg,False
46668,SrMg2,False
41485,PrB2Pt2C,False
24438,YNiSb,False
21875,HoPd,False
42006,Sn3B,False
45622,Yb2SO2,False
33829,LuUO3,False
27300,Yb2TlPb,True
2414,RbCrF6,False
39990,YReW2O8,False
52134,Li2Co4O7F,False
30646,LiNd2IrO6,False
41655,FeAg3,False
17822,Pm3Pr,False
11968,Be2CdCl,False
27732,Ho2ZnRu,False
29713,H2SO4,False
12095,Be2TeSe,False
39486,CePd5,False
17357,H3C4O,False
37038,Mg3Cd,False
46213,Ba2YMo3O8,False
53721,C2Cl,False
42948,YBrO,False
49838,TlPS2,False
14358,SiH8C2NClO,False
28774,MgTi4O9,False
28031,Pm2GeAu,False
4348,Ba4GaFe,False
13204,DyP2Ru2,False
3834,BaMn2In,False
45636,CaMgSn,True
42800,Li4Mg,False
53872,Li4Nb3V3Fe2O16,False
53035,TlMoCl3,False
23532,KNaO,True
26269,RbBi,False
29877,BaCaCo4O8,False
54246,PrZr,False
50802,C2SNOF,False
42126,Rb2CO3,False
48745,Sr3AsN,False
24067,LiInP2O7,False
11014,Be4SiNi,False
20052,Ca2PbAu,True
36008,RuRh3,False
30397,YbBa2RuO6,False
36125,VOF3,False
28417,InCl,True
3320,BaFeOs,False
23910,ZrI2,False
23044,CaSiO3,False
12608,Be2FeOs,False
18357,TbErIr2,False
4482,Eu3As4,False
15928,AlGe3,False
42078,Sm3IrO7,False
22872,CaHfZn,False
13055,Ba2MnZn2As2O2,False
4549,Tb5SbAu2,False
6226,CaBeGe2,False
18548,Ti3NbCu3O12,False
28053,NaN3,False
17190,GeP,False
47042,YCr2S4,False
37059,LiEr2In,False
52048,RbCuSe,False
37581,ReN,False
10044,TmMgSn,False
1366,TmNiC2,False
33051,Ge3Bi4O12,False
49222,Li2VCoO4,False
11851,TmCo2B2C,False
12331,Mg6NbCu,False
28341,K5P2Au,False
27813,Nd4Mg3Co2,False
14051,KZrCuS3,False
27651,In2PdRh,False
5063,SrB2S4,False
43259,SrPrMnO4,False
47890,Co2O3F,False
30019,MnGaFe2,False
3891,BH2N,False
50115,BaSnF2,True
18228,Dy2Co2I,False
52244,GeP,False
3442,Nb5Si3B,False
45063,VSnPO5,False
23345,YbLiF4,True
42379,BaNaN,False
5895,BeCrSi,False
9517,BeSi2Bi,False
15862,NdB2Rh3,False
25874,CoO2,False
28080,CdPt3,False
43491,YbSiAg,False
41138,SmIn3,True
12057,Pr2AgIr,False
47951,VCuO,False
43203,Li3Sn,False
32268,Ac2HgGe,False
41460,SnO2,False
14303,Mn3SnN,False
36101,CoSO4,False
17415,BaNaTiNbO6,False
27704,BCl2,False
23739,Ni2B,False
35528,MnTe,False
24209,RbCeS2,False
44159,K2RbRuF6,True
28814,CeMg,False
13188,BePBr2,False
23562,CuHgSeCl,True
48385,B2CCl2,False
8378,BeBiSe2,False
53045,TeOF,False
43260,InPbCl3,False
623,C3N4,False
36030,ScInCu4,False
37587,RbPbCl3,False
38465,KSmGeSe4,False
34056,Te2W2SeS,False
52926,HCCl,False
42891,GeO2,False
35801,PdAu3,False
8838,BeGa4Se,False
7761,SrTiBe2,False
25732,LiNiP,False
48084,MgSiN2,False
26143,FeSO4,False
52362,HSO,False
18422,SmZnCuAs2,False
27462,CaSO4,False
51097,ZrBeB,False
43112,ZnSiO3,False
2950,Hf4BeIn,False
18766,KRb2LuCl6,True
22045,Li2MnCr3O8,False
4003,BaNaTl2,False
31112,SmCoGe,False
7207,BeCuSi,False
52052,Li4Mn3O7,False
25581,Ba3BPO3,False
18981,AlAgO3,False
2353,LaBRh3,False
51425,Li3MnF7,False
32009,HoGeRu,False
49331,Mn2OF3,False
20293,ThSiIr,False
29123,Ba2Bi,True
25804,LiC6,False
20011,RbPrS2,False
37993,InSiTe3,False
51048,SrHg2Pb,True
28381,YScAu2,False
21343,CaGa,True
7061,YBe2V,False
30609,Ti2VSe4,False
38507,NdI3,True
1931,LiMnF4,False
44005,LaCo3Ni2,False
3523,BeTlIn4,True
43623,TmScZn2,False
38240,Li14Co2S9,False
41889,LuSnAu,False
31501,Fe5SnO8,False
27766,TiP2O7,False
18354,H10C13O,False
48257,TbGaPd2,False
53816,Zn2SnO4,False
15086,Na2Ca3Si6O16,False
29339,Mg2Ge,False
14436,Li2GaRh,False
23096,CaPbO3,False
21942,H4C6O,False
901,SrAs3,False
19153,Hf3Sn,False
32902,CrS2,False
10928,Ta2BeTl,False
29222,Na2ZnSi2O6,False
43878,Sr3Zn,True
42114,Na2Au,False
53465,LiCu,False
6924,Be2SiMo,False
47374,YSiBRh3,False
27903,MgSb2O4,False
5438,BaTcBi,False
6577,RbHoSe2,False
14583,FeAgO2,False
16525,UAlRh,False
47871,FeH2O2,False
45769,Al3Os2,False
44644,VWC2,False
39718,Li2MnFeB2O6,False
53898,LiBeSb,False
37318,Co5SbO12,False
43915,TbBa2IrO6,False
54173,CaI2O4,False
18581,Rb3BiCl6,True
4458,TbP12Ru4,False
38904,BaNi2As2O8,False
2343,TaNi3,False
49616,MgO2,False
8354,MoW3Se2S6,False
11948,UMn2,False
33207,CaGe2,False
47834,RbAgS,False
50226,Co3Ru,False
50482,ScI3,False
39277,ScPO4,False
13840,Li2Nb2Fe3O10,False
12930,LuCl3O12,False
51984,V3O4F2,False
29498,MgTiO2,False
45482,K3SrPCO7,False
26770,NaCN,False
18965,CoNiP,False
30864,ZrOs3,False
16199,K2HgAsCl6,True
42737,LiVF3,False
23906,TiAlF5,False
18654,SmErIr2,False
45739,VRh,False
7013,Pr3Al,False
15050,ThSiSe,False
4489,CeMg,False
21573,AlCoN2,False
10872,BeSiIr2,False
12339,MnGa2S4,False
35387,BaGa2,True
2100,BaCa2W,False
21569,K3Ga,False
20746,PrNiC2,False
54444,Sn7Te,False
12704,SnPPt5,False
20924,Np3Al,False
43196,CeAsRh,False
19592,Nb3AlSnMo3,False
38084,Li2NiOF2,False
18779,MoSeS,False
38988,Li7Fe3Si2O12,False
396,LiDySe2,False
52448,Ca5Rh2N6,False
5889,DyVB4,False
15456,NaPm2Sn,False
25630,Ho3ScO6,False
32778,YbCdHg2,True
40418,NdMn2Ge2,False
52697,YBeBr,False
11008,TiBe2Cd,False
22959,Li5Sn2,False
14530,PuB2Os3,False
6600,ZrGa3,False
869,Be2NiRu,False
18479,Li2ZrCuO4,False
38550,SbO2,False
28327,AlCuPd2,False
49787,TaSnO2,False
51546,MgSbO,False
20148,CeGa3Pd2,False
50542,Th4UTe5,False
23400,Te4MoW2Se2,False
44305,K2LiInCl6,True
18344,Ni2Mo,False
11922,NaHfMg6,True
48946,RbNaCl,True
24207,Li2NiO2,False
23915,NiO,False
38401,Nd2Mo2O7,False
3288,U3Si,False
23353,KNO2,False
35633,Lu3Ga,False
33854,Mn2Al4Si5O18,False
42853,Yb2S3,False
50746,La3MnO7,False
18685,Sr2NdNbO6,False
12288,Ba2GaP4HO14,False
48920,Mg2NbN3,False
48277,K2Se2O7,False
45271,SbO2,False
3911,Bi2Pd,False
42380,CrFeAs2,False
4700,Ba2ScHg,False
41077,MgMo2O4,False
53262,Ba3In2MoO9,False
40448,Hg2BrN,False
643,Na2BiO3,False
42244,Lu8Te,False
7654,Mn2Be2Zn,False
43000,Li2TiFe3O8,False
37709,V4P2O13,False
1838,CSCl2,False
2029,Nb3Au2,False
31240,SrAlSiH,False
15924,TaOF3,False
7536,CeAlNi,False
32172,Er2Mg,False
44762,YSnO3,False
10848,Li3Fe3O8,False
27324,KLaTe2,False
28873,Al2CoO4,False
53802,BaCN2,False
37217,PrHo3,False
37759,Mn6OF11,False
39200,BaBr2,True
5659,V3As2,False
43913,NaBiPd2,False
20742,Li2TlHg,False
43742,LaY3,False
13235,MgMnGe,False
20552,Al3Cu,False
17713,Li2Mn2CrO6,False
20446,HfMn6Sn6,False
21708,Li2InHg,False
48727,Rb3Ag9Sb4S12,False
53036,TaOF2,False
54434,SrSnF,False
6580,CaB2C2,False
53943,BiPS2,False
35649,RbCaCl3,True
39366,Ba4TiSb,False
36619,Ti2InC,False
39424,Pr2Fe17,False
50754,Yb4Ni,True
32155,Dy2AgOs,False
7419,HoSiRu2C,False
15473,TbSnIr,False
457,SiHgP2,False
20282,ThHg3,True
20178,FeBiO3,False
45371,CdI2,False
52582,ErGaIr,False
37189,SiSnO3,False
33291,YNiP,False
27469,SiO2,False
8538,Si2AsP,False
33267,PrTl3,True
50389,ZrAlPd,False
27132,CuBrO2,False
3369,BaCa2Pt,False
33447,YbNdAg2,True
481,AgF3,True
39733,AuClO2,False
14018,MgHgPd2,False
2662,BeVPd4,False
47403,Yb3Si,False
13642,Mg6VCo,False
52883,Cl2O,False
11954,CrO2,False
12503,SnO2,False
46511,Cr2Se3,False
54166,BHN,False
5603,EuMoClO4,False
38483,Na3MnSiCO7,False
36515,SbPO4,False
10243,TaBeIn4,False
4354,LiCu2P,False
2695,ErMn2Si2,False
39556,TiInCu2,False
24578,TbNiSb,False
3244,Ba2YNb,False
32540,Sc2GaAg,False
18281,LaAl2Pt3,False
32317,LiErTl2,False
11884,ErAu2,False
4826,Li2FeF4,False
26481,RbSe,False
29460,Sb2Ir,False
24483,BaBAsO5,False
26657,Sr4CaMn2S2O6,False
34369,ScGa5Ni,False
23354,Yb2CaS4,False
24242,BaAl2Te4,False
2551,Fe3O2F4,False
14230,KLiS,False
52262,H3Cl,False
38286,SmTlS2,False
50196,BeC2,False
6006,AlO3,False
53372,HfO2,False
6744,PbS,False
39780,Li2FeO2,False
40553,TaS2,False
9904,Be2NbTc,False
3109,TcN2F6,False
28970,Zn2Ni3O8,False
26339,LiIn2Ag,False
31161,NiF3,False
40593,RbCrI3,False
11361,Ca2BeFe,False
47616,Mg6CdIn,True
17356,TiMnAs,False
7609,Rb2Ni3S4,False
35816,HoAl3C3,False
49234,SiGeN,False
52471,Er6InCo2,False
46969,Ca2AgSbO6,False
54135,Nb2TlO7,False
16354,Nb2CS,False
45189,NbP2S8,False
11634,BeGe2Se,False
8203,BeCoGe2,False
32634,Te3W2S,False
43928,ErAgSe2,False
47345,CoH4Br2O2,False
49678,ZnCoO2,False
49239,SiGeN,False
22997,LiTc2Pd,False
20390,Dy6FeSb2,False
13195,Ba2NiN2,False
448,FeSbO4,False
36946,BeSiRu2,False
15384,Cr5NiAs3,False
1364,Sc4TiBe,False
31464,ZnPd5Se,False
48442,LiH,False
45932,BaSeO3,False
22714,TaCoSn2,False
7324,BeGaSi2,False
43517,Er3CuSiS7,False
28221,K3SiTe3,False
31245,UNi4P2,False
23530,FeN,False
41058,SrLi4N2,False
27895,CaZn3,False
20909,Zr2SbP,False
15200,CuNi,False
33150,RbMgH3,False
52540,Na3FeO4,False
1082,Ba4NiSe,False
48173,ZrTlF,False
6704,Be2GeP,False
46831,Ba3NaIr2O9,False
51935,Li2MnCu3O8,False
45995,TiTeAs,False
28495,MnGaPd2,False
13820,YbCu4Ag,True
30141,AlBN2,False
5004,Ba4GaW,False
35203,PrErMg2,False
49167,Lu2Al9Ir3,False
43138,Li2CoO2,False
17705,TbBiPt,False
13200,Be2MoW,False
15131,LiP2WO8,False
45825,CaSO4,False
52864,CBr,False
31924,Tm2CuPt,False
35034,PbN,False
10001,MnBe2Cd,False
9015,TiGaFe2,False
129,YTi,False
3418,ScBeGe4,False
29645,Y2Si2Rh,False
41318,HoPd3,False
7345,LiMnSiO4,False
53772,SrBH,False
20393,YCdRh2,False
51933,TiN,False
24552,Er2S3,False
31787,U2Ni2Sn,False
29147,BaGaSiH,False
34121,Yb2Sn2O7,False
48782,K4BaNb5O15,False
10674,Mg3Si2H4O9,False
44653,LaUO4,False
41908,ScHg,False
41234,Ti2FeS4,False
26914,Na2PdF4,True
41758,Li3V2F9,False
41045,Dy3SnC,False
14021,TmH2,False
28235,Hf2ZnOs,False
35668,HfBeSi,False
45905,PaAs,False
52301,HIO2,False
53328,BTe,False
38932,Li3Mn3SiO8,False
52533,LiAlO,False
52187,Th3In5,False
30135,FeS,False
17140,CaPdF6,True
1197,BaGa2Ge2O8,False
19655,ThGe2Rh2,False
22447,CaZrPd,False
10730,TaTeBr9,False
12387,Sb2MoSe,False
26611,Zr3N2O3,False
42854,U2Al9Co3,False
10240,Mg6CrFe,False
50792,AlSbO2,False
38241,Li3BePCO7,False
39836,CeH3C3O6,False
41970,BaCuO2,False
52063,Tl3SiF7,True
29238,Al2BiSe4,False
30450,Zr2Ga,False
8833,KMg6V,True
18732,TiO2,False
21786,MgAl2Sn2,False
40615,Fe4P,False
49845,ZrCrFe,False
25975,KN,False
24895,YAg3Cl6,False
49257,TiMn3O8,False
48849,Li3Mn2O5,False
42139,Zn3SiNi2,False
46755,TiGaRh,False
39960,PdPbF4,True
9825,Li7FeO6,False
35754,Rb3Th,False
7875,YRh,False
48802,H12C19O,False
4858,Ba4MoPb,False
53496,LiYO,False
3263,BMo2C,False
32589,NaHoO2,False
51787,Ca2C,False
7810,TbH3,False
12348,BePtBr2,False
33175,V5As3,False
19742,Mn9CdO10,False
2968,LiTmSn2,False
30083,Na3VO3,False
28340,VSe,False
52853,RuCBr,False
20721,TiH16C9O4,False
12177,Zr2Be2Ga,False
23178,TlSbTe2,False
5919,LiAlSiO4,False
37605,ErCl3,False
30198,NdO2,False
45668,Ta4FeP,False
53217,Fe2Cu10Sb4S13,False
18640,KTlCl3,True
37615,UBr5,False
33331,TiMn2Al,False
36686,ScZnRh2,False
38325,Rb4SnO4,False
21531,H4C6S2O,False
9933,ScBe2Zn,False
48218,H3Os,False
20802,CeHg,False
50767,RbAlO,False
1117,CoCu2SnS4,False
27230,SrCaI4,False
2179,Th2Ga,False
11831,CaBeBi2,False
49879,H11C15,False
6926,MgCuSb,False
20231,TiMo2,False
31809,TaSiRh,False
19684,Al2O3,False
17352,MgSc2Hg,False
19845,LaYZn2,False
35150,Re3N,False
49724,VPbO3,False
21605,K2CrF6,False
7742,NaV2As,False
42247,Li3Sc,False
3019,UPt3,False
29305,BrF5,True
20318,ZrH10C7O4,False
8519,Be2ZnCr,False
52201,Na3NpO6,False
7670,LaPd3,False
36326,ZnIn2S4,False
40955,NpAl2,False
19534,UMn3,False
54072,Er4MgCo,False
53082,Ti2O3F,False
16048,MnCrSi2,False
50181,ErAlPd,False
39671,ScMo3O8,False
11212,Ba2NdRuO6,False
47157,Li2GePt,False
41982,NdPd3S4,False
29732,Ca2Si,False
52320,HPbI2,False
51713,RuCN2,False
49001,ZnH10C7O4,False
26616,Li3Tc,False
27002,LiYF4,True
40529,BiB3O6,False
21294,SbI2F6,True
11474,BeGe2Pb,False
29382,Te3MoWSe,False
30363,CrInCu2,False
46300,Na3Ca3AlAs4,False
8827,Be2TePt,False
12766,UPt5,False
45791,Zn3Ru,True
48656,PbSeO2,False
1806,CuAgO2,False
52750,Al8BC5,False
10884,HoNi2B2,False
43027,NbO2F,False
4732,BaHf4Ga,False
16971,CuSnPd2,False
21894,Zr2Zn3Ga3,False
36403,Ba2YAg3O8,False
39203,NdPt5,False
22594,YbBiAu,False
44233,Rb2NaNdF6,True
21555,B2Mo,False
37243,Nb3SiTe6,False
18787,ZrSeO,False
728,ZrBe2Nb,False
6160,Na2Se,True
32262,SnPPd5,False
39882,TiRe,False
43213,MgMn3Te4,False
5928,Y2BeGa,False
412,Ba4YGe,False
15657,MnHg2Te3,False
30635,CaBe2As2,False
51902,HNCl2,False
19367,Ba2ZnN2,False
28559,BeCo2P,False
40352,TeMoS,False
12263,Hf2BeMo,False
9474,Na2BeCo,False
28672,In5B4Ir9,False
4755,VI2,False
18211,TaO2F,False
9169,PrTlMo2O8,False
2938,S8O,False
46106,CrCuO2,False
32642,LiAcTl2,True
24480,NaHoF4,False
9842,Be2SnBr,False
4209,FeNi3,False
53676,Mg2N,False
34432,Re3Sb,False
550,KBa4Ru,False
6613,FeSe,False
24940,SrSeO3,False
30926,Be3Cd4Si3SO12,False
5098,UBN,False
45459,BaAl2O4,False
1152,Ca2CdSb2,False
10940,BaMg6Cr,True
44367,NaZr2FeF11,False
8567,BeBiCl2,False
42037,BePd3,False
44470,H2O,False
3688,Nd2MoO6,False
8235,Mn2BeGa,False
23524,Ca3N2,False
2851,ThSbRh,False
11162,TiBe2Pb,False
41341,As2Ir,False
9285,Be2VGe,False
53253,Ba2TiFeO6,False
19681,Pr2CuO4,False
27884,Ti2IrOs,False
25673,VO2,False
25967,Li2SnPb,False
6200,BeTl2Hg,False
2720,BeCd4Ni,True
25275,CoO2,False
14287,USi3Ir,False
43951,CeScGe,False
38856,LiZnFe4O8,False
2704,SrV2P4O14,False
12625,BaLaCrMoO6,False
51387,Li2CrO2,False
41302,CaSn2O4,False
24084,Sr2SmNbO6,False
15040,Mn8O13F3,False
20221,HoMgAg,False
18870,Mg2IrPd,False
216,TbB3O6,False
39621,MgV2O6,False
39788,LiVCrO4,False
17150,ErNi5,False
49131,Nd2Co3Ge5,False
52956,SnCS,False
17878,Er2TcAg,False
254,NaSrO3,False
7584,NaMo2As,False
32135,CoMoP,False
50797,SbPbBrO2,False
21331,Ga3Ag,True
39443,CrAgO4,False
40906,Li3Mn4O8,False
22936,SrS3,False
31951,YMg3,False
26506,LiMg,False
7765,SbAsRu,False
36186,Al2SiO5,False
33432,LiNdTl2,False
11823,BeTcRu,False
47250,Ac3Zr,False
52221,Na2OsO4,False
51254,Dy2SnAu2,False
20818,NdMnFeGe2,False
37397,TiPCl9,False
7647,AsOsAu,False
43274,Sm2InAu2,False
12566,Ac2O3,False
45098,SrGeP2O8,False
14923,LiTl2Pd,False
7831,LaSb,False
51881,AuC2,False
42700,V2Se9,False
52704,NaAgAs,False
43448,Zn2GaCuSe4,False
5221,Li2FeSi2O6,False
19660,Fe2P,False
30045,MgTe,False
10481,NaMg6Co,False
41418,Ba2Cu3P4,False
12655,Cu8O,True
30892,CeZnGa,True
8101,BeTl2Se,False
23275,HgS,False
10390,K2TiBe,False
44427,NaLiAs2S4,False
24495,ZnCuSi2O6,False
17783,TbHSe,False
36228,TcPt,False
38531,Ca2SnO4,False
4232,BH11C4BrNF4,False
25913,RbP,False
45619,Li3VB2O6,False
25572,LiCuO,False
13606,Mg6CrB,False
11144,ZrBe2Bi,False
10805,Be2InSe,False
24317,BaTe3,False
50731,LiBr2,False
33273,LiScAs2O7,False
27015,TiO2,False
8972,RbCrO2,False
43615,Ho4Sb3,False
41035,GeH3Cl,False
5153,Ba4YOs,False
36703,LiTmRh2,False
1856,BeCoCl,False
14061,Er2Se3,False
35067,TaSe2,False
3454,HoAgGe,False
6671,BaNaB9O15,False
6633,MgBeTe,False
15442,HfB2O5,False
718,Ce2Si2O7,False
27356,YbLi2Ge,False
5974,Li7VO4F2,False
17801,Na2TiN2,False
8500,Sr2BeP,False
3647,BaCuCl2,True
1137,Ba4ScPt,False
26667,Ba2SrIrO6,False
18508,CdH4C4O4,False
38829,SrAg5,True
33495,KSrCO3F,False
53800,C2S,False
1956,La4BeTc,False
44652,Li2BrO,False
9337,BeSb2Pd,False
41880,MgHg2,False
6411,BeSnBi,False
45805,NdSbO4,False
17145,LaSi2Ir2,False
14655,YCu,False
40440,Na4TiO4,False
25244,Ca3Mn2Ga2O10,False
12819,SrBe2Cu,False
20564,Rb2GaHgCl6,True
5669,Ba2MgSb,False
53005,InGeCl,False
15162,CaCu2Ge2,True
13880,V2CoSe4,False
44026,K2AlTlBr6,True
9376,BeTcMo,False
43774,LaPrC4,False
31983,MnCu2SiTe4,False
13736,MnO2,False
24318,CuBrO2,False
12178,K2InAuI6,True
31020,NpNi5,False
41438,YAl3,False
33538,Ba2CaB2O6,False
32076,HfTc2Sb,False
40333,FeHO2,False
17909,KRb2InBr6,True
33340,TbMgHg2,True
15651,Ba2In2O5,False
35082,NbTlBr4O,False
16652,Tm2GaRu,False
53589,CdSeBr,False
44300,YbF3,False
13178,Nb2Al,False
25723,CaCO3,False
9751,BeCoNi2,False
31392,CoNiSb,False
22077,ZrNiBi,False
35995,Al3Pt2,False
34497,TiGaRu2,False
34256,VTe2,False
54199,BaCN,False
14008,SrHBr,False
913,PaZn3,True
29107,KCSN,False
38714,PHF2,False
26254,SmAgO2,False
39805,AgAsO2,False
53988,RuOF,False
8113,EuGe2Rh2,False
42121,YbZn,False
15704,HoErHg2,True
15010,YbCaAl4,False
43533,TaF5,False
18529,Ba2Mn2As2O,False
48223,LiHO,False
34089,Lu2BeOs,False
10777,U2CS,False
15876,NbRh2,False
50939,LuBiPd,False
37511,TcN,False
52958,CaBr2,True
32146,Fe3O4,False
2641,Ca4MgB4H6C2O18,False
52128,ZrMnF3,False
11552,BeZn2Fe,False
14135,MgTi2P2O10,False
20583,TiSnO4,False
28600,ScAl8Fe4,False
14078,RbFeS2,False
46768,Te4Mo3WSe2S2,False
48158,NaCu2S2O10,False
18563,AlF3,False
49917,NaCaMgAlSi4O12,False
21254,SrSi2Ag2,False
8140,DySn3,False
16320,NaAg2Sn,True
3768,BaCa2Y,False
8272,Re2AsPt,False
2449,YbGeIr,False
6423,MnClO3,False
52999,U3Ga2Ge3,False
24085,Sr2Ta2O7,False
24434,Ba4PtO6,False
10254,HfMg6Co,False
26385,ZrOs,False
23652,K2RbPt,True
43673,Sb2Te2Se,False
42502,BeSiN2,False
6533,MnBeCl,False
31400,NaAcHg2,True
8558,YBe2P,False
3402,BeVMo,False
53229,SiHO,False
10677,KYBe2,False
9233,MgMoAs,False
21120,ZrMo2O8,False
4856,Ba2SnS,False
3351,V3O5F,False
46728,Si2SnO6,False
2771,TbZn,False
7115,Y2HfS5,False
49796,SnTeO,False
9242,KMg6Bi,True
25940,K2ReH9,False
47713,Ta2NbRe,False
25783,MgSnF4,True
13879,PrCo2Ge2,False
4722,Ba2MgZr,False
33414,HfBe13,False
7971,LiGaAs,False
10656,YBeBr,False
40381,UCr6P4,False
18810,ErB2Rh2C,False
50604,CaTiS,False
10314,Be2WSe,False
15195,Ho2S3,False
26986,LaH3,False
10806,MnNCl3,False
43903,ZrBe2,False
42946,ScAlPd2,False
47942,CuNO2,False
26875,Zn3B,False
43837,Nb5N2O2,False
3409,BaTlSb2,False
10598,BeGa2Br,False
39915,CeSb,False
18483,H2C4SO2,False
43360,MnH4Cl2O2,False
9101,BeCrHg,False
3214,PrTiO3,False
18141,VP,False
53653,Zr5Ga3,False
11649,Be2OsPd,False
1953,RbInTe2,True
10766,Mg2Ti,False
10736,ErSi2Pt2,False
40735,ZrCu,False
47200,Na3PdF6,True
18667,ScCoNiSn,False
40587,CoHO2,False
12127,HoInPd,False
29597,VO2,False
53195,LiH2N,False
39049,Li6WO6,False
47923,AlB,False
10302,Be2NbGa,False
22234,Nd3SiAgSe7,False
30850,Li2V3CuO8,False
24206,SO2,False
829,Nb2Br5,False
6646,HfVF6,False
35621,TlCr3S5,False
32927,Ho2OsPd,False
25325,YNi2O4,False
33741,Ta2CS2,False
1301,TlZn2Sb2,True
40638,Li2VO3,False
7214,LuIn3,True
21913,DyTmIn2,False
4063,BaSrMg2,False
28732,Rb3TaO8,False
53296,TiIN,False
3503,Zn5B3Rh7,False
25885,SnBi,False
6677,TaAsW,False
54478,BeGa3,False
12743,Be2PPd,False
15262,Ba2UInO6,False
10437,NaBeMo4,False
23976,Sc2O3,False
35327,LuNiGe,False
40339,Pt3Rh,False
4613,ZrFeF6,False
16353,ScOF,False
11767,KBe2Pt,False
156,Li5Ti2Co3O10,False
25625,HfB4H16,False
11217,LaMg6Sb,True
29374,V2O5,False
33359,Te2MoW2Se2S2,False
18521,SmB2Ru3,False
9910,BeVPt,False
13098,LuB2,False
8860,HoCr2Si2,False
28367,HoAlO3,False
44453,NaNb2O4,False
14268,Sr2UO4,False
46249,InS,False
49403,SbIO,False
40014,LiVPO4F,False
23146,AlCo2O4,False
21083,MgH2C3O4,False
19054,Ac2TlCd,True
9993,NaCaBe,False
25633,NbHO3,False
40401,ZnFeSb,False
52712,Nb4FeS8,False
38438,Pr3Si2ClO8,False
36996,TiGeO3,False
23712,NaSbSe2,False
37534,CdSb2Se3Br2,False
47966,GaNO,False
36505,SnPSe3,False
4863,BaNbTl,False
9319,Sc2BeRu,False
317,TiS2,False
14895,LiMg2,False
26601,Ba3Fe2Br2O5,False
11666,SmMg3,False
1012,Ba4InCo,False
52451,SrTaH,False
7251,ZnWO4,False
26570,Li2ZrF6,False
26981,KSi2Hg,False
48214,ZrZnO4,False
26874,MgCd,False
3343,Li2Mg2MnFeP4O16,False
4687,Ba4HgW,False
29540,CaCr2O4,False
37470,V3Co5O16,False
9812,Ca2TlPb,True
11905,Ac2AgPb,False
7561,Rb3As,True
43245,Li2MnN2,False
43432,Hf4N3,False
37178,SiPbO3,False
11930,FeS,False
9740,BeFe2Mo,False
31072,ZrU3Sb5,False
36097,CaP3,False
42472,Ba4TlHg,True
39199,TeMoS,False
36978,YTmAl2,False
16829,PrYO2,False
48562,BaCl2,False
43202,TmAgTe2,False
37079,SrAc3,False
39465,Ga2Pt,False
25167,SbOF3,False
4564,Ba2TiTe,False
31821,ZnCuPd2,False
21675,TeF6,False
18246,VCr,False
11661,Mg6MoW,False
3730,Er3FeSi3,False
17624,Nb3N5,False
44585,BaZrP2O8,False
35221,LiInAu2,False
6778,BeMoPd,False
36084,Na4SnS4,False
11936,BaMg6C,False
35438,Yb2CN2O2,False
22795,SrSeO4,False
24340,SiS2,False
8950,NaCu2As,False
4147,Mg3Cd,False
23035,Si2Mo,False
9024,Be2SnSb,False
44055,RbPH2O4,False
11294,ZrBRh3,False
18169,Ho2RuPt,False
15231,CeSi3Os,False
26413,MgGa,False
16,FeOF,False
38804,BeCu,False
3983,Cr5S6,False
46186,KP2AuS7,False
44084,Ti2GaC,False
5575,Fe4O7F,False
23932,CaCo2N2,False
36246,GaC3,False
31991,PrGe2Ru2,False
27815,LiAl2Ru,False
43957,NaCd2Ag,True
25195,TlCl2,False
33002,AcAg,False
44907,CuCSN,False
10002,Hg2AsSe,False
14037,FeB2W2,False
14393,Ca2CdPd2,False
3436,Sm6InCo2,False
18206,TmBRh3,False
37978,Dy2Ge2O7,False
17561,SbTePd2,False
18328,DyCo2,False
2977,DyH9C5N2O8,False
32507,Ca3SiBr2,False
24083,PbF2,True
26682,LaCd,False
19077,Y2Mn3Co,False
2833,LiDySe2,False
33086,TbTe,False
14534,KHoS2,False
35310,TbSc,False
29941,CaIrO3,False
23255,Ba2NdNbO6,False
41862,CaH4Se2O7,False
29533,Te4Mo2WS2,False
35335,Sr2LiIn,True
2102,Pr4Te3N2,False
7293,BeGeW,False
26078,K5ThF9,True
42477,NiAuO2,False
43144,MgS3,False
13871,KC10,False
2149,PbS,False
37815,LiVF4,False
31631,HoTl3,True
7292,BeNiTe2,False
51663,PBr5,False
21976,Rb2WCl6,False
3094,MgTi,False
13722,Sr2H6Ru,False
41368,NpAs2,False
1581,Ba4NaSb,False
28790,NaSr4B3N6,False
14635,TiIr3,False
16094,ScVFe,False
21414,Tb3Mn3Ga2Si,False
46212,Ge3N4,False
34611,Li2NdIn,False
42418,Ba4PbCl,False
15891,Cd5TeS4,True
33533,PbCl2,False
511,Ba2LaGa,False
33290,HfCo,False
44715,La2NiSn4,False
34504,Ho2NiIr,False
34,Ni3Te2,False
43379,TaSb2,False
19771,Na3SbCl6,True
21563,YSbPt,False
44299,Ca2ZnSn,True
7981,BH5CSN2,False
53697,AuS,False
9678,GaCu2,False
2944,Tl6Si2O7,False
10774,TaBe2Nb,False
10638,MnBe2Tl,False
11563,TaBe2Pd,False
50771,V4Ir,False
10510,TiBeTc2,False
26621,YHO2,False
24292,AgSbSe2,False
33191,Pm3Si,False
46735,Li2SnP2O7,False
4812,Ba4MnSi,False
12563,Be2GePt,False
9226,SmNiSb2,False
20541,ZrH12C8O4,False
748,Ba4ZnSb,True
14888,PrTe,False
22425,Li2MgHg,False
33450,Sc2CuPt,False
44410,Pr3Th,False
27093,Mn4O7F,False
48233,ScPSe,False
11448,MnBe2Os,False
9659,BeReRh,False
48952,MnVGaCo,False
7782,NbGeAs,False
9701,YBiO3,False
3282,DyPS4,False
31812,SnSe2,False
37357,TaTe2,False
22328,HoPbAu,False
41838,HoHg2,False
18956,TiCrP2,False
22650,Te2Mo3WSe2S4,False
28322,SrSnHg2,True
35499,PdO,False
27461,AlCr2O4,False
45297,CuSbMo2O8,False
28902,Mg2Mo3O8,False
40864,FePd3,False
51141,Co6O5F7,False
22463,KBiS2,False
49189,Ge2Cl,False
12376,BeZnPt2,False
12558,Na3CoN6O12,False
929,MnTlCl3,False
51181,MgAgO,False
41001,Sr3Fe2O5,False
4292,Zr3N4,False
42820,Y2Si2O7,False
16966,HoCuGe,False
25769,IrI3,False
47072,Te4Mo3S2,False
51844,LiN2,False
41593,ErSn3,False
30653,Ce2AlNO3,False
44392,Sr2CaOsO6,False
40655,TlCoO3,False
38239,Li3Fe2Ni2O8,False
29803,FeW2O8,False
20063,Mn3N2,False
2026,AlPO4,False
2445,KMnF4,False
43197,RbSi4Pt4,False
27908,LiCdHg2,True
14603,EuCo2SiGe,False
43492,CoF3,False
7872,ErAg2,False
38174,Li2VF6,False
28009,Nb2CuRe,False
32782,K5V3F14,False
15733,CeLuAl4,False
40435,Yb2LiPd,False
39774,Ba2SrTeO6,False
37246,SrGa2As2,False
19619,DySi2Pt2,False
8961,UGe2Pd2,False
24190,YbRh3C,False
44177,Nb3SnGeMo3,False
6754,Be2GaFe,False
32721,Ba2Cu3Cl2O4,False
3817,Ba4PtRh,False
14724,Rb2NbCl6,False
24116,V3Te4,False
891,Ba3Te4O11,False
33695,Nd3NbO7,False
3678,Ba2HgBr,True
1483,Ba4ScCu,False
43937,Mn4Ga,False
13710,HoSb2,False
48875,TiH20C11O4,False
5020,Ba2InHg,False
47221,NaTl3,True
44973,CeCl3,False
23057,Y2Pb2O7,False
35397,Ti3In3Rh2,False
15841,NdSnAu,False
16255,Sc2CuPd,False
13779,Mg17Al12,False
3545,Y3AlCoS7,False
27852,YPd,False
1637,Li2FeF4,False
21026,YBC,False
38059,Cr3Cu,False
46598,Li4Mn3V2Ni3O16,False
44686,Ba2TaTlO6,False
1768,Tl3Cd2I7,True
5827,Li4Ti3V3O12,False
47372,YUAl4,False
42025,Co2P,False
40518,Nd3SnN,False
36979,Mg2ZnPt,True
26586,BiTe,False
28804,Te6MoW3Se2,False
2940,Ce7O12,False
28903,Al5C3N,False
6095,CaBeSe2,False
392,LiCuS,False
15533,MnAgO3,False
52739,LiGdS2O8,False
30523,FeS2,False
24497,Na6MnCl8,True
6101,La2Pd2O5,False
51958,LiAsAu,False
13232,AlO2,False
4096,PuAlNi,False
46739,LiTiO2,False
26119,Al2CrTc,False
27449,MnPd2Au,False
51487,RbBiF,True
39706,VBO3,False
48154,YSO,False
37924,NaCaP3O9,False
29067,CaSb4O8,False
9763,KCoAs,False
1461,NdPt,False
42082,KSiBiS4,False
25892,Al3Bi5Br12,False
23113,CdCu2GeSe4,False
40377,Fe3S4,False
26762,NaMgCd2,False
46089,TlMo3Se3,False
18188,K2AgRuF6,True
52172,ErB4Ir4,False
33552,ZrNiGe,False
34717,YbBe13,False
42909,CaErAl4,False
2735,SrBr2O6,False
33830,ThAu3,False
37408,CaSnS3,False
10673,EuGe2Ir,False
33961,Sc2TlTc,False
6378,BeInIr2,False
2891,LiCrP2O7,False
26639,CaCr2S4,False
40819,H2W2O7,False
41833,Ce2Mo2C3,False
19250,La2CdIn,False
43817,TiNbB2,False
40730,Li2Mn2FeO6,False
32624,SrBiClO2,False
36635,Cu2As4S3Cl2,False
7762,LiTaF6,False
38345,ZnN,False
11611,SrBeSe2,False
30291,CrF3,False
8175,LiBeIn,False
621,CuH4Pb2Cl2O4,False
22194,CoO,False
29228,SrSc2O4,False
32811,NbSn2,False
10649,BeMoPb2,False
54458,VSn7,False
22209,KMnSb,False
2107,Ca2FeP2H8O12,False
20548,SnH12C6F2,False
10210,CaBe2Rh,False
3247,ErAlNi,False
438,Li4Ti3V5O16,False
7955,U4Ga12Fe,False
5976,BaNa2Ca,True
37490,VC2O6,False
8147,Mg3MoO4,False
998,As2PbO4,False
16218,Ba2SmTaO6,False
6096,BeGeSe2,False
43377,SrTaNO2,False
20650,LiV6O7F5,False
49937,RbSiAs,False
18221,SrMn2As2,False
15179,Ag2S,False
35000,SrCaSi,False
20349,BeZn3O4,False
52616,Nd3HoZr4O14,False
7373,CaBeSn,False
43364,NbSN,False
12674,LiFeS2,False
48657,BeInPt,False
24869,RbW3Cl9,False
17847,MnPt3,False
46967,TbInNi,False
22055,NaAlTe2,False
11717,Y2Mg,False
14963,K2YAgBr6,True
40304,HfSe3,False
11414,BeCoBi2,False
32067,ZnAg2O4,False
33897,Ac2IrAu,False
39646,CrO3,False
9536,VOF,False
45900,HfPtPb,False
47600,MnCoB2,False
34635,FeHO2,False
20749,HoInAu,False
12818,SrSnO3,False
29773,LiCuPO4,False
48125,MgTe,False
13411,GaSb,False
4116,MnTe,False
52145,Mg16ScAl12,False
13509,Zr3Si6Cu4,False
35590,AcEr3,False
38766,Er6MnBi2,False
27832,MgCo2S5,False
48074,LiMnF,False
18655,V6GaGe,False
42958,NdSb,False
52932,PbCl2O7,False
38778,TbLiHg2,True
20082,InTe,False
22095,Li2VF4,False
3114,FeOF,False
9087,HfBeNb2,False
16163,K2NaTaI6,False
22067,KBH4,False
2418,K2BC3N3,False
47165,La2MgCd,False
24494,RbCuO,True
47163,CdIn3,True
49314,Li5Mn7O15,False
50370,RbSnBr,False
2817,LaZnSn,True
54176,Cu3PSe2S2,False
44397,CeCr2Si2,False
54283,AcSn7,False
6907,NaBeGa,False
16059,Pm3Nd,False
51165,BaTe2,False
47895,CaLaFeO4,False
41367,DyP,False
12353,CeMg5,False
5846,YBe2Ir,False
489,Ba2TiSe,False
16659,HfU3S3,False
29121,GaFeRu2,False
46362,TbFe3,False
36073,Na4PbO4,False
43066,U2Sb4Pd,False
21434,TbNi2P2,False
5299,NbI5,False
18231,EuGaAu2,False
34330,Lu2AgAu,False
52701,NaAgAs,False
24617,Co3TeO8,False
43853,Mg4B3Ir2,False
27163,Sr2UMn,False
52339,SrHI2,False
4426,TbB2Ru,False
14807,Mn3InC,False
32813,LiDyAu2,False
19306,CdSiP2,False
35015,HoErAg2,False
12055,ScBeTe2,False
12416,Mg6TiB,False
6506,Be2NbCd,False
28309,Cd3As2,True
22557,H4IN,False
19202,SrCuSeF,True
31973,Ag2Te2O7,False
10666,Mn2OF3,False
33368,GaFeRh2,False
27762,MoS2,False
1652,IrOs,False
31704,Li2US3,False
41519,MoN,False
45025,LuMn6Ge6,False
15641,Nb6PtAu,False
9505,Ba2NdRuO6,False
1593,Ba4GaSn,True
29978,CaFe2O4,False
14622,CrO2,False
51052,ThTi3,False
44404,HfCuP,False
45383,K3Cu2F7,False
33802,TiCoO3,False
27555,Bi2O3,False
52708,NbPb2Se2ClO8,False
33219,ErMgHg2,True
42273,AgSnS2,False
15425,Rb3BiO3,False
45975,In2Si2O7,False
51026,Nd3Er,False
4810,Ba4SbRh,False
21791,Rb2Mg,False
53433,MgSbO,False
14992,LiErS2,False
2213,KBeIn4,True
35315,Li2CuP,False
44258,PrAgPb,False
45511,SrIn2Pt,False
10445,RbTe6,False
48129,Er4MnS7,False
10917,GaPd3,False
9905,Be2ZnIn,False
11554,NiTe,False
11943,Pr2InAu2,False
12507,ZrCr2,False
42696,Li4CO4,False
44900,HgS,False
29322,UCd2O5,False
28373,Li2SnPb,False
16055,NbNi3,False
43642,Ta2Pd3Ru3,False
21683,MgH6C5O4,False
34677,LiSiNi2,False
34861,Si2TcOs,False
7509,RbCdAg3C6N6,False
23369,ScHO2,False
26959,PdF4,False
44977,Na3NpH2O6,False
34560,PrTlAg2,False
40512,Ba3SiO,False
31192,Sc2AgAu,False
32357,Sc2Co3Si,False
27291,MgNb2,False
31717,NaH3CN4O,False
13123,Be2GaFe,False
37566,TbBr3,True
37826,Mn5O5F,False
8133,AlVCo2,False
41258,MgFeO2,False
49076,AlBO2,False
52904,TiPCl,False
43474,MgCr4S8,False
25074,Yb3SnC,False
18168,H4C5O2,False
45756,SmO,True
39177,Si2Ni,False
43820,Rb2LuAgCl6,True
53101,RbCu3S2,False
9652,Be2NiCl,False
2118,K4Sn3Se8,False
22803,LiSmS2,False
27652,Rb3TlF6,True
13741,Al2Pb3F12,True
10118,TiBeCr,False
2507,FeOF,False
51544,MgSO,False
37356,VPd3,False
15742,Rb2InAsBr6,True
31655,Ir3Rh,False
50383,Li8VO5F,False
23908,HgO2,False
1335,BeNb4Pd,False
54462,MoP3,False
32174,Yb3N2,False
37454,AlFe2,False
17128,NaH3SO5,False
34874,GaN,False
43987,Li3VO3F2,False
50184,BeCN2,False
25123,KInBr3,True
50480,LiMnO2,False
41339,Ba2BiSbO6,False
5707,MnBe2Cu,False
17023,CdTe,False
8905,Tb2InGe2,False
47300,Dy3Zr,False
21839,KSb2,False
9756,TbNi2Ge2,False
54238,CoC2O6,False
34263,K4P2PdS8,False
38806,AsRh2,False
43727,Sr3Ho,True
46142,Co4B6O13,False
54404,RuO2F,False
50478,Ba3HoIrRuO9,False
46841,YB3O6,False
35010,MgSiAs2,False
8240,Re2AsPd,False
6993,K6Cr2O9,False
3246,LaBRh3,False
39832,NaBC4N4,False
36036,Si3Pt,False
12108,Ba2CdHg,True
19745,Dy3In4Co2,False
49093,NiPO4,False
44422,Co2S3,False
53143,TaSi4Mo,False
21167,TaSbRu,False
30639,HoMgZn2,True
51028,PaSi3,False
41839,Li2SO4,False
29902,ZnB4O7,False
25107,Tl4CrI6,False
49894,NiGeMo,False
368,Li3TiP2O8,False
11359,BeGa4Te,False
50712,AlHO,False
20007,Ba2TlFe2O7,False
44632,CeRuRh,False
41038,Si3Ag3Sn2P6,False
50451,LaTiNO2,False
30321,Lu2InPd2,False
42824,YAl2Ge2,False
7567,ErCu2Ge2,False
22257,ZnH4C4O4,False
25172,ZrCl3,False
10898,Be2NbV,False
9111,ZrScBe,False
51435,LiO,False
53015,NaMoF4,False
43006,Cu2As3,False
22628,Li4Ti3Cu3Te2O16,False
23846,Hg2BCl,False
44550,Yb4Mn2Sn5,False
34193,YbTlPd2,False
22670,Li4NCl,False
12019,Be2TcGe,False
22790,NdSF,True
18566,Np2SO2,False
7398,Li2NbAs,False
47430,Ac2IrRh,False
28119,SbAsO5,False
16764,AcNdMg2,False
23396,LaAgSO,False
2024,Ca4Al6SO12,False
1248,CaH12I2O14,False
12828,Li4Fe3O8,False
1360,UH12N2O14,False
52506,MgIO2,False
33269,LuHfRu2,False
34913,VPt2,False
15597,TaSN,False
22982,Ga3Fe,False
12552,FeCu2SnS4,False
37040,ScSn3,False
53406,Li3Ti2Co3O10,False
1261,Ba4HfGe,False
23795,TaF5,False
11343,Be2FeSn,False
30154,HoAs,False
918,MgB12C2,False
24976,Ga2FeS4,False
21400,SmCoO3,False
32133,Dy2MgSi2,False
54581,NaSm3,False
48142,HoGaCo,False
47854,RbAgSe,False
19294,CuPbO3,False
29009,Si2TcRh,False
36431,Y2Si2O7,False
24701,Sr4Zn3F14,False
31901,TlAsPt5,False
4666,V5As3C,False
17365,LiHoO2,False
19755,CoO2,False
48279,HfCl,False
2492,Ta2N,False
9675,MnOF,False
35268,Na3Re,False
40639,CrSi2O6,False
28337,V3AuN,False
52770,KIn5S8,False
3031,SmTlPd,False
26706,MnNi2Ge,False
34809,SmErIn2,False
23273,TaGaO4,False
20965,MgAg2,False
36374,RbS,False
28250,Sr2InHg,False
19290,SnH4C2Cl2,False
24786,W3Se4S2,False
40742,RbCdN3O6,False
39123,Li3FeSiO5,False
27212,YbTlHg2,True
10792,Be2SnCl,False
17990,HoScAl2,False
36714,VCu3Te4,False
42774,InBiSe3,False
12158,HoB2Ir3,False
8524,LaMg3,False
37600,HoNiGe2,False
37859,TlGeCl3,False
17198,NClO3,False
41684,BeZnSi4,False
40540,UNi2Sn,False
7230,Ba2NO6,False
19029,V3ReB4,False
7974,Na2BeBr,False
36437,MgH2SeO5,False
19689,TaCu3Se3S,False
3950,KCoAu3C6N6,False
46029,BiBO3,False
42191,Ho3Er,False
37750,PmY,False
25307,ZnSb2O4,False
45632,YFe2O4,False
11570,ThCoSi3,False
12413,Be2CuNi,False
27889,CeSiI,False
45982,SbIrS,False
42186,Er3Ge,False
49628,Y2Ga2Fe15,False
31356,CaIn4Ir,False
32585,ThTe2I2,False
29726,Mg2CrSbO6,False
24030,NaSmO2,False
39547,SrLiTa2O6F,False
50610,Li2Fe3CoO8,False
13886,Rb2SnH12N6,False
23803,CeFeAsO,False
9074,BeW2Se,False
1479,Ba4CrBr,False
37710,PaAgTe2,False
28082,AlAgO2,False
7898,MgBeOs,False
11192,MgZn3,False
33020,TeMoSe,False
33718,Tm2CoRu,False
7515,Mo2WS6,False
12320,CaCo2As2,False
20143,AlInCu2Se4,False
40165,Mn2SnW,False
33982,LiSm2Ru,False
12712,Be2TcGe,False
35278,TaGa3,False
53478,MgTaO,False
38967,Mn2OF3,False
50586,LiCaN,False
15112,ZrTiCo4,False
16592,GaNi3,False
1657,K4TaBe,False
42548,InGaN2,False
53234,SnHO2,False
39311,LiV3Te2O12,False
12209,NaInBr4,True
38424,Li2Mn3CuO8,False
9730,Rb3DyCl6,True
28077,AlF3,False
44561,CrIr3,False
17568,Si2Ir,False
46957,Tl5Se2I,True
2942,H7NO6,False
44628,MgSnB2O6,False
34966,LuAu,False
39584,Li2NiO2,False
54287,Ca2Br,False
27475,NaHg2Pb,True
25880,MgBi,False
21412,NaNbN2,False
45741,UCoAs2,False
4144,Ba4VW,False
34596,Bi2Rh2O7,False
17292,TaSnS2,False
14729,SrMg5,False
30516,TaN2,False
46112,Ta2O,False
36182,P2Pb3O8,False
49748,Sb2SO2,False
51497,NaMnAsO4,False
4566,RbC2I3N2,False
15923,BaAgAs,False
26382,WC,False
39055,K2S2O5,False
23302,PrMnSi,False
45150,Ca5Si2N6,False
53637,NaZnSe,True
24473,MgCo2N2,False
41063,NpSi2,False
6385,Zr2BeP,False
41285,LiFeF4,False
51384,Co3O2F4,False
7929,Mn2GaAs,False
16638,Al2Os,False
36750,Ni3Pb,False
8234,Li2Ti3V3O12,False
47902,LiFeP3O9,False
43052,TbPt3,False
8418,Rb2H6Pt,False
10388,Li3Fe4O8,False
29979,MnSn,False
37871,ScClO,False
12711,Be2Ni2Mo,False
7056,TbNiGe2,False
3484,LuAsPd,False
20906,Ca2CeO4,False
21807,CrNiSb2,False
6701,PbS,False
32503,U2Fe3Ge,False
44725,MnBeIr2,False
41259,TmInPt,False
27279,LiCoF2,False
10853,BeCu2Ni,False
50298,InSnBr,False
7275,TiBe2Sn,False
35471,Y2Be2GeO7,False
46434,SiO2,False
22929,Li4MnSi2O7,False
29127,Sm2Ta2Cl2O7,False
41646,Hf2CS,False
44411,CeNi2B2C,False
23528,CaMn2N2,False
41669,H3ClO5,False
26777,YMnW2O8,False
44903,Ti3Nb,False
5471,Ba4ReSe,False
23080,H4C2O,False
23188,CaBiF6,True
8351,HgB2As,False
15918,MnPt2,False
11835,SrBeCu2,False
17383,HfSc,False
40228,NdMnGe,False
23023,MnVNi,False
17411,ErSi2Ir2,False
47852,RbAgSe,False
13219,Be2OsCl,False
18288,CaPmAg2,False
48105,NaNF2,False
33817,K3Sc,False
1611,BeBi4Pd,False
18371,Tb2NiAs2,False
19866,KAlO3,False
5656,AuF3,False
29405,Mg2Sn3O8,False
34388,Na6PbO5,False
3756,BaHf4Be,False
43994,Yb2Mg,False
50345,Tm5In4,False
18698,LiVF6,False
11980,Mg6GaCo,True
13271,Li2BeMo,False
549,Ba4SrIr,False
41356,CaZn5,True
7993,PtN2O6,False
48998,Li3NbV2O6,False
9357,BeInSb2,False
22224,DySi2Ni2,False
39051,Ce2SeO2,False
15605,Eu2ZnRh,False
23565,LiFeSiO4,False
18021,Fe3Ge2,False
48377,Rb2S2NO6,False
31488,Be2IrPd,False
27914,BeO,False
45910,Y2ZnS4,False
17908,Sr4As2O,False
36620,MgPSe3,False
22273,SrMn2Sb2,False
8370,BeCo2Br,False
24922,BN,False
28321,Al2CrIr,False
10978,Mn2Sb,False
22347,SrHfRe2,False
11514,MnBePb2,False
12587,Tl4SiSe4,False
38898,ErGe,False
42420,Li2CuF4,False
759,Ho4CdRh,False
10383,Pr2AlNi2,False
6102,CaHg3,False
8748,Li2MnOF3,False
21829,NbB2W,False
49723,K3LuP2O8,False
33003,K2MnNb6Cl18,False
32711,TbSiRu,False
22007,PbS,False
35086,H3Pb,False
43795,Sb2O3,False
3008,Sm3Co6Sn5,False
46077,KSnS2,False
3968,Nb2C,False
34346,LaNdZn2,False
9690,Mg2BeCd2,True
26264,InP,False
25837,Ga2Fe2S5,False
8135,KCaBe2,False
28555,Na2Ta4O11,False
28588,VN,False
46789,Sr3In2P4,False
7182,Rb3NaH4,False
8758,SmCo2B2,False
53775,LaNdCo10,False
1692,Ba4MnBi,False
9279,Cr3AgO8,False
45864,Li2TiCo3O8,False
51505,BiN3,False
5032,BaMg2Ta,False
52686,KFe4Si3O12,False
7313,MgBeRh2,False
36258,CdI2,False
11410,ZrBeMo,False
12798,BeIn2Sb,False
26977,GaCo2Ni,False
45102,VRu,False
4104,Ba4SiP,False
5577,Ba2TiBr,False
19214,SnH26C14O4,False
30695,NdPt,False
35131,Sc2OsAu,False
30329,Mn2AlO4,False
40628,CuSbRh2,False
35059,Sc3Sb,False
18818,Li2SmAl,False
25473,MgFe2O4,False
35819,Sm2Ag2O5,False
15628,Rb2ReF6,False
33453,Pa2S3,False
33465,Sm3Er,False
14886,BaCd2Sb2,False
13977,YMg,False
22250,YIn5Rh,False
11067,Mg2BeW,False
39040,Li4Fe2TeWO12,False
48452,TiBO,False
49505,LiCo5O7F,False
23694,GaAs2W,False
8335,Y3Ni13B2,False
20115,NaV3O6,False
37130,TbB4Ir4,False
30509,Cu12Sb4S13,False
8576,Be2CoSe,False
22187,Zr6NiSn2,False
3941,BaMgGa2,True
46573,CaGaAu,True
19672,AlNi3,False
15972,Na2LiAsF6,True
44785,Hf2Al3C4,False
34559,HoZrOs2,False
6379,AuN2,False
47269,Sn3Te,False
42150,BaGe3Pt,False
40081,YNi5,False
4031,Ba4ScRe,False
44947,AgTeO3,False
37928,TlPd2Au,False
1522,Ba4SiBr,False
47074,MnZnO3,False
34280,Pu2W2C3,False
26855,LaHg,False
1713,Sr2LiCBr3N2,False
34183,AcSnAu2,False
29489,CaCr2O5,False
32777,Sr3Hg2,True
51286,Mn3OF5,False
16064,TlSnI3,True
45252,Ho2AlZn,False
12478,BeMo2Ru,False
21997,LaYMg2,False
46339,H12OsN5Cl3O,False
48540,AlFe4Cu3O12,False
12218,ScBeCl2,False
23048,UCO5,False
53012,NbSeBr,False
35937,CuAgO2,False
2782,BeCd4Mo,False
21456,MgF2,False
12793,Ga2S3,False
12540,CaMg2,False
41477,Tb3AlC,False
54336,LuU3,False
47711,Er2ZnHg,True
52500,BaBP,False
8552,MgAsIr2,False
4139,YbSnPd2,False
6956,B4W,False
26465,MgFePO5,False
24335,Cr2CuSe4,False
49319,MgH2O2,False
7554,LaCoAsO,False
7953,CaMn2Be,False
30241,Fe6OF11,False
29279,Y3CuGeSe7,False
51570,MgSiO,False
19269,K2CoF6,False
32210,MoW3Se6S2,False
1531,LaIn2Pd,False
20542,LiCr2O4,False
45387,PuGe2,False
5639,BaCaMg2,True
1373,Y6Fe16O,False
2049,MgBeGa4,True
15547,LiMgSnPd,False
48505,BaBrN,False
11054,BeCdIr2,False
2374,Sr4BeV,False
17511,HfTeSe,False
49336,CdH14C9O4,False
13635,MgZn5,True
25356,SrLiNb2O6F,False
2563,DyB2Ru,False
45212,Cu6PbO8,False
5167,Ba4TaNb,False
16713,SrRhO3,False
35350,CeZnGe,False
21249,H8C11SO,False
24079,InAgSe2,False
38361,Li2AlCoO4,False
47105,Tb2Ti3Si4,False
38944,ZnCo2O4,False
7642,Mo2WSe2S4,False
454,LaCu5,True
21757,K3MoBr6,False
34303,AlPt3C,False
37417,LiSnS2,False
35149,YbAgSn,True
40007,BaPr2CuO5,False
24332,AlVF5,False
38959,Na2PRuCO7,False
26298,Mg3Cd,False
23477,Ge5Te8As2,False
35813,HfAlPt,False
15830,Ba2DyMoO6,False
6761,GaAsO4,False
50314,LiBrN,False
35263,Re2C,False
4252,Ba4FeSb,False
5457,K4ZnO3,False
38015,Sm3Hg,False
43821,TiFeSb,False
2443,ZrBeGe4,False
2594,NdCoSb2,False
12675,Be2SiPd,False
41736,CaTcO3,False
6630,SrFeAsF,False
6131,Si7Ge,False
42735,Ce2Al3Fe,False
39937,DyCuSn,False
29530,Be2Si,False
43459,Hg2I3Br,True
4019,BaVHg2,False
4040,BaP2Br,False
11020,Be2InBr,False
18413,Ho4Si3Ge,False
18537,Rb3Bi2,False
18994,WS2,False
29239,LiCoSnO4,False
23751,Na2CS3,False
6234,Pr2BC,False
14460,PrRh2,False
28122,HfZnN2,False
49749,Yb2Be2SiO7,False
19500,CeTh3O8,False
23886,TbSbPt,False
47266,ErZr,False
5033,Ba4PdW,False
50761,Nb3B2Ru5,False
47127,Na2InCuF6,True
21514,VO2F,False
17889,K2RbYF6,True
23973,K2TeBr6,False
29786,CaBi2O4,False
11678,BePd2W,False
2125,BeNb4Zn,False
50325,Zn2BO4,False
19613,CaNi5,False
1244,BeCrPd,False
5652,HoB2C2,False
33375,TbBi2IO4,False
11713,Hf2Pt3,False
12275,Ca2MgBe,False
23998,BaH4Br2O2,False
36645,LiCuO2,False
52260,Zr6FeCl15,False
50146,MnAu4,False
43077,TaP,False
2532,CaTi4P6O24,False
7260,Na2Si4Cu2O11,False
30188,TbCdF6,True
35175,Yb3V,False
46041,Ba2HoTaO6,False
5263,Li4Co3TeO8,False
16948,TiAlIr2,False
49618,LiH2N,False
7842,LaHO2,False
41615,Nb2Te6I,False
13818,Mg6BiMo,False
9592,La2AlNi9,False
54545,CaSe2,False
30359,VP,False
15955,LiTiO2,False
13293,LaCoGe3,False
17471,BaCd2As2,True
18197,DyCo2Si2,False
50283,KGe3As3,False
46367,ScB4Os3,False
9667,Be2CdSn,False
293,Ti2InNi,False
2800,Co2O3F,False
13990,Ca5MnSi9Pb9O33,False
48924,LuMg2Mn3S8,False
13857,FeO2,False
5144,BaGaPb,False
46817,NaPr2RuO6,False
36648,Zn2SiO4,False
41931,Tb3CuGeS7,False
10692,LaCo5,False
21937,LiCaAs,False
20419,LiSn3,False
11531,NaBe2Pt,False
19900,Yb3La,True
22986,CuBr,False
47739,Ca3Sn13Rh4,False
44513,ZnBr2,True
42269,MgIn2,False
17749,CuSiBr,False
40442,HfMg3,False
33725,ScCuO3,False
21408,Pr2FeSi2Ru,False
32435,PaPd3,False
39845,HoSO,False
50195,Li3Cr2CoO6,False
49038,Li2Mn3SbO8,False
51629,Mn2OF4,False
1154,Al2O3,False
35650,AcDy3,False
45448,LaAsPd,False
41159,NdIr3,False
54228,TbMoO4F,False
34322,MgIn5,False
54168,Ho2FeSbO7,False
53576,CdSBr,False
35274,Sr2Si5N8,False
16818,CaSi2,False
35209,SmSe,False
50773,Tl2Cu2SnTe4,False
31898,PmH3,False
28061,ZnIn2O4,False
18977,Ta3W,False
16834,CrSi,False
9394,Rb2MnTe2,False
6403,BeCuPb2,False
20784,Sm2MgCu2,False
21447,Ag3Hg,False
10266,Ge3Sb2O9,False
4309,BeTcBi4,False
9245,Nd2WO6,False
5520,ZnCoO3,False
27661,PaHgAu2,False
20526,Mn2AsP,False
34207,HoCr6Ge6,False
19779,UTeP,False
15602,Dy3Lu,False
15895,Mg2IrAu,False
48190,YGaNi,False
50237,GaBiO,False
24189,FeHO2,False
7694,GaAsIr2,False
19376,Tl2Au,False
50204,CaBeRh,False
21747,Rb2Mg,False
39416,Ba4LiTa,False
52751,TaNbCu3O8,False
33823,LiZn3,False
11938,V2C,False
51178,LiFeO2,False
31341,Er2MgIn,False
8796,K2CoH2Se2O10,False
40475,Ni3Sb,False
20704,TmNi2B2C,False
34070,KPtO3,False
7472,Ba3SnS4,False
36378,Mo2WSe2S4,False
47466,Er2Ga3Cu,False
19728,VHgO3,False
9661,BeMoOs2,False
23109,RbPt2Se3,False
34436,SbPd3,False
46346,MoSeS,False
53276,HgC3,False
16752,MnCoB,False
21778,Sb2O3,False
49572,HfH4C4O4,False
30958,Pr2SiTeO4,False
22377,GeSb,False
16212,ThCr2Si2,False
41297,MgCr2O4,False
8927,NaBeGa,False
5475,CuAgS,False
30611,LiMnPt2,False
25037,Ba3MnN3,False
6485,Na2CoO3,False
24066,Tm3SnC,False
11091,KMoO3,False
37379,VC2O6,False
11505,BeBi2Ir,False
51513,TiMn2O4,False
52898,HfBrN,False
52023,As2Au,False
32766,CaAlSiO4F,False
3446,KGa,False
44014,LaNi2GeP,False
28391,K2SnAs2S6,False
38704,Na3ErCl6,True
40652,TiFeSn,False
53678,PbSeBr,False
19830,YbCo3B2,False
51757,AsSI,False
17127,InGaAg2Se4,False
24839,BaNd2CuO5,False
22139,CdH20C12O4,False
21442,KMnF3,False
10749,BeBrCl2,False
15051,Pr2NiGe3,False
9199,ScNiSn,False
38023,Li3Co2NiO6,False
52148,La5CrPb3,False
3236,HfBeBi4,False
468,Nd3MnBi5,False
10047,LiBe2Ru,False
40149,BaPbO3,False
2922,Ba3Ge2B6O16,False
12261,ZnCu,True
14040,Mg5Ti,False
43416,TbErIn2,False
22539,KFeTc2,False
224,Tl6TeO6,False
5775,BeTeSe,False
54015,IF2,True
45566,DySi2,False
4587,Na2ZnH4Se2O10,False
38146,ZnH,False
26499,VNiSb,False
41570,Ti3Cu,False
41664,ZnCoPHO5,False
41152,SeOF2,False
22749,Ba2PdO3,False
21385,NaSbO3,False
20885,TaSeN,False
43455,LaAg2Ge2,False
4595,LaTmGe4Ir2,False
3933,BaMgSn,False
52008,SnPCl,False
4277,Tb2Ge3Pt9,False
11798,BeGa2Ru,False
13174,Yb3Sr,False
9970,BeV2Cu,False
769,Ba4InGa,True
15827,K2TlAsBr6,True
903,Ba4VCl,False
9480,KTa2Be,False
36302,SiO2,False
21228,CaH3Pd,False
11960,Y2GaNi2,False
7713,AgGeO3,False
4787,PrNi2As2,False
1318,NbFeF6,False
9684,YBeFe,False
47093,Sn5O6,False
45700,Ba2UFeO6,False
19114,ZrScTc2,False
41492,U3NbSb5,False
38547,CaSnO3,False
39134,YbPd3,False
38036,Li2AlNiO4,False
11399,Fe2B,False
39253,Rb5FeO4,False
16609,SbSI,False
16045,BaGe2,False
49575,SrLiP,False
3915,BaNaZn,True
8730,HoCoGe2,False
2982,AsCS3N2F11,False
48332,N2F,False
3657,BeBi4Br,False
43045,Sc2Ni12P7,False
20946,Ni3Rh,False
2953,CuH20Se2N2O14,False
19302,Rb3ScF6,True
37283,GaCo2Ni,False
26296,Cr3Ni,False
34743,SmErZn2,True
22006,Tb4CdRh,False
10878,Mg6AlMo,False
36352,Na3Li3N2,False
12593,BaSb3,False
10156,LiBe2Tc,False
34375,Sm2AgRu,False
50502,SCl,False
45314,ZrS,False
44928,MgCo6P4,False
5435,LaH3O3,False
50438,Mn4Si3Ni5,False
26165,LuB4,False
12291,LiTiMnF6,False
49320,CdH10C7O4,False
37467,Yb2AgPd,False
44793,HfVF6,False
34867,ScZnNi2,False
48580,Ba2NiO,False
31724,AlNi2,False
8890,UGaCo,False
1019,K4Nb11Al2O20F,False
3148,MnSbO4,False
44614,BaH5BrO3,False
10861,MgBeCu2,False
8645,NaBeW2,False
14824,PrSi2Rh2,False
49014,CoSeO,False
14377,CrSbO4,False
18122,BaBiClO2,False
10096,MoSeS,False
37362,PrW3,False
51485,CuGe2N3,False
18684,CaY2O4,False
31330,NdGeRh,False
13058,SrHClO,False
49656,RbNaO,False
17196,LaYMg6,True
7891,BeHgW2,False
18738,Hf3Te2,False
6691,Be2CrSe,False
50552,LiCoPO4,False
10071,Be2TlPd,False
10761,Be2TeCl,False
6075,PrSiRu,False
20999,DyTlS2,False
10325,BeCrSb2,False
33678,CuBiW2O8,False
19560,FePtO2,False
16044,KCuH3,False
20857,Ce3SnN,False
48064,LiMoO,False
49729,YPbO4,False
6652,BN,False
14201,In2Bi,False
48930,LiNdGe2,False
6768,LuAg4,False
23733,TaAuBr,False
39435,YbKO2,False
17653,K2NaMoBr6,False
52153,DyAsS,False
38760,Na3CrCl6,False
44825,YIn3,False
51524,MnAlO3,False
46825,Fe3W3C,False
30503,CaOsO3,False
18008,MoS3,False
24224,Li3Fe3CoO8,False
7504,Ti2AsW,False
41086,Tm2CdS4,False
46724,Er5Sn3,False
49899,SnH4C2Cl2,False
14512,ZnFe2N2,False
26606,Y2NCl3,False
2676,KLuP2O7,False
37263,Lu4CoB13,False
50127,Ni2P2O7,False
20380,Cr2GaN,False
46006,Pr3CuGeSe7,False
10262,Rh3W,False
40279,MgSb2O4,False
52302,V2OF5,False
7787,HfBe2Fe,False
16337,Ca2GaAg,True
4979,Ba4ReRh,False
7220,LiNi3O3F,False
27179,BaPr2PdO5,False
28362,ZnGaPd2,False
11809,BeTlBi2,False
42265,Mg3Tc,False
38866,Si2MoO6,False
23468,SbHO3,False
33334,TiAlRu2,False
38585,Li2MnSnO4,False
47755,TaSe2,False
4853,BaV2Bi,False
19962,RbInF3,True
35785,Lu2Fe17C3,False
8210,Ba3NaSi23,False
36262,SrH4O6,False
9645,AsF5,False
27607,BaMnF4,False
13177,MnNbSi,False
24252,MgBiPO6,False
31325,PIr2,False
168,LiMn7O12,False
39233,NdRh2,False
36090,AuClO,False
7934,SiAsW2,False
13591,BeVSe2,False
48178,ZrTlF,False
42551,Ta3TeI7,False
3009,Sr2B8Ru7,False
50466,CaCo3Si4O12,False
52391,ScHO,False
9345,DyMg3,False
25927,CeS,False
42662,AlMo4S8,False
20942,KSiH3,False
52891,HBrO,False
36450,KS,False
9725,BeReSi,False
39102,NaFeS2,False
97,LaMgSi2,False
548,ScBeIn4,False
28540,MnBeIr2,False
9360,ZrBe2Cu,False
46183,Yb2MnS4,False
32628,TmAlCu,False
11004,ErCuGe,False
15727,K2TlAsI6,True
18695,Rb3Br2Cl,True
40016,NaAuF4,True
20296,TlPdPb,False
37904,AsI3F6,True
2262,LaCo2B2,False
6077,Li4Ti3Fe3Ni2O16,False
37245,Fe2SiS4,False
27866,Li2CaTl,False
13924,BaBr3,False
30995,InPPt5,False
24293,NbPO5,False
18313,Li2Cr3FeO8,False
39307,MgBi4O8,False
10858,YbNi2B2C,False
14796,CdHgPd2,True
52620,Nd2TiFe16,False
47136,Hg3Cl,True
19682,Nb3Os,False
7239,Be2ZnRu,False
4742,Ba4BiPt,False
40296,NdFeSi,False
51267,Li7Mn2Co3O12,False
47359,NdMgIn,True
4967,LiVF3,False
3485,Rb2Hg7,True
32238,VBiO4,False
19375,SmRh3C,False
48511,NaVH8N2F6,False
35918,Pa2SbTe,False
40911,Na3Li3N2,False
4657,LaB2C2,False
44543,Hf3Be,False
19129,NiO2,False
22100,Cd2P3I,False
12434,MgAl2Si2,False
21685,DyLuCu2,False
38445,VF4,False
46654,NaMgBO3,False
31383,Er3Al2Ni6,False
9622,Be2MoBr,False
1638,FeF2,False
43316,LaCoNi4,False
46019,Sr2As,False
30029,CaMn2S4,False
6369,TiTl3F6,True
13798,RbCo2Se2,False
3106,Na4ScBe,False
9804,H4N2O3,False
53505,LiYO,False
44651,Sm2In3Sn3,False
33580,Hf6Al16Rh7,False
2155,Na4CoO4,False
34064,NaCo3,False
31522,SrGa2S4,False
38313,Fe2P2O7,False
14526,Mn3OF5,False
43641,LiPrSn,False
6891,Be2CuTc,False
34987,Ho2S3,False
35176,NdLuIn2,False
48407,Li3As,False
43789,Sm2ReO5,False
32846,Pm2PdRh,False
33798,VRh3,False
28059,Ti2Ge,False
30114,Ba2BrN,False
39072,Na3InCl6,True
21309,TmSb3,False
617,YMg2Cu9,True
7464,BeGa2Cl,False
16650,CeSmZn2,False
31309,MoWSeS3,False
49980,Bi4O5,False
38124,Te2MoW3Se4S2,False
34340,YCd3,False
39852,Nb3Pb,False
18146,La3TlC,False
21425,CdH2C3O4,False
25511,KLiMnO2,False
6190,MnBe2Cu,False
26049,PrSb,False
44047,NaSrNb2O6,False
23447,CuI4,True
41907,KF,True
4935,Ba4RePb,False
15111,SrAl2Ge2,False
2131,C3N,False
50682,GeH3,False
27241,YbTl3,True
42143,PbSeO4,False
1447,Ba4MnCo,False
12596,NaBe2Pb,False
44154,Ba2Ti2TlO7,False
7143,ZrBeZn,False
37124,PrHo3,False
11617,Mg6FeSn,True
4943,Ba4BiP,False
38210,LiFeO3,False
16511,NaTmS2,False
28878,CaCrF4,False
6708,BeFeTe2,False
52550,LiZnO,False
40402,CeTl3,False
48909,CdP3,False
54200,TiSiOs,False
24412,Te2MoWSeS,False
6741,MnBe2Co,False
22598,SnS,False
40875,CaTiF5,True
47223,Rb2YHgCl6,True
6667,InRu3,False
22918,LiPdW2,False
10377,NaBe2Si,False
41865,PrPO4,False
51950,ReNCl4,False
14831,TiRh3,False
34381,NdFe4P12,False
46819,CaTi2O4,False
37154,NiAu3,False
48329,NF,False
46706,Sc2InC,False
34024,Tm2CoIr,False
22630,CaCu2N2,False
36095,Mn2F7,False
49046,SnH10C10O4,False
36131,BH11C4NClF4,False
37882,MnNiO2,False
31346,LiTaRu2,False
44302,Li3PdF6,False
39617,LiFe5O8,False
27410,Sr4CaFe2S2O6,False
47201,TbCo2Ni3,False
33686,LiZrPt2,False
22653,AuCN,False
41782,ErAs,False
43788,CuNi3O4,False
49781,NdGaCo4,False
2062,Li3GaB2O6,False
45595,V3O4F2,False
35778,Rb3Dy,True
20057,Li2TlCd,True
6337,CuRhO2,False
53131,Mn5O8,False
37462,YC,False
36061,RbTe3Mo3,False
35223,Mo2SeS3,False
8774,KBeNi2,False
43832,RbFeO2,False
14504,Na3SrB5O10,False
43635,Li8HfO6,False
19400,CuPb2O2F2,False
26597,MgCoO2,False
29815,VO2,False
649,MgBe2Mo,False
33945,MgInPd2,False
52380,SbHO,False
34804,MgCu,False
31357,Ti2B,False
13581,La3AlC,False
11897,UIrPt4,False
4079,RbBe2BO3F2,False
37042,Yb2PtAu,False
53537,YBiF,False
8770,Na2LiB5P2O14,False
13576,NiC2S2N2,False
48028,Cu2I,False
21921,K2NaYI6,True
48382,CuNiSbS3,False
26516,CrB2,False
39368,Ba2YBi,False
48766,TbAsPd,False
33845,Sm2ZnRu,False
52570,B2H,False
21606,FeBiAsO,False
40365,KCrF3,False
1110,Ba4HfMn,False
7710,MnBe2Ni,False
27896,MgSbO3,False
2236,LuNiBC,False
16938,Na3DyCl6,False
37905,Li4P2O7,False
21587,Zr3S2,False
13595,LiInSe2,False
21391,HoFeRu,False
17001,K2TiCuF6,True
49127,Nb5Si3N,False
4384,CrN2,False
11481,Mg6CrMo,False
8431,Be2CrFe,False
41938,GaAg,False
22318,Mg4H2O5,False
8801,Sc2FeAs,False
22232,MgS,False
31236,Y2Hf2O7,False
12851,NbBr5,False
22870,AlAs,False
52778,Ba4CaCu2CO9,False
24926,YbCl3,False
17692,In2HgSe4,False
1289,Ba4MgGa,True
22928,Ta2CuO6,False
39590,Tm2Ti2O7,False
52229,Rb6HgS4,True
22991,YCrO3,False
53280,Ag4Hg4S4BrCl3,True
15074,HfTa2N3,False
2066,SrBeCu4,True
28982,SnHgO3,False
53674,PbSeBr2,False
24296,UZnNi4,False
13198,CeSi2,False
1300,LuAg4,False
16546,Al2NiOs,False
37679,Li3Ni4O4F3,False
54113,EuGe7Rh3,False
32150,V4CoNiO12,False
11080,NaZr2Be,False
50477,BaI,True
43337,MgCo6Ge6,False
17320,HfTiMo4,False
1240,Ba4BeHg,True
30052,ZrN,False
27878,HfMg3,False
41097,NdGe2Ru2,False
8222,Be2PbCl,False
5989,Rb2CoF6,False
20076,SnH4C3O6,False
46056,KAuI3,True
38853,LiInHg2,True
28874,Tl3VSe4,False
35540,TaRu,False
40224,La3In,False
27689,Ti2IrW,False
47265,AcSc3,False
45508,Sr4Br6O,True
26710,CaSnAu2,False
19349,Nb2Pd,False
1877,Ba4YSe,False
42971,YbZnGe,True
32673,AlV2O4,False
50840,BaDy2Se4,False
39441,Co4NiO8,False
50292,InSnBr,False
32904,GaTc2W,False
48992,La3AlCdS7,False
23500,CeAg,False
19706,HoSi2,False
47700,HgF3,False
30326,FeOF,False
23305,DyAgTe2,False
47465,Tb3Sc,False
39867,TlPS3,False
6985,AsPPd2,False
20300,Zr2Se3S3,False
30625,SrGeO3,False
38768,MnPt3O6,False
9260,Li2AsAu,False
35714,LiLu2Ga,False
5823,LiAuF4,True
41383,ScSi7Ir3,False
51975,ClO,False
6591,Hf2Ni,False
26669,ZrCo,False
38103,KCaBr3,False
44210,ZrNi2Sb,False
30976,BaPd2O4,False
29081,CrHO2,False
39083,LiCo2C4O12,False
23707,AlTlO2,False
42268,K3BrCl2,True
51643,BaZnF2,True
10003,YbCu4Ni,True
11694,YAgTe2,False
11488,BePSe2,False
18693,LiPmIn2,False
54561,CuSe2,False
11513,K2BeGe,False
14366,NiIr3,False
27596,YZn2Au,True
4061,Ba2ScCd,False
41213,K2SiP2,False
48561,BaCl2,False
31393,Fe2N,False
48174,ZnSnO,False
10459,Ti2BeGa,False
37579,NdPb8F19,False
32176,TiH,False
12721,MgZnCu,True
31333,LiPm2Pt,False
18706,Hg2TeO3,False
10596,Be2InW,False
640,K2FeCuC6N6,False
51893,MgH2Cl,False
10436,BeHgSb2,False
3901,BaReBr2,False
20887,HfCrCuS4,False
4958,BaCdP2,False
50678,Sc2CdSe4,False
15036,AgPPd5,False
31087,Ti2Re,False
52307,HIO,False
2126,CaB2H2,False
2813,CaO,True
48167,Zn2SO2,False
44738,NdCoGe,False
39457,SnS,False
1096,K2SnO2,False
15706,Pr2Ni2Sn,False
10967,ZrTaBe2,False
27668,RbHO,False
39445,LiMnP2HO7,False
20185,Ba2AgIO6,False
25266,Na2CoGeO4,False
20302,Mn3B4Mo3,False
46815,Tm2S3,False
28249,Nb2Te3,False
33581,ZrPbS3,False
28079,CrS2,False
21585,BeO,False
40786,YbBi2IO4,False
44770,Ho2O3,False
34618,TaMnRu2,False
33583,Zr2NiAs2,False
5215,BaMgHg,True
27859,MnCoSi,False
2017,Pr5Ru2O12,False
18441,Te2W3Se4,False
13774,BaMg6Fe,True
31256,YbFe4P12,False
3322,BaCdS2,False
11803,PrAu2,False
44800,Mn3O5F,False
10467,LaMnBe2,False
29381,CuI,False
23741,NpCo2Ge2,False
8765,LiMnF3,False
27698,LiTiAu2,False
27376,H3S,False
19951,H3C3O2,False
2208,Ca2MnGaO5,False
47591,TmAlCu,False
5329,Sr2FeH6,False
49355,Dy4CdSe7,False
9065,PAuClF3,False
41082,Tl2PdSe2,False
14768,Zr3Cu4Si2,False
10564,BeCd2Ru,False
21549,PrNiSb,False
27846,Ti2OsRu,False
34039,HoScRu2,False
3264,MnCu2SnS4,False
38775,LiHSeO3,False
17113,TbK3Cl6,True
27865,Rb2S5,False
33936,ScGaPt2,False
12760,Na2LiLuCl6,True
35181,MoN,False
43638,TmGaNi2,False
3312,Rb3V2Br9,False
23465,K3WF6,False
20990,Li2MnSiO4,False
19644,H4C7S2O,False
34714,Tl3Si,False
31300,Si3Rh5,False
46057,ZnSiO3,False
37316,HoTmMg2,False
4511,MgTi,False
37082,BiAuO2,False
3045,LiBH4,False
9265,Ni2SnAs,False
42938,ErCo3,False
6780,SiAsPd2,False
7911,MgSiSb2,False
12544,YbBeF4,True
50405,CuBS2,False
14566,Rb2TaAgBr6,False
15076,GaSb,False
27780,Ce3Mg,False
35344,CdAu,False
32712,TbInPt,False
28854,Na2PtS2,False
21790,Na2TiF6,False
30554,Zr2Zn,False
8846,K2Te,True
34511,LiGaNi2,False
26362,KSe,False
16593,Tl3S,False
7837,Na2MgPb,True
19063,Tb3NbO7,False
3125,BaCa2Y,False
33179,NaSr2In,True
504,TeAuCl7,False
46615,TbAl7Au3,False
53985,RbMnF2,False
11583,Be2TlSe,False
44379,GeAu3,False
38167,Li5VF8,False
1454,Ti3Cu3O,False
14600,Rb2PdSe2,False
31566,Zn2RhAu,True
10566,YBe2Pt,False
14952,YbAgAu2,False
20684,ErHSe,False
26888,Ca3Mg,False
10754,Be2CrP,False
45564,Nb3Co4B7,False
27887,SrHg2Pb,False
30079,ScB2,False
6650,Ce3Mg,False
20898,RbNdO2,False
49354,VF5,False
40948,KNO3,False
35322,YbAu4,False
8940,Be2CuPt,False
29330,Li2AgF5,False
13624,CuBi2Se4O12,False
43762,GeBr2,False
43217,SrI2,False
39840,Cr2CoS4,False
20358,Mn2CuSb2Pd,False
5272,BaTiTe,False
27136,NaLa3,False
46873,Tb4CdCo,False
49327,La2UTe5,False
16751,BSbO3,False
20335,BaTi2O5,False
20687,Sc6Te2Rh,False
3349,BaAsPd,False
852,SmMnSi2,False
37694,ZnB8H8N4,False
25462,Zn2BiWO6,False
9617,Be2MoPt,False
26971,ZnBi,True
471,VOF3,False
25677,Na2S,False
50300,Ce6Mg23P,True
45548,SnPO4F,False
14187,KMnF3,False
47122,TaVB4,False
46732,Ag2PbO2,False
37715,NbPt,False
1302,KBaCr,False
31872,PrNi2,False
50057,BaBeTe,False
20309,Rb2NdAgI6,True
530,FeSe2NCl6,False
45192,Y2Al9Co3,False
2256,BaAlH5,False
37065,In2Te5,False
43085,GePb3O5,False
1980,Ni3O4,False
7191,PuF3,False
54420,Sn7Sb,False
41946,NaNdTiO4,False
38132,Li4Cr3FeO8,False
41210,CaTaAlO5,False
11471,Ba2OsO4,False
28722,BaCaAg4O8,False
46720,Mg2TaBiO6,False
26453,ZrSn,False
26386,K2TeI6,True
47997,LiCoF,False
1730,Hf2CN,False
49965,Cr2FeSeS3,False
23250,TiBi2O6,False
33661,Ag2HgSI2,True
24609,LiVP2O7,False
44886,Bi2Ir2O7,False
1829,BeNbCd,False
34775,Li2CaPb,False
51199,HoAlCu4,False
38105,C3N4,False
53704,Na5Cu3P4O16,False
40903,Mn2InCo,False
40120,ThHg2,False
28678,HgSeO4,False
15834,NaO2,False
22906,ZrS2,False
3449,BaHfBi2,False
36617,PaBi3,False
31025,ScTaOs2,False
54532,H2C,False
46387,KNiAsO4,False
25105,Rb3Mo2Br9,False
53429,MgSO,False
313,MnAuO2,False
45846,AsHPbO4,False
46543,Pu3Ge,False
27447,LiSc2Au,False
973,Na3P,False
17099,Er3S3OF,False
11573,BeCuP,False
20559,SrSi2Cu2,False
44134,NpGe3,False
25295,Sr5P3O12F,False
20579,CaCd3O4,False
44098,Na3GaF6,True
5345,TlCo2Se2,False
38586,PuSn3,False
39561,LaAgO2,False
25519,CuH2O2,False
17525,Tl3Zn,False
44265,Ge2Os,False
1808,Be2CdPb,False
46542,Co2Ge3S3,False
9302,AsPd2Rh,False
6081,HfBeNi,False
20919,Sr2RuN2,False
50282,InSeBr,False
1388,K2PdSe10,False
18945,KBaFe4As4,False
8675,BeZnGa,False
23230,PrCuSO,False
41216,YInPt,False
44015,NaCa2Rh,False
49106,NaNbF4,False
18539,Rb2WBr6,False
35060,NaRe3,False
41759,MoH6NO3F2,False
27662,PrAs,False
32482,SmAg3,False
32636,Al2Mo3C,False
29834,LiV2Si2O8,False
9903,SrYBe2,False
1099,Fe6O11F,False
4720,Mg3Cd,False
3421,BaMoBr2,False
23988,Tm3InN,False
12591,KUCrO6,False
45217,Ni2W3N,False
4288,Ba4FeBr,False
35976,Li4Mn2Nb3Cr3O16,False
17874,NaNO2,False
615,SmOs2,False
23154,LiCeSn,False
31294,CdAg3,False
32771,VZnRh2,False
2373,KTlO,True
33506,NbI2O,False
24780,ReNCl4,False
35358,NaMgP,False
22153,H23C15,False
20136,Er4InIr,False
44532,ThCoGe2,False
21337,K4BaU3O12,False
26689,K2MnSe2O6,False
13908,K2RbMoCl6,False
49536,V2FeO4,False
18557,NaWCl2O2,False
10404,CaBe2Se,False
48127,ErTiFe11C,False
26069,Ni2H,False
8633,Li2MnCo3O8,False
42495,WO3,False
38246,Li2MnO2F,False
13400,Tl4PbI6,True
13078,DyGa5Co,False
37520,Te2MoWSeS,False
25586,Te4MoW2Se2,False
25308,Pb2O,False
29184,Rb2GeSe3,False
29031,LiCaSb,False
14376,K4CO4,False
40866,Fe3Ge,False
29893,Al2Ru,False
26978,B2Pd5,False
53230,Be4CrMo,False
39198,Tb3Si4Cu4,False
48109,Na2Cr3Se6,False
36546,Li8N3O,False
10842,BeCo2Te,False
51268,Tm3Pt4,False
19701,Cr3Os,False
38272,Sr2HfO4,False
30350,Ca3SbN,False
42306,Rb2LiCeBr6,True
42229,ZrNbC2,False
776,Ce7O12,False
10947,Be2InPt,False
45596,K2FeCoC6N6,False
42027,KO2,False
30952,HoFeSi,False
36045,PrZnNi,False
3744,MoS2,False
50309,K3GdCl6,False
28773,CeCo3,False
27011,MgH2,False
45157,NbSbRu,False
17168,H6C10S,False
7740,LaSi2Ru2,False
29114,Sc2HgOs,False
36717,KNaZnO2,False
43917,Pm3Pa,False
9274,TbPbAu,False
15577,K2Mg2O3,False
20700,TlCoO3,False
281,LiAgF2,False
1126,FeOF,False
51552,MgSeO,False
580,K2CrSO7,False
19025,K2RbPrI6,True
24394,Ho2TiO5,False
43826,YbTlBr3,True
47645,YHoHg2,False
5498,BaCuBr2,True
10952,BeFe2Co,False
15747,MgSbF6,False
34968,SmDyIr2,False
17578,ZnH4C4O4,False
16606,AgCl,True
23143,KAuO2,False
51424,Li5Mn3O5F3,False
43798,CeInCuAg,False
49623,Tb5Ga3,False
6409,NpTe3,False
26093,PrAsO4,False
54393,NiSn7,False
48578,MnF,False
7073,Tc2AsPt,False
17707,Na4TeSe,True
14463,MgAlBO4,False
15680,ErTmMg2,False
33693,Y2MgRu,False
14943,LiHO,False
52334,SiHI2,False
31370,Ba3P2S8,False
10024,Fe2PO5,False
52886,ClO,False
21458,Mn3SnH,False
5649,BaSrNi2,False
47213,Rb3AlCl6,True
31500,HoNiBi,False
10252,U2Si3Ru,False
35394,SrCdSi,False
20388,MgV2O6,False
39618,MnSnPt,False
18070,Na2LiTiF6,True
23512,CdIn2O4,False
2828,BaNa2Ge,True
25215,KVP2S7,False
30666,CrSnRh2,False
5104,Ba4RePt,False
53506,LiVOF3,False
4796,TbInAu,False
14750,Na2InNiF7,True
3857,K2BaZn,True
33046,KCaAl2F9,True
33507,YbSmHg2,True
23266,K2CuSb,True
27802,BiI,False
40315,AlH3O3,False
47439,Ga2HgTe4,False
2168,BeMo4Rh,False
18632,H12C14SN2,False
33833,Ba5Sm8Mn4O21,False
40252,Li2FeP2HO8,False
43899,ThIn3,False
4439,PF5,True
6734,YMg,False
2710,VH10SO10,False
43756,ErIr2,False
4478,YSnAu,False
13088,ScBe2Cl,False
20927,YAlSi,False
28420,Li6MgBr8,False
12258,Be2VCd,False
52324,Li2B7H7,False
2881,NaSbO3,False
44983,SrBi2B4O10,False
1322,MoCl3,False
27153,FeNi3,False
37001,Zr2OsRu,False
33245,LiCa2Tl,True
20868,ThNi2Ge2,False
21904,HoBPd3,False
25571,Pb2O3,False
24842,KMoPClO5,False
51438,LiBeSe,False
13884,Li2CrSiO4,False
39971,LiFeP2O7,False
17293,SnGeO3,False
16381,Nb2CS2,False
49475,Er2Si4Mo3,False
26034,K2RbAs,False
35631,Nd3Si,False
27030,NbGaO4,False
5001,Ba4ReMo,False
6789,LaMg,False
10256,TaTlS3,False
7629,BaAgSeF,True
41233,NdS,False
46636,Y2Al,False
28037,CaV4O10,False
15990,ErAu4,False
24652,AgI,False
27566,RuN,False
46845,Ca3Sn2S7,False
33620,ZnGa3,True
27274,YPaRu2,False
43094,Mn3O4F2,False
11862,K2BeNb,False
14032,SrGe3Pt,False
46018,RbTlBr3,False
13782,Mg6SiW,False
44931,Tb2YbS4,False
6388,Ag2Se,False
46681,Ba3ErRu2O9,False
22968,Ca2Al2O5,False
44768,NaMnP,False
31118,FeCuO2,False
4367,Mn2OF3,False
8899,Be2CrPt,False
54388,LiVCrO4,False
7687,Ag2Se,False
37930,Li2CrFeO4,False
41113,Na2Zn2O3,False
31011,HfI4,False
22545,PaIr3,False
12575,YBe2Ir,False
11913,NaH,False
45059,Yb3InC,False
1690,Ba2LaAg5S6,False
3513,MgMoN2,False
48443,TaBO4,False
12989,YbSnHg,True
18614,TaNi3,False
20765,YHSe,False
995,Ba4LiBe,False
27415,BeSnP2,False
18424,H10C12S,False
36236,VHO2,False
51973,Li4MnP6O18,False
5429,ZrMn2,False
40409,TaPbS2,False
31712,CaTi4Cu3O12,False
32015,MgFe2O4,False
32109,TbCoGe,False
52576,SrCaI4,False
13554,MnAsRh,False
40479,Li2FeO3,False
32714,PmInPd2,False
36465,TaBi4ClO8,False
27783,CaCr4S8,False
53741,AuCCl,False
11166,Na3NiO2,False
33338,Be2Cu,False
48622,NaPbO2,False
40371,Ba2DySbO6,False
1309,LiMnF4,False
17793,GaCuPd2,False
44469,CdSbAu,False
44176,LiSi2N3,False
26140,ZrTiO4,False
46520,Sm3S4,False
21494,ErMgAu,False
2779,La5Sn3Cl,False
32264,PdO2,False
14514,Zr3Se4,False
6198,ZrBeCr,False
26401,NaNb3,False
22474,NdAsO4,False
39816,TbCuSb2,False
50582,LiMn5O7F,False
52235,Ga2P,False
10251,Be2BiBr,False
5451,UAu2,False
37790,Ti2MnSn,False
4238,Hf4TiBe,False
2279,V3Fe,False
878,Ba4PdPb,False
29473,DyAsO4,False
42788,AsRhO4,False
38397,Li5VF8,False
32084,YbBaCdSb2,True
3281,ZrBeIn,False
5651,HfBeRh2,False
33560,TlPd3,False
52457,Bi4Te3N2,False
986,Ba4GaSi,False
45972,GePt2,False
31389,Li2GaIr,False
16451,PmY3,False
27453,Er2IrRu,False
31638,PmDyMg2,False
13743,Mg6CrSb,False
20676,Ba2H6Os,False
52819,CrP3O9,False
20320,LiNiCO4,False
51530,C2Br,False
12243,MnBe2Fe,False
37390,NdTmMg2,False
20191,Li2Ti3BiO8,False
48289,Al3Fe2Si,False
12125,V3As,False
25766,PHF4,False
49057,Li7Si2Ni3O12,False
11561,BeCdGe2,False
51205,GaGePt6,False
7208,K2BeGa,False
12895,Be2FeCo,False
10996,TaBe2Br,False
52651,Li5MnF8,False
3497,BeTlSb4,False
9418,MgBe2Cl,False
47020,Ca4Al6TeO12,False
26918,Tm2MgTl,False
28228,Li2TlIn,False
19731,GaFe,False
44205,PuAl3,False
44510,SiO2,False
1825,BiXeF9,True
42730,LiMn3O4F2,False
9582,Pb2WO5,False
17533,HfNbRu2,False
43071,TiAlVC,False
45589,U2AuF11,False
38307,Co3NiO8,False
21842,NbB4Mo3,False
48209,Zr3Fe2Si3,False
22033,CaCu3Ge4O12,False
16247,YSi2Rh2,False
31785,PuSe,False
40266,UVN2,False
42558,Al2CdS4,False
3413,HoInCo2,False
22228,AlCl3,False
10,Ba4CeMn3O12,False
51837,FeBr2,False
11425,Na2MgBe,False
51184,LaPrCo4P4,False
35033,RbBa3,True
23496,LuVO4,False
6930,KHCO2,False
40414,CaIn2Au,True
7750,BaCuTeF,True
16483,MgCrCu3Se4,False
6528,KBeCd,False
22438,DyBiRh,False
2564,KGe2P3O12,False
23981,HBr,False
1352,BaCaTe,True
24167,Al2Bi2O7,False
12751,Fe3NiN,False
2375,ScSi2,False
28158,Ba2NaMg,True
19191,H6C7SO,False
27458,PaGaNi2,False
26218,Mn2Sb,False
25211,Li5NCl2,False
49803,TiSnO,False
35216,LuTi2Ga4,False
9830,Be2SbW,False
48002,SrGeH,False
42544,Ag2S,False
33018,LiTm2Rh,False
1901,MnBeCo,False
34403,Tl3H,False
29882,Li2LaPb,False
7565,EuInPd,False
13306,Mg6CrSb,False
35779,SrWN3,False
32707,BeAlIr2,False
4370,Mg4BePb,True
4241,SrTe,True
41744,CaWO4,False
42695,Li2InIr,False
28112,Na2O,False
6218,BeSn2Br2,False
26623,NdCrS2O,False
23655,MnSbIr,False
23848,VRu3C,False
10124,TiBe2Cl,False
1088,SrIn4Pd,True
11677,ScBeP4,False
16990,SrPb2N2,False
4130,LaCuGe2,False
45456,K3NaMo2O8,False
576,LaAu,False
47305,Tm3Al,False
21631,NdGa3Pd,False
38970,YPt3,False
20405,Te4MoW3Se2S2,False
19552,Ce3Pm,False
44094,K2LiTlF6,True
18414,YbAcAu2,True
4678,BaCdIr2,False
42803,CdSiN2,False
29056,Ba3BPO7,False
19293,LiAs3,False
39811,Ba2Ti3Tl2O10,False
37844,TlGeCl3,True
24964,TlTe3Mo3,False
31403,Sr3ScB3O9,False
9755,KBaMg6,True
11838,KHfMg6,True
36826,LiMnPO4,False
19205,ZrGaRh2,False
338,Tl2MoO4,False
2562,SnH8C4O4,False
7463,TiAsRu2,False
47948,Cr3Fe3SiAs2,False
33169,BaPb2C2O6F2,False
40286,Li2NiP4O12,False
23510,Tb7O12,False
48575,BaIO2,False
18295,NaSnS2,False
37418,PrYTl2,False
50718,AlHO,False
24119,Li5FeS4,False
13399,Rb2AgSbBr6,True
28486,TaP,False
46332,Zr3InF15,False
844,Nd2Ga5Cu3,False
22374,LiMn5O5F,False
19794,LuAgSn,False
7926,BeNb2As,False
33151,DyInRh2,False
52108,Er3GaNiS7,False
1893,Mg6ZrC,False
39567,V2CoO6,False
54354,Sn7Ir,False
52118,MnZnF2,False
37637,TlGeF3,True
47397,K2SbAuCl6,True
11104,BaMg6Bi,True
39231,AgAu3,False
43748,LiVO2,False
26082,B12W,False
30486,FeSnRh2,False
27546,MgZr,False
7082,V2AsSe,False
19102,ZnH18C11O4,False
22120,Na3SbS4,False
4739,Ba4BeV,False
30309,Hf2IrPd,False
5159,Ba4HgIr,False
52110,V3CoP4O16,False
20626,Rb2ScAgI6,True
22116,NiF2,False
10658,Be2SnPb,False
42356,NaAc3,False
21630,YbTiO3,False
34045,LiInPd2,False
23314,GaCuO2,False
14552,Cr5S8,False
40071,Tl2CS3,False
11606,Zr2H3Pd,False
8859,Na2ZrNiP4O14,False
51573,MgSe3,False
28956,Na2TlCd,True
10357,MgTaBe2,False
43419,DyRu3,False
25906,MoO2,False
14610,LiMg2,False
21949,Li2AlGa,False
22376,Mg2Ag,False
166,Li4CuSi2O7,False
10221,ErInPt4,False
50094,Li3FeCu3O8,False
31758,YHO2,False
7294,CaAgBi,False
3537,BaFePd2,False
42857,AuO2F6,False
27044,VPd3,False
51189,K2MgCuF6,True
47095,Mg2As,False
23996,Li4Mn2Ni3O10,False
35935,YbCu,True
53463,AgAsS2,False
41247,Mn2ZnO4,False
17386,RbPbCl3,False
27239,Rb3Os,False
42342,Ga3Ge,True
41816,UAl3,False
35557,Rb3Zn,True
4123,EuCd,True
7379,Rb4CO4,False
34694,Tc3Pt,False
31856,Mg2SiB2Ir5,False
35784,Nd2SnS5,False
23282,HfTe4Cl6,False
11855,NpN,False
10950,Li3Ag3Ge2,False
16341,BiPbIO2,False
18321,TbGe2Rh2,False
45522,Na2AlNiF7,True
8399,BeOsW2,False
13390,LiMnP3O9,False
8301,Zn2TcAs,False
7083,Rb3NaPbO4,False
8893,KBeW2,False
1776,H7NO6,False
23891,LiBiB2O5,False
50924,MgNi3,False
28972,LaS,False
3672,EuAs2Rh2,False
10713,HfSiS,False
28021,Y2GaAu,False
41342,NpSnIr,False
42069,SmAsS,False
20607,SiO2,False
14016,K2LiAlF6,False
30827,Al6Ru,False
26244,RbGeBr3,True
37052,ThMgZn2,True
50609,Rb2InAsI6,True
48674,YSiO,False
30726,CaZrRh2,False
39783,K2AlPCO7,False
42214,Dy3Tm,False
47407,PrEr3,False
24049,BaEr2NiO5,False
7739,NiAsPb,False
12577,BeCdBi2,False
18555,VCoNiPd,False
49430,CuPS3,False
37409,CuPtO2,False
36149,PbI2,False
9105,BeTl2Br,False
44383,K2NaAsCl6,True
38969,Li2CoNi3O8,False
18858,TiNbN2,False
41676,Nd2PbSe4,False
41891,ErMoClO4,False
47667,Rb2HgSbF6,True
50879,Sm2Sb5,False
26488,Ba2AlSn3O7,False
28891,SmCuSeF,False
50249,RbBiSe,False
24730,Ti2Bi,False
14465,SrPuO4,False
34662,NdY3,False
43251,CaAu2O4,False
22894,ErAgP2Se6,False
44059,CoNiSn,False
41895,PrHg,False
51970,SrPbO,False
12278,YbBa2MoO6,False
35849,HfRu3,False
37870,Li5Cr2Fe3O10,False
32914,Tc3Os,False
4672,ScTe,False
42534,Ta4S9Br8,False
43179,Sn2Pd2Au,False
19906,PrSi2,False
16123,MgAlCu3Se4,False
16164,SnTePbSe,False
31515,Ba2BiAu,True
26677,CuPt,False
33355,BaMgTe2O7,False
15397,NdCdHg2,True
31690,PaCdAu2,False
238,Eu2I2O,False
13231,V4Cu3S8,False
48904,Mn4IrN4,False
45296,MgSO4,False
28621,GaMo4Se8,False
36614,CuHO2,False
48164,NaCo2Mo2O10,False
12366,PmHo3,False
48046,Fe6O7F5,False
43669,LaMnFeSi2,False
50429,B2O,False
14513,MnGa2Se4,False
33655,YSn6Ru4,False
3286,BaInBr2,True
35032,Nd2IrAu,False
7588,TeAsIr,False
32875,LiTiIr2,False
6772,TmCd,False
31999,NaHoTl2,True
44190,NiMoP8,False
24093,LuTl3,True
7109,BeInW2,False
12836,LiMg6Bi,False
8609,UGa6Fe6,False
27320,YbSnRh,False
40464,TmHfCo2,False
38192,CuH6N2Cl2,False
34583,NpOsO3,False
2221,YB2Rh3,False
105,LiTaO3,False
49798,CdH16C10O4,False
30522,Ba3NdRu2O9,False
53611,InBr2O,False
39224,Ba2LiHg,True
1654,Y2CuO4,False
53390,MgCl,True
28083,Zn3Pd,True
43694,YUCu4Si4,False
50458,Cr3Cu2NiSe8,False
21125,HoIn,False
22553,BiBTe,False
30900,GaCu3,True
8792,Be2PtSe,False
16227,BaIrO3,False
48122,FeNiP6,False
13727,ScB2Ir3,False
40426,ZrNCl,False
11442,NdAlAg2,False
12018,Li6ZrBeF12,False
9216,MgTaBe2,False
46775,InSiIr,False
28651,Li2PbO3,False
12474,Sm2Sb,False
1003,VS2,False
14851,PtPbF6,False
17430,Hg2TeS,True
51410,Na4VO4,False
42657,KHO,False
47234,NdHg3,True
5087,BaNa2Pt,False
29189,Tm2S3,False
42044,Sr2CuF6,True
52331,SiHI,False
49820,VZnO2,False
7669,HfBeNb2,False
44309,LaCI,False
4313,YbRbO2,False
2655,Fe4O3F5,False
45903,NdNi2Sb2,False
45855,BaAl2O4,False
41513,PrO2,False
16561,Rb2AlAuCl6,True
50055,BaBeTe,False
14631,CeYNi4,False
38622,MoW3Se6S2,False
42183,Eu2MgCd,False
41072,PtO2,False
42952,Ho2Ti3Si4,False
52495,BaBO,False
8606,Be2InBi,False
48221,Nd2Ge5Ir3,False
33328,MnSb2S4,False
17955,K3AuO,True
30239,Te2Mo2WSe4,False
41959,U2FeS5,False
20127,Er3Al3CoGe2,False
47013,Nd2Si3Rh,False
25015,UH2O4,False
24640,LiCoPO4,False
40743,NdTiGe,False
38830,LiNiSnO4,False
7096,TeAsOs,False
39263,LiCoSbO4,False
53871,BHI2,False
13824,Zr2H2Pd,False
24015,Nd2O3,False
31525,ZrZnF6,True
36115,SnH12C6F2,False
27551,Mo3WSe4S4,False
12538,BeSbPb2,False
27190,LaAu3,False
5950,TiBeCd,False
35299,Rb3V,False
29353,SiO2,False
23346,KAuC2,False
32077,Lu2IrRu,False
10350,TbTaO4,False
8900,BeCu4Ge,False
15837,TiIn,False
52274,Zr7As4,False
36988,Zn3CdS4,False
46059,HoGaNi,False
26948,SrAs2O6,False
52746,BaSrPdF6,True
15309,Tm2TiO5,False
3352,BaLiCa2,False
3363,Ba2SbTe,False
49500,Sr2LaMnCoO7,False
35065,K2RbSb,True
17559,Zr2CS,False
35104,Ca2As,False
14726,Mn3O2F4,False
34383,Lu2AgHg,False
24649,ErB2Ir3,False
26848,KHg2Bi,True
29867,BeC2N2,False
49056,Zr5Si3N,False
14666,Zn2CuRh,True
52136,Rb3MnBr5,True
2436,KTlBr4,True
30375,MoWSeS3,False
52544,LiNbTe2,False
45970,Yb4Sb2O,False
54231,Nb2B2Os,False
40469,SrPb,True
48494,Sm2Ta2O9,False
20969,Sb2S2O,False
22851,TbYb2PrS6,False
18174,FeSiRu2,False
34040,LiPaPt2,False
45,Rb2GeB4O9,False
6568,BeZn2Cl,True
46582,DySCl,False
21762,TbAgPb,False
34619,CrTe,False
39415,LiFePO4,False
36484,YbMnGe,False
16514,W2N3,False
27715,TiO2,False
467,Ba4NbIn,False
43953,Er2TlZn,False
37138,CaAgO2,False
16405,ScBiPd,False
51489,RbBiF,False
41663,DyGa2Cu3,True
39861,FeCu2SnSe4,False
32319,DyGa3,True
10448,ScBeCu2,False
39009,PaO2,False
14509,TmF3,False
17694,Hf3ScSi4,False
24092,Ti5Ga4,False
12326,BaMnP2O7,False
28929,Ti2VTc,False
51700,Li2Fe3TeO8,False
32648,Cr2CoTe4,False
25,SrB6,False
17515,GaCuO2,False
50658,NaCrF4,False
34380,ScCdAu2,False
1699,YCoO3,False
19308,LiMnOF2,False
7946,BeInRu2,False
9011,ScAsRu2,False
45676,RbSb,False
28047,CoO2,False
48266,LiHS,False
47537,Na3BrCl2,False
370,NdAl3Br12,False
43581,MgMo2O4,False
18051,HoPaTc2,False
3667,AsPd2,False
976,Ba4VCr,False
7448,Pr3MnBi5,False
33671,Tb2C3,False
37334,TlAgO2,False
34894,PrNdMg2,False
14623,LiCa2Pb,True
11198,NaLiZnP2O7,False
16559,La2ZnHg,False
24992,BaAlCuMoO5,False
33500,RuClO2F6,False
702,DyInCo2,False
51475,NaBiF,False
3468,BaCaTa2,False
5381,Ba2FeGe,False
24893,NiAsS,False
42507,HfZrS6,False
39854,LiCo6O7,False
26159,Ca2Ag2O5,False
33255,LiMnPO4,False
22947,ThNi5,False
37025,AcAu3,False
34992,Lu2ZnPd,False
40594,LiAg2F4,False
162,Dy3Mn3Ga2Si,False
52357,Li2VOF3,False
38883,K3Al2As3,False
41954,Ag3AuSe2,False
420,Ba4InPb,False
6271,Na2BeFe,False
24588,BaAlCuNiO5,False
37503,SnBr2,False
47181,Rb2SbAuI6,True
31797,MoWSeS3,False
54141,Pr3Pd4,False
6776,BePt2Cl,False
53858,BaSe,False
39377,HfVF6,False
15619,CaFe2As2,False
5679,BeCrP2,False
12603,Bi3ClO4,False
21975,VCu3S4,False
26592,Ho5Re2O12,False
7861,SnAsRh,False
4694,BaMnSb,False
18078,Ta2VIr,False
9227,Be2NiRh,False
1143,Ba4LiV,False
3683,La3Al,False
18043,La2GaAg,False
6362,MgBeRu2,False
25531,Hf2Ag3F14,False
13125,Sr2ZrBe,False
39894,CeGe2,False
44096,Al3Ag,False
40583,Li2CrO3,False
18513,Ce3B2N4,False
51723,CSN,False
47824,CaN,False
5971,YBe2Ni,False
13753,La6Ti2S8O5,False
14095,VPt,False
53787,ZnBSe,False
23867,USnRu,False
51086,Hf2Se,False
49981,BiBO,False
25955,Y2AlTl,False
17666,KRbCl2,True
32518,HoRh,False
8610,LiBeSe2,False
40336,Ta2MnOs,False
3195,BaZr2Ir,False
17014,H4C2SN2,False
700,KPSe6,False
2405,Li7V5O12,False
43263,HfTiCN,False
3652,Ba2SnBr,True
29033,Y2Ti2O7,False
40329,DyCuS2,False
15260,DySiNi4,False
6098,Ba4ZrRu,False
51721,CaAsH,False
52355,RbHO,False
19444,LiPr3,False
13355,NaSrMg6,True
12719,SiHg3S2F6,True
256,Ti2GaFe,False
32734,Ru3W,False
30248,FeO2,False
36310,YGaAg2,False
21021,BeZnS2,False
43536,TiSiNi,False
33835,Tm2Cr2C3,False
33324,YbCuSi,False
18417,HCSN,False
52266,HF,False
14173,LuCdNi4,False
47215,LaCe,False
22556,VPt3,False
37763,Li5MnF8,False
43922,LiAlCu2,False
7437,BeRe2Bi,False
52507,YbCuPbS3,False
11534,BeNiBi2,False
2668,Be2NiMo,False
4894,Ba4ScTa,False
9498,GaFe2Co,False
16673,Ca2AgPd,True
21910,Na5InS4,False
20851,Ce2CuN2O2,False
52786,Sr2IrN3,False
23650,NaBiSe2,False
35693,NdMgPt,False
19946,H4C6S2O,False
30840,NpFe2Si2,False
25363,In2Sn2O7,False
4773,PuS2,False
12452,LiBe2Cr,False
36006,SmAl,False
31172,YBPt3,False
20807,Ta2VC2,False
16060,KFe2As2,False
47971,RbPdCl2,False
49512,Li7Co5O12,False
46451,HfAlFe2,False
725,Ba4FeSn,False
10800,TiBeCo2,False
38052,LiVF3,False
7899,Nb2CrAs,False
22638,Li2FePO5,False
9513,Nd3InN,False
8884,LiBe2Ge,False
51105,BaGeO,False
337,Zn2Ga2S5,False
13546,Ti2H,False
43560,Mn3NiN,False
11130,MgCd,False
45611,U3O8,False
51694,Li2FeO3,False
3659,ThPd3,False
31505,Cr3Co,False
15469,V2Ga5,False
31930,HoTlTe2,False
45161,In2SiAg2Se6,False
8244,LiNiS2,False
2011,BaCu4S3,False
6659,Li7TaO6,False
34010,SrAcHg2,True
38847,Li2Mn3VO8,False
10397,KMgBe2,False
32705,LiMnSb,False
14787,InP,False
730,BaCaBr,False
1009,Li2CrO3,False
5022,Ba4CoRe,False
45687,Li3RuO4,False
1603,CuH4O2F2,False
41344,SmAs,False
9449,YBe2Sb,False
46647,Ta6Co16Si7,False
27479,Y3Mg,False
24611,K2VAgS4,False
29869,LuTlTe2,False
11114,Mg2Ni,False
24008,HOF,False
13522,K2BeRh,False
34282,ScZn2Pd,False
12528,BeCrBi2,False
107,CrS2,False
991,Be2TlCd,False
28300,PCl3,False
3136,LuPb2,False
2667,PrB2C2,False
7295,HfTcAs,False
32505,TaNi2Te2,False
14715,NaZnAs,False
36973,Tb2Be2O5,False
19956,CePdRh2,False
4734,UPt4Au,False
50373,LaCoO3,False
50812,La6ZnCu,False
15991,HgPRh,False
27620,NaTl2Pb,True
28214,LiMnRh2,False
48817,CaCd2Pd,True
50358,LiMnOF2,False
25744,Zr2N2O,False
11544,MgGa2,False
25073,SrAs,True
23252,BaSb2F12,True
12902,Tb3KF12,False
27107,FeAs2O7,False
44749,Er2MgOs,False
40855,DyB2,False
35556,Pr6Cd4Pd13,False
51761,MoPO5,False
15812,CeAl3Pt,False
37204,LiMnPO4,False
16411,TcNi,False
52822,LiMn2O3F,False
23494,TiZn2,False
46589,TbCoSi,False
45012,Sc3SnC,False
51660,Li3Co4O8,False
36609,CuO2,False
24361,Li5Nb2V5O12,False
36704,MoO3,False
15810,LiDy3,False
1745,Ba4YP,False
48216,Mg2B2AsIr5,False
12879,AcBr3,True
20729,LiTaSe2,False
1430,Ba4YBi,False
36962,Rb2TlInCl6,True
6017,HoSnAu,False
31271,Ca2SbAu,False
30602,V2C,False
48264,SbAsF,False
11708,SrH6C4O7,False
33732,PrMgCd2,True
6795,ZrBe2Pb,False
52031,Li3MnCoO5,False
30644,TaTiRu2,False
16793,Lu3PbC,False
42658,HoNiAs,False
4829,BaNaMo2,False
32227,TeMoWSe3,False
40175,ZnSn2O4,False
14954,CrGaO4,False
13429,LaOs2,False
20478,ZrMnO3,False
16946,SnO2,False
52059,Tb2Co3Si5,False
15032,TaCu3Se4,False
10479,YBeIn,False
22791,Rb2MnBr4,False
14281,KCrO2,False
39433,NbO,False
24936,TlAgSe,False
8742,SmCuSi,False
35087,VFeSb,False
29676,CaVF4,False
25489,TlCr5Se8,False
51522,NaAlSi,False
697,BaH2C2O4,False
19288,BaSr3,False
13972,NpSi2Ru2,False
42031,Rb2AgSbS4,False
15942,CeCoCuSi2,False
9948,BeSnTe2,False
9405,BeNiSe2,False
7420,HfBe2Os,False
47219,La2ZnBi4,False
23544,BaTaCuO5,False
52410,Li2MnVO4,False
34144,Tm2NiIr,False
38480,Pb2ClOF,False
27443,VFeCoSb,False
18268,Al3Sn,False
7,SrFeO3,False
4198,AlPt2,False
21459,H8PbC6O4,False
20613,TlCo2S2,False
4782,CaClF,True
29504,NbN,False
17855,UGaAu,False
32428,TbMgCd2,True
38100,Nb3Cr,False
18771,Sr2Mn3Bi2O2,False
21982,BeGe2Te,False
23218,Ca2CuBr2O2,False
11665,CeSF,False
40420,TlHgF3,True
53521,Li4Nb2Ni3Sn3O16,False
50377,CoCO,False
27999,Tl2HgTe,True
40110,NaCO2,False
42877,Li3Fe5Co2O12,False
22721,Li2CoNiO4,False
37973,BaSr3,False
49394,SIO,False
4601,KAs2F7,False
47828,CaRh,False
48139,NdIn4Ni,False
53563,MgBr2,False
23665,SiBPb,False
44248,TeO2,False
41019,ZnAs,False
13394,Mg5Sn,False
30272,CrO3,False
1918,Rb6Si10O23,False
36959,Tm2AlZn,False
21038,Rb2Hf2O5,False
33681,PrCdHg2,True
36829,TmTe,False
6620,Be12W,False
24144,ZrO2,False
39553,NiH16C4S4N8Cl2,False
8798,Be2CrCd,False
14428,MnCdF5,True
18493,PrAl2Ni,False
16088,Li3AsF6,False
47906,BaSr3,False
1686,Ba2EuNbO6,False
24048,Rb2O3,False
53890,NiHCl,False
26011,C3N4,False
40784,KAuSe5,False
22916,TaCuN2,False
33362,ZrAgB,False
10196,CuAs2O4,False
40447,PdPbO2,False
12803,MgAl2O4,False
18403,H4C3O2,False
9542,Be2OsCl,False
33558,TiPt3,False
14550,WO2,False
8999,NbGaAs,False
25901,Dy2Be2GeO7,False
31128,NdAl4Co,False
34914,NaReO3,False
53717,AsP2,False
51358,Zr2CrFe3,False
49643,CdH6C5O4,False
10744,BeHgPd,False
14432,NaNdH2S2O9,False
7105,BeIn2Ge,False
40133,ThMn2Ge2,False
45160,Tm2AlSi2,False
49086,H4C10S3O,False
30938,YB4Rh,False
13599,SmCuO3,False
41103,YbMnGe,False
27950,CaInRh2,False
33490,LiY2Ru,False
34506,LiTaIr2,False
16177,Sc2CoPt,False
25309,RbAuBr4,True
3884,PPd6,False
38432,CoPSe,False
46622,Y2Ge5Ru3,False
12254,YFe5,False
50728,LiBi2,False
47691,Ca3Y,False
35835,Si3Pt2,False
50664,CuN,False
31564,Na2Mg5P4O16,False
6683,USnRh,False
11045,LaGa3Pd2,False
46096,LiZn3,True
24702,Na2SO4,False
26304,RbSm2CuSe4,False
38388,NaBS2,False
50493,HfCrCuS4,False
4454,BaCrTe,False
4149,Ba2LiTe,False
18113,V6O7F5,False
41357,YbP5,False
33881,Li2AgHg,True
20145,SnH8C5O6,False
31386,ReN2,False
47848,LiCdO,False
24491,AlH3O3,False
48645,SbPbO3,False
21543,YSe2,False
24417,HfSnS3,False
36981,CuBiO2,False
24622,CuH4Cl2O2,False
1142,Ba4CrSe,False
29716,Sc2CdS4,False
15376,USiAu,False
1493,CaTiBe2,False
25122,KHS,False
36786,TbYHg2,False
34926,SmErHg2,True
8002,BeRe2Cl,False
22608,KCl,False
42841,CaMnO2,False
17264,AcDy3,False
11402,SrBeOs,False
16769,ScTlS2,False
41883,Sr4RhO6,False
9695,Be2VRu,False
12467,NaMnBi,False
43912,PmNdMg2,False
48820,CeYCo17,False
4636,LaGaO3,False
43281,SrN2O6,False
22511,InSn3Se4,False
27599,ZnAg3,False
3903,BaSrTi2,False
589,Ba4Br6O,False
32557,Mg3BO3F3,False
5378,B3Ru2,False
22177,Mg5H2O6,False
2,Be2OsRu,False
3087,Co2As,False
40168,CaP2Ir2,False
35601,MoW3Se4S4,False
3514,Mg2BBrN2,False
8921,BeMoRh2,False
17144,Y6FeBi2,False
13538,Er2BiO2,False
23977,Cs2SnI6,True
9709,NaMg6Co,True
3102,SrNiGe2,False
27165,Cr3Ni,False
51027,Mg8Fe3N8,False
17845,AsPd4,False
23291,RbAuC2,False
36462,TmGa,False
9708,CaBe2Co,False
21612,HfO2,False
8144,NaBe2Os,False
13448,TiBeSi,False
30004,Sc3Si3Ni2,False
7798,EuCl3,True
7000,BeFeMo,False
22510,HfBe2Bi,False
21713,Al5HO8,False
12153,CeAl3Cu,False
38393,In2Pt,False
25839,SnPSe3,False
30389,TbAlPd,False
44498,Al2O3,False
29437,TeMoWSe2S,False
47382,TiSi6Mo2,False
39575,Li4TiV3O10,False
31280,KNdS2,False
23708,CoTeMoO6,False
5535,TiMnBe2,False
14711,LiEr2Au,False
14810,Rb2NaScBr6,True
1577,Ba5Ga5Sn,True
32208,CaLuRh2,False
32305,BeRu2W,False
943,Ba2CaB6O12,False
25121,Li2MgBr4,True
22078,PbI2,False
23161,BeSiN2,False
24795,Th2Al2C3,False
23937,CdI2,False
3826,Ba2CdPb,False
8117,Nb2NiAs,False
54048,NaNbS,False
43372,HoCdAg2,True
7318,TaBeFe,False
4485,BaCaBr2,False
11214,LaYBe2,False
24248,SmCu5,True
14231,NaHNO2,False
8130,LiAsPt2,False
25263,CaCrF5,False
28002,TlP,False
47818,AgHgAsO4,False
14066,UGa5Rh,False
7840,CeTi2O6,False
39414,Sr2CuClO2,False
37118,SmTa3,False
44465,TiZnSiO5,False
15358,MnI2,False
53016,TlGeCl,False
21644,Fe2O3F,False
13021,Na2TaBe,False
53750,Y4FeS7,False
9355,Be2VPt,False
52096,PrZn3,False
54570,NbHO,False
19410,K2HgO2,False
30143,TeH2O4,False
36673,Nd2IrRu,False
52333,KLaCuTe4,False
6660,HfPOs,False
34956,In3Ga,False
18603,MgRePb2O6,False
980,Ba4TiSi,False
36824,PbBrCl,False
19342,LiTiV2O6,False
37447,TlNiO3,False
6254,BeVPb,False
33049,Sm2Re2Si2C,False
726,Ag2Se,False
21224,Tm2CoSi2,False
21957,K2NaAuBr6,True
40174,YBO3,False
5177,BaNa2Re,False
4612,LiPd7,False
37982,Ta2CrRu,False
36116,NbOF3,False
36671,YP3O9,False
53446,LiAlN,False
45065,Rb2NaMnF6,True
30842,TbCu2S2,False
10077,MnBe2Ga,False
24938,LiVF4,False
14390,Ni4O,False
40198,FeTe,False
53000,InPF,False
43648,Al8Mo3,False
35245,PrMgAg2,False
47670,Ba3Sb,False
33434,Mo2WSe4S2,False
38011,Nb2CS2,False
28018,ReN2,False
52402,ScH2O2,False
14909,Tl2Ge2O7,False
30195,Nd3CuSnS7,False
49042,Li3MnCoO5,False
7310,DyZrSb,False
46125,ErNi4As2,False
13135,Li2CdIn,False
52942,OsCN,False
6790,MgBe2Sn,False
28238,FeSe,False
3772,Rb2SeCl6,True
38158,Li4Cr3FeO8,False
11175,BeZn2Pb,False
35112,SmTh3,False
40054,K4Re2Cl10O,False
6855,BN,False
47808,BaMgIn3,True
14104,NaMnF3,False
31993,LaNi2Rh3,False
53140,MnTlF3,False
18017,Na2CuPdF6,True
33238,LaBiAu2,False
38743,CaH12Cl2O6,False
16628,Ta2ReW,False
39376,Ba4CdGe,True
11184,VSb,False
39487,LiVP2HO8,False
42850,CaNi2O4,False
45420,Ta2Se3,False
7002,Sr2BeCu,False
27536,NaHg2Pd,True
14793,Co6O5F7,False
5763,TiNCl,False
2157,DyAlAu,False
42668,Na6PbO5,False
32358,DySiPt,False
7628,Ba4Br6O,True
3357,LaMg2Ni,False
51198,Ag2Cl,False
34971,HfNiGe,False
1976,H3ClO5,False
40104,UGe2Ir2,False
50340,Li3Co5OF11,False
40193,TiFeO3,False
4664,BaSrTa,False
2101,Eu2BrO2,False
24522,Y2CdS4,False
24565,BaCdO2,False
14356,NdDyZn2,True
42515,SrCoO3,False
16957,TbNiGe,False
17983,Mg2Sb3,False
3149,ScRu2,False
23705,Rb2CaH4,False
51962,Fe6O11F,False
14547,Ba3PbO,False
19580,Li2MnF4,False
15838,ThUC2,False
10478,RbMg6C,False
14113,CrNiAs,False
8926,Mn2BeBi,False
23391,LiMn4O8,False
33905,Li3Ag,False
37354,Li2TmTl,False
53104,CaAlS,False
24674,MnSe,False
8059,GaSiAs,False
44835,ZnNi3C,False
19180,TeWSe,False
49873,Sn3SbSe2I5,False
17472,Mg2PdN2,False
1540,KMg6Nb,False
28154,Sr2AgPb,True
50978,Ho2VFeO6,False
52258,GePbS2,False
47369,Zr3NbC4,False
38289,Li2AlCoO4,False
51843,V6H4O13,False
41787,Tm2Ge2O7,False
38033,SmDyIn2,False
52760,Ba4Na2W2O11,False
25290,MgAg2O4,False
6203,Ta2BeCu,False
21283,BiPO4,False
9518,LiMoP2O7,False
1990,BeGa4Rh,False
39920,HfO2,False
25819,Na2SnO2,False
25626,MgZrHg2,False
27147,RbN,False
41828,PAuS4,False
33616,CaLaAg2,False
26231,MgFeSiO5,False
31732,HfRu3,False
9131,ZrSiO,False
5706,Ba4OsBr,False
38685,Te2MoW3Se4S2,False
22238,CdI2,False
11075,Na2WO2F4,False
34673,TaS,False
10461,YBe2Se,False
35110,MgGeAs2,False
41556,Mn4Bi3NO15,False
35847,YbMg3,False
9749,HPbClO,False
13381,NaFeN,False
9801,BeHg4Pd,True
1237,Ba5Ga5Pb,True
3960,BeCoTe,False
17560,NbSe2,False
53117,CaAlSb,False
4109,BaTcBr2,False
50331,TbBa2WO6,False
43137,LiCo2Ge,False
110,Sm2SeO2,False
52230,GaP2,False
9538,Cu3Sb,False
52634,BaSiCl,False
53403,BaMgTe,False
11599,MgBi,False
52207,Nd2Zn5Sn,True
3791,NaAlBP2H3O10,False
33464,TaCo2,False
53105,SiHF,False
23827,InPF3,False
20635,BaF3,False
17638,H6C10SO2,False
9504,AsRhBr,False
22074,LiNiOF2,False
28081,ZnNi2O4,False
20914,SmHf,False
10787,BeReBi2,False
26444,UC2,False
43856,NaTiF3,False
8070,TiRe2As,False
24998,Li2DyIn,False
43527,K2LiYI6,True
22227,RbPbF3,False
20958,Rb3AsCl6,True
12219,Mg6CrNi,False
23270,InAgO2,False
25134,LuH2ClO2,False
48525,Li2Se,False
10646,VSe2,False
2604,Dy3AlCoS7,False
39141,Li2TiMn2O6,False
32379,LiEr2Al,False
24543,Ba3SbN,False
17166,USb3,False
2989,BaMn2Ga,False
46352,Be4TeO7,False
53549,Li2Sb,False
7815,BeFeRu2,False
19460,CdGa2Te4,False
10550,Na4SrBe,True
8182,MnAsIr2,False
3001,BaNa2Cd,True
2331,Ca3Zn,False
33050,TeMoWSe3,False
52611,BaC,False
10482,Cd3AsI3,True
8969,YZrBe2,False
18523,MnH,False
442,NiS2,False
6356,HfBeV,False
7679,Mo2AsIr,False
207,Ba4LaGe,False
18998,Li3SiNiO5,False
27288,VZnSiO5,False
4444,Ba4NbRu,False
37632,CoH9C3N6,False
27993,Ba2YRuO6,False
45585,ZnGeN2,False
32298,FeBiO3,False
20105,CeGePd,False
7364,V2GeAs,False
17797,ZnH4C4O4,False
8637,Be2Cd2Sn,False
25366,TiOF,False
9768,Be2VGa,False
33969,Yb2HgGe,True
48579,Ca3SbI3,True
18727,FeO2,False
1170,DyPt,False
807,Ca4Ni3C5,False
20006,CrRe5B2,False
45794,MnAu,False
29823,HfCuSn,False
18202,RuPt,False
41912,ErB2,False
37901,TaCrO4,False
40297,Na3AlSe3,False
37794,Li4Ni3O2F6,False
46726,Er8Ga3Co,False
2882,CsK2Sb,True
48950,Li3CN2,False
40188,Mo6PbS8,False
40939,Cu3Ge4O12,False
31473,IrN,False
1883,ScBeRu4,False
20471,TiAl,False
8590,BeZnP,False
37441,PbAuO2,False
40571,Mo3WSe2S6,False
36103,LiMn2B2O6,False
41414,Na3VSO3,False
6244,ZrBeTl,False
38788,V2N,False
36623,DyBr3,True
1564,Li4BeW,False
36702,Na3Nd,True
18397,CdH4C4O4,False
15454,CeMg,False
7818,Dy2Tl,False
50148,Ba2O,False
47080,RuC4O4,False
7595,NaBe2Pt,False
40701,UGaNi,False
19277,InCuTe2,False
51499,BiN2,False
6847,HfMg2Be,False
22401,Li4NbTe3O12,False
9353,Pr3Tl,False
41467,ScAs,False
1704,CeSe,False
9911,BePtCl2,False
36910,HfH3,False
39241,BaIn2Ir,False
5844,Ba5Al5Pb,False
4962,BaSrTa4,False
50293,Cu3C2O8,False
33025,MoSe2,False
2047,V2CoP2O10,False
15561,U2Fe2Sn,False
38487,SiO2,False
39369,Ba4NaRe,False
50495,LuInNi,False
20520,ZnH16C10O4,False
5487,MnNiAs,False
27723,TiGa4O8,False
21626,LiTiS2,False
33107,NaZr2CuF11,False
49283,NaLi3V4O12,False
32283,DyFe4Ge2,False
9516,TcTeAs,False
44981,V4S9Br4,False
3291,BaZn2Ru,False
11813,NaMg6Ga,True
36025,TbH3O3,False
41688,Ba4MgCd,True
33557,CdPt3,False
14370,RbEuS2,False
5232,CaB2C2,False
15975,IrC2,False
33535,ScGaCo2,False
38975,NdVO4,False
21492,Mn3PtN,False
7037,BeGePb,False
29135,TlHCO2,False
26620,TlCuSe2,False
7928,BeVMo,False
17466,MnNiO2,False
28844,MnSb,False
24662,Ca5P8,False
38921,MnCO3,False
14835,MgTi5,False
13152,FeRh2Se4,False
16126,AsNO2F6,False
8967,LiFeSi2O6,False
36674,ZrSe2,False
39828,Li2FeNi3O8,False
42559,AlFeO3,False
17012,Tb3SmNi4,False
35961,PrNiO3,False
33909,BaAgBi,False
16235,Al2CdTe4,False
26522,SiAg4O4,False
17241,TaB4W3,False
52988,ZrCdO,False
4151,BaTlPb2,False
19878,TlIn2GaSe4,False
23602,TlSbO3,False
47190,MgZn2Rh,True
38108,Li2TiNi2O5,False
29935,ZrN,False
6141,BeSn2Hg,False
52874,Li4MnCo2O7,False
31706,SmAl4Ni,False
45356,Ba3NbGa3Si2O14,False
29638,SbO2,False
15506,Ga3Pt,False
47554,MoCl6,False
49096,TbRbW2O8,False
26359,VSiRh,False
23358,BaAl4S7,False
7375,CaTe,False
51830,ZrTlF4,False
20240,CoNi2S4,False
48205,RbGeS,False
28640,CaTl2O4,False
25845,CaZn,False
898,Na4WO4,False
22010,Na2GaAgI6,True
23398,MgGeP2,False
35402,Rb3Tm,True
51789,AsI,False
8965,Li4BeSn,False
5276,Ba4IrCl,False
40963,CdInS2,False
51921,NiHCl2,False
49136,SnH16C9O4,False
950,HgC2N2,False
12457,CeMg6W,False
19674,LiVBO3,False
16390,CeSi2Re4,False
12973,ScGe,False
32205,GaCuRh2,False
25408,BaYCu2O5,False
44506,ZnSbO3,False
42616,Fe6O5F7,False
10303,SrBeIn2,False
16555,PrEuHg2,True
6238,MoH2O4,False
49555,Li3I,False
34081,Li2TlBi,False
4081,DyHg,False
39844,VOF3,False
34468,UAl2Pd5,False
23563,UAu2,False
1313,Ba4TlIn,True
36958,InTeCl,True
6179,InGaSe2,False
25407,H2O,False
19894,ZrCrFe,False
33204,H8C2NCl,False
51272,Na3Li3Fe2P2C2O14,False
33156,YbGaPd2,False
45612,Sm3Si2Ni,False
27366,AlNi2O4,False
7581,SrBeGe,False
40008,SrMn2Ge2,False
19768,H6C4O3,False
54160,BHN,False
32775,Dy2TlCd,True
36641,LiNd2Ru,False
24969,Ag3SI,False
7716,BeZn2Ir,False
29764,CaVO3,False
36939,MgMnO3,False
24311,NaBeO2,False
1298,Li3CuF6,False
19929,MnAlCuPd,False
32033,Tm2MnOs,False
25023,V2O3F,False
4464,BaRe2Ge,False
5517,BaTlHg,False
13341,KBeGa4,True
33315,ThZnRh2,False
33690,Er2PdRh,False
49476,Mn2RuN3,False
19407,Pr4Se3N2,False
47688,In3Cu,True
1189,Ca2As3Pb3ClO12,False
8437,KSr2Be,False
29249,Na2LiN,False
2008,Na2CaPO4F,False
11248,AlCo,False
2860,Fe3P2H8O12,False
43918,HoLuHg2,True
11337,Be2CoNi,False
25549,HfGeTe4,False
30244,BaLi2MgP2O8,False
19187,MnNbO4,False
8303,ReAsPt2,False
50116,ZnH6C5O4,False
35881,CoCu2SnSe4,False
42907,Ba3Ac,False
40592,KLi6BiO6,False
45590,ZrInAu2,False
33892,ScAlRh2,False
42067,BMo,False
32082,Te2Os,False
38560,NbH2,False
5447,Ba2TlTe,True
52861,C2Br,False
16135,MgSb2,False
52824,Na2FeO3,False
38584,Li2Fe2C3O9,False
3121,TeC4Cl2F6,False
45394,Lu7Ni2Te2,False
34059,LiAg2Pd,False
27236,CeO2,False
24685,YNiBi,False
4082,LiTl,False
24946,K2SnCl6,False
21465,NaBrO3,False
10759,Li2BeCu,False
46850,LiCu3F7,False
21382,ThTeO,False
30767,CeCu2Sb2,False
34075,AsAu3,False
13079,Yb2AgSb,True
47589,Li2CuSbCl6,False
15741,MnFe4,False
4340,MgH2,False
31622,Ba2YCl7,False
37669,LiMnO2,False
6581,Be2CdW,False
47443,Be4NiGe,False
31534,CaLaHg2,True
10299,Be2IrPt,False
12911,CeGe3Rh,False
13033,ZnAgN,False
37985,Mn2SiNi,False
26426,MgGa,False
42205,CeNdHg2,False
53248,Ba2SrB18,False
43847,MnAl6,False
22293,Nb2SnC,False
17728,InGaP2,False
45348,V3Rh,False
2297,C3N,False
31150,SmAlAg2,False
4815,CrFe2Se4,False
27968,CdN,False
4281,FePbO3,False
29166,TeMoWSe3,False
39393,Mn3O2F4,False
29759,TaN,False
6643,NbTc2As,False
50602,TbRb2AgCl6,True
39988,BaCaBi4O8,False
46431,MgNi2S4,False
21820,TmBiO3,False
2144,Ag2NClO3,False
20069,H2C4S2O,False
17851,Li4Fe3CuO8,False
7062,LiYBe,False
25333,CaSm2S4,False
53404,GeI,False
41878,Li7VN4,False
34482,LiLa2Ir,False
36596,Mg2Mn3O8,False
29286,Ba2HoRuO6,False
23125,Si2W,False
54550,CeSe2,False
13017,BePPt,False
32797,Nd4Bi3,False
46082,Li4Co5NiO12,False
30074,NdBiPd,False
47606,Tl3Cu,True
46266,Ga3Bi,True
38293,MgCr2Se4,False
22984,YRhW2,False
50287,Cr2Rh2C,False
39519,Al2Si2H4O9,False
16176,In3Pb,False
38029,USeO5,False
14019,ThMgHg2,True
53482,LiNbSe,False
13523,PrClO,False
13705,ScAgP2Se6,False
2493,Tb3Si2Cl5O6,False
30265,Mn4O7F,False
41061,CaTi2S5,False
51697,CaGaO,False
28161,CdTe,False
41714,LiCrSiO4,False
48885,NbCr3Ag2S8,False
14733,LiDyS2,False
1001,CeSi2Ag,False
47919,V3OF7,False
13542,Li4TiTe3O12,False
8669,Mn3GaN,False
45016,Dy3Pd2,False
28350,CdRh2Pb,False
45139,DyYRh2,False
11356,La2ZrBe,False
54518,Sm3Au,False
213,La4Ni3O8,False
8661,CeMg6Cr,False
30317,Te7Mo6S5,False
29052,YCoO3,False
1782,Hf27P16,False
37039,PtSe2,False
25787,LiFe6O7F5,False
48864,Ba2SrP2O8,False
8032,Ca2Pt3O8,False
15144,FeSe,False
29932,K4ZnAs2,True
29740,BaN6,False
39423,Ba4ScV,False
19213,TbPa,False
14394,LiAlSiH2O5,False
29211,CaFeO2,False
20035,CdTe2Pb,False
37721,YHO2,False
2652,Cd3B2O6,False
26552,SrAl4O7,False
8384,LuSiAu,False
17956,CuBr2,False
43879,YbLaMg2,True
19386,BaAl2Ge2,False
11120,TaSiTc2,False
16832,ThAl2Ni3,False
32950,TlPd5Se,False
25414,CaCu2O4,False
12811,HgAs2O6,False
50130,BaZrO,False
42845,K2Zn3SiAs4,False
31412,Mn3Al9Si,False
52531,BH,False
26110,LiBe2Au,False
12399,SrBePb2,False
25543,Na6CdCl8,True
35321,LiMgPd2,False
10496,Ba2TiHg,False
31323,TbFe4P12,False
48191,AlCdO4,False
50607,K2RbBiBr6,True
54089,InAg3,True
31154,Sc2AgHg,False
21387,Al2CoRu,False
28131,TlN,False
8377,BePdPt2,False
13482,LiMg6C,False
45327,YbB2,False
8171,GeS,False
38798,CaFeO2,False
49398,As4PRh10,False
29335,MgTa2O6,False
33957,Te4MoW3Se4,False
37274,Sm3Tm,False
32094,Mg2AgIr,False
35551,SmTm3,False
48270,Dy3Os,False
27786,BeBPt2,False
790,ZrSn,False
11070,Be2NiSn,False
53754,USi3Ni2,False
34955,SnSb,False
50856,Zr2InAu2,False
33536,FeSiTc2,False
18936,FeO2,False
22352,CeCu2Ge2,False
39583,Nd3TlN,False
1296,Ba4SeCl,False
33572,HfSnRu2,False
7415,HfBePt,False
44268,Nd3Tl,False
7241,LaCoAs,False
6815,Mg2BeCl,False
7401,TbSF,True
695,Rb2PtCl6,False
38384,TbAu,False
17518,KCrF6,False
13600,BaCo2Ge2,False
46588,ZnSnO2,False
52998,InGeCl2,False
13540,KNa2GaF6,True
54204,BaCdCl,False
9947,CoTeO4,False
53899,BaZnSe,True
13905,MgURu2,False
16448,CaHg11,True
23807,NbO2F,False
22167,LiZnP,False
32293,Mn2AlRe,False
26492,Te4Mo2WSe2,False
53154,LaHO,False
11437,Mg6AlW,False
22326,La2CuSi3,False
28356,ZnSnO3,False
34730,CeCuO3,False
5578,BaHgSe4,False
18101,Te2MoW3Se4S2,False
21130,CaBe3O4,False
44579,Mn2CdN2,False
4771,LiAgF4,False
16021,CeSi2Ni2,False
9104,CuSbAs,False
5567,Ba3Al2Si3O12,False
3777,CeMg,False
14690,KHfNi,False
15511,TiIN,False
5662,Ta3SBr7,False
46034,Sc2O3,False
45470,CeIn5Rh,False
495,EuSbO4,False
28631,MnTlPd2,False
17657,KRb2InF6,True
47313,ZnAgPd2,False
13430,Ac2TlSn,False
36170,TbBi3,False
21266,Rb2Zn3GeAs4,False
39329,Ba4CaV,False
36242,Nb6Co7,False
1769,Fe6O7F5,False
167,Sn3PO4F3,False
20605,Na2AgRuF6,False
14578,VPt,False
26267,Rb4PbBr6,False
11151,BeCuPb2,False
13413,Bi2Ru2O7,False
17120,Ti3Te,False
36196,KFeF4,True
44163,Pr2ScSi2,False
53094,MgFeH3,False
8703,UCuSb2,False
29604,Be2Nb3,False
9447,Be2NbMo,False
15502,CdFeO3,False
29438,Sr3Al2P4,False
42360,Ca2IN,False
17539,SrInAu5,False
7123,Be2NbFe,False
34472,ScAu3,False
29665,NbV3O10,False
23671,CeVO3,False
24706,TiZnBi2O6,False
11915,LiTiBe2,False
47336,YCr2Si2C,False
11718,Be2ZnBr,False
24044,BaCuBi,True
12075,Sr2DyUO6,False
4711,B2Mo2Ru,False
39413,Na2Ge2Se5,False
19242,SrCd4S5,False
22586,Sm2Se2O,False
26868,LaTe,False
42133,K2NbHgF6,True
37754,MnSiNi2,False
20034,SnH22C12O4,False
49548,LiI2,False
6513,BeCrRh2,False
35041,MnAu2,False
34521,NdTmTl2,False
26834,HgBrN,False
19632,YBiPd2,False
42423,KLaSiC4N8,False
11679,Sr2InOsO6,False
5550,BaMn2Hg,False
34685,Pr2Re2Si2C,False
6844,ErCuSb2,False
46774,TiAl2,False
5619,Ba4TeOs,False
18072,Ba2ErUO6,False
28270,K2NClO3,False
43684,K3MoI6,False
13067,Zr2CuH2,False
45452,TbSe,False
49571,Na3CoO3,False
21693,TmFe2Ge2,False
13512,HfGeS,False
33837,YMgAg2,False
46868,Na3UO4,False
15463,Rb3AsF6,True
43859,Tb3Pm,False
34813,Mg3ZnC,False
19775,NdAsPd,False
8410,BeGa2Fe,False
1812,Dy4B6O15,False
34135,IrCl3,False
11232,BaNd2Ti3O10,False
49472,ZnInS,False
4395,Ba4TiV,False
30261,MoW2Se4S2,False
6187,BeInIr2,False
37388,AgClO2,False
33148,NdGa3,True
28279,Mo2O5,False
27079,Lu2MgHg,False
37280,SmTmHg2,True
10965,Be2NiPb,False
2858,BeMo4Se,False
15244,NbPd,False
14141,YAgO3,False
22085,AlCr2,False
6747,NiPPd,False
44033,Na4Al3Ge3ClO12,False
11886,USnAu,False
53912,BeSiTe,False
41273,Ba2Mn3Sb2O2,False
43402,SmPO4,False
21581,AlCuSe2,False
27154,RbSb2,False
10619,AlSiTc2,False
24785,Lu2SO2,False
25682,BeMoRu2,False
5340,Ti3TlN,False
26949,CdSe2O5,False
25160,CrW2O8,False
23225,Na2LiTa,False
37994,CeDyZn2,False
3660,GaPt3,False
53492,MnF,False
36934,LiAgO2,False
12820,TaBeGa2,False
7328,ScBeMo,False
48671,SiPbO,False
4804,ErAu4,False
2200,Ti2Cd,False
9928,BaNi2As2,False
20568,K6Fe2O5,False
38230,PtO3,False
47405,CeOF,False
3521,BaSbAu,False
36087,V2ZnO6,False
30739,Y2Fe2Si2C,False
19365,MgZn3S4,False
26319,NaCu2O3,False
43802,Er2ZnGa,False
51009,Ca2TiSi2SnO10,False
20625,SrHgO2,False
26582,YCd2,False
22137,Ag2BBr,False
13393,LiYP4O12,False
12325,Mg6NbGa,False
2407,CeB2Rh3,False
29976,NpN2,False
42846,VF4,False
24155,Te2W3S4,False
37237,SrTeO3,False
25338,CaSnB2O6,False
48798,SnHC,False
13291,MgSn2,False
44625,SmSnF7,True
1784,BeRhPb4,False
7691,UCo2P2,False
9322,BeNbRh2,False
44745,TeRh,False
14921,HgB6,False
6050,BeFeTc,False
45531,Ni3Sb,False
3066,Mn3O5F,False
30275,UBr4,False
52917,ZnAgO,False
21306,KRuF6,False
16977,Be2NiRu,False
12667,CaBe2Ir,False
14449,Zr4FeNi,False
35988,NdTh3,False
47631,Ba2NbBiO6,False
23818,ScSnPd2,False
12759,LiMg2Ir,False
51409,MnNbO4,False
24667,CuClO2,False
9697,Co6O7F5,False
50197,TiCu2NiO4,False
46512,Li2MnSiO4,False
26535,YbKSe2,False
34371,YCo,False
51262,Pr9Ga4,False
26281,Ag3SI,False
50220,HoBrO,False
53138,TiCrCuS4,False
427,VBO4,False
11994,CaH4N6O2,False
48936,CaV4Co3O12,False
19069,Li2VO2F,False
46063,Hf23Se25,False
40932,NdGe2Pt2,False
47796,UCrCo,False
48050,SrInF,False
39533,HfCrO3,False
32027,TbCdRh2,False
15226,Zr3Cd,False
27312,ZrGaPd2,False
42048,Sm6Si4S17,False
20029,LiAcRh2,False
19353,CaYCd2,True
19267,V2CN,False
41000,DyVO4,False
3606,SrSb2Pd2,False
44869,Ni3S,False
15017,VCrN2,False
20169,CdH14C9O4,False
52382,ScHO,False
18767,CaI2,True
37456,Li2VF6,False
3392,Ba2CdTe,True
16017,HfAlZn,False
17342,SrLiSi,False
30492,K3IrN6O12,False
39104,FeCl3,False
28232,RuC,False
47974,FeRh3,False
16186,SbPbS2,False
25679,H8NF5,False
15562,YBeCu4,False
41958,CaAu2F12,True
6664,Be2RhSe,False
45487,HfSiTe,False
48141,PdSeO4,False
3272,BaMoOs2,False
39390,Ba4SbCl,False
10493,SrMg,False
29313,ZrCo2Si2,False
11744,V3O4F2,False
20619,LiBH4,False
34335,KNaPrNbO5,False
45105,Tm6FeSb2,False
4849,Co2B2O5,False
25394,CsTaN2,False
39637,ScVO4,False
17948,Ac2ZnAu,False
12176,BeIrBr,False
18704,Rb2NaMoI6,False
3569,BaCaBr2,False
53864,CaVO3,False
1680,BeRuCl4,False
2081,BPb3O4F,False
10214,NaBe2Ga,False
44252,NaTl2In,True
50006,H4C5O2,False
29436,MgIn2O4,False
37748,Li4MnF8,False
41972,NdCu,False
49569,K2CoO2,False
18470,NdBRh3,False
21966,MnZnTe2,False
50180,Li2Co3NiO8,False
48994,PtN4Cl4O2,False
6913,Y3Ni4B4C3,False
6055,BeNbNi,False
21233,UTeO,False
10997,Mg2BeIn,False
2248,Tl5Se3,False
31767,K2HgC4N4,False
18953,MgAlAu2,False
45992,Ba2HoTaO6,False
39292,SrHg,False
28100,Yb2AgPb,True
16624,TiO2,False
48156,Y2O3F,False
50217,Rb3EuCl6,True
21896,CdH20C12O4,False
16455,LiPr2Al,False
25568,Bi2SeO2,False
42280,Nd3Au,False
14471,Y2AgHg,False
12647,Na2Ti2Sb2O,False
39605,LiHS,False
32427,TbAg,False
7118,ZrTe,False
47329,CeSe2,False
29477,Mn4ZnO9,False
3704,KBaCr2,False
11237,Be2WBr,False
9851,BeSn2Br,False
11758,CeMg6Fe,False
16777,K2ScHgI6,True
17765,Pm2ZnIn,False
43184,TiMnN2,False
35497,NaCd3,False
43074,CeInCu2,False
52431,Ba4Y2Cu6O13,False
37951,BaBrCl,False
32703,HgPPd5,False
8705,TeAsRh,False
41075,CaMn2Ge2,False
24282,TaCl5,False
17816,Dy5Mg,False
46433,Te2MoWSe2,False
12614,SmBRh3,False
12068,Be2VFe,False
11581,Be2TlCl,False
26474,HfO2,False
11241,Sn2Bi2O7,False
43883,Na2AgAuF6,True
51907,Li3H,False
37829,MnSe,False
27203,CaO,False
28264,CeCdHg2,True
43804,Li4ZnCd3,True
32995,SrBiIO2,False
29984,Ac2S3,False
47239,Na2FeO2,False
31877,HfMnRh2,False
24860,SrMnSn,False
51849,NbAgS3,False
25059,AlH2PbO2F3,False
37061,Ce2CdHg,False
16470,CaTi2S4,False
7125,HoNiSb2,False
52649,NaCaGaSi2O7,False
47511,Tm3Hg,False
36481,NiH12SO9,False
9681,Be2IrOs,False
32328,HoHg3,True
49960,MgAuO2,False
11097,Ca5Sb3,False
11475,ZnTe,False
19351,ThPbI6,False
54067,Ba3UAgS6,False
18451,ErFe2Ge2,False
9594,LaBe2Tl,False
185,LaMg7,True
1186,Ba3ErMn2O9,False
30035,Y2Co2O7,False
23029,Sb3O2F5,False
6417,UMnB4,False
50453,SN,False
8246,LiBeBr4,False
10931,MgBe2Ni,False
6900,BeCoTc2,False
21529,Tb3Pr,False
36974,KBaSiHO4,False
31066,Sr2PtAu,False
13564,YbAc2Mg,False
32346,PmSnPd2,False
22453,HfMnTl,False
21865,Nb3Ni,False
52548,TlBiF4,False
35280,KMnTe2,False
48685,Li3Mn2Co2O8,False
40558,FeSn,False
38669,Ca2Si3Ag,False
52279,Hf6Ga16Pd7,False
47376,VCrSe2,False
43072,K4SnSe4,False
36838,Rb2SBrCl6,True
43572,Tb2ZnCu,False
47959,Rb3MnO3,False
19136,CaMg2N2,False
43810,TaVCN,False
20491,DyTlRh2,False
2993,HoPd,False
18799,SmCuO2,False
13213,NaBe2Pd,False
22049,LiBeP,False
2921,Ni3GeC,False
35406,LiCa2In,True
5678,Ba4ScW,False
29015,LaSe,False
23779,ZnBSe2,False
37324,KAgBr3,False
24448,Al2Ge2O7,False
38928,Hf2ZnTc,False
32048,Pr2CrS4,False
51428,Na3NiBPO7,False
20894,Nb6SiGe,False
26662,LiMg,False
45491,YMoClO4,False
33011,YbPaRh2,False
42320,Tb3Zn,False
9791,LiBe2Se,False
45280,FeCuC5N6O,False
37300,Tl3F,True
47859,Nd2CdAu2,False
18,SmSb12Os4,False
44292,Zr3Hg,False
31012,TiCr2Se4,False
46194,MoN,False
36879,Rb2TlInF6,True
21879,K2ScTlBr6,True
18341,Tl6S,True
51088,Li2V3TeO8,False
12308,In2Te3,False
9600,Be2VCd,False
26326,CaMg,False
4481,SrZnSbF,True
40756,K2HBrO,False
48605,Li2Mn3CrO8,False
13909,KSrMg6,False
16187,Ti2AlCr,False
1368,MgZn3S4,False
3605,Rb2TiCl6,False
11555,RbInMo2O8,False
21673,Na2SiF6,False
37036,GaPS4,False
17378,Ba2CuHgO4,False
10839,InBiO3,False
27933,CeAgAu2,False
11799,LaMg3,False
44185,Mn2NiN2,False
50868,TlPSe,False
50705,AlHO,False
50052,SiBO2,False
43850,RbGeBiS4,False
21297,Te2Pt,False
51261,Tb3Se2NO,False
26637,FeCo,False
51889,Mg2HCl,False
3703,Ba2NaFe,False
19115,FePb2C6N6,False
29448,BaAl2B2O7,False
627,TcBr3,False
36754,ZrTc2W,False
10228,Zr3Mn,False
52586,BaBeIr,False
9287,BeNbOs2,False
10816,BeHgPb2,False
33220,MgGaRh2,False
1039,Ba4CuGe,False
46927,TiSiRu,False
24867,VF4,False
31152,Na3AlF6,False
35533,MnAu4,False
3453,La2InCu2,False
20672,Li2CoO2,False
33132,MgSi2,False
5061,KBaBe,False
25007,Na2SO4,False
14783,NdCo2,False
50884,CaSbAu,False
8635,Mg6BW,False
14866,CeSe2,False
49091,H8C15S2O,False
24825,DyCoSn2,False
36818,NbIO2,False
2558,LiErS2,False
51150,NaBi3Br2O4,False
48287,NiAsO4,False
44028,GaCuSnSe4,False
54391,U3V,False
1105,BaZr4Tl,False
30320,NbTeCl9,False
20348,Pm3Ti,False
43219,V2GaFe,False
42009,PrMgNi4,False
22943,VO2F,False
17565,ZrSnN2,False
17652,K2TiAgF6,True
25688,HoAgSe2,False
44004,Al2CdCl8,False
44489,K2HgSbF6,True
50784,TbMnAl,False
54216,LaZr,False
28222,Ba2CuF6,False
43995,SrSm3,False
49063,U5Sb4,False
40088,MgH2,False
46285,TmB6,False
53936,SrHCl,False
51991,YVO4,False
38456,K2ZnBr4,True
31945,Tm2OsRh,False
14873,Mg2Si,False
16795,LaThPb6,False
1513,PrOs2,False
7511,CaMgBe,False
1369,Ba4TlCo,False
15372,Ga3Te,True
36114,Bi2PbSe4,False
11963,YMg2,False
31781,ErGaRh2,False
48694,BaAgS,False
30590,CrN2,False
3551,B2CN,False
43115,CeTiGe,False
36454,Sr2ZnMoO6,False
10059,Ti2BeCl,False
34167,InSb,False
37145,MgP,False
18462,FeCoPt2,False
7978,Sr2LiCoN2,False
30713,NbGeSb,False
17563,CoH2O2,False
33871,CuBiPbS3,False
18329,NaBeAs,False
21873,Li2InCuCl6,False
4984,BaNa2Zr,False
23649,NdSb,False
44951,SrNi3Ge2,False
39419,Ba4TlBi,True
43943,Tl3In,False
19474,Tl2FeCu3Se4,False
24625,Bi2TeO2,False
47501,CuH,False
2796,Li3NiO2F2,False
53358,BaSrCl,False
2861,TeAuI,False
3905,Cr2O3,False
25916,CaZn,False
11654,BeGaHg,False
45260,YInPt2,False
25784,Ba3Ga2Ge4O14,False
8906,CaBeSb2,False
3808,V3O4F2,False
6669,MnBe2Tc,False
44528,CePb3,False
42113,K3NpH6O8,False
31587,Dy2InPd2,False
42738,SrAl2Cl8,False
24712,Li2MnBr4,False
49911,LiAsO2,False
33149,LiGa2Ni,False
24373,Co3SnC,False
42672,BaLaMnRuO6,False
9443,Li2V3SnO8,False
2454,FeS,False
22039,BaZrNi,False
50426,CeAlCo4,False
31531,Li2CrFeO4,False
48077,LiY2P2,False
29202,ScZn2Cu,False
19323,AlCr2B2,False
40588,NbAs,False
29879,Ni3Bi2S2,False
13994,TaBe2Cl,False
16683,Tb3Pr,False
49245,CO2,False
10380,CeInCu,False
648,ErAlCu,False
1604,Ba4ZrIn,False
16545,PrB2Ru3,False
28689,Te2MoWSeS,False
8109,CaSn2Rh,False
7984,NaBeBr,False
32028,Sc2VB2Ir5,False
20022,Li2AgF3,False
30233,Ag2SnO3,False
32989,PaTe3,False
24840,Sr4IrO6,False
9495,MgMn2Be,False
30708,Sc3Hg,False
16910,SrScO3,False
18458,Na2LiBiCl6,True
23646,V2MoO8,False
40797,SrTe3O8,False
40519,NaMn2O4,False
29295,Ce2In8Co,False
28752,TlInSe2,False
23299,NiPbF6,True
33831,Ca2AgAu,True
36780,NaMg3,False
36065,LiMgAu2,False
23047,Te2MoW2Se4,False
29795,MnPH2O5,False
39631,BaWO4,False
34060,DyTaRu2,False
34239,Tm2RuPt,False
5199,Ba2HfCl,False
4653,Co3BPO7,False
14756,Eu2As2O5,False
38759,SmCoC2,False
50799,ScAlO3,False
3053,ErNi4Au,False
5124,LiVPO4,False
8488,Na2TlSb,True
42852,KSmP4O12,False
5389,BeTlCr,False
47354,RbFeCl3,False
20900,MnBO3,False
34771,Sc2AlCd,False
1311,Ba4BeZn,False
28286,LiNbRu2,False
38634,HN,False
43927,VBr2O,False
34162,CaPmHg2,True
33793,LiCuS,False
37849,Li5CrO5,False
47805,Ba2Sr3CaMg2Si4O16,False
53292,SIN,False
37955,Mo3WSe4S4,False
27390,MgMnO2,False
49456,Sc3As2,False
29204,Sr2CdAg,True
2769,BaIr2Pd,False
52259,Ba4Hf3S10,False
12955,Cr2HO4,False
13379,Mn2OF3,False
19034,ScMnSi,False
48401,Li3As,False
43607,Ho2HgOs,False
43568,Rb2AgBiBr6,True
54298,U3Be,False
26634,Mn3Pt,False
18232,YCu5,False
11885,ScBeGa2,False
42099,Sm3I,False
16425,Ca2HgGe,True
29934,Mn6O5F7,False
36646,Pm2IrRu,False
25944,Zn2P2O7,False
41425,MgTeH12O9,False
37809,Li2Mn7F16,False
16783,K2HgRhF6,True
29219,Y2Ni2O7,False
18855,TaNbMo,False
6132,SrBe2Pb,False
35580,Re3Ru,False
13239,LiTl3,True
52648,BaInF,True
54543,CSe2,False
36982,Ge2O3,False
31250,SiAgPt5,False
52711,CaBeP,False
52781,Tb2MgS4,False
38009,LiV2OF5,False
36343,BaCaSb4O8,False
32345,UGa3Pd2,False
9276,GaAgS2,False
10582,Be2FeCl,False
18235,RbCoO2,False
13364,CrCl2,False
31213,Tl3IrN6O12,False
34313,Tm2TlAg,False
16373,Na2IrAuF6,False
38462,KTe3O6F,False
51600,YBrO2,False
45447,TlSbSe2,False
47435,LiRuO3,False
26697,La2PdRu,False
35385,SmHoTl2,False
1024,CeS2,False
43199,CdB2XeF10,False
39624,K3TaO8,False
21199,YbNdPd2,False
25082,Cu2Ag2O3,False
38572,Tb3CuSnS7,False
5132,BaCdSe4,False
22363,KLiSe,True
16014,MgZrPt2,False
41873,ThB6,False
4201,UCu2Sn,False
21079,CrCdCu3Se4,False
3853,LiMgAsO4,False
33650,CeSi2Ir3,False
24527,HgIBr,False
38807,TaF5,False
12726,BeVRe,False
11575,K2LiAuCl6,True
32606,SrSb12Ru4,False
1426,MgRe2O8,False
27524,ZrBr,False
2348,Tl2SnO3,False
4703,BaNaGa,False
9548,BeSn2Pd,False
39340,CdBr2,False
51231,Ce2Fe3Rh,False
30633,Te3MoWSe,False
14320,Ti2Cu3,False
24058,Li5Tl2,False
20458,NdAsPd,False
24033,LuBi,False
23781,YMoO3,False
5741,BaVBi,False
3459,HoSi2Au2,False
47238,NdPd2Pb,False
2251,HoSiRu2C,False
8845,Mg6BW,False
36477,DyCuSeO,False
41243,Mn3GaC,False
27562,CrPO5,False
6974,W3Se2S4,False
19310,MnO2,False
31206,Re3Pt,False
4157,As2O5,False
46999,NpFe2Ge2,False
6947,MnBeW,False
24239,NaHF2,False
26096,CoPO4,False
19210,HoRu3C,False
3460,Dy3AlNiS7,False
20680,AsPt3,False
13537,MnBe2Ge,False
53030,RbMoF2,False
214,Fe11Co5,False
35118,InCu2,True
7363,Na5LiN2,False
34230,LiHo3,False
37034,YAs3,False
40681,CoPt3O6,False
16894,NaBC,False
23162,Cr3HO8,False
13107,BeVRe2,False
32639,LiHo2Ru,False
28487,Tm5Re2O12,False
54353,Li7Mn2Co3O12,False
41858,CaSiO3,False
33396,MoW2Se2S4,False
29293,SeO2,False
40563,ThNiSn,False
48184,FeBr3,False
50933,NbAlCo4,False
41029,CaCrO4,False
49263,NaGeS,False
33674,SmMgAg2,False
11296,TaBeIn,False
53770,YCN2,False
34613,Mo3H,False
12767,CeMnSi2,False
17632,Bi2TeSe2,False
43073,LiAu,False
1927,BeCu4P,False
52895,SnPCl,False
54498,Ho2SnAu2,False
21870,FeTe,False
6626,K2Be2Co,False
24344,Na3AsSe3,False
41282,CrO,False
46649,PuSb,False
45850,ZrBr,False
37667,GeI2,False
39976,MgSb2O4,False
44255,KPbO3,False
27619,Li2CuAg,False
12880,Be2GeW,False
1615,BaAl,False
30736,NbInSe2,False
12039,PtO2,False
51456,ZrAgF,False
10146,Mn2AlB2,False
36524,P2O5,False
17861,Sr2HgGe,True
38488,OsN,False
2499,RhPb2,False
15518,Mn2OF2,False
8611,Be2AsSe,False
26741,MnSiN2,False
6594,TiBeBi,False
42888,BeH2O2,False
13099,AgO,False
24072,DyTlSe2,False
28813,Mg2Sn,False
17891,Na2AgRhF6,True
9966,NaTaBe2,False
40704,Li3Si2Ni2O8,False
4137,BaCuTe2,False
11748,UInNi4,False
34573,SmCl2,False
20258,K2LaCuCl6,True
51734,LiCaAs,False
41607,Ta3Br7,False
17556,CaCrN2,False
49934,H14C9O6,False
12548,LiBe2Mo,False
17580,YbMn2BiSb,False
35139,Yb3V,False
32558,PuCdRh2,False
52684,Er2Mn12P7,False
36178,SrZn2P2,False
29314,CdCu2GeS4,False
12857,MgBe2Nb,False
19873,TmP,False
34396,CeO,True
7331,LaCoC2,False
26924,YErAl2,False
4691,Ba4RhPb,False
12983,HfMg6Nb,False
24525,RbTe,False
51676,Na3Se,True
3855,Ba2ZnPb,True
40549,Rb3Sr,True
1973,KBa4Re,False
43035,LiF3,False
25654,AlAgO2,False
16156,TbBa2MoO6,False
21672,CdH4C4O4,False
48247,AsSF,False
37005,PrAl2Ni3,False
4929,LiVF3,False
44481,TbHo3,False
36501,H8N3O6,False
26598,NaVCdO4,False
37649,BH4NF4,False
18619,YbPrSe3,False
32376,ErZnGa,True
5323,PrNi2Ge2,False
12826,NaMg6C,False
44996,ScFe4P2,False
40642,TlCu4S3,False
17037,Ca2InHg,True
18022,Rb2NbAuF6,False
21582,SmSi2Cu2,False
3187,CaSi2,False
22738,LiMoO2,False
30781,MnN2Cl4,False
49321,Li3Mn2FeO6,False
27572,ZnAg2O4,False
46289,CaMo2O4,False
48244,AsOF,False
41602,Zr6CCl14,False
14683,MoN2,False
30969,PaTiTc2,False
18866,ErSi2Ni2,False
47609,SrPuO3,False
8332,LiMg6B,False
29130,SiO2,False
37010,HfNiSn,False
19864,BaSbPt,False
23362,LiFeSiO4,False
22190,AlN,False
50464,S2N,False
52796,Sr3Y2N4,False
49537,LiI2,False
41790,BaPbO3,False
46201,RbCdN3O6,False
26036,TlC,False
36601,ErCdPd2,False
22455,SbSCl9,False
7173,NaZn4As3,False
51704,YNbO,False
46135,Al3Cr3Sb2O16,False
11696,Be2RhCl,False
52579,BaGaGe,True
1773,Fe2TeO5,False
37051,CuBiO2,False
33274,TiBeIr2,False
19406,PrZn,False
6025,BeTl2Ga,False
29393,Na3Co,False
11777,BeGePb2,False
2153,LiAuF6,False
36347,Mn5O9F,False
53233,SrZnF,False
23489,Na5NiSO2,False
35374,Pr3Er,False
49008,RbSbCl,False
47925,Rb2Na4Co2O5,False
18472,TiNb,False
19973,H8C15S3,False
28185,NaYHg2,True
22124,YbCO3,False
36983,Sm3Sc,False
52852,SNCl,False
16566,ThC,False
17970,HfMgPt2,False
24837,V2OF4,False
5536,Ba2SrNi,False
39635,V4O5F7,False
23882,NaO,False
9481,LaMg6Mo,False
45555,TmMn6Ge6,False
22056,Er6FeSb2,False
20697,TbOF,False
34919,MnAsPd2,False
4736,Al3NO3,False
32493,LuGaRh2,False
44254,CdAg,False
29348,TiO2,False
45796,Sn7S2Br10,False
50027,H8C4O,False
48816,HfSnC,False
2845,BaBeGa2,False
20499,H4C8S2O,False
30104,Mn2NiO4,False
52037,Al2As,False
48496,BaBiF2,True
30885,Al2FeCo,False
42770,MgRu2W,False
21517,UV2O6,False
34772,Zr2Co12P7,False
35498,PtN,False
39112,Ba2SmSbO6,False
28008,NaEuS2,False
17996,PdCl2,False
18171,CeB2Pd2C,False
36193,Li4V3Ni3W2O16,False
10110,Mg6NiMo,False
28876,LiTaGeO5,False
42844,Sc2CdOs,False
16079,RbTeAu,False
6852,Li2ZnGe,False
25979,AuBrO2,False
49275,Nb6V2C3S6,False
20153,CrO2,False
26560,NaAgN2O4,False
4067,Sc5Cu5O13,False
25931,CrSb,False
52985,InOF2,False
31907,HfCuSi,False
4490,Al6Fe,False
6746,HfBe2Te,False
17482,K2RbScCl6,True
14348,Na2Te3Mo3O16,False
28402,EuHgPb,True
16318,Sr3Mn4O12,False
24819,Ba3NaIrO6,False
38603,DyH3O3,False
26370,TiSe2,False
9295,KBeMo2,False
531,Cd2RuC6N6,False
19382,CaNiO2,False
4536,BaVCd,False
333,NaCrO2,False
13572,Fe6O11F,False
21763,DyTmCd2,True
37536,Li6PS5Br,False
8672,BeIr2Br,False
28041,HfSi2Ni2,False
44474,Dy2Te5O13,False
18686,CdHg3,True
30010,Mn4ZnCu3O12,False
21089,PS,False
20152,UIN,False
48427,NdCoSbPbO6,False
44476,NaIn3,True
33664,MnF2,False
51225,CaAlGa,False
6883,PuB2,False
34139,CeAs12Ru4,False
48806,ZnHC2,False
26933,V2OsRu,False
18682,YbCe3,False
37171,Rh3F,False
11123,CeGe2Rh2,False
46379,LiMnP2O8,False
19429,SrAs2Pd2,False
42433,SbS7IF6,False
44189,Fe2Ni,False
19085,LaNdIr2,False
44332,SiC,False
14605,TmGa3,False
29653,Ce4B2N5,False
12545,Be2SiOs,False
28418,YHfRh2,False
31136,Li3AlN2,False
10741,TiBePd4,False
7510,EuSn,False
16934,CaMg2Sb2,False
15353,Be2CoSi,False
13047,TiFeH,False
45010,HoNi,False
36137,Al2O3,False
24035,CoN,False
42793,TbK2RbCl6,True
6978,EuSb12Os4,False
28537,Na2HgAu,False
22676,HoNiSb,False
52384,Sm2U2Se3O4,False
21485,Li2InRh,False
6079,Be2GeW,False
35323,MgP4Rh6,False
4619,Ho5SbAu2,False
21381,MgH2C3O4,False
29947,SbO2,False
35262,W2Se3S,False
11761,Be2ZnHg,False
6197,Na2Co2O3,False
24396,BaCeO3,False
10789,Ba4GeTe,False
20469,Ho2TeO2,False
46871,YCu3Sb4O12,False
19164,SrTiO3,False
11945,CoTe2,False
32471,TaNiB2,False
29897,Ag2SnHgSe4,False
577,Li2VO2F,False
4456,Na3As,True
52761,Mn3Fe9C4,False
21489,WO2,False
12231,NdInPt4,False
42890,CaZn2Ge2,True
16033,SrCo2Ge2,False
46437,HfSiPd,False
46496,Ca2MnSbO6,False
45246,NdCl2,True
36913,Li2MnOF3,False
9044,CaBePb,False
41330,Mo5As4,False
13251,P2WO7,False
24120,TlAsF6,True
26248,KC,False
21599,Nd2SbO2,False
53799,BaCdBr,True
15457,HgNCl3,False
6989,CaBeRu2,False
50680,GeH2,False
37781,B2C3N6,False
43717,Rb2InAsCl6,True
50734,Li2Br,False
21300,YTiO3,False
31995,PrRuO3,False
39464,Na3NiO2,False
1482,Ti4H5,False
50930,Ac3Cd,False
75,Rb2MnCl6,False
38098,Dy2SO2,False
25945,SrCdAu2,True
45472,TmAl2Ni,False
6834,LiBe2Fe,False
34967,LiLu2Ru,False
2038,TiGa2O5,False
14054,MgCdPd2,True
18363,CePrO2,False
9785,Ti3SnH,False
2650,Na3AsS3,False
22057,Ge2Te5As2,False
10249,CaLaVFeO6,False
27206,InSb,False
28561,NdSbPd,False
16912,AlVNi2,False
18265,Nb3Pd,False
15371,NbO2,False
15654,TiB2W,False
49771,SmAsSe,False
13869,Rb2TcCl6,False
52459,Er2Al9Pd3,False
14555,CaCd3,True
287,Ba4LaTc,False
5198,Ba2ScTl,False
19489,Li2InSi,False
53375,HfSe,False
38705,HIO3,False
54389,TmU3,False
46988,Ba4Os6ClO18,False
9540,TiNiGe,False
11428,Mg6NbMo,False
29990,Ba4NaAuO8,False
51148,BaSrS,False
16549,Cr2AgS4,False
21139,CaPt5,False
42034,ZrSnRh,False
46896,YSbO3,False
15201,LaAgPb,False
11461,EuInPt4,False
10686,Np2O3,False
49095,SrCuS,False
38589,Li2CrNiO4,False
50163,CaBeBr,False
52216,Li4MnCo2O7,False
8589,MgMo2As,False
2859,ScInPt,False
39760,Ca2Ge,False
38017,Mn5O7F,False
39061,Li2MnCrO4,False
15598,AlNi3C,False
12986,H8C2NCl,False
12050,LiMg6Nb,False
35003,Sm2AgHg,False
21727,TaMoS4,False
28592,TaFe2Ge,False
27587,Pt3W,False
37233,Zn2SiO4,False
53644,InSbBr,False
17276,USb2,False
40611,K4MnCl6,True
23037,MgSiN2,False
33322,KTl3,True
25650,LiMgIn2,False
36969,Pr3Ag,False
7563,MgBe2Sn,False
16074,SnH8N2Cl6,False
48113,NOF,False
33511,NaPrSe2O8,False
11946,Ti4H3,False
1917,Hg3PO4,False
41496,K2GeF6,False
27656,CaScHg2,False
25968,Be2PdRu,False
22700,NaAlO2,False
49073,AlH16C10ClO4,False
33067,Tm2MgGe2,False
12223,Be2SiOs,False
16808,TiNF,False
43005,LiCu3,True
24582,ZnSnAs2,False
24762,Ba2Nd2Co4O11,False
50960,LuCu3S3,False
32916,LiEr2Ru,False
7347,Na6ZnSn2,False
388,NiP2W,False
29971,MgNiH2,False
30075,BaZn2As2,False
22875,Sm5AgS8,False
19148,ZnH12C8O4,False
30996,SiO2,False
45375,SrIn4,True
9156,BeBiSb2,False
40194,NaHCO2,False
45404,K2ScPCO7,False
6483,ScBe2Rh,False
30715,SnPd3C,False
11074,BeCrHg2,False
33016,Y3CuGeS7,False
32463,K5Pb24,False
16492,Nd3Y,False
47776,PbCO3,False
37730,LiFe2P2O8,False
47426,KAuF3,True
1983,MgZrBe,False
26301,MgSb,False
7153,TbMnB4,False
21706,Yb4Y,True
34668,YbSi2Rh2,False
46528,Ni3Mo3N,False
21030,LaCeIn6,False
4440,BaCdSb2,False
939,Ba4CoPb,False
26274,LiAgTe,False
7490,TaAsP2,False
33199,YbGaRh2,False
1827,Ba4LiBi,False
28530,Li2HgPb,True
36253,LiVPO5,False
804,Ba4BiSb,False
12350,YSi2Ru2,False
5469,PH3O4,False
48491,LiH2,False
19219,Ti2NiPd,False
21462,H6C10S3,False
23110,BaPdS2,False
21584,PrUS2,False
43313,Fe3Pt,False
35791,K2O,False
1066,Ba5V5O14,False
53380,HfSe,False
39092,K2O,False
12111,Mg6NbBi,False
6945,CaBe2Cu,False
43663,AlGaCu2Se4,False
33087,YbCeHg2,True
21590,Rb2PtSe2,False
25771,Li2InSb,False
22218,ZnO,False
18035,Rb2NiAs2,False
24971,LiMnO2,False
11121,BeRu2Pt,False
13588,MnBe2Cl,False
48823,CeHo4S7,False
49816,SnH4C2Cl2,False
4797,Sc3FeC4,False
47920,TaRu3,False
34903,Sm2RuAu,False
11211,CaHCl,False
46658,Pu3Al,False
19848,Nd2Tl,False
14099,KZrCuSe3,False
10260,TiBePt4,False
35004,LiHo2Ga,False
47016,Ta4Ni2C,False
4410,Dy5Si3B,False
36147,TlSbS2,False
38559,Na3Sr3GaAs4,False
20436,ZnCuMo,False
53688,ZrS2O9,False
38724,Li2Mn2O3,False
19986,H2C2SO2,False
34869,SmErRu2,False
1417,Be2NbHg,False
6732,AsPtAu,False
42843,Rb2TlPdF6,True
45108,K2Zr7Cl18,False
50341,PdSeBr,False
34412,Tm2RuRh,False
52765,Tm2MgSe4,False
30111,HfN,False
34455,Lu3SnC,False
19650,InPd3,False
49024,H6C6N2O,False
36041,CrAuO2,False
22021,Nd2NiO4,False
6335,AgPO3,False
49725,YPbO,False
45317,Th2P2O9,False
51135,SrMn2BiO6,False
2306,UInPd,False
50240,GaBiO2,False
32643,NaLiO,False
21373,Mn2IrRh,False
28585,CeO2,False
2880,BeIn4Mo,False
23464,MgV2O6,False
1471,DyMn2O5,False
12012,Al2Te3,False
5409,ZrPt3,False
9133,CdO,False
9673,Mo2AsPd,False
29051,TiBrO,False
9031,AsP2Ir,False
44365,TaOs3,False
51216,CoNi,False
34084,Li6CuS4,False
23974,CaCuSi2O6,False
14485,La2CoO4,False
41163,Pr2Br5,False
1619,KBaHg,False
8224,Li2TeO3,False
37438,RbInBr3,False
28421,Y2HfO5,False
8464,Tl2HgGeTe4,False
10332,TaBeRe,False
24304,AlFe2Ni,False
3335,KBaLi2,False
2784,KCoO2,False
38978,LiMnCoO4,False
23709,UMnSe3,False
45513,CrTe4Au,False
28880,ZrO2,False
17500,Tl3Sn,True
23619,Rb3BrO,True
31530,Li3V4O8,False
26721,VRu,False
3844,ZrGaRh,False
48055,TlInF2,True
35302,MgSbRu2,False
35896,U2Ti,False
8148,CaO2,False
13726,CaCeMg6,False
22661,WO3,False
30519,BaNa2MgP2O8,False
51288,LiCuHSO5,False
29641,Li2MnF4,False
29761,YI3,False
5367,BaLi2Cl,False
47194,Mg2IrPt,False
10177,Sr2BeBi,False
20066,CeU2O6,False
12657,CaMnGe,False
5769,Mn3O5F,False
46123,LiZn2Au,True
34704,Lu2Ta2O5,False
38947,K2LiAlH6,False
20223,RbSmS2,False
21570,SrTmO3,False
23425,PbWO4,False
9959,Sr2BeRu,False
49288,NaSrMg2F7,True
10230,MgTi5,False
23090,SrFeO3,False
29169,Ba3BAsO3,False
4571,Ba4FePt,False
3415,LaSnPt,False
43909,ZnCu2O4,False
22289,YHO2,False
38186,Li3VCrP2O8F2,False
36652,LiSiPd2,False
341,RbBaO3,False
23086,Mn4OF6,False
41197,Ce2O3,False
24443,Sr3LiIrO6,False
53454,CaAgO,False
54365,NaAlAs,False
45692,Y4C7,False
45776,ThBi2,False
48962,SnH22C12O6,False
685,FeAgSe2,False
35304,InGe3,False
33360,ScCdPd2,False
24853,Ba2MgUO6,False
28931,AgBrO2,False
32052,LiAsPd2,False
54549,Sm3H,False
27781,NaBiPd2,False
41847,NbI5,False
43990,NaCuO2,False
1550,Ba4ScBe,False
51836,Li2N,False
19808,ZnH14C9O4,False
52873,SeNCl,False
6990,BeGaRe2,False
41052,MnAs,False
10516,LiFe3Sn2S8,False
5336,BaZn2Os,False
50147,V6O7F5,False
20545,LiVSe2,False
21390,H7C11S2N,False
28223,LuTlRh2,False
31324,AlSn2O4,False
26246,CuSbPd2,False
41181,Dy3InC,False
36223,MnSbS2Cl,False
4412,YbInAu2,False
51710,YNbO2,False
44668,Cu2SnSe3,False
40276,Sc7NCl12,False
23787,LiFeSiO4,False
45512,P4S5,False
30841,CeTlCd,True
35173,ScSiRh2,False
52430,Li2Cr2CoO6,False
3434,K2BaFe,False
22062,CeIrOs,False
7023,MgBeIn,False
10189,MnBeIr2,False
52928,NaCl3,False
36534,Ca2SnS4,False
25864,NbI3,False
53621,NaCaAs,False
52564,SrYGa3O7,False
20844,Na2Sn2O3,False
30553,YbNdO2,False
33862,FeSiGe,False
49951,SnH4C2F2,False
20211,MnF4,False
22211,LiCrPO4,False
2085,Na3MgP2HO8,False
35595,Sm2CdIr,False
23217,LiBiP2O7,False
18065,NaLi2Sn,False
49613,MgO,True
4146,Be12Nb,False
42585,Ag3BO3,False
34298,Tm2NiOs,False
11154,LiAlPHO5,False
25028,Ba2NaReO6,False
8347,MgNbAs,False
25729,AgO2F,False
6192,Ba2CaReO6,False
13706,WO3,False
14137,SmSnAu,False
35746,ZrVGe,False
51114,LiV2O5,False
12245,BeCu2Mo,False
40258,CdI2,False
30372,Nb2ReO8,False
14052,HoSnAu2,False
36068,Bi2SeO6,False
1428,Sm2TeO2,False
43709,Li2CdSb,False
38125,LiVBO4,False
27319,YTaRu2,False
24671,TiP2S6,False
16585,TlIn2GaTe4,False
1647,Na2TeH10O8,False
47110,ZnSn3O7,False
33213,LiGaAu2,False
9924,CaUO4,False
16495,Ba2TlSbO6,False
29875,ScP,False
20761,CrGaO4,False
48,Na2Cr2O7,False
19414,InRh3,False
52421,Li4CoCu3P4O16,False
40527,Li4V3SiO10,False
17759,CoTe2,False
26163,UCd,False
50564,SnCO3,False
52223,Li4MnCo2O7,False
11844,BaPt2S3,False
50250,Fe6OF11,False
7705,CrSi2As,False
11261,Be2BiW,False
29788,Ti6Al16Ni7,False
2904,CaAlSi,False
46885,TiAl3,False
54484,Ga3Fe,False
48082,Mn6O5F7,False
34577,NaNi3,False
41065,SmGa5Co,False
22369,ScHO2,False
45577,SrSiO3,False
40502,Mn3OF5,False
3079,BaFeHg4,True
29409,MgOsO3,False
36529,CaSiO3,False
51543,V3O4F2,False
19303,Ca3SiO,False
36642,SmMg3,False
20964,Ce2FeRu3,False
35663,LiHg3,False
32996,MnBe2Rh,False
37913,Li2V2F7,False
43649,Er2MgGa,False
8158,Li3CoO2F,False
3654,LiMn2Cr2O8,False
19450,BaSrHf2O6,False
27556,CaBiCO4F,False
11759,KCo2S2,False
5894,CaGe2,False
11695,LiTaBe,False
8580,Mg6CoMo,False
36081,CaCoO2,False
16571,TbBr,True
3156,TbCd,False
21825,Rb2HgIrF6,True
35071,LuSb3,False
29017,LiY2Co,False
7226,Be2CdCu,False
12502,ErNi5,False
1235,BeCo4Os,False
20694,H6C11S2O,False
36833,TbZr,False
43565,ErTmZn2,True
49295,LiNiP2O7,False
42881,Ca3P2O8,False
43664,BaLaCo2O6,False
4517,Ba4TiIr,False
1396,Ba4YSn,False
19525,RbErO2,False
13272,K2BePd,False
17336,Ti3Cd,False
33079,TiSi2,False
5347,Pu2SnPd2,False
21588,TbSi2Ru2,False
51474,Li2Sb,False
17010,CeHoZn2,False
28366,Al2Bi3O9,False
3570,LiSb3P2O10,False
8405,MgBeRh2,False
5129,Ba4FeGe,False
17462,CdH12C8O4,False
11819,YbAg2,False
20796,Na3ErCl6,False
3321,BaCd2Cl,False
17246,SmCo2Ni3,False
19952,PaFe3,False
22316,Na5Mn7O16,False
30131,MoO2,False
44788,CeMgSi2,False
43181,Er2Ti3Si4,False
34150,CeZn2Ag,True
13684,Mg6NbMo,False
26952,Sm2C3,False
18212,YbZn2,True
19146,Cu3SbS4,False
34939,CaMgHg2,True
40191,Ba2YV3O8,False
27585,AlGaO3,False
13441,TiBeCo2,False
44323,Tl2S,False
4671,BaNi2Br,False
36712,NiAu3,False
22361,Ta2InCuTe4,False
7888,HfBeRe2,False
10283,Be2CrRh,False
12001,BePPb2,False
21269,MgSc3,False
12993,Sr2TaBe,False
39622,LiMnCuO4,False
54149,VAg3,False
27977,Lu2CuRu,False
21259,PbCO3,False
5909,BeCuTc,False
25872,PH2F3,False
14738,TbGe2Ru2,False
22604,Ga2CoS4,False
49915,AsN3,False
42727,Li2VGa3O8,False
54013,HfSe2,False
26736,Mg3V,False
20338,TiAlNi2,False
44958,Al3Ni5,False
8811,NbSeOF7,False
50171,Ni3OF5,False
15428,PtO,False
2628,Li2MnF4,False
10936,Be2FeTc,False
12303,LiHf2Be,False
52157,LaIr3,False
37332,SnO,False
51188,BaAgSe,False
21222,ErGa3,False
36496,Ag2PdAu,False
9491,NdSiRu,False
4005,Ba4YW,False
3674,K2BaP,False
458,Ba4MgTe,False
2647,CrS,False
40412,SrMgH4,False
7121,NaNiPO4,False
52467,DyMoO5,False
6806,UBRh3,False
45199,B2W,False
20794,Na3Cd,True
28624,CaCl2,False
32454,LuPaOs2,False
24451,DySbPt,False
34250,CaLaCd2,True
49568,ZrH12C8O4,False
21634,Sr2Mg,False
42464,LiVF4,False
41821,AsCl5,False
17032,ErAgSn2,False
18440,Fe2SbTe3,False
9127,TlTcAs,False
16110,Yb3Ba,True
19067,Rb2LiAlF6,True
17882,Ce2Si3Ni,False
30310,KMgH3,False
50211,K2RbTmCl6,True
46340,RbI3,True
52268,Mg2SiSe4,False
24811,BaH4O3,False
27483,InOF2,False
18990,Rb3GdCl6,False
19574,WBr6,False
21751,RbCrO2,False
9519,Mg6CrCo,False
29838,Co3O4F2,False
45875,Sc3As2,False
17588,Al2CuMo,False
31764,Yb2PdRh,False
49133,Bi2MoO6,False
2959,PAuClF3,False
26686,FeCuRh2,False
14927,Li3V4FeO12,False
15324,K2LiTiF6,True
51688,GeC2,False
11,Fe2SiO4,False
1892,Li4Ti5Cr3O16,False
18335,PuBrO,False
26183,LaMgTl,False
49738,LiV2F7,False
42759,Yb2TlCd,True
43070,MnFeSi2,False
30820,Sr3Co2Cu2S2O5,False
9999,AlN,False
47930,SrCrHO2,False
48033,CuI,False
20097,Dy2TeO6,False
5369,BaNbSe4,False
40751,Na3CoO3,False
41618,DyTl,False
29647,Co9Se8,False
44627,Ag2F,True
27003,LiFe2O4,False
15290,TmB2Rh3,False
53885,AgAsF2,False
53735,AsPbS,False
32375,ReRu3,False
41397,CaSO4,False
50071,BaGeBr2,True
48931,NCl3,False
42681,ErGeBiO5,False
23094,SiO2,False
17368,PrSiOs2C,False
28622,Al2CuTc,False
40064,CrH,False
26763,IrN2,False
32676,Te2MoWSe2,False
38720,Fe3Ni,False
27426,Li2TiCuO4,False
29074,Ho3CuSnS7,False
30398,Ba3BiN,False
2679,EuAl2Ge2,False
3587,ZrIn3,False
37387,Tl3Cd,False
6539,ZrBe2Hg,False
9478,YbAuO3,False
10537,LiP2WO7,False
53881,BaHfSe,False
1446,MnAlO3,False
41675,SmCd,False
5730,Ba4NiGe,False
4013,Ho5NiPb3,False
21594,H3C2O,False
8154,K4SrSi3O9,False
43330,CuAsSe2,False
51854,LiCoSiO4,False
32812,NdMgZn2,True
18058,TbFe2SiC,False
2069,V6H4O13,False
41054,Mo3O8,False
30866,Sc2OsPd,False
11310,BeCrTc,False
11411,CoO2,False
37381,YbP3,False
52195,MoCl6,False
45782,Dy3Al2,False
42796,ScGa6Fe6,False
49178,Ho6InCo2,False
119,Ba4TiNb,False
34776,KRb2MoF6,True
20531,TiH8C5O4,False
45764,LiCr3O8,False
51949,Fe10O9F11,False
12076,BeBi2Cl,False
35559,CaMnF5,False
47046,Rb2V3O8,False
13545,RbH4SNO4,False
16011,Mn2InCu4Sn,False
20571,AlPd,False
41573,ZrZnCu2,False
50082,H8C9O3,False
23003,Li2BiO3,False
51443,BePdSe,False
24302,SbOF,False
8740,RbN3,False
2980,BaSiP2,False
9248,Be2SnGe,False
42733,SrAl2,False
36357,Ba2MgCd,True
27257,LiIO3,False
26576,Hg3S2F2,True
48995,PtSCl2,False
49444,In2I,False
11301,NaBe2P,False
53634,Rb2InBr,True
39508,VCdO3,False
52206,TiZnF3,False
5116,ErB2Ru,False
2583,K2CS2O6F2,False
49427,Na3FeO3,False
13691,SrIn4Ni,True
9223,Li2CrFeO4,False
2164,LaCdB5O10,False
49589,MgMoO,False
26080,YbH2,False
47823,TbAlCu,False
6538,Ba4TcGe,False
51525,CBr2,False
22398,TaCoSb,False
15056,PmSm3,False
4377,BaReBr2,False
48573,BaMoP2O8,False
3326,BaNiPt2,False
22381,Na5Co2S5,False
43759,MnCoSnPd,False
37664,YNbRu2,False
20859,Rb2NaAsCl6,True
27867,VO2,False
43430,SrWN3,False
8858,NaBe2Ge,False
39886,NaP4N7,False
45721,RbTlS2O8,False
15159,Cd3Bi,True
36837,LiFeSiO4,False
48589,BaTlTe,False
1500,Ba4MnMo,False
54137,Cu2AgSe2O10,False
29965,SrAl2Te4,False
43428,KRb2GaCl6,True
3520,BaIn2Sb,True
52350,LiV2PO7,False
38635,NdAgAs2,False
42783,TbHoIr2,False
33168,Tm2HgOs,False
5188,BaBiTe,False
6982,NClO2,False
25962,KNaICl,True
4658,MnO2,False
51275,La3Bi4Au3,False
51796,AsI,False
39422,YbRbI3,True
11131,K2BeMo,False
5078,Ba4IrPb,False
6040,Ba4HfO6,False
51155,Na5BrCl4,True
44953,K2Cd3S4,True
21903,K2PdBr6,True
4798,TeSeO4,False
1819,LuU4S5O4,False
44128,LiTi2BiO6,False
6434,HoNi4Au,False
20399,PaBiAu2,False
21454,HoBO3,False
2254,Fe2C9O9,False
18733,TbAgSn,False
46970,YFe4Cu3O12,False
34235,Al2IrOs,False
22701,SnO,False
12174,HfMg6Zr,False
28490,Zn2CuRh,False
35375,YMgCu4,False
24091,MoH4O5,False
9853,Ca2Se3O8,False
28026,Ca3UO6,False
38416,Pr3TaO7,False
17920,HCF,False
38991,SmAs2Au,False
40858,TmIn3,True
5280,Ba4TaRu,False
3750,BaB2F8,False
4378,AlVO4,False
13127,RbVF3,False
30526,TiS2,False
10095,CeScSb,False
958,ThGaIr,False
9258,Be2ZnSi,False
9693,MgBr2O2,False
25856,SrPbO3,False
10746,TiBe2Ge,False
18030,In2SnPb,True
8227,TiBe2Bi,False
6255,SrBeCu,False
9975,MgBe2Se,False
38747,Li4CrO4,False
2540,BeInCl4,False
32854,PrFeSi,False
30685,Ag5SbS4,False
22001,MgSe,False
53598,Sr2HoTaO6,False
20530,SmMg2,False
49237,H10C17SO,False
39560,NbSe2,False
31005,WCl6,False
51315,MnNb4Se8,False
28764,NaYAu2,False
2557,Cr3N2,False
45793,Y4Ga12Pd,False
46130,Er5Ga3,False
51392,Li2Mn3TeO8,False
19783,NaNbSe2,False
15693,SbOF3,False
11215,KMg6Cr,True
51449,ZrAgF3,False
88,SnHgO3,False
10705,NaLi2AlF6,False
45783,Ba3Bi2F12,True
11971,TmSi2Ru2,False
15909,AlCoO3,False
20507,CdNiO2,False
34964,Ho2OsPt,False
23995,V2PbO6,False
18889,Hf2Ni7,False
43805,TlBiS2,False
29444,LiNiPO4,False
20570,CCl3,False
8251,GaAsRh2,False
26670,HfMg,False
2448,Li2Mn3TeO8,False
34399,LiCa2Cd,True
3050,ErSn2,False
30266,PtC,False
43229,MgTi4S8,False
18074,BaBiBrO2,False
45019,LuGe2,False
3438,Ce3Ag4Sn4,False
12175,TaBe2In,False
46091,CaSb2O4,False
34786,Na3Al,True
364,BaAl4O7,False
46075,UFe5Si3,False
21398,GaAgTe2,False
7903,TmAgS2,False
38331,K3SbSe3,False
4185,BaMoSe,False
9336,BeRe2Br,False
26546,YTaO4,False
4698,Dy2CN2O2,False
25478,KCuF3,False
47463,NdGa3Ni,False
7920,NaBeRu2,False
16551,NaCrSe2,False
2693,Li4CO4,False
37524,H16RhN5Cl6O3,False
10822,CaBeNi2,False
53084,BaPbS2O8,False
46139,MnPO4,False
16617,Ba2TaMnO6,False
4369,BaNaZr,False
9300,Tb5SbAu2,False
32038,MnIr3,False
32807,NiBi3,False
19573,Fe3O5F,False
37098,MgNbRh2,False
22566,Sm2Ge2O7,False
9369,NaAsRu2,False
32191,Lu2AlOs,False
28126,HoGaRh2,False
6986,Be2VGa,False
2163,Li4BeRh,False
21012,LiSbPHO5,False
47204,KRb2TlF6,True
5343,BaNaSr2,True
14752,Y2RuAu,False
18144,ZnH6C5O4,False
4726,BaSnHg,False
53188,LaFe2PbO6,False
43827,YbNaO2,False
46088,TlAgTe2,False
42167,AcAg2Pb,False
14193,K2DyCuCl6,True
9078,Re3P4,False
52029,Zn3Mo3O8,False
42778,LaPrMn4Si4,False
18613,Tl2GaCu3Se4,False
47541,LiPr2Ga,False
38090,Li4VF8,False
20346,CdH14C9O4,False
25917,PbCN2,False
18714,BiSb,False
25895,VO2,False
16329,Sr2PrNbO6,False
3515,RbAuSe2O8,False
25135,SbH3OF6,False
1104,Ba2LaIrO6,False
32280,Tm2OsRu,False
50697,Sr3Hg,True
20205,SrMn2Si,False
13533,UCr5P3,False
41334,MnNi,False
6935,Si2H2O5,False
18765,AgPd,False
4499,Ba4TcIr,False
1813,TiFeP2O8,False
53609,NaCaAs,False
18369,MnO2,False
41893,TbBaMn2O6,False
1950,Dy2TeO2,False
30816,Al6Re,False
23267,YbC2,False
43012,TiVRu2,False
33812,CaTmPt2,False
24770,Hg2P2S7,False
42653,Mg3Mn4O7,False
11640,BaCaI4,False
5955,BeMo2Br,False
41753,BeNb4Sn,False
52581,BSe3,False
16811,Te2Mo2WSe4,False
19765,CeMgNi4H4,False
23839,CaW2N2,False
27349,LaCd2,True
13789,Pr2CuIr,False
51964,SrPbO,False
36276,YN,False
11789,BeFeBi2,False
33777,Al2FeIr,False
26540,Ba2AlV3O8,False
20286,Zr2SnC,False
41805,Hf2Ag,False
16886,AgHg3,True
42823,Li2Cr2O7,False
36190,KHO,False
772,BeP4Rh,False
20037,NaTiO2,False
33611,ErNi2,False
22308,La2GaNiO6,False
23085,Na3SbO3,False
15984,Al3Sn,False
13432,SiO2,False
13421,BeFeW,False
2887,PdAu2F8,False
20158,CdPS3,False
16913,YBi3,False
49209,GeCl3,False
2291,BeNb4W,False
21114,YbB2Ru3,False
25993,Mn2OsC6N6,False
32086,KAlS2O8,False
25145,Rb4CO4,False
12031,Be2NbRe,False
46569,LiDy2Cl5,False
32432,NdTe3,False
32107,CaNi2,False
37845,GeBi2Te4,False
33045,SmAgHg2,True
13865,LaF3,False
7921,Hg2SbAs,False
17072,ZnH6C5O4,False
49302,ZnGeS2,False
710,Tm4B6O15,False
1092,Fe8O9,False
36792,GaTe,False
5472,V6O11F,False
11405,KBe2Cd,False
9179,Be2TcBi,False
36693,SnC2O4,False
27605,YTlO2,False
39080,TiI3,False
46700,MgBi4O8,False
34529,Ge3Sb,False
10423,Be2SnHg,False
14772,CaPm3,False
37594,Al2Cu,False
13692,BeTcSn2,False
26288,PrCoC2,False
1974,Ni6Ge2B,False
2167,CaMnSi2O6,False
22256,MgTe,True
41896,YbClF,True
2906,BaMnIn2,False
52687,BaSe3,False
48544,BaCl2,False
19859,H2C3SO2,False
37921,LiVP2O8,False
39287,Lu3TaO7,False
53293,H2Cl,False
14345,Mo3Pt,False
19492,SnH22C12O4,False
52358,RbHO,False
28932,Sr3AsP,False
43844,MgSc2Ga2,False
43346,TiCl3,False
21633,ZnGeP2,False
12246,Y3Al2Ni6,False
31675,BaGeF6,True
50415,Sr3LaCo2O8,False
45195,InPH2O5,False
15401,HfAsPd,False
29425,Ba2TlSb2O7,False
39724,TaZn2SbO6,False
51000,LiRh3,False
17354,Bi4Te3S3,False
40986,Ce3Sn,False
44820,NbSe2,False
45707,TiAl2,False
43438,NbMo3C4,False
31905,Ce2C3,False
16772,SrCaSi4,False
28502,Sc2PtRh,False
5545,KBaV4,False
46808,YbMgGe,True
45244,Dy5Ni2Sb,False
32840,Pa3Te,False
28711,LiY2Tl,False
22863,LiFePO4,False
53519,MoBr,False
38562,Li8SiO6,False
39694,Li2MnV3O8,False
3782,BaZnBi,True
3988,BaZrTe2,False
15611,SrNi2As2,False
1890,Al5C3N,False
49619,Mg2O,False
13626,CeIr5,False
33573,V3S4,False
6054,LiBeTe2,False
12639,KBe2Co,False
21138,CdGeP2,False
21810,LiMgN,False
37252,Tl3Cr,False
26923,RbAuO,False
14647,Dy5P12Ru19,False
47545,Rb2AgSbCl6,True
12805,LiMnF4,False
40915,NaAsS2,False
28306,Sr3Bi2,False
19254,Tl3Ag,True
42959,LiVF4,False
51089,KPaO3,False
15587,CrB2Mo,False
29962,SmSi2Os2,False
16622,K2InAsI6,True
48905,H2C6SO3,False
21852,K3Rb,False
25460,NiP3O9,False
20256,ZnCo,False
24590,Nb2SnO6,False
29468,NbC,False
53215,YSnF3,False
29626,ScCu2,False
5456,Ba4InMo,False
16380,Pm3Tm,False
14084,LiMoN2,False
14663,Li5Ti2Cu3O10,False
44524,YSi2Ir2,False
28371,InSnCl3,False
38842,Sr3WO6,False
297,Al9Co2,False
51426,LiVOF4,False
47255,YbAcAg2,True
11095,BeTe2Br,False
52150,VOF2,False
34175,AlAu4,False
12691,NaVF3,False
32640,Li2HoIn,False
35476,MnNi,False
34750,ScVRu2,False
14267,Li2LaTa2O7,False
50500,BaSnN2,False
32466,UWC2,False
10930,Ba2LiMg,False
34429,CeNi2P2,False
20038,UBrN,False
27245,BaCl2,False
30480,UInNi2,False
51780,AsI2,False
31225,Ca3SbAs,False
29787,TaC,False
2729,LiMnO2,False
10657,Ba4NbGe,False
38386,KRb3,False
14300,Pr3AlN,False
13223,VOF,False
25711,BSF7,False
20597,Ca2Zn3Ga,True
28574,TbHg2,False
46893,K2ZrF6,True
14202,U2PN2,False
52537,LiV6O7F5,False
35850,YTe,False
45892,Sr3CdO4,False
36865,Zn3Rh,False
9978,BeTlSi2,False
26678,ZnGaIr2,False
33100,Tm2IrRh,False
41090,Tm2MgSe4,False
48192,SrTaO3,False
27407,Li3Zn,False
14794,Mn2NiSn,False
12435,La2BeZn,False
30053,AgAsF6,True
35260,ThFe2SiC,False
13299,SrMnBi2,False
39613,Sr2CoMoO6,False
37856,Na3FePCO7,False
31111,FeS,False
37106,Sr4S3O,False
13128,Te4MoW3Se2S2,False
18375,K4CdP2,True
38180,NaYSe2,False
16588,LiAgF4,False
6382,Mg3Au,True
52826,Co3O2F4,False
4975,BaCdHg,True
40321,K4P2O7,False
45957,V3Co,False
21216,BiAsPd6,False
52843,ZnHCl,False
37267,Pr2CdSn,False
20483,TaTiCN,False
30688,Ti3Sb,False
13085,Be2ZnSi,False
48687,SrDyCoO4,False
39841,Rb2SeO4,False
44781,CaMgGeO4,False
51540,MgSO,False
6363,Li2CrPCO7,False
31798,InSb,False
17915,ZnSnSb2,False
43366,CaLaCo2O6,False
51236,Ce2NiSn4,False
49172,ZnH4C4O4,False
12872,LiBeCr2,False
41804,Ca3MnN3,False
53822,BaSiC,False
37801,NiP4,False
6113,CaGe2Au2,False
2381,Fe3Si,False
21324,Yb4As2O,False
4882,BaLiCl,True
12792,YbCo2Ge2,False
50492,RbCl,False
43341,Rb2GaAgBr6,True
41180,HoSi2,False
31565,Na15Pb4,True
1742,TmSiAg,False
4406,CuAuF5,True
15449,Li2NbCo3O8,False
53825,BaCdCl,True
13230,YPt2,False
26363,MgZn,False
13158,LiFeP,False
46519,Yb2In,False
43266,Rb2NaAuBr6,True
42979,AgBiSCl2,False
30344,US2,False
24316,ZrIr,False
20578,NaLiS,False
43016,RbSnF3,True
37119,Rb2NaTlCl6,True
24164,NaN3,False
53877,BaPbCl2,True
47788,LiAgO,False
2897,KTeOF3,False
25251,Sr2CrSO3,False
29709,Mo2WSe4S2,False
19431,Th2Si3Ir,False
16364,LaSe,False
47415,K3Mg,True
18312,TlBiSe2,False
2821,Ce2Al6CuAu,False
38259,SmTlSe2,False
22108,TbBPd3,False
53681,MgN2,False
6593,Ca3In2As4,False
10276,CaTlF3,False
30580,Li2V3O6,False
26353,SrMg,False
48739,AsNO4,False
31597,Rb2LiGaF6,False
7792,ZnAsPd2,False
20934,Sm3SnN,False
35790,BaTl3,True
47280,CoNiPt2,False
2117,H8PtO6,False
31832,CaCl2,False
15555,SN,False
10899,BeCo2Se,False
20724,As2O5,False
45350,CaTiPO5,False
25268,HoTe3,False
6183,BeGeTe2,False
16264,HoCoRu,False
53516,MoBr2,False
26937,Yb2K2O3,False
44023,Ac3Pm,False
53400,RbMn4O8,False
15104,ZnIn3,False
48560,MgTeO,False
16802,K2PtCl4,True
31371,Tb2InPd2,False
33286,AcBiAu2,False
17752,K2NaYCl6,True
50003,NbCr3Ag2S8,False
1140,BaH2C2O4,False
26118,FeSe,False
1251,Ba4WBr,False
33970,Ca2SnHg,True
41541,Na2ZrSiO5,False
33372,Na4Bi2O5,False
30353,Li3PO4,False
34899,Nd2Cd2O5,False
47878,LiMn3O4,False
51624,LiV3O4,False
33832,NaLi3,False
14430,BaZn2N2,False
18116,LaCuNi4,False
50007,BPbO,False
53751,SrCN,False
30951,N2O5,False
17373,P2Pd,False
38414,AsH3,False
10104,Li2Fe2OF6,False
46698,Li6Zr2O7,False
25312,V2HO4,False
23663,KH2N,False
5325,Ba4NiPt,False
1285,BeGe4Ir,False
32650,TmGeRh,False
20873,MnV2Ru,False
10218,Be2TlMo,False
50991,MgBC,False
38405,LiVO2,False
38699,YPd3,False
33997,Sc2PdAu,False
47962,K2RbGdCl6,False
34969,CrF2,False
21907,Nb3Cl7,False
20895,Ca6MnN5,False
24793,MnP2,False
21854,K3AsCl6,True
22907,LiCuS,False
18861,P4Se5,False
50548,RuCO2,False
54470,SmVO3,False
22838,Pr5AgSe8,False
42142,Rb2NaInBr6,True
20624,LaTiNO2,False
31869,Lu2MgOs,False
31174,Ce3Zr5O16,False
53366,HfZrO4,False
23805,RbScO2,False
50612,CuI2,False
18135,LaZnAgP2,False
3980,ErFeGe2,False
44494,TbPOs2C,False
48799,Sc3Cu4Si4,False
21388,LiAlSi,False
18547,TbHoIn2,False
40507,VFeH2O5,False
22145,SmCrO3,False
34706,MgScHg2,True
43076,Er3Pd2,False
54454,GaPS,False
35771,Sr2FeMoO6,False
30793,AlCr3B4,False
1641,Li3VF7,False
38253,DyNbO4,False
12077,BaAl2Cl8,False
29651,RhN,False
46522,SmMgGa,True
26901,LaN,False
28472,UCl6,False
1346,InH7N2OF4,False
52083,Li2Fe3F8,False
31121,Mo3P,False
6501,BaInCl,True
46222,Li2BiAu,False
2703,CaCrO3,False
32085,ZrFe4Si2,False
9664,Be2TlV,False
9195,Be2CrFe,False
27782,MoW2Se2S4,False
2707,BaZnBi2,False
47216,Hf2NiS4,False
35481,TbHg3,True
16065,Ba2SrI6,False
25248,ScAlIr2,False
41997,LuMn2Ge2,False
52642,Na6Cd7S10,False
34979,ScAlCO,False
45976,Sr6Sn2NF,False
30367,TbGaPd,False
9545,LiBe2Br,False
19617,Li3CuO2,False
27377,CdIn2Se4,False
38597,ZnN,False
35511,SmErMg2,False
53299,HCl,False
12653,Be2NiRh,False
5930,SnO,False
40745,YbLiPb,True
21245,Mn2OF2,False
53385,BaOF,False
887,Ba4HfCd,False
10248,ZrBeCl,False
20853,ZrW2,False
4872,BaBi2Cl,False
12518,HfFe2,False
30730,ZrCd,False
27125,VNi2,False
47800,RbCaN,False
16969,AlNi2As,False
23797,Cr3O8,False
8952,LaOF,False
37358,LaDyMg2,False
36375,Tm2TeO2,False
49624,Li3Ti4VO8,False
8489,YBe2Ge,False
44748,CaSn4O8,False
43595,LaPmRu2,False
1737,Mg6NbC,False
36251,MnBr2,False
3002,Mg4BeRe,False
27183,YAl,False
25305,Na3BO3,False
51812,Li2F,False
11207,Be2CdW,False
53124,NaHfF2,False
21831,LaF3,False
10265,BeCrNi,False
35077,ScNbRu2,False
20422,H2C3S2O,False
6406,BaScNi2,False
22584,H16C8O5,False
53716,BaBN2,False
23443,HfMn2,False
49660,LiMnPO4,False
43159,YCCl,False
17659,K2NaMoO3F3,False
970,CoO2,False
19874,Sr2MnClO3,False
27628,BaCSNCl,False
49429,AlGeH,False
34113,Li2NbS3,False
31013,PmMgCd2,True
17510,Li2CoN2,False
48343,InH,False
18185,CuMoO4,False
37999,Na2AlPCO7,False
29784,NaSnPd2,False
47087,FeI3O9,False
27481,Tc3H,False
46040,Si2Os,False
5900,DyRh5,False
8206,Ce3Sb3Au2,False
27594,ZnTe,False
9556,NaTc2As,False
7719,LiBIr,False
39601,Co2N,False
26146,SrHg2Pb,False
6846,CaBeNb,False
44840,ThP2O7,False
11627,MgScSe3,False
33796,CaNiTe,False
626,Li4MnF7,False
32200,YbCoB4,False
9906,BaSO2,False
32667,Sc2O3,False
16632,K2RbAlF6,True
6065,InSiCN,False
10122,ZrBeCl2,False
49214,Na2CoO3,False
44181,Cr3PtN,False
38347,Na2Zn2O3,False
14185,Ho2BiO2,False
11094,KBe2Co,False
3676,Ba2CuGe2O7,False
11266,CaMnBe2,False
8928,CaBeMo2,False
44514,LiAsS2,False
12201,Be2VTe,False
25070,TlFeSe2,False
44269,CdSn3,False
43148,ErZn5,True
27672,NbZnRh2,False
42685,Ti2MnTc,False
5320,BaGaW2,False
41774,Er3Mn3Ga2Si,False
40396,YH3C3O6,False
37953,Nb3Fe,False
22068,Dy3AlC,False
1672,SnCl2,True
31237,NaPmAu2,False
5019,Ba4LiOs,False
46396,CaSnS3,False
2190,Ho2H4CO7,False
35016,TaInNi,False
33426,MoW3Se2S6,False
8820,Mg2BeFe,False
51101,BaCdSe2,False
29799,Er2Mg,False
32103,LuCo2,False
20080,TbAgTe2,False
26320,HgBiPb2,False
37096,ScH4Pd3,False
32878,DyLuMg2,False
53205,TlSnF3,False
33065,TmMgHg2,True
8717,ScCuGe,False
8738,TiO2,False
43778,TaAgS3,False
9446,ScInPd2,False
25472,YbPt,False
49665,Li3V2C4O12,False
5555,RbNa3H4,False
51872,CdSnTe,True
30467,Ca3SbP,False
28307,K2HgSe,True
23727,Li3Fe2C4O12,False
12212,SrBe2Ge,False
41901,Ni2P2O7,False
41469,TaTe4Ir,False
52742,LiAlPO5,False
15731,CeNdAl2O6,False
11230,VCoSb,False
26133,GaCoRh2,False
39791,Nd2V2O7,False
22345,TiSbRu,False
46390,KGeCl3,True
41515,Dy3MnB7,False
25704,TeMoWSe3,False
8722,Be2CuNi,False
48101,Mg3N,False
8025,HfBeSb2,False
13113,AlPS4,False
44500,ScSbPb2O6,False
5376,HfBeRu,False
10195,MgBeV2,False
35788,Sc6NiTe2,False
34880,Mo3WS8,False
51486,SmAlO3,False
13013,Be2NbNi,False
35056,RbSmO3,False
51565,IBr2,False
25935,CaNi2O4,False
40703,TlCdN3O6,False
26557,TiO2,False
16541,Na3La,False
15848,NbRhO4,False
16481,NdScGe,False
20222,V2GeC,False
35345,Pr2Co12P7,False
7155,KBAs4,False
1194,BeTeP4,False
298,TlCoF3,False
13831,LiMg6Si,False
34015,Al2FeNi,False
8561,Li3P,False
36521,FeC2O6,False
17883,LiPb3,False
28618,LaSbPd,False
6954,BeGaPt,False
34629,CrGeRh,False
12322,Be2IrW,False
4212,Ba4LiW,False
52017,SrPCl2,False
32211,KBePO4,False
18886,BeAu,False
6042,Sr11Al4Sn3,False
38268,LiVC2O6,False
35700,NdSn2,False
25634,LiAlO2,False
39518,Fe4OF7,False
9868,YBe2Cu,False
7807,Na2P2PdO7,False
16803,K2PrAgI6,True
53892,BaTlO,False
38983,YAl2,False
13614,NaMg6V,True
13276,TiBeTe4,False
797,KTmI3,True
25432,Li3V2O4F2,False
51159,MoIr,False
31078,Ti2MnGe,False
26764,Na2SnO3,False
30932,TeMoSe,False
45315,DyGe2Pt2,False
43363,CdAu2F8,True
29855,UBi,False
29940,NaTeO3,False
41048,SiCu2S3,False
2724,CaAl2SiO6,False
27233,Mg3BN3,False
24892,TbCuS2,False
34478,TiBiRh,False
42609,KNiP3O9,False
35889,LiMnPO4,False
35614,Ru3I,False
23628,AgH4WS4N,False
52015,LiV3O8,False
48747,NaTmTi2O6,False
6904,BeNbTc,False
4473,PrPOsO,False
50747,Er2CdCu2,False
4066,BaTlZn,True
49157,GaI2,False
23089,LiMnPO4,False
7198,Fe13Co3,False
24801,Mn3SiIr,False
11721,Ti3Se,False
12741,Na2NiO2,False
48973,CaMn2O4,False
26243,Mo3Se4S2,False
42417,SmBeF4,True
27538,SiO2,False
8277,HoSi2Ni,False
46747,Li2Mn3SbO8,False
30338,HoCoSn,False
36730,LiSi2Rh2,False
40748,Li5AlO4,False
21326,CrO,False
53949,CdCN,False
23956,K2B2S7,False
53166,Li3V4FeO8,False
35437,Ag3Rh,False
8743,Cu2AsAu,False
45069,Na2Si2S5,False
21773,RbDyS2,False
10286,Be2FePd,False
41370,ThFe2Ge2,False
3755,Ba2LaNb,False
21073,SrAg2Ge2,False
12929,BeGe2Se,False
30399,Li2FeF4,False
15921,PaInNi2,False
16906,Rb2GeF6,True
3222,CaBi2B2O7,False
40493,YMgIn,False
45500,MgInNi2,False
32710,Ba3Si2B6O16,False
32865,Li2PmIn,False
3277,MgMnO2,False
29392,CaMnO2,False
11774,Tb3Pr,False
54358,ScU3,False
21526,Be2IrRu,False
43496,Tl2CoF4,True
17399,H5C7NO2,False
1796,Li4BeOs,False
47636,Ca2Zn3Ag,True
34933,YBi2IO4,False
1556,BeNbW,False
27961,LiZrSe2,False
6343,NaHg,False
32489,Li3SmSb2,False
3408,LaCuSO,False
14383,Er2S2O,False
14879,Lu3Cd,False
41473,CaHg2,False
28577,YbCoC2,False
8100,Li4SnB2O6,False
4065,RbNi2F6,False
9289,YMnBe2,False
24350,PbSe,False
8162,SiPb2Se4,False
42400,U3Al3NiRu2,False
2866,Ce3In3Ru2,False
24875,Bi2O3,False
54296,CaBr2,False
52838,VOF2,False
45345,SmCu,False
51037,Ca9Fe2N8,False
8095,PdCl2,False
37663,H4INO4,False
4725,BaHfTe,False
34354,PrTmTl2,False
10948,BeZnFe2,False
40543,Mg2Sn,False
52366,Ti4FeCoS8,False
32422,Ba2RuO4,False
41291,YbNi2,False
40209,FeCo,False
11672,MgCuAs,False
11736,Li6FeO3F3,False
8479,NaBe2Rh,False
35266,Sm2CuIr,False
45312,LiNdGe,False
444,DyAl3,False
20244,InPt,False
21681,Pr2FeSn4,False
18845,Sr3Er,True
21788,Mg2CoIrO6,False
1498,Ba4InCu,True
20449,PmPrZn2,True
35667,K2PaF7,True
13979,Tl2TeS3,False
49775,Sm2ZnPtO6,False
44200,K2SrP4O12,False
2095,BeIn4Si,False
20513,H10C17SO,False
26158,WS2,False
17086,Rb2HgAsCl6,True
5572,Rb2NiF6,True
10538,TaMnBe,False
30303,CeSe2,False
45493,NaC,False
42102,SrAgO3,False
44937,Sm3Sb5O12,False
43131,KTi5Se8,False
45004,Er2SnAu2,False
18983,LiAl2Cu,False
27020,CaZrN2,False
41585,ErHg2,False
40844,Mo3WSe2S6,False
40779,NaC2N3,False
46303,BaSi3SnO9,False
13234,Be2TePt,False
18489,YMgSe3,False
47094,Te5Mo4S3,False
31331,DyTe2,False
8038,Na2CaBe,False
6929,MgN8,False
14159,Rb2AgAsF6,True
21918,HoAu3,False
37517,Na3BrO,True
15582,Eu2TlCd,False
41303,TiTe2,False
32695,Cr4FeCuS8,False
20611,Rb2Te5,False
35026,TbAlAg2,False
35715,Pr3Hf,False
34491,Y5Si3,False
21719,Li7NbO6,False
36452,NCl,False
49493,KTe2,False
53009,RbInF2,True
22558,ZnCdPt2,False
13899,CrP2W,False
7445,AsIrW2,False
17154,BaSrZnWO6,False
42132,K3VS2O2,False
33529,LiHoIn2,False
20662,Ti2CdO5,False
23546,TcSO6F,False
48744,RbTlBr,True
35938,Th2CrN3,False
15383,TaNi2,False
48642,Co2O3F,False
25829,SrCa2I6,True
15978,SrLaMnO4,False
26650,Np3Be,False
46713,TbFe3B4O12,False
5482,La3GaBr3,False
9311,ZnPd3,False
22820,PrIO,False
50714,Zr3Ni,False
30893,Tc3N,False
6302,LaBeRh2,False
14559,Nb6PdRh,False
33844,HgS,False
24470,MoPH3O7,False
49368,SnH4C2F2,False
13377,BeTlSb2,False
3220,Tb6Al3Si,False
22913,H8C8O,False
15527,SrEuIn2,True
53786,Li2AlCoO4,False
54001,Ge2O,False
7809,Be2MoRh,False
150,Ba4ZrPb,False
35122,Sm2ZnIn,False
6440,SmCuSb2,False
18327,K4NaCl5,False
46094,K3VCO8,False
24800,K2HgS2,True
30759,CoCl2,False
45583,NbN,False
24612,NdTeF,True
44926,MgNiSb,False
34912,MgV2O4,False
15514,Ti2SnC,False
30817,K2ZrSi3O9,False
13316,LiFeF4,False
39703,DyWO4,False
38835,TbCo2,False
16513,Li2MnF6,False
22195,P2PdO6,False
19362,Mn3O5F,False
32527,LiNbRh2,False
49372,TbRu2,False
22615,SmCd2,False
9555,Ta2BeCd,False
3147,K3FeO4,False
49312,MgHO,False
50244,Li2Mn2CoO6,False
53120,Li3Co4O8,False
16357,SiIr2,False
41314,CuClO2,False
36109,HgPSe3,False
33295,ZrMnSi,False
28861,AlCuS2,False
52699,La6Zn4Pd13,False
28760,ErP,False
29510,KLiCO3,False
9038,Mg6WC,False
1389,Ba4MgFe,False
39748,Rb2S3,False
10209,BeFeOs,False
16878,PuPbO3,False
54361,LaSn7,False
37223,Pm3Zr,False
18925,KHgAs,True
8253,Na2LiBe,False
50749,LiZnP,False
44452,ErCu,False
1280,AgC2N3,False
11440,Li2CrP2O7,False
53460,AgAsS,False
36871,NdB4,False
33327,CdAsPt5,False
35192,YbPrMg2,True
32424,Zr3N2O3,False
33036,Te2Mo3WSe4S2,False
36316,Al4CN3O,False
25293,Co2O3F,False
11088,Fe6O7F5,False
28566,MnGaCo2,False
8404,TaBe2V,False
31523,Ti5Sn3,False
24999,AgBiO2,False
42104,In2FeS4,False
44657,AgTe2Au,False
15828,CaBr2,False
38219,Li3Co3NiO8,False
6347,CeMg2Cu,False
49247,Sr4LaCo5O15,False
29744,Pr2I5,False
26910,Er3TaO7,False
50245,Ti2As4W3,False
21809,AlH16C10ClO4,False
46384,HO,False
41481,InAs,False
51263,Li4Mn3O7,False
9472,BePdW2,False
8973,ScBe2Re,False
53950,ZnHCl,False
27061,Al2Bi3O9,False
18729,ScPt,False
23921,TmSbPt,False
4907,UH2O4,False
5152,Ba2SrCo,False
7822,Be2CoPt,False
37549,CrBr2,False
20418,NdBO3,False
28712,GaCo2Ni,False
15285,Sr2ScOsO6,False
53254,GeSbTe,False
36716,CdI2,False
7461,RbSbO2,False
1735,Li2Ca3Be3Si3O12F2,False
27255,SnS,False
47904,MgCrF,False
23855,CdS,True
28072,MnCo2Ge,False
6094,LiPr2Ge6,False
32617,TmHg3,True
26495,TbAl8Fe4,False
40913,Al2CO,False
25271,Co2SnO4,False
25792,Rb2Sb4S7,False
39120,CoNi2S4,False
40780,FeNi2C6N6,False
28671,Te2MoW2Se2S2,False
30220,Ba3Hf2O7,False
48318,I2N,False
1429,Na4BeSi,False
18905,Li2UBr6,False
9454,BeCdSb,False
42818,U2Al3Sn3,False
50665,La2SnHg,False
38213,Li2MnSi2O6,False
23308,HBr,False
39682,ErCo2,False
36217,KS,False
50160,LiFeSi2O6,False
1712,KBeBi4,False
17420,K2LiRhF6,True
34636,NaNi3,False
23711,GaCuSe2,False
5490,Mn6O5F7,False
42897,Li2VFeO4,False
53185,LiCo2O4,False
40015,CrOF3,False
27069,LiY2Si2,False
35831,TaO,False
22792,LaVCrO6,False
34782,Er2Al3Si2,False
27580,TiMn2Ga,False
946,SrCaI4,False
10089,ZrBe2Co,False
26473,CrSe,False
47468,Sc2PdRh,False
11967,ZrBe2Nb,False
27702,Ba3In2Cl2O5,False
22210,BeCuBr,False
47392,Te2OsCl12,False
19603,MoO2,False
1222,BaCaGaF7,True
42777,Li2Fe4O3F8,False
1755,NiS2,False
18957,FeAgS2,False
27778,Li2TlSb,False
32193,Ti2Zn,False
14659,BeSO4,False
51551,RbCaBr3,False
51047,DyMgVS4,False
49863,VPPb3O8,False
17722,TmSnAu,False
42571,BaSrGa4,True
4148,BaNa2Sb,True
6129,KCu4As2,False
3216,PbClF,True
2227,Na4BeZn,True
37676,MnOF,False
32814,ScSiPd2,False
25090,SnO2,False
48854,CaO,False
44978,Y3GaC,False
45022,LiCN,False
48026,Cu2I,False
3815,Ba4TaIr,False
32168,SrGe,True
21109,NdFeSi2,False
15143,LiFeF4,False
24944,GaBiO3,False
47246,PmPr,False
25397,AsNO2F6,False
24211,CaZnSiH2O5,False
13876,BeFeRe,False
49185,LiVSiO4,False
52219,CaAlN2,False
35019,RbSr3,False
51414,Li3Fe2NiO6,False
17149,Na3GaBr6,True
11247,LuMnO3,False
21959,VOF2,False
30581,TmInAg2,True
18561,Er2CuNi,False
13446,BeTlIn2,False
37404,Tb2AgIr,False
49253,VGeO4,False
43120,HgINO3,False
48188,SrTaO,False
41317,Na3BiO4,False
24383,TlNO2,False
21314,SrDyO3,False
49020,Ti6Al16Ru7,False
25888,RuN,False
7161,GaCu2As,False
30783,TmAl4Ni,False
39970,TbIn5Rh,False
46979,Cr3AuO8,False
28,Na2Si2Se5,False
204,BeTl4W,False
22456,BaHfN2,False
34947,Er3InC,False
18230,H4C4SO,False
13156,ErCoC,False
32691,Er2InAg,False
30822,PrAgHg2,True
26435,Na4Ti3O8,False
637,CuWO4,False
53982,HOF,False
46746,Ni2Mo3N,False
19557,BaScO2F,False
31457,TbSnRh2,False
10885,NaI3O8,False
135,RbTaO3,False
19285,Ti2Te3,False
51618,Li3Ni2SnO6,False
28288,MnBe2Os,False
9574,Pb4SeBr6,False
31608,PaB3,False
29259,CaN2,False
18612,ZrGeTe,False
24599,Li3NdAs2,False
53836,BaMgSb,False
25868,LiNbCuO4,False
19454,KDyO3,False
50557,ScCO,False
49817,VZnO4,False
52723,Sm2Ga9Ir3,False
10724,SrBeW2,False
29094,SrLiSb,False
29199,Sr3SbN,False
9002,Ni3OF5,False
10823,PrAg2Ge2,False
52855,ScNCl,False
52677,LiAlSi3O8,False
56,MnOF,False
38694,TiCl3,False
233,MnSe2O6,False
2166,K4ZrBe,False
18809,Rb2TlAsCl6,True
40741,In3Ni2,False
52087,Li5Co2Ni5O12,False
18699,Li8BiO6,False
24160,BaNdCo2O5,False
44780,AgHg3SbO6,False
28781,ZnCr2F12,False
1384,Ba2VSi2O8,False
34852,YAl2Si2,False
30819,Ca3BiSb,False
19166,RbScCl3,False
49996,Tb2MgS4,False
15844,Sr5Mn5O13,False
14121,Sm2Se3O9,False
566,HgC2Se2N2,False
49279,SrGeS,False
12486,BaNaMg6,True
13632,NbCrO4,False
11255,ZnF2,True
4646,Mn2P,False
47256,GaSiNi6,False
29261,LiTiSi2O6,False
34447,MgScRh2,False
12377,Be2IrPt,False
3669,RbTi2P3O12,False
44942,HoS,False
23330,WSeS,False
53635,Li2VCrO4,False
29324,AlTlF4,True
38058,TbNi,False
46929,Sm2Ru2O7,False
43367,Ba2TaBiO6,False
36198,CaMnO2,False
40350,K2SO3,False
15375,Ca2SiIr2,False
40354,Dy2CuRu,False
25587,Rb4CO4,False
44518,LiAcTe2,False
1011,Ba4CdBi,False
48306,ZrIN,False
16298,Yb2Fe3Cu,False
53937,GeBr,False
7672,RbMg6Mo,False
30481,Te8Mo3W,False
5647,Y2BeSe,False
14721,Nd3PbN,False
51798,AsI2,False
6748,Mn4O3F5,False
36411,LiAg2Sb,False
15043,PrDy3,False
50104,H5C5O2,False
13489,BeGe2Te,False
9000,TiAsOs2,False
35914,Li4V7O9F7,False
14556,USeO6,False
14723,RbTh3F13,False
42189,Na2GeF6,True
24584,CuI,False
8106,CuN,False
32706,Ba2Si2CuO7,False
42355,SmSiOs2C,False
23957,ZnH8C2S2N6,False
35634,Li2HgGe,False
6592,Tc2As3,False
22274,Li2CeN2,False
20363,OsN2,False
8300,BeNiMo,False
50819,SrPtO,False
32326,MgSnIr2,False
50980,Ho2AgRu,False
34568,TaSe2,False
5528,BaIn2Te,True
39327,Cd2OsC6N6,False
43867,ThTe,False
13367,Li3CuF4,False
1267,Ni23B6,False
12573,Be2SbSe,False
51437,LiMnF4,False
3477,Pr2Fe2S2O3,False
19777,BaSi2,False
12327,AlNi6Ge,False
6076,HfCo3B2,False
17887,Zr3Ag,False
43173,MgZrNi2,False
5748,TiBe2Se,False
50683,NpCo3,False
5642,Be2FeSe,False
36520,AgI,True
31478,HfZnNi2,False
15691,LaSi2Pt2,False
42283,TeF6,True
42688,Hf2Al3Zn,False
46963,K3Ho,True
35866,Te2MoWS2,False
27711,Ca2ZnSn,False
10581,Y2BeGe,False
48175,MnF2,False
32808,Li2PmAl,False
27302,YZnRh2,False
3574,BaCu2P4,False
42717,TeOF2,False
19331,Tb4Se3N2,False
15078,Mn2SnS4,False
31686,CeFeO3,False
30549,MgNiH3,False
23234,YbSbPd,False
22134,LiAcHg2,True
44927,LiCoSiO4,False
11615,BeOsBr,False
49910,NaTaWO6,False
49776,Ti2SO2,False
48982,PdSeCl,False
46477,Ta2Ni3S8,False
42087,K3TaF8,False
37765,Li2Cr3O6,False
2417,NaSiBO4,False
16271,Mn2O3F,False
4897,FeSe,False
48447,ThB4O8,False
20899,TiH24C13O4,False
43067,Rb2LiSbI6,True
14838,ZrCo2,False
50942,Mn5SnO8,False
14567,DyAl2Si2,False
2585,BaHf2Cl,False
18179,H4C6S2O,False
15362,YSi2Pd2,False
37029,BeFeRh2,False
2806,SrCu2B2O6,False
42794,K3V3O8,False
37167,Mg3Ta,False
29613,LuPO4,False
50726,Lu6FeBi2,False
10296,BeGe2W,False
9707,Mo2AsRh,False
23365,C3N4,False
6959,BeReMo,False
46008,LiNbWO6,False
48416,BaHo2S4,False
46043,KVOF4,False
15249,TmAlCo4,False
48229,In3GaN4,False
89,PbBr2,False
15703,NbCo,False
5917,ThAs2,False
20603,AsPRh4,False
54169,ZrAu,False
12846,BaLiSb,False
48519,Sr5V2N6,False
18789,CaMgCd2,True
19803,TbSi2IrRh,False
31375,ErB4Rh4,False
35132,HfSb3,False
2120,Er2SnAu2,False
50987,LiBN,False
29806,MoWS4,False
3568,Na2La2Ti3O10,False
46645,CaCdPb,True
14425,V3Fe,False
48896,Ba3ScN3,False
52271,Li2V3O6,False
6527,BeNiIr,False
39033,HoVB4,False
26723,HfPd,False
37740,NaMn3O4,False
46514,TbAl4Ni,False
4607,Ba4TiPt,False
51651,NaPdS,False
18405,ZnCuAu2,False
41522,Mg2BiPO6,False
16413,Tb2MgCu2,False
41004,K2MgC2O6,False
47764,Li3VSiO5,False
17125,SmCo2Ge2,False
41405,Hf2CuIr,False
15484,Pr3Ho,False
50347,RbSBr,False
14249,NaVO3,False
30254,Mn2Nb,False
52519,K3Se,True
8220,InB2As,False
33918,ZrSiPt,False
11827,ZnGaCu3Se4,False
41843,Si3N4,False
42898,LiVF4,False
1129,YbCo2Si2,False
27451,AgN,False
47120,CaSnS3,False
874,InCu6ClO8,False
8475,KYTe2,False
10120,BeCo2Pt,False
8698,GeAsRu2,False
49259,NaGeO,False
28118,K3Re,False
14779,WN,False
37455,AlH3O3,False
6698,CrTe,False
25558,AsF3,True
18004,SbN,False
30870,B13N2,False
35089,YbFeB4,False
42,Ba4YNb,False
35619,LiHoO3,False
30262,Na6FeS4,False
315,Ti4CuAg,False
43322,NdN2,False
5314,BaYSe,False
36322,Tm2Fe2Si2C,False
10257,Be2FeBr,False
1263,LuNiGe2,False
920,FeOF,False
7778,BeOsPb2,False
28828,MgZn3,False
8257,LiBePd2,False
39060,BNCl2,False
50702,NaAlH4,False
18159,SnH8C5O4,False
6712,BeSn2Mo,False
13464,CaCo2Si2,False
42240,Li3Ni,False
17933,Ni2P2Se3S3,False
19914,ErAlGa,False
22590,Yb2AlSi2,False
34016,ZrSnPt,False
13968,VCuO3,False
8033,ZrV2As,False
8063,KBeHg,False
4648,MnAsPd,False
7376,LiFeO2,False
8784,SrMnO3,False
43471,RbAgF3,True
51667,BeSnTe,False
29558,AlCu2O4,False
161,LiVCuO4,False
19368,Ca3BN3,False
36875,PH6N3O,False
42216,LuPd2Pb,False
5496,Ba4TlRu,False
48328,Hf5NiSb3,False
30225,MgCuGe,True
13901,AlB2,False
16685,K2NaTmCl6,True
51310,Sc2Co3Si5,False
11711,CoGeO3,False
30603,Tl2CuF4,True
42828,ErSi3Ni,False
33999,Na2TiS2O,False
28459,MgRuO3,False
210,KGaCl4,True
54007,NbHO2,False
47650,Pm2GaHg,False
17622,SrCa2N2,False
41338,Zn2Co3O8,False
33728,CdBiClO2,False
7605,BeFePb2,False
2651,Pb4IF7,True
9998,Li3MnAs2,False
13504,Mg2Sn,False
43355,Er2Al4CoGe2,False
53329,HS,False
47462,GaCu3HgSe4,False
23757,CrSi2,False
47231,HgPb2,False
50686,HgI,False
31788,MoBr3,False
33496,Li2CrCl4,False
48048,KZn,False
45008,Sn2IF3,False
33524,TiReTc2,False
6268,BeGaSb,False
32696,LiEr2Ir,False
15790,TmInCo4,False
54053,AsSBr,False
22726,CeCrO3,False
11472,BaGe2P2,False
23569,SiBAu,False
50235,GaAgO2,False
43192,CeCo3Cu2,False
3298,BaPtBr2,False
47233,In2CuTe3Br,False
46987,Pr2S3,False
44081,TmLu3,False
4461,Ti6Al16Rh7,False
8764,Ca3B6Rh8,False
4216,RbCl,False
1748,Tb2TeO2,False
10579,Li2VO2F,False
19816,CeUN2,False
54481,Tb2Ge5Rh3,False
36337,CaAl4O7,False
35021,Ho3GaC,False
20565,RbErS2,False
41343,ThAs,False
29968,LuSe2,False
33735,SmTlZn,True
30500,V2CrTc,False
53324,BTe,False
39302,PuSe,False
28538,MnCo3,False
50267,PbBrCl,False
14160,ZrNbCo4,False
25097,PrBrO,False
37998,Li3Mn3Fe2O10,False
39822,SrGe,True
42279,Li2ReN2,False
51560,SbIBr,False
49645,BaSO4,False
35570,Ga3B,False
23445,Nb2O5,False
22830,MgMnGe2O6,False
51657,BeInPd,False
52793,YMgTiS4,False
47458,IrRh3,False
23410,Na6ZnS4,False
43975,YScB2O6,False
27569,AgC,False
26932,RbNa3,True
16139,Ce2In3Sn3,False
8733,Dy5BiAu2,False
925,Ba4BeP,False
16978,VAu3,False
29883,Er5BiPt2,False
37685,Li4MnF7,False
19252,CeRu2,False
17104,NbCo3O8,False
25820,Ba2CdReO6,False
48699,Li2VOF3,False
5853,K3AlH6,False
39374,LiCrSiO4,False
50706,Tl3Zn,True
3163,KW3Cl9,False
384,SiP2O7,False
11323,BeTl2V,False
30988,LiSc2Os,False
7948,Be2CoHg,False
17261,Rb2InAgBr6,True
43332,BaLiB9O15,False
52834,LiVO2,False
42004,K2Ag2SnSe4,False
49082,SrLiCrF6,False
35370,MnB4,False
29055,CeAu,False
36163,LiV6O7F5,False
48550,MgTeO,False
15307,ThSiAu,False
48570,CaAlSiO5,False
41444,Cu2SnHgSe4,False
52747,ZrVCuS4,False
12472,ZrBeNb,False
15234,Li2PdO2,False
50272,Nd2Ni12As7,False
2336,BaP2O6,False
8337,KSnS2,False
7440,TlH6N3O12,False
18040,K3TlF6,True
22307,SrPr3,False
39406,KCr2S4,False
40763,Ba5Bi3,False
3851,Ba4BiRu,False
42557,Mn2NiN2,False
51366,SrFe3Bi2O9,False
14148,SrLiFeF6,False
26345,MnSiNi,False
53863,Ba2Se,False
34900,HfNiPb,False
28224,Al5CuSe8,False
7493,Be2FeOs,False
33882,YWF5,False
49301,Li4FeNi3P4O16,False
1381,K2TcI6,False
8318,Be2TcIr,False
39351,K4CO4,False
21383,BaCa3,True
45561,SiO2,False
3259,MnVBiO5,False
16933,CeRh2,False
53665,RbPbBr,False
9506,RbNa2NiO2,False
13071,YBeCo2,False
32857,Pm2CuOs,False
39555,LiCuF4,False
51656,P2Br,False
173,Na2CoO3,False
21158,ErCdAu2,True
1999,Fe2OF3,False
18944,H6C5SN2,False
34814,CeAl,False
47608,CeNi2Sb2,False
37008,Tl3Zn,False
16273,CeCdIn,True
10381,DyInCu4,True
12074,Sr2RhF7,True
43239,K2NdCuBr6,True
12501,AgBiTe3Pb,False
51885,LiV5O7F,False
6809,BeGeSb,False
7523,NdAlPt,False
33745,HfInNi2,False
19215,RbFeO2,False
33320,FeSb3,False
40999,Cu3AsS4,False
7180,CaBeFe2,False
37049,CuBiSCl2,False
14462,Pm3Sm,False
26292,Te2W2SeS,False
16893,LaMgCu,False
53986,RbMnF3,False
1118,Rb4NO,False
14971,Ba2ZnGe2S6O,False
43124,MgTi2O4,False
18086,GaGe3,False
42640,CaSeO3,False
33762,SmAl2Zn2,False
24847,Lu2MnS4,False
36194,NaSi6,False
40811,MgV4O8,False
21478,PrBeO3,False
38056,Li2TiFe2O5,False
25739,CuSeO4,False
36985,UBiSb,False
46446,Nd2O3,False
7354,Zn2AsW,False
22018,BaMgTi4O8,False
26195,CaNiO2,False
48135,ErAlAu,False
26406,Ba2TaBiO6,False
29481,Li4VF6,False
14832,CePrHg2,False
12058,BeGe4Se,False
34051,PbO2,False
3721,Co3Mo,False
47449,NdGa3Pt,False
23348,Li5CuP2O8,False
20357,Li2TiO3,False
15789,Tl4Br3Cl,True
53715,BaPdSe2O6,False
47565,Rb3BiF6,True
17335,AlH16C10ClO4,False
48432,MgAlO2,False
41631,CoPO4,False
14932,TbLiIn2,False
4178,Ba2CdBr,True
5602,BaYTl,False
31689,Zr2CuS4,False
8302,MnBe2Bi,False
53427,MgRuO,False
36211,Mg3Zr,False
34877,NaNd3,False
38995,Na2Co2O3,False
50790,Li8Sm7Ge10,False
44516,MoHO3,False
42546,NaCuPO4,False
4264,BaHfBr,False
18646,H8C9S,False
34465,Ni3I,False
24718,Ho2SO2,False
39056,SmY3,False
3985,LiFeSbO4,False
25101,Ga2Fe2S5,False
36458,LiFeF4,False
43601,NaNb2S4,False
1741,CuHgSI,True
49936,Li3Mn8O16,False
1371,AlPt2,False
47943,Li3MoP2O8,False
41254,Cu3Ge,False
41660,Ba4CaIr,False
9264,Li2BeGe,False
79,LiSiCu2,False
39734,Sm3Np,False
14821,H10C3IN,False
22002,LaSiI,False
51687,NaSi,False
49652,CdH6C5O4,False
27482,PaAlAu2,False
25456,ZrI3,False
31860,LuMgPd2,False
1783,PH3O4,False
42673,BaYCrCuO5,False
8785,Be2GaSe,False
26846,CoO,False
25984,Nd2O3,False
143,Li2FeO2F,False
21735,YLuO3,False
44052,NpNi2,False
39809,LiCoC4O4,False
43720,BiPb2F7,True
33467,Yb2CuRh,False
44064,Mn3Si,False
12236,Be2OsCl,False
36052,Yb2InSn,True
16028,TiCrS2,False
39226,Er2Ru2O7,False
52304,SrLa2Mn3O9,False
29400,Ca5B3O9F,False
14117,Ca4GaSi3,False
39869,MgFe4S8,False
37761,Tm3Si,False
30418,Co6O7F5,False
4068,BaSnO3,False
51308,Zr6Ga16Pt7,False
3198,TeN2O6,False
20601,PmTm3,False
39039,Li4Ti3Cr3W2O16,False
21752,NbVH4,False
51948,Tb2Ga8Fe,False
13210,WSe2,False
21710,Tl6SBr4,True
40536,UTe2,False
44592,KGaAs2O7,False
52522,Y4Ti2Nb2O15,False
50145,BaO,False
17552,Y2AlCd,False
18094,Yb2TlHg,True
39217,CaIn2Te4,False
22723,CaPrFe2O6,False
45496,BaAgSb,False
17067,MgAl2Sb2,False
52866,Li4MnCo2O7,False
44615,Ti2Be17,False
17091,FeCo2Se4,False
34605,DyAu,False
41140,Na2ScPCO7,False
16855,TbCr2Si2,False
50928,PrNb4O12,False
21488,Li4FeO3,False
25304,CrO3,False
49947,La6MgGe2S14,False
12381,Er3P6Pd20,False
8843,Be2NiGe,False
4660,TmTlO2,False
8840,SrBeHg,False
12112,Bi3Pt3O11,False
23042,TmSi2,False
50234,BeSnSb,False
40314,Ge2N2O,False
38116,Nb2NiO6,False
8090,BeCuPd2,False
7348,CoAsBr,False
50352,Li4Cr3Sn3Te2O16,False
10873,BeVSe,False
5773,Be2CoRu,False
14105,PdW,False
24170,NiS2,False
51583,BBrN,False
41691,Rb3Cu8Se6,False
43193,MgSc2,False
12763,CeRu2,False
45306,Mg2Co3O8,False
6558,YMg7,True
31851,Dy2ZnRu,False
485,Ba4TlCu,True
14031,Rb2NaPrF6,True
29970,ThCoSi,False
51767,FeP2O7,False
50050,SiBO,False
18151,TbK2AgCl6,True
16195,ZnCl2,False
50739,Li2Br,False
34671,LiTiPt2,False
9862,BeNb2In,False
40280,ZrInCu2,False
40957,CaV2O4,False
4545,ScAgGe,False
53097,AlAs,False
26167,CaBr2,False
14642,YbSi2Ru2,False
4784,Li2CoSiO4,False
10968,ZrBe2Pb,False
20310,Al2FeRh,False
15770,Na3AlCl6,True
13295,Sr2CdPt2,False
1297,BaLi4,False
52554,BH,False
40498,V3Sn,False
13861,Na5Fe3F14,False
35553,SmCoSi3,False
29003,NaTa3O8,False
5223,Li2AgSb,False
3239,Hf6Al16Co7,False
9524,K3YCl6,True
20786,NbSiGe,False
38950,Sr2GaSbO6,False
10504,SrCa2Be,False
53219,YSnF2,False
33564,AsCl3O,False
48955,NaSbCl2,False
49921,NaAsS,False
39823,Li2BiO3,False
23615,Li2CuSiO4,False
43893,Al2ZnS4,False
644,MgPbO3,False
11964,CeSi2Ir2,False
13837,Li4NbFe5O12,False
53612,MgSe2,False
30341,ScMn6Sn6,False
22206,RbTlO2,False
29013,AgPd2Pb,False
19687,Na2HgAuF6,True
13863,K2Zr,False
17078,HoBi3,False
27473,TmCoC2,False
9191,CuO2,False
19636,K2RbSbCl6,True
24826,VZnF6,True
24505,Ca2FeIrO6,False
31948,PmHgAu2,False
27124,ZnNi3,False
29690,Dy2CoSi2,False
21344,Ac3Ce,False
40373,NiAs,False
40374,ScSnRu2,False
15595,Ag2O,False
39554,V6O7F5,False
50625,CdNO2,False
4487,NaLaTiO4,False
20888,Ni4W,False
4247,SrAl2O4,False
32020,OsN2,False
19542,Nd2Ge2Ru,False
9941,CdCuH8Cl4O4,False
7829,ZrBeMo,False
32901,Nb3Au2,False
732,BeCo4Ru,False
33381,NaSmSe2O7,False
20556,Ce2TlAg,False
34214,RbZnH2Se2ClO6,False
14326,NaAlSiO4,False
26066,SbPO5,False
52516,KSe2,False
46906,SbI3Cl8,False
8296,BaLi2Si,False
45148,CeBPd3,False
37306,SmP3,False
20047,Ba2H6Ru,False
25986,MnSe,False
48388,CuBC,False
22476,YCl,False
34347,RbBiO3,False
5941,Ca2CrO8,False
52381,Fe3O2F4,False
31920,LiErIn2,False
19491,LaCeGe4Pt4,False
9228,NaBe2Pd,False
35501,Th3Br,False
34067,Yb2AsAu,True
26814,MnNi2Sn,False
25960,MgBi2O4,False
19418,In2Ni6C,False
7273,MnBeGa,False
27049,Rb4CdCl6,True
30296,VO2F,False
46794,U4As6Ru7,False
19954,K2HgBiBr6,True
22040,Li2CeP2,False
10826,MnBeSn2,False
38965,Li3Fe2O6,False
7238,MnGaPt,False
1807,Ba4BeCo,False
42070,NbAlRu2,False
49168,AlH6C5ClO4,False
40332,Te6RhCl3,False
24289,SmTaO4,False
40537,V2InC,False
41056,NpSi3,False
2870,KSiSbO5,False
17167,H3CNO2,False
46248,Co3Pt,False
43521,LaBi2ClO4,False
39237,TiCl4,False
11769,TiGaNi,False
446,LuSnRh,False
4114,K2Ag4S3,False
27699,CrO3,False
45557,MgCuF4,True
20936,U2GaCo2,False
25000,K2P2Pd,False
48865,CaO2,False
46997,RbMo6Se7,False
9643,CaMgS2,False
5712,Rb2CrCl4,False
39620,Na2Ti2O5,False
36500,SnB,False
34623,Ce2ZnPb,False
4730,BaSnTe,False
51754,AsSI2,False
19181,Ca4GaSn3,True
48715,BeSbP,False
13656,SmPd,False
8913,BeSnAs,False
11081,Be2PBr,False
4308,KGaH4,False
18129,HfInPt2,False
52340,TeRh2O6,False
15915,Co2RhS4,False
36864,TaSe2,False
20333,Li2FeBPO7,False
14977,Mg2TiO4,False
50312,K2CuBiI6,True
909,Ba4VZn,False
22900,MoW3Se4S4,False
9275,K2RbScF6,True
12411,Be2SiMo,False
36695,LiCuO2,False
36924,TbNiB4,False
34676,RbF3,False
2091,ZrBi2,False
27228,CrCo5O12,False
20814,CaBPd3,False
26408,LiNdTiO4,False
41095,Nd2In,False
5289,Li2FeF4,False
44366,Ag3S,False
24777,NbOF2,False
25110,YFeO3,False
2043,ZrSn3,False
46310,Mg2PN3,False
36843,LiAgO2,False
27917,Y2TeO6,False
15948,K4HgAs2,True
7079,BePW2,False
42281,Nb3SnS6,False
12797,ScBeBr2,False
45411,Ce3Ga,False
7166,BeTl2Fe,False
11018,BeNb2Sn,False
15883,Nb3Cu,False
12794,NdSiGe,False
50903,H2AuO2,False
2288,SrMg4Be,True
35253,PmSmHg2,True
48408,ThNb4O12,False
34840,MgNi3C,False
8878,Mg6AlCd,True
8839,Mg6VCu,False
6381,Ti2SiC,False
5720,YbSbAu,False
19185,TaWC2,False
32119,PmRh3,False
45454,Rb2NiP2,False
16755,TbMgTl2,True
47590,DyCuO3,False
26197,AgBr,False
4946,AuCl2,False
33785,Na2Ca2C3O9,False
19443,LiErS2,False
34408,SmF3,False
17284,ScAlN2,False
12323,CrAu4,False
21182,Ti3AlC,False
29521,CaV4O8,False
15580,ZnNi3N,False
30918,Li2GeF6,False
27186,TiO2,False
2408,PH8IN4,False
13020,KVF3,False
42461,Ba4ZrPd,False
26189,S3N2O2,False
33284,BaTlHg2,True
3201,LaNiPO,False
15245,NdSi2Ir2,False
17649,H9C8N,False
37773,SmBi3,False
20708,V4C3,False
8654,GaAsAu,False
28697,BaTeO3,False
43538,ScPRu,False
1423,BeAlB,False
2456,Ba2LiB5O10,False
51682,CClO,False
20943,PdPtF6,False
54577,HgBr3,True
45084,LiSnAu,False
53007,InGeCl,False
7507,Na4PtO4,False
22641,HoTiO3,False
30458,LiCu2PO4,False
41362,Cu3NiH6Cl2O6,False
12633,TiSnSb,False
42438,ScCl3,False
18764,K2NaSbF6,True
6022,Li2MnCuO4,False
44808,CeGeAu,False
5459,Ba2VTe,False
29801,ZnNiF4,True
45154,CaPb,True
44700,LiOsN2,False
1872,Fe4O5F3,False
39972,Ca3TaGa3Si2O14,False
904,KH3SO6,False
18160,VOs,False
49236,SrCaMn2O6,False
16209,Mg13Al14,False
53087,AlAsO,False
46148,Sc6FeSb2,False
27368,Sm3Ga,False
7768,BeNbPt,False
11800,TiBe2Pt,False
51806,Ag6Mo2ClO7F3,False
28923,YSnRu2,False
43053,CeOsRu,False
20678,H8PbC6SO4,False
32196,Na3Ge4Pt4,False
10573,NaBe2Ru,False
3630,ZrBeIr4,False
52682,La3YSc4O12,False
40214,NaPrTe2,False
13398,LiMg6Ga,True
7304,ZrBeCr,False
1065,K5SnSb3,False
36215,Ca2AlBiO5,False
50798,Nd3GaNiS7,False
40310,LiAl2Os,False
25714,InCuO2,False
43447,Li3FeF6,False
50336,Rb2PdBr,True
5518,BaTlPb2,True
3437,Ba2YHf,False
26127,Li2Te,False
48383,YThB8Rh8,False
44737,LiSnPCO7,False
33887,SmLu3,False
25089,Zn2CuWO6,False
18153,ThFe2Si2,False
25371,HgC2S2N2,False
48090,MgSi2N2,False
40079,NdInCu2,False
2324,HgO2,False
9606,BeIrSe2,False
2772,MnP,False
34462,Th2Fe2Si2C,False
6018,Be2TlW,False
18502,TbAc3,False
40496,Li3CrO4,False
29790,CaV2O4,False
43457,CaSmPd2,False
5916,C3N,False
19078,WOF4,False
23689,Mn2RuC6N6,False
23187,BaAlCuAgO5,False
14024,Ba3Sm,False
3836,TiFeH2,False
23673,CeInNi,False
12386,Ca2MgPd2,False
50699,Sm3Ni,False
53447,BeBr2,False
26731,K2Pt,False
31015,FeSe,False
12126,Be2PIr,False
45397,NpSi2Rh2,False
10112,Mg6CdMo,False
1304,Cs2PdI6,True
25119,YVO3,False
18477,ZnH6C5O4,False
41783,GaIr,False
19482,Ce2ZnIn,False
12147,MnBe2Co,False
15407,DySe,False
8836,ZnGaAs,False
2630,BeInCo4,False
52088,MnInF,False
21922,YCuSi2Ni,False
13780,Al3Tc2,False
4228,Ba4SnHg,False
17428,YbU2S3O2,False
36297,NiHg,False
44608,CeS3,False
38735,AcH2,False
13483,Ca2CO3F2,False
26624,AgXeF9,True
31873,Zr4Pd2O,False
42831,K2ErAuCl6,True
32351,Ag5Pb2O6,False
50436,BO3,False
50015,RbBO2,False
15519,NiH6Cl2,False
27591,Ti2GaCo,False
48464,LiH,False
5774,Ba4ZrV,False
39951,CoN3,False
50257,IBrCl,True
4430,Ba2YSe,False
1831,Ca5MnSi9Pb9O33,False
37276,TlCuCl3,True
3340,BaCd2Cl,False
29016,VHgO3,False
24916,US3,False
52798,Li2CrCoO4,False
22839,Na4ReN3,False
5796,BaTlP2,False
14176,NbCrF6,False
43712,ScFeO3,False
4329,BaTl2Br,True
29598,Cr4Cu3O12,False
7633,TmRh2,False
36473,Mg3Sn,False
21648,TmI2,False
38073,VCoO4,False
39380,DyInNi,False
34653,LuScRh2,False
40674,NbP,False
28282,LiY2Ga,False
16438,Li5CuF6,False
15340,Sm2HgPb,False
398,CeMg6Zn,True
22805,KCdF3,False
24654,VO2,False
31350,LaP12Ru4,False
22526,SiO2,False
12051,Al3Cd,False
50893,Na3SbBr6,True
30076,DyClO,False
11647,LiSc2Ir,False
32956,Lu2NiIr,False
13458,MoWSe2S2,False
34751,YbSiPt2,False
53123,CaMgPO4F,False
7488,Be2BiW,False
32974,HfIr3,False
44970,Ni3Bi2S2,False
7577,LaB2ClO4,False
30647,Te4MoW,False
36572,NaAc,False
38510,Ca2BiAsO6,False
5044,LiVS2,False
25334,MnReO4,False
44121,Li4MoO5,False
25283,KAs2Rh2,False
32698,Sc2NiOs,False
8045,BeSn2P,False
15683,ZrGa2,False
2549,BeBi4Ru,False
38115,SmTlTe2,False
26596,InAgP2Se6,False
4768,PrB2Rh2C,False
3336,NbTlB2O6,False
35108,Rb3Y,False
58,Ba4MgBi,True
41277,Y2V2O7,False
19358,Al2O,False
51495,NaAlP,False
28516,PbS,False
28552,HfMnO3,False
7617,V2O3F,False
42072,CoPdO2,False
27336,Sr2NdBiO6,False
14649,LiSiAg2,False
35297,HoErCd2,True
33198,LiCeTl2,False
11143,Be2CdBr,False
33482,SrInHg2,True
3797,CaB2H10N2,False
40462,TiPbO3,False
30157,Te2MoW3Se6,False
32781,V5P3N,False
17567,Ba2IBrF2,True
34847,Er3GaC,False
6735,Ba3SrNb2O9,False
43158,Rb2InAgCl6,True
19470,Yb2PbAu2,True
23806,MnO2,False
32961,TiMn2Ge,False
50553,CSO2,False
24314,Li3TaO4,False
20425,MnAs,False
3404,BH2NCl2,False
5247,ZrGaNi,False
37279,FePH5CO4,False
15565,Eu2SbAu,False
29634,Mg2Nb2FeO8,False
29914,TaC,False
28087,Pm2NiRu,False
23597,Te2Mo3WSe2S4,False
19575,Cr6C3N,False
24889,Ca2NiIrO6,False
2626,Li3Co2Si2O8,False
45728,Nb3Cl8,False
35769,Li2AcTl,False
4492,BaCaCd,True
48860,SnH20C11O6,False
16521,Cr2Ir2C,False
15889,KTlBr3,True
12488,KBe2Br,False
50943,Ba3Pm,False
52799,Li2CrO2,False
5042,BaInHg,True
13560,CuS2,False
30373,PbSeO3,False
52568,Li2VC2O6,False
48811,ZnHC,False
8643,BeGeRu2,False
46132,ZrMnTlF7,False
15437,Fe3Cu,False
51669,CNCl,False
8868,ZrAsP,False
33212,LiMnVO4,False
40489,RbBS3,False
39065,LiCoSiO4,False
34046,SrAlGa,False
19943,U3Si,False
21318,FeAgTe2,False
53354,BaSiCl,False
26460,In6Ge2PtO9,False
51340,LiMg4SnO8,False
23292,GeO2,False
16387,CrAuS2,False
53732,As2P,False
7752,Zn2AsOs,False
9411,Mg6CrGa,True
42480,BeIr4Rh,False
8391,FeCl3,False
17011,RbLiBr2,True
15584,NdHoMg2,False
26023,PrF3,False
19380,Ho2CuPt,False
19484,ErAl3,False
23277,Ba3FeN3,False
8791,Mn2BeGa,False
18773,CdH6C5O4,False
21392,PrSi2Ru,False
10814,BeTcPb,False
14653,Dy2InNi2,False
35326,LiZnP,False
10663,Ba2NdTaO6,False
42377,Rb2LiVCl6,False
29766,CuNi3N,False
14217,SrC2S2N2,False
54401,PaSn7,False
17809,Sr2FeCoO6,False
40538,Ta2Tl3Cu3S8,False
9306,ZrBe2Cd,False
43939,YCuAs2,False
33,TbTaO4,False
45042,MoIrO6,False
13427,Be2CrSi,False
54265,ZrSn,False
32659,Ba3Ca2Si2N6,False
31233,InAgP2S6,False
38031,Li2VF5,False
38954,Rb2HBrO,False
9818,CrGaCo2,False
42813,DyUTe4,False
3258,RbMg6Mo,False
51908,LiAuS,False
7030,EuAs3,False
29298,ZnMo4O8,False
49698,B2AsP,False
30672,BaBe2Si2O7,False
42985,MgTlRh2,False
27155,TmNiBi,False
32982,NaPaO3,False
40114,LiCrSi2O6,False
52436,SrSiH2,False
9303,Ca3MgSi2O8,False
46114,Ho4InIr,False
26201,KRb2Na,True
33700,SiBO3,False
41582,S3N2Cl2,False
34907,Re3Sn,False
41902,Sr3P2O8,False
36630,Lu2MgAl,False
49388,Ba4SrFe5O15,False
20726,LiCaSn,True
43736,Nd2MnFe3Si4,False
18406,KSnSb,False
39978,ZnCu2O4,False
39320,Sr2UMnO6,False
15093,LaPrTl2,False
39751,BaMnS2,False
12466,LaMg2,False
16334,ZrNbN2,False
39936,PrAl4,False
30528,UOF4,False
15618,Li2VF4,False
482,HoCo3B2,False
33186,LiVFeO4,False
9450,BeNiBr,False
19616,Li3Pm,False
34058,YBi2BrO4,False
6439,PrPH5CO7,False
40562,H6CIN,False
30153,YbB2Ir3,False
23534,Ag3Pt,False
734,NaGe2P3O12,False
9571,Be2HgTe,False
38951,Fe3O2F4,False
32876,Tm2AgOs,False
7989,Tl2CdGeTe4,False
34799,LuHO2,False
15596,TbMgTl,False
26631,TiCdO3,False
45945,TiGa2,False
3506,BaScGe2,False
11854,Mg6AlCr,False
6390,BeGeBi,False
7199,KLi2As,False
51158,Ba2Te,False
3329,SnP2PbO8,False
10079,BePdPt2,False
18245,Rb3YF6,True
43262,Na2Cd3P4O14,False
18330,Pb2BrOF,False
33849,SmZnGa,False
38441,Rb2GeS3,False
8478,LiVP4H4O14,False
16084,K3Mg,False
44750,ZrSiO4,False
45936,MgVO3,False
14953,CrAg3,False
13404,ErSiRu2C,False
10857,CaBeCd,False
12921,Mo3WSe4S4,False
8309,BeZn2Ge,False
35135,Sm2ZnAg,False
34898,TbAl2Si2,False
27321,TmScHg2,False
35291,Mg3As2,False
16981,CeCuSi2Pd,False
40831,VCo2Sn,False
6607,BeTe2Pt,False
20506,Sn3F8,False
29299,MgCoO2,False
28610,SrCaAg2,True
24796,LiMoO2,False
7538,Si2H2O5,False
5944,SrBePd,False
45926,K2NaInF6,True
39543,Li4Ti2V3Cr3O16,False
22198,CdH6C5O4,False
41410,Nd3BWO9,False
51985,KGdGeS4,False
17044,Sc2CoRh,False
11180,Ti2BeFe,False
45549,LiGaSiO4,False
36391,P2Pb3O8,False
18564,AlV6Sn,False
6225,CuB4O7,False
33518,ZrZn,False
26297,SrSc2O4,False
5661,Ba4BiOs,False
23978,Na5CoSO2,False
5618,MnBe2Si,False
26950,Re2PtRh,False
51169,Ba2Te,False
35538,Pm2InAg,False
46284,TeMoS,False
36094,Na3AlF6,False
17255,Rb2WO2F4,False
17179,Ce2CdPb,False
8359,Re3P4,False
5089,Ba4ReSn,False
32306,PmSi3,False
6420,BiPd,False
18093,Li4Cr5SbO12,False
933,Ca3SiBr2,False
4140,CoSe,False
21906,CdTe,False
52754,SrPrFeRuO6,False
51760,AsSeI,False
25050,YInRh,False
6611,Eu2H6Ru,False
14282,CuHgSI,False
27960,AlZnNi2,False
30613,ScBPd3,False
21972,KCo2Se2,False
27564,Ti2VIr,False
38499,SmNiC2,False
6998,Ta2BePb,False
28419,NiHO2,False
7636,MnGePd,False
5478,KBaCd2,False
14763,SrAu2,True
32047,CaAlH5,False
23793,VTe,False
34695,Pr3Y,False
52309,RbCrS2O8,False
17647,Ta2SnO7,False
6737,HoGe2Pd2,False
37121,Rb2TlGaF6,True
48787,TiBe3,False
29767,Cr3N4,False
11895,Li2BiS2,False
10680,CeMg2,False
36346,CaCr2S4,False
11952,EuAl2Cl8,False
41478,CaSn3,False
30316,ErNp3,False
29035,BaMn2Ge2,False
47140,K2LiNdCl6,True
45449,BaTm2F8,True
48892,Rb2AgTe,True
16534,MgBi3,False
26861,LiMg2Pd,False
12748,HfBe2W,False
31727,Ac2NiIr,False
22432,H5C7NO,False
12555,ThCu2Si2,False
34218,YbCd3,True
18149,Na2LiDyCl6,True
6873,MnSbAs,False
41415,Li2AlBO4,False
5168,BaBeIr2,False
41576,Ba5Re3BrO15,False
47158,PrYFe4,False
9219,CaBeNb2,False
12010,YFe2Si2,False
9339,NdB2Rh2C,False
2556,GaH13C4N2,False
37294,Ba2ZnCd,True
35710,CuPdO2,False
10039,BeRe2Hg,False
28091,YbMgCd2,True
20922,H5C5SNO,False
45450,MgCrO2,False
34054,Th3O2,False
54427,SrSnF,True
13620,ErSe2,False
21212,Li2TiCo3O8,False
30263,NaCo2O3,False
18066,NaCdO2,False
25154,ZnNi2O4,False
33376,Ho4CdCo,False
5562,CaTaBe,False
22146,PrSi2Pd2,False
50179,BeCN,False
16379,KRb2WO3F3,False
25239,Sm2GeRh3,False
33585,TiSb,False
40000,NaIn,False
45775,HfGeTe,False
17962,Hf2TcPd,False
52691,BeTlBr,False
43747,NaLiCO3,False
29178,CaZnSe2,True
39260,CaCo2O4,False
27608,Fe11Si5,False
24073,MnCoO3,False
26263,CrSe,False
5811,Ba4GePd,False
17502,TiCrTc2,False
32576,PmCl2,True
49963,H12PbC8O4,False
19243,DyInAu2,False
41648,YFe5,False
45774,B6H10N,False
54144,MgBH,False
50722,Li7Mn2Co3O12,False
36930,TmPu3,False
32387,LiCaBi,False
36844,Be3Fe,False
16327,HfZr2UC4,False
3072,CeAl7Au3,False
29953,MgSnGe2O6,False
17926,GaAgSnSe4,False
23749,CaHfBe,False
6685,MgSnAu,True
28007,YbLiS2,False
45483,HoTl3,True
52472,InIO,False
49734,YPbO,False
30117,Mg2Sn,False
13827,HoAu2,False
37544,Mn3OF6,False
14102,ZnGa2Te4,False
20862,Nb2CuS4,False
50155,DyFeCu,False
23141,TaPd3,False
47125,ErSb3,False
1628,Na4CuAs2O8,False
45304,Mn2Co2C,False
12734,SmTe,False
9974,ZrBeCr2,False
45698,PrCuSb2,False
19688,H10C17S2,False
44223,Sm2NiRu,False
38077,Li3VO2F2,False
33555,Li2TlAg,False
6002,Be2InCu,False
8872,LiBe2Pd,False
3787,NdCoGe2,False
23730,InCuS2,False
16607,Nb3Au,False
14682,CaPrRh2,False
19912,MnSb,False
47442,Ac3Ho,False
54034,LiTe2,False
5697,TiBe2Os,False
29650,Tb3Mn3Ga2Si,False
3930,BaSc4Fe,False
43347,Zr3PO2,False
49654,Ho3B7W,False
12113,NaMg6Cd,True
41018,Li8NO3,False
52182,W3O10,False
6230,Ba4CuOs,False
23388,H12C11O2,False
18181,ErZrRu2,False
53728,CCl2,False
24270,CaSi2Pd2,False
50413,Lu3Th,False
6,Ba4NaBi,False
11624,Be2NbTc,False
33629,SmSi2Ag2,False
44380,K3VS4,False
44180,Ga3Pb,True
42598,Rb2CoF6,True
7485,Ni6Ge2B,False
37032,Sm2MgRu,False
19226,V3Cr3Si2,False
12707,Li2VO2F,False
17360,Sc2CrN3,False
43787,CrGaRu2,False
10343,BeCoPd2,False
8286,Be2ReOs,False
12029,YCl3,False
51446,ZrAgF2,False
42147,Sn7Ru3,False
38357,Li3Mn3O5F3,False
15120,Te2Rh,False
9898,YSi3Ir,False
35267,HoTmCu2,False
16973,TaTi3,False
1051,KAlO2,False
23541,CaMnGe2O6,False
45485,Pr3S4,False
15865,MnCuO3,False
5083,BaYSc2,False
10879,Mg6SbMo,False
33084,YbNiSn,True
49633,CdH4C4O4,False
10603,BeFe2Ni,False
41752,SmCuP2,False
12926,ErP,False
29167,MgMn2O5,False
43596,K2InCuBr6,True
9172,LaGa2Ni,False
28178,HfScTl2,False
1063,KBaHf,False
28782,Li8PbO6,False
17522,Zr2TcOs,False
42520,Er2CdHg,False
37091,CoSn2H12O6F6,False
24888,AlAuO2,False
3599,NiCl2O6,False
5547,Ba4ZrMo,False
37638,NbN,False
46538,KBiF4,True
36592,Rb3Tc,False
39763,AgPb2Br5,True
53232,Zr5CuBi3,False
15153,LiBPt3,False
20858,CdH18C11O4,False
51120,Ti3Nb,False
46550,NbCoO4,False
29327,TiMn2O6,False
27500,BaNa2Si2O6,False
34264,MoW3Se2S6,False
43221,NbO3,False
43858,HfNiSn,False
10512,YBe2Ga,False
497,Sm2Ge3,False
5477,Ce2Ga10Ni,False
40688,Mn3O4F2,False
42825,PrMn2SiGe,False
39569,CoCl2,False
49504,Li5MnCo2O8,False
4746,Ba2LiCr,False
36895,Al2NiRu,False
49051,Li2Ni2BiO6,False
50620,Mn3CoP4O16,False
31574,LuNi2,False
39069,LiTiO2,False
6621,Mg2BeBr,False
30698,RbNO3,False
43831,NdIn5Rh,False
2444,LaF3,True
54139,ThAg3,False
18497,Rb2LiSmCl6,True
43685,MgCu2O4,False
6696,DyB4Rh4,False
39440,SbTe2F6,False
49315,MgHO2,False
2180,MgGa,False
41795,KAuI4O12,False
6590,DyCrB4,False
17242,In3Co,False
50353,RbSbBr,False
7950,Li2NdAs2,False
9461,Be2TlCu,False
26912,CaAlSiH,False
13370,KO2F,False
52233,LiNdSn,False
50049,Li7NiO4F2,False
7117,CdB2As,False
47024,NaSe2,False
12009,TaBe2Cd,False
32457,HfAlRu2,False
47981,Li2Mn3F8,False
14464,TaTlO3,False
10208,Be2TcNi,False
10399,NaBe2V,False
18150,U3O7,False
50040,ScBO3,False
27534,LiErHg2,True
35571,TeMo2Se2S,False
45826,Hf5Te4,False
26895,Si2HgTe,False
26545,HfMg,False
16069,AlH3O3,False
45751,KLi3PbO4,False
9119,CrAsPt2,False
53992,SrSeF2,True
27706,LuCoC2,False
44337,NaNbO2,False
33607,U3Sb4,False
45642,TaSi2,False
36038,ZrNbTc2,False
34320,Be2CoNi,False
15594,Nd2Mn3FeGe4,False
1361,Na2Si3H2O8,False
46236,YbCuAs2,False
31629,LuInCo4,False
32891,PmZnAu2,False
39291,AlAs,False
48414,SrPrAl3O7,False
49026,Mn3O4F2,False
42847,RbBa4Sb3O,False
27632,LiSi2Ir,False
6208,Y2BeIn,False
26089,YIO,False
36880,Ca2AgBi,True
15816,NaPr2Cl6,False
34616,SrGe2Rh2,False
32362,Ti2ReIr,False
22616,Mg3H4O5,False
39219,CIN,False
42412,KAlH4,False
31184,Sc2IrRu,False
4614,Ba4SiPd,False
21137,HfH10C7O4,False
34981,Tm2CuAu,False
14328,KMnCl,False
25764,Ti3N2O3,False
53356,NaAlTe,False
50011,SmMgMnS4,False
10198,SrBe2V,False
4629,Ba4TcRh,False
25951,LiAgF2,False
21009,NaSrAs,True
31626,CeSi2Ir2,False
20673,K2RbTiF6,True
5349,In2HgTe4,False
34318,NbS2,False
6000,MgBeTc,False
45441,CdGeO3,False
50976,Al2O3,False
780,TaP4S5Cl5,False
35749,TbPmRh2,False
44604,Li2CeSn,False
20904,Tm6FeBi2,False
42549,Rb2MnF6,False
52779,AlCuSnS4,False
29209,CaSn4O8,False
22674,H12C5O4,False
11463,BeTc2Ni,False
1837,Fe2NiSe4,False
20055,Na2HgPdF6,True
7169,NaSmO2,False
45490,CeBe13,False
43741,ScTc3,False
50355,Ag2SnBiSe4,False
36032,HgTe,False
33958,Ba3InRu2O9,False
45110,Ho5Ni2Sb,False
16140,LiLuRh2,False
16809,SmPa,False
23772,MoWSe3S,False
41677,Ti3MnO8,False
1554,Ba4BeNb,False
33704,Sm2Fe2Si2C,False
23967,V2Pb3O8,False
3200,Ba2MnO3,False
35237,ErTe,False
6628,Ti2BeSb,False
28252,HfTlAu2,False
37135,MgPaRu2,False
49864,Pb2S,False
23119,ZnSe,True
35222,P2W,False
3478,Eu2I2O,False
17640,CeHo3,False
21886,BaCaI4,False
49090,CuSbS,False
13729,Dy2InAg,False
11382,Ti2BeTl,False
27258,ThTe3,False
54151,Ag3Xe,True
32125,Cu6PbO8,False
13143,SrMnGe,False
36532,Tl2I3O9,False
7634,Na2UO4,False
9466,Sr2BeCd,False
19538,Na3VO4,False
422,FeMoO4,False
45406,K2IrF6,False
49037,Ti6Ga16Rh7,False
22852,SmAl2Cl8,False
14416,Ca2InPb,True
10939,Be2NiGe,False
40042,PrSnPd,False
13513,SrFeO3,False
34670,K2PtC2,False
53882,AgAsF,False
39401,Mn8O13F3,False
14491,WS2,False
37081,CrF2,False
21413,PrAgAu2,False
35091,LiBr,False
22588,LuInAu2,False
16034,NiO2,False
19877,RbDyI3,True
21080,MgCo3,False
2039,VO2,False
52807,TmCrO4,False
35757,Te2Mo3WSe6,False
42618,Rb3BS3,False
17143,PrAsPd,False
3833,Ba4RuW,False
7371,Na2LaBe,False
27531,Zn3N,False
17616,Na2LiCeCl6,False
1151,Ba4PBr,False
44359,Ti2O3,False
33055,Nd2CdNi2,False
43962,U8FeS17,False
31804,TiGaPd,False
23132,Hf4N3,False
52130,Li4Fe3Ni2Sb3O16,False
53106,V3O5,False
26979,Fe4OF7,False
22396,TlGaTe2,False
6353,MgBeRe2,False
21750,KInBr3,True
22643,RbFe2As2,False
40351,CePt2,False
33600,LiY2Pt,False
15055,K2CaN4O8,False
14474,Rb2InSbF6,True
22975,KZnAs,False
21219,TbUTe4,False
47615,K3YBr6,True
14015,MgNi2,False
25658,GaH3NF3,False
34534,LaMgTl2,True
21678,MnCuPt6,False
47567,Cr2S2BrCl,False
46294,Nb3CoS6,False
31775,Fe3Si,False
49525,ZrH2C3O4,False
43204,ZnCu2SnSeS3,False
17197,Nd2TlAg,False
35166,NaAl3,False
2479,ZnS,False
44858,SrTcN3,False
44290,Ba2UTiO6,False
49424,TiCrAgS4,False
28305,Sr3N2,False
13201,Tb3CuSiSe7,False
28064,MgGeO3,False
8551,K2CdSn,True
36789,LiAgO2,False
30507,W2C,False
50695,NaAlH,False
46652,CaNi4Sn2,False
39775,Lu2Ti2O7,False
36758,CdHg4C6S6Br4N6,False
41263,KIO4,False
32511,U2F9,False
41179,ErFe4Ge2,False
31095,Pa3Sb4,False
37330,Li2TlSn,False
54080,Cr4Se3N2,False
5569,Ta4O,False
122,ZrSn,False
34464,NbAlPt,False
4640,Ba4HfRh,False
24708,KNa2BO3,False
131,Mg3In,False
46685,Zr5Al4,False
51242,Tl3AsF6,True
44905,Ca2InN,False
26555,Ba2Ti6N2O11,False
18938,CaCd2Sb2,True
42424,Ni3Au,False
744,LiFeO2,False
37398,LiMnPO4,False
38275,Li2NiP2O7,False
51382,Li2MnOF3,False
49971,Cd2Sb6S11,False
35656,OsRu3,False
11663,TaBeGe2,False
40690,Ho3TlC,False
12656,CeTmIn2,False
31132,Te2Mo3WSe4S2,False
45210,MgPb3,False
2915,Li7FeO4F2,False
33539,Y2AlZn,False
3641,K2AsAuS4,False
40993,LiFeNiO4,False
31542,CaB2Ir2,False
28527,LaCoSi,False
14861,PdCl2,False
35353,NdZnAu2,False
14925,SrRhF6,False
32250,UAl10Fe2,False
8867,K2WCl6,False
10340,Be2CuRh,False
16666,Na2HgAsCl6,True
53264,BI,False
40530,Fe3H4O2F8,False
45289,Ba2LaReO6,False
33593,CuGeRh2,False
52054,Y3In5,False
1182,Bi2MoO6,False
17964,FeNiP2S6,False
30656,CeAlCo,False
5718,Tb4Fe3B6,False
15349,ZrGeS,False
33114,Lu2ZnAu,False
36456,Mg3Cd,False
4775,Zr2Ni,False
11331,BeNb2Fe,False
26820,Li2NbOF5,False
50400,ZrPRu,False
2216,Sc2Se3O9,False
39326,Mn3O2F4,False
1661,Ba4TlSe,False
47429,ZrSe,False
42310,GeTe,False
53831,CaC3,False
765,Li4CuF7,False
35952,MnBe2Co,False
30240,K3Bi,False
11874,NpSe3,False
24364,MnS2,False
9816,Na2BeBi,False
47526,Rb2NaMoBr6,False
11833,BeIrOs2,False
42918,Ga2RuPt,False
24634,NbAlO4,False
13050,BeCoRu,False
9330,ZnCu2SiTe4,False
8574,MoAsIr2,False
22678,AlFe3,False
51045,Th3Mg,False
50120,CdH2C3O4,False
5046,Ba2TlCl,True
39642,InAgS2,False
53708,Te6RhBr3,False
4256,KMoPO6,False
2591,Ti2O3,False
26797,HoS,False
15626,Zr3Pb,False
24745,Sr2CuTeO6,False
45669,ErC2,False
19332,Ho3Mn3Ga2Si,False
33332,ScNbOs2,False
14579,Ba2CoF6,True
51325,KAlCO5,False
41769,LiVF4,False
27721,Yb2InHg,True
809,Ba4SbBr,False
9247,MgGe3,False
1162,CaCo2Ge2,False
45946,Ni3Pt,False
3752,NdInCo2,False
33412,Tb2IrPd,False
51161,BaTe2,False
19377,Tl3Ge,True
53958,CaCrO2,False
15286,La2B4Rh5,False
50608,CaVS3,False
15607,WN2,False
39948,Sr3SiO,False
10152,Be2FeBi,False
22760,CdO,False
14014,MnCo3C,False
42368,HoMn2SiC,False
11825,Yb2Mg,False
26725,Ta2TcMo,False
21882,Dy3TaO7,False
44843,Pr3CuSiS7,False
36298,Li2VP2O8,False
52588,SrCa2Fe3O6,False
14533,LaCo9Si4,False
20291,TaNbAl6,False
19941,NaSbF6,True
10280,BeSiP,False
4860,Li2NdAs2,False
40438,K3Tm,True
6114,U2AlCu3,False
6494,KBe2Te,False
39493,Li3Mn4NiO8,False
43437,NaCNO,False
37843,Li2FeBO4,False
51788,Li4NF,False
1469,HoB7Mo3,False
10529,SrBeBr2,False
35130,Ta5Si3,False
7767,AsRu2W,False
26475,Na3C,False
52981,BAsH4NO4F,False
9754,BeTl2Ge,False
18046,Rb2HgRhF6,True
49556,K2VH2OF5,False
32750,CrTe2,False
42307,PmErZn2,True
34663,TiNi2Sb,False
50380,SiGeC,False
12621,Ti3TeO8,False
4280,LiAgF2,False
24159,BaHo2NiO5,False
13052,NaMg6Ni,True
18737,Rb2InAgF6,True
48460,YBO2,False
33562,YTe,False
51191,Li2V3FeO8,False
49137,ZrFeTe,False
22107,Sc2TlHg,False
11433,BeSi2W,False
44025,Rb2GaAgCl6,True
4552,Ba4RuRh,False
19651,Na2Ti3O7,False
41597,Sr6Li2Cr2N8O,False
24233,SrLiNiF6,True
32584,AlF3,False
25445,TiPO4,False
13138,HfMg6W,False
38564,SmNiGe2,False
27345,Yb2MgIn,True
15281,ZnBiF6,True
2075,LiV2O3F3,False
39626,Fe3O2F4,False
11025,BeReBi,False
42977,HoScO3,False
22766,Ca3SiO5,False
46420,BaSn5,False
31591,PrIn5Rh,False
7812,MgH2,False
2864,La2Ge3O9,False
53485,BeCl2,False
35957,DyAgHg2,True
24592,CaTi4Fe3O12,False
21912,AgXeF9,True
30128,NaAgO,False
2283,VFeAs,False
43731,NaC4N3,False
37367,SiHg3,True
22050,NaInO2,False
13771,Rb2NbHgF6,True
24074,BaMn2P2,False
24814,TbBa2NbO6,False
3986,Sr3TaAs3O,False
40483,TlHg5Cl11,True
36402,Mg3Al,False
1167,BeP4Ru,False
19749,Ca2AsI,True
20837,CeUO4,False
36769,UP3,False
13833,LiMg,False
7108,Be2HgCl,False
48103,Sr2CaI6,False
19354,K2CoF4,False
49844,YPbS,False
34739,Ti6O,False
28528,BaNd2ZnO5,False
25948,NiH2O2,False
49562,ZrH10C7O4,False
36672,CdC2N2,False
42832,CoIr,False
32512,LiHo2Rh,False
188,LaFe5H2,False
13211,HC2,False
29139,Ag2S,False
12312,U2TiH3,False
49399,Mg2SiO4,False
34871,Ti3Zn,False
31947,LiBePt2,False
24157,Zn2GeS4,False
14961,K5CuSb2,True
9014,NaMn2O4,False
1841,BeReOs4,False
39818,Mo8P5,False
50751,La2Cu2I,False
51625,BrO2,False
36612,Hg2Mo2O7,False
35800,LiHf2Tc,False
6060,Ba4TaRh,False
16648,Yb3Ca,False
4189,Tl4HgI6,True
867,AsPO5,False
8701,As3Rh,False
24556,CaFeSi2O6,False
8886,YMnAs,False
23482,Er2Te3,False
12309,AlSbO3,False
4495,H3W,False
33115,Na4Ga3Si3ClO12,False
7050,NaSc2Be,False
2289,BeZnPt4,False
50350,Rb3SBr,True
40581,VSb2O5,False
43773,YbPO4,False
54100,Dy3NiGe2,False
9612,Ti2SbP,False
22971,NiCN2,False
45225,HoCu,False
23750,As2Rh,False
36778,Li3Zn,False
45626,Zr2Fe12P7,False
39471,Ag2H2IOF,False
16775,HfZrCN,False
54512,H2C,False
54084,Ag3Hg,True
47482,HoPaRu2,False
53752,AuCN,False
15282,BaNi2P2,False
36605,ZrNi2P2,False
13630,Fe2O3,False
32528,Y2CN2O2,False
51925,H3ClO,False
35167,KSr3,False
45738,LiMnNbO4,False
23578,In2CoS4,False
15336,DyRh,False
8427,Mn3OF5,False
3044,Np2S3,False
7237,Li2CuSbO5,False
46956,Ti5Re24,False
33182,Rb2Zr2O5,False
39438,BAs,False
40201,Ca2MnP2H4O10,False
24462,NbI2O,False
49607,CdH2C3O4,False
3603,BaCdSnS4,False
44976,Zr2CoSi2,False
36124,AlH3O3,False
24096,KCu4S3,False
5426,BaSbBr,False
54547,Sm3Ga,False
38469,Te2Ir,False
2460,V4O7F5,False
25503,RbS,False
8291,ScPd,False
39057,LiTi4VO8,False
51769,AsI5,False
8883,ThAlNi,False
43108,K3AsS4,False
38750,YbPrRh2,False
53488,MgTaSn,False
40125,PbSe,False
11951,Nd2AlNi2,False
30761,KNaTiO3,False
7187,BeCrFe2,False
11577,DyMn2O4,False
9122,Ti2ReAs,False
25327,Na2RuO3,False
13803,LaAl3Pd2,False
29802,ThAl8Cr4,False
38203,V2O3F,False
27123,Fe4OF7,False
24972,LiV2OF5,False
54402,YbU3,False
27932,Al2Cu3Se6,False
44924,HfGa2,False
18348,NiB2Mo2,False
20051,PrBrCl2,True
41620,PSe,False
17063,H6C7N2O,False
38217,TcRu3,False
21577,La2Co2I,False
35472,ZrH3,False
15953,RbAs2Ir2,False
24121,PdSe6Cl2,False
47416,PmDy3,False
35744,SrBPO5,False
46559,ZnIn2Se4,False
15130,Rb3TiF6,True
15311,Co4H,False
39360,TiTe3O8,False
54108,Li4MnCo2O7,False
28560,SnS,False
528,Nd7S6Cl9,False
46275,TlIn5S7,False
21211,Nb2CrSe4,False
29233,LiV6O7F5,False
26337,Rb2LiVO4,False
45848,Mo3S4,False
52741,Ce4S4Cl2O,False
37652,RuN,False
37795,LiMn5Cu2O12,False
8695,EuGe,False
47475,HoTmCd2,True
33335,TaGaFe2,False
45874,MgCrO2,False
43442,GaP,False
45604,BaErAgS3,False
46610,Te2Rh,False
22769,Ca3SbN,False
12324,Al2ZnS4,False
14238,Mg2Sc,False
39189,AgI,False
19594,ThB2Ru3,False
52907,PWCl,False
25726,Sr2NiN6O12,False
46740,Al4B6O15,False
22471,YMgAg,False
47803,RbCaN,False
49489,KTe,False
37423,Ga3Cu,True
41589,U7Te12,False
49664,PrVO4,False
8618,Sr2BeTc2,False
22480,BaMn4ZnO8,False
1633,Ba2LiGa,True
7753,BePbSe2,False
45103,CaCd2,False
9462,UN2,False
17016,ScAu3,False
50950,LuTiFe11C,False
23716,SiC,False
29871,LuS2,False
54501,SiP3,False
27635,Tm2ZnHg,True
39127,LiHfAu2,False
46378,Ta2H4O7,False
18366,Ti2Co,False
23138,InI3,True
38984,CeW2O8,False
20840,Li2VCo3O8,False
40943,K6HgS4,True
24360,AlH3O3,False
20194,NdAl3Ni2,False
53923,SnHCl3,False
786,Ba4TaBi,False
26041,SiGe,False
24656,TeWO6,False
11007,Na2BeIr,False
41081,Y2MgSe4,False
24461,MnCo5O12,False
16791,SiSnN2,False
48285,Hf2Rh,False
18332,Nd2Ga7Pd,False
26210,MgCl2,False
40731,LiGa2Ru,False
44222,MgAg3,False
21357,USb2Pd,False
1204,Ba4ZrSi,False
11785,BeZnIr,False
26135,TiO2,False
23246,NdFe4Sb12,False
46721,ZnFeO2,False
48960,NaSnCl,True
44338,Tb2MgSi2,False
40347,Li3CoN6O12,False
12186,SrLiMg6,False
17900,MnAlFe2,False
49900,NaLiAs,False
5400,Li3Mn2O4,False
30837,Cr3Ni,False
18333,HoErIr2,False
1046,NaMn4Be,False
13855,SeBr,False
10877,CeMg2,False
31217,CuSe2,False
36144,BiBr3,False
36079,Cd2B2O5,False
12709,BaSi3Pd,False
35463,PtN,False
27014,MoH2O4,False
28805,MgBi2O6,False
23639,In2Co3S2,False
30252,LiMgN,False
19097,HfBi3,False
8451,Yb2Ge6Pt,False
7038,MgSiAs,False
23111,RbO,False
16091,Rb2AgAsCl6,True
19614,Ga2TeSe2,False
34474,Li2CdPb,True
34595,Ni3Sb,False
39122,Cr4OF11,False
14411,NbO2,False
18019,InFeO3,False
29660,TaReO6,False
54004,GeO,False
15832,FeSnRh2,False
2140,BeVPb4,False
29027,Al2FeTc,False
52578,B3Se,False
24057,CaSiO3,False
50367,RbSeBr2,False
1591,Sr4TiBe,False
52700,Na2AgAs,False
22142,H12C17S,False
53904,HPdCl2,False
28776,SrClF,True
33760,HfTaTc2,False
28256,Tb2CaO4,False
52724,AgAsO2,False
13258,Ba3Sc4,False
14575,SmAg,False
53939,SrHCl2,False
38027,VOF3,False
54525,AlSe2,False
5080,Ba4HfOs,False
27395,YbZrRh2,False
17711,In2HgO4,False
14080,TiS,False
37180,Li4VF6,False
10311,Dy2B4C,False
13365,NaNiO2,False
15793,UPSe,False
54493,SbP3,False
4445,BaNa2Cd,False
28301,LiCa2Ag,False
47306,CaMgP2Se6,False
35741,RuRh3,False
1738,Pr2Se2O,False
23191,CuH4O2F2,False
20847,Nd3B2N4,False
7356,Be2IrRu,False
42799,Ti3AlN,False
25569,YNi2O4,False
28113,YbLuRh2,False
33890,Al2RuRh,False
53426,InIO,False
33420,Ba2SnHg,True
30319,CrN2,False
25516,Ba2CaI6,False
46723,Zr5SiSb3,False
2546,NaLiH4C2O5,False
42443,LiLuO2,False
48121,SNF,False
6779,Pu2InNi2,False
44607,KBe2BO3F2,False
45207,Na3FeO4,False
40582,CaFe2P2,False
34042,ScCu3,False
35316,As2Cl3OF5,False
10956,Be2SbMo,False
14973,La2O3,False
11805,PrP,False
24460,NaH2N,False
11102,TaTiBe2,False
29277,CaGaSiH,False
41882,NaHg2,False
24863,GeP2O7,False
8901,Ca2SnS4,False
53116,SnHF2,False
17029,BaCd2P2,False
8920,BeCrRu2,False
6157,TaBe2Sn,False
14401,Na2Cr2O7,False
15114,S7N6O8,False
10764,BaPr2NiO5,False
18621,K2Ag,False
16876,CaNdCrO4,False
886,Ba4TlRh,False
47307,Tm2PdRh,False
15167,TmAu4,False
31634,Pr2MgGe2,False
13314,Mg6VCu,True
13931,LaVO3,False
3471,BaSrCd2,True
32071,Lu2AgRu,False
37516,Pt3Rh,False
1790,Hg2ClO,False
46151,Cr2NiO4,False
44157,Mn2Sb2PtAu,False
15564,RbO,False
2226,LiFeF4,False
902,NaBeGe4,False
12398,SrBeCd2,False
18209,ErInCu2,True
52478,Ba2BN2,False
2872,K3AlH6,False
50381,Ca3Ge2Au9,False
23148,LiAuC2,False
19493,YbSnO3,False
21545,Si2P4Rh,False
37934,VPCl9,False
43972,NaAgO,False
50199,Li2Mn2OF6,False
18131,K2HgSbI6,True
43149,NdCoO3,False
43725,LiBF4,False
38267,PaP3,False
16766,RbCaH6N3,False
13024,Pr3Sm,False
32871,LiDyHg2,True
1242,Ba4InPd,False
3594,Cu2HgI4,True
361,Zn2AgAu,True
26965,RbBr3,False
11372,BeZnSb2,False
2377,Ca3Au,True
12392,FeSn2,False
4122,BaSi2Rh,False
46705,AuC5S4Cl4,False
21280,KOsF6,False
36311,VF4,False
32453,CeB2C2,False
52209,CaAlH,False
14292,ZrB4Mo,False
2174,NbNi2Sn,False
36493,CdI2,False
28730,MgRhO3,False
4539,NaLi5N2,False
4930,Tb10B2Br15,False
22996,FePt,False
25400,Te4MoW3Se4,False
3307,BaTlRu2,False
24529,TlI,True
30506,Rb2NaTiF6,True
14299,UF5,False
54335,WClO,False
31639,Dy2TiO5,False
21784,YbLaPt2,False
38610,ScAgP2S6,False
13420,Sr2BeTl,False
39297,Na3CoSiCO7,False
3956,NbNiB2,False
43220,VBrO,False
34143,KYGeS4,False
181,SbOF,False
18130,LiTiFeO4,False
47079,Na2ZnCl4,True
33647,PbCl2O4,False
1507,Ce3Al2I2,False
17318,Sm2Tl,False
17301,BiO,False
50593,LiCaO,False
35638,KBeH3,False
8416,KMn2Be,False
2327,La2InRh2,False
9036,Be2InCu,False
38139,YMg3,False
45703,Er2Ni3B6,False
2770,Mn3Al,False
48305,Li2FeBAsO7,False
3077,In3SnI5,True
23320,Ho2CdS4,False
51538,MgRhO,False
45884,ZnCu2SnSe4,False
33048,UNiSn,False
32613,TmTaOs2,False
6987,MgMnBe2,False
4442,Ba4TiRh,False
11788,KOs2O6,False
50251,LiLuSn,False
48391,Dy3BeCrS7,False
37033,Bi3Rh,False
18379,V3O5F,False
17576,K2TlGaCl6,True
16497,Rb3TlCl6,True
37950,VOF,False
9382,BeCrSi2,False
10653,TmFeO3,False
27795,NaCd2Rh,False
4234,MgScSe3,False
31503,DyNiO3,False
17100,NaMgN,False
53313,NiH2O2,False
382,Sm2P3Pt6,False
47983,LiCoF,False
51361,HoCu3S3,False
44384,NaInN,False
14336,MgCrF6,False
53581,MgC2,False
5430,Y3Mg,False
38459,MgFe2O5,False
50881,Ba2PAu,False
16499,K3LuCl6,True
53660,PBr3,False
48023,Fe6O7F5,False
24958,MgP4,False
21468,Te4W3Se2,False
3648,Ba2LiSb,False
46910,V3Si,False
31969,LiAlSi2O6,False
37199,PH6NO2,False
3042,CrCd3Te4,False
36440,FeAs4F18,False
28253,Y2CuPt,False
18085,ZnCdAg2,True
14010,NdN,False
14418,Sr2Mg,False
34187,BaZnBi2,False
51957,Er2Al,False
30792,MnFe2Ge,False
53875,Cd2O,True
46895,YOs2,False
9510,BeSn2Se,False
15101,NaH3C2O5,False
14648,MoP,False
24447,Nb3O7F,False
21276,TaMoN,False
36339,FeAsS,False
48729,BeTlSb,False
33884,K3SmAs2S8,False
11868,Rb2SnO3,False
32762,BaZnSO,False
12524,KCoF3,False
39350,TiI3,False
27681,BaLi2Tl,False
29500,LiCaCoF6,False
19932,Ho2MgCu2,False
45537,FeTeO3F,False
46246,MgV2O4,False
3887,Ba2TlSn,True
39919,Na5MnO4,False
51282,Li7Mn2Co3O12,False
18996,HoMn2,False
6820,Be2NbPt,False
44436,CoC4N6,False
53517,Be2S,False
30205,LiYSe2,False
262,TiFe2Sb,False
31483,Ba2CaIrO6,False
26060,Te2MoWSe2,False
30355,LaPd3C,False
37215,DyHoIn2,False
7520,BeGa4Sn,False
16486,UNb,False
41491,Ca2CoN2,False
34924,HfGaPt,False
27893,NdNi2Sb2,False
32736,YbCdAu2,True
50043,ScBO2,False
1243,Ba2UFeO6,False
51820,SbPF,False
39749,TmNp3,False
26061,AgCl,False
44369,CuBi2O4,False
17047,Li2GaSi,False
33974,MoWSe3S,False
44619,KNa4Cl5,False
12849,Mg6NbGa,False
15172,Ho10Si17,False
52364,Zr3Mn8Si,False
36923,ZrCd2H12O6F8,False
49318,Li4SiGe3O10,False
22890,Li2Ti2CoO6,False
28386,Ba3As2O8,False
1774,Ba4YCu,False
20543,La2CoNiO6,False
42993,Tb5Se2Cl3O10,False
40299,CuAu3,False
6488,CaMgBe,False
32668,CdS,False
32320,URhS3,False
32861,YMnF5,False
37074,Ba2CuH6,False
23939,NaSrNb2,False
27770,Be2ZnPt,False
30134,V3O4F2,False
35829,DyCdAu2,False
5782,DyAlCu,False
29661,NaBC4O8,False
9711,GaHg3,False
16599,Sr2LiCd,True
38769,ZrP2H2O6,False
14245,BaLaMn2O6,False
12829,RbMnF3,False
359,K3CrO4,False
46537,ReCl3,False
17843,H10C5S,False
49739,Zr3Tl2Cu2Se8,False
42721,Rb3RuF6,False
2574,SmMg,False
11222,BeOsRu2,False
6512,BeTc2Br,False
32723,TmZrRu2,False
21457,Hg3Pb,True
22448,TeW2Se3,False
19746,NdFe2Si2,False
25096,Mg2Ti2O5,False
19993,LiZnPt2,False
33040,Ga4Bi2O9,False
12249,YTe2,False
40805,LiAgF3,False
43293,La2AlGe3,False
20495,YEr3,False
34123,Sc2AlIr,False
30283,CdSnO3,False
15592,MgCd2,False
18126,BaLu2O4,False
18299,Sr2CoN2,False
35730,Ho2AlOs,False
35682,LuAlPd,False
8739,Li2MnSi2O6,False
45553,PuSb,False
5209,Ba2SrW,False
38280,Li3V3O5F3,False
34019,Li4Ti3Fe3Sb2O16,False
6811,BeInW2,False
25580,NaBO2,False
22164,Te2Mo3WSe4S2,False
6948,IrN2Cl6,False
39736,Mg3BH2O5F,False
10298,BeHgSb,False
26757,LuPt3,False
7378,NaSc2Be,False
37094,Cu3O2,False
15784,LiCoC2O6,False
22063,Tb5Mg,False
28715,Er6Te2Ru,False
3965,Nd3Co13B2,False
34524,SmMn4Al8,False
1816,YCI,False
13525,BaMg2As2,False
27248,Yb2CdGe,True
25399,V2ZnO4,False
19977,ZrMnNi,False
44011,GeMoAs,False
36892,TmHfIr2,False
2812,RbMg6Mo,False
7246,KLi2Be,False
12453,Sr2TiBe,False
46401,K3Nb3B2O12,False
25540,Li3CoO2F2,False
13264,BeBi2Ru,False
38525,CaH12Br2O6,False
4457,TlFeBr3,False
18786,LiMgIn2,False
13997,Cr2FeS4,False
19207,Ta2MnV3,False
52863,ScNCl,False
35984,ZrInPd2,False
17213,K4NaCl5,False
39004,Zn3Ni7O10,False
19259,CdPb3,False
36932,RbBaSiHO4,False
14862,KEuPdO3,False
51029,NiGeN2,False
18530,TiTe,False
32501,MgZrRh2,False
20516,Fe3W,False
21196,BaMgMn4O8,False
16366,MoPbO3,False
24704,CaWO3,False
20875,CrO3,False
99,Nd3S2Br5,False
40391,PrIn3,True
28783,Be2PdRu,False
37747,CdI2,False
26303,Y2CuAu,False
335,LiGa2Rh,False
52897,SmCo4B4,False
48790,H2CO,False
29029,KAsSe2,False
1035,Ba2ZrO4,False
35731,NiMoP2,False
18580,LiTaF6,False
13768,CeSnIr,False
8281,Be2ZnGa,False
43051,AlRu,False
51814,CaGaH,False
24381,NaSnN,False
51744,CaAsN2,False
46047,PrSnRh,False
18064,ZnH12C8O4,False
963,V4OF11,False
42956,KH3O2,False
39500,LiMnF3,False
46717,Zn2PdO4,False
15099,Eu2HgSb,False
11035,TiAgHg2,False
3110,ErAgS2,False
13922,Li4FeN2,False
49818,Er3OF10,False
49022,AgSe,False
562,Ti3In,False
26022,GeS,False
33814,HfZn3,False
34574,LiZrAu2,False
42039,TmNi,False
51903,LiAu2,False
54323,HoU3,False
51846,CdCuO2,False
11009,Be2NiPt,False
13496,V3Te4,False
10315,BeOs2Cl,False
43092,Li4Ga3Si3BrO12,False
50638,ScAg3S2,False
4966,K2BaGa,True
40411,NbCl3O,False
7525,V3Au,False
39246,VO2,False
21776,TbAlGe,False
25193,NaCrS2,False
14777,UGa5Pt,False
11258,CaAl2Si2H4O10,False
31345,Sc2CdTc,False
29859,Dy2Sb2O7,False
38411,Ca2SnS4,False
9619,Sr2NiMoO6,False
33301,DySiIr,False
15389,CrNi,False
33712,ScZn2,False
8406,CrP2S7,False
49417,LiMo6Se8,False
27873,Ga2RuPt,False
9132,Be2CoRu,False
20272,LiTiO2,False
1214,Ba4CuMo,False
19292,TcW,False
23799,TlGaO2,False
39170,DyBr2,True
29666,SrIrO3,False
21522,CuB2O4,False
49483,MgIrO2,False
394,Y2Pd2Pb,False
21376,SrCaCu2O4,False
3757,BaGaSb,False
29378,Ti2ZnO5,False
23466,Ni3TeO6,False
14658,NbSeN,False
40707,TbZn2,True
6566,Be2ZnRh,False
8879,NaTeO6,False
1961,LaCN2Cl,False
26633,MgZr2,False
30017,LiVC2O6,False
37793,VOF,False
13063,RbCrO3,False
51864,CdO,False
38402,Sr3CdPtO6,False
47490,PrSmO2,False
14833,LiMnP2O7,False
10412,BeTcIr2,False
32614,Yb2AgIr,False
41212,CdSb6S8I4,False
12837,Be2VOs,False
38327,RbBS2,False
33416,TiNbTc2,False
5362,BeZnRu,False
51030,Pm3Al,False
32216,CaHg3,False
24848,LiTiPO4F,False
47793,Ba4Sc2Cu2O9,False
14672,CuBr2N2,False
7574,DyIn,False
26124,Ca2ZnPb,False
11229,ZrScZn2,False
33264,LiGaCu2,True
48076,SnMo6Se8,False
32954,Yb3GeO,True
28357,CeCo2As2,False
35125,K3Sr,False
38549,ZnS,False
8584,MnBe2Cd,False
574,RbCdO3,False
35334,HfMgAu2,False
42136,Mo2C,False
12891,Mg6CrCu,True
28453,CaH2O2,False
2573,BaCaC2O6,False
12438,Nb4CoPt3,False
53740,BHO2,False
26872,Li2NiSnO4,False
15852,CaBiAu4,False
51727,LiCaAs,False
10188,Be2CuBi,False
24532,ScSnPt,False
12585,LaSi2Ni2,False
41174,PrNi2,False
14773,Li2Mn2SbO6,False
30095,Al2FeO4,False
27452,CeCdAg2,False
26843,ErCdAg2,True
49719,CdH18C11O4,False
40173,ZrP2S6,False
43680,Y2SiO5,False
44143,AuI2,True
26989,MnBi,False
12276,Mn2B4W,False
53223,ZnSnF,True
53071,Tb5CuPb3,False
30824,B5W2,False
15606,CePd2Pt,False
37960,Li2MnFe3O8,False
44731,AlCo2Ni,False
8793,BaMgSi,False
50549,La2MnSb4,False
5065,BaZnBi2,False
13846,Mg6FeBi,True
36121,SrH4O6,False
16263,Ba3La,False
8104,SmSiRu,False
36066,TlCrSe2,False
42864,LaCo2Ge2,False
10617,Be2PtRh,False
26859,Sb2O5,False
34173,Sr2CoSe3O9,False
52719,Cr5InS8,False
10362,P2O5,False
27636,MgGa,False
42294,PaHgO3,False
30560,CeSbPd,False
24330,MnS,False
12179,HfBe2Ru,False
36677,BAs,False
33235,LuThTc2,False
18573,LiAl2FeO6,False
532,LiVC2O6,False
22248,Li2CuF4,False
52968,CaInTe,False
15288,LiMgSnAu,False
3705,Rb2Hg2PdCl8,True
23183,TlFeO2,False
39372,NiSb,False
9629,LaFeAs,False
38220,HfCoO3,False
28668,PICl6,False
706,YbCO3,False
53025,RbMoF3,False
50133,AuO2F6,False
9963,TaBe2Cl,False
3825,BaNbHg,False
29104,RbCuF3,False
5452,TaCu3S4,False
21860,NbVCr,False
30149,KMnCl3,False
32844,Ba2TlCd,True
40487,ZnFe2O4,False
31327,LiMg2Ag,True
17618,Hf4AgPd,False
50755,AlPO4,False
54284,CaBr,False
54446,TiSn7,False
12359,NpSi,False
35839,Rb3Cd,True
7817,NaMoF6,False
19134,CoReGe2,False
17473,Rb2AgPdF6,True
25109,Rb2SnTe5,False
14046,GaTe4Mo4Se4,False
49123,Sr2PF,True
9858,Na2BeGe,False
50158,BaTePd,False
51548,MnSbO4,False
18258,Mn6PtRh,False
17203,Na3YCl6,False
47154,K3CrF6,True
33031,DyThTc2,False
30964,CoAs2,False
7113,ScBeRh4,False
39001,ZrCl3,False
42043,TmNi5,False
9883,Yb3Sm,True
33365,BaBiClO2,False
48957,NaNbSe2O7,False
3167,CaB2Rh2,False
25574,AlZnH4O2F5,False
35409,YHoCd2,False
32798,LiO2,False
39506,KLi4CrO5,False
50111,Li2FeF5,False
4610,Ba4CrRh,False
47572,Nb2FeS4,False
54473,As5Pt,False
14302,TlInF6,True
53326,Ba3Al3N5,False
34197,PuGe2,False
12217,CaMg6Zn,True
7912,DySi,False
957,Ca3SiBr2,False
3420,Mn2OF3,False
12027,HgBr,True
3619,Li3H6Ir,False
1312,Mg3V6Fe4O24,False
34259,Tm2NiRu,False
7466,BeCdSb,False
49045,MgCoF5,True
22845,BaYTiCuO5,False
44080,Cr2B,False
4919,Ba3LiN,False
16338,HoCo4Cu,False
28219,RuN,False
37095,SmTmRh2,False
42074,SmTh4O10,False
39934,LiMnP2O7,False
5597,BaSbCl,False
39135,Li2TiFeO4,False
26185,GaNi2,False
34501,RbBeO3,False
2134,CuAgF3,True
44580,SmNiSn,False
39175,MnHg,False
34696,PrGeRu,False
36269,Ti3Ga,False
28556,MgNi4O8,False
54090,Tb2Al,False
23084,Au2Se2O7,False
50882,K2TlInBr6,True
27579,Ba2MgCd,False
46980,Dy5SbAu2,False
49609,Mg2O,False
5952,BeNbRh,False
25216,Sr2GaSbO6,False
22602,Li5SbO5,False
28666,HfVAu2,False
23097,ZrO2,False
21192,PmI,False
10747,BeGePd2,False
18121,InAgS2,False
14586,NpCo2,False
26794,In2Ge2O7,False
22160,K2RbAsBr6,True
7291,NaBeV2,False
31153,Er2CdIn,True
18468,Na2TlCuCl6,True
7796,Be13Sb,False
38415,LiAuO2,False
15320,NbCrCo,False
47555,Rb2YInI6,True
20262,MgAu3,False
18196,Yb2US3O2,False
16324,Na2LiTlCl6,True
8981,ZrBe2Fe,False
35864,ZrCdAu2,False
13254,CrF5,False
1634,KBaTl,True
40854,NbSeBr3,False
42697,AlCuF5,True
37201,Rb2LiInCl6,True
2960,LiMnBO3,False
47324,AgBiTe2,False
7800,YbIn,False
42722,HoCuSe2,False
12024,TaAl3,False
5963,Ba2YZn,False
51376,ZrCrAgS4,False
52659,BaMgSe,False
21316,KSiTc2,False
5293,LiAlGeO4,False
48502,Nd2Al9Ir3,False
5721,VN2Cl6,False
52580,Sr3NdMn2O8,False
26368,AgClO2,False
48763,NdGaPd,False
45615,MnSnF6,False
41559,Hg2P3Br,False
30435,Cs2NaErF6,True
48482,BaBiCl,False
30788,NbGeAs,False
25056,B2W,False
8691,Nb2C,False
31889,Dy2NiIr,False
5529,K6Na3AlSb4,False
17600,TbSi2Os2,False
1032,Ba4BeSi,False
2193,SrBeSn4,False
15968,GaHgO2,False
34691,Cd2PdRh,False
1565,LaNbO4,False
36012,PuN,False
5813,ScSnPt,False
25141,CaMn2O4,False
16249,YPRu2C,False
8896,CaBeFe2,False
46481,Ca2TiSbO6,False
12706,Zr2Si,False
34795,Lu2AgPt,False
28523,NaCaHg2,True
13247,BeVOs2,False
16446,Ce2ThO6,False
18220,Sr2LaTaO6,False
33178,KRb2TiF6,True
37607,Hg3AsSe4I,False
50299,Li3VOF5,False
8343,ZrBe2Br,False
9072,HfMg6Al,False
27042,SrCu2O2,False
29461,Mn2Co3Ge,False
39930,Mg2Pb,False
8334,Li3MnO2F2,False
48008,Re3Mo,False
44512,SrSnN2,False
32728,V2C,False
35562,TmTe,False
24308,BiTeBr,False
33938,Ho2B4C,False
38372,NaSr3SbO6,False
672,Ba4GeBi,False
23633,Ba2CdS3,False
3466,Bi2TeI,False
24380,Hf2CuSb3,False
5667,Ba4NiRh,False
23211,KPH2O4,False
37058,OsSe2Cl12,False
12945,MnGa2Se4,False
49404,MoPO5,False
51966,YAsS,False
21349,Li2AlRh,False
53526,TiAlN,False
25678,FeAgS2,False
18251,K2LiNdBr6,True
48217,Zr5CuSn3,False
48759,MnCdCu4Sn2Se8,False
13791,AlPb3,False
41453,TiBe,False
26769,Rb4CO4,False
1435,USnPt,False
36009,K2BaCdSb2,True
20249,CeNdS2,False
36510,Pm3Y,False
11439,FeO,False
25387,TiNbS4,False
36024,Mn2S3,False
41141,Na2CO3,False
25647,Ca2TlHg,False
36406,Mn5SbO12,False
4172,PbS,False
52440,Mn2O3F,False
42752,Bi2O3,False
26420,YbMg,False
21941,LiMnF6,False
35726,Rb3Tl,True
4455,HgC2Se2N2,False
14704,CdAg,False
1347,LiVF3,False
4030,BaLiCd,True
4633,BaPIr2,False
44897,MgSn2O4,False
28656,LaTeCl,False
48413,LiAs2,False
33488,ErBi2ClO4,False
31890,MgGaNi2,False
31031,TbCl3,False
18599,K3Ca,False
14727,Na2Pd3O4,False
36239,CuAgTe2,False
53003,TiMnSn4,False
7456,Be2ReP,False
39512,CdCl2,False
49689,YbTm2Se4,False
43721,Ni3Sb2Te2,False
13794,TaBe2,False
45650,SrMnV2Ag2O8,False
44148,Ti3Sn,False
3311,BaBi2Br,False
1714,K3VO4,False
12539,PmNdIn2,False
26358,ScC,False
12166,Be2HgW,False
38187,LiNiPO4,False
25717,ScTiO3,False
37147,Rb2NaInF6,True
11607,ZrBeSi2,False
37691,SnS2,False
42008,NpMn2,False
33425,LiY2Rh,False
23055,Ga2Ge4Pb3O14,False
38845,Ca2AlFeO5,False
5273,BaVHg,False
40312,Mn3Si2Te6,False
33836,AcCdHg2,True
30563,Te6MoW2,False
20116,LiPm2Pb,False
1475,LaBeCl4,False
22281,RbCeSe2,False
6342,Be2InSi,False
8521,Mn2BeCo,False
41881,UAl8Fe4,False
30684,YSnAu2,False
52625,BaSeCl,False
2476,ZnCdSe4C4N4,False
12122,K2MgCuF6,False
33350,TiGa5Ni,False
14251,SmNiO3,False
54385,U3Ti,False
13867,LuTe,False
41543,IrN2,False
40785,CaMnO2,False
28512,Y2ZnCu,False
47669,Ta3Co2Mo,False
18964,ZnCu2SnSe3S,False
2576,Pd3N,False
3015,Na2PdSe2O8,False
47933,PCl5,False
40262,TlBiF4,True
16051,CrFeAs4,False
6515,BeSn2Ge,False
32429,Li2AcIn,False
37682,NbN,False
29356,HfO2,False
9476,BeTc2Ru,False
15710,LaAl3Cu,False
13648,CaFe2P2,False
45283,BaSbAu,False
44209,NdAlSi2,False
7289,Be2ZnTe,False
2252,GaH12N3O3F6,False
29226,ZnCrSF5,False
19639,NiS2,False
17899,Zr2CN,False
49550,LiI,True
33277,Te4Mo3WS4,False
31098,Ba2TmReO6,False
33229,Yb2AgRh,False
45534,SrPd5,False
5568,BaNaPb,False
8383,LiMnCo3O8,False
33091,Tm2AgRu,False
48943,H5C8NO2,False
8228,BeZnTe,False
42478,Be2NbRh,False
13839,SrCeHg2,True
13501,Pr2Bi,False
8395,GeTe,False
9494,MnBePd2,False
49000,NdCo9Si2,False
13185,CeB6,False
37919,Fe3S4,False
30907,FeNiGe,False
39211,Ba2YTi3O8,False
22386,Li7SbO6,False
38137,CuAgF3,False
11908,K2BeTc,False
4983,BaRh2Br,False
29287,HfSO,False
36997,Li2VFeO4,False
19048,K2ZnF4,True
631,MgSn3,False
22122,NdSi2Ru2,False
9887,TiBe2Ge,False
17406,Ba2LuMoO6,False
35524,TiPN3,False
34659,LiLa2Os,False
2182,Ho2Au,False
11688,HfAlCo2,False
4152,Ba2MnPb,False
18447,VSiGe,False
13305,UO,False
38734,HoRh3C,False
30858,TmSi2Os2,False
11883,ZrCl2,False
5657,Ce2Fe17,False
20970,K2LuCuCl6,True
52434,Li6MnFe2O6,False
50929,Sc2CoNi,False
36229,PbSe2O6,False
21668,U2SeN2,False
35811,NdBPd3,False
3931,Ba4NiP,False
36955,TmLuHg2,True
33124,Tb2IrRu,False
24467,SrRu2O6,False
2114,LiBeH8CNOF4,False
42211,K2Hg3Ge2Se8,False
46574,Ba2Si,False
27973,TmCdAg2,True
1472,ZnFeO3,False
25071,KS,False
3535,BaSrW2,False
5265,BaCrIn4,False
50066,BaGeBr,False
17841,HfZrN2,False
49958,Co5CuS8,False
12762,ErLuCu2,False
2869,CaBi2O4,False
43509,Rb2Ag2GeS4,False
18504,PrSn3,False
43529,Ba2DyBiO6,False
5935,RbNdSe2,False
48429,NaCd2Si3O9,False
21421,Hf2Au,False
5798,B2O3,False
28627,ScSiRu2,False
42256,Nb3Au,False
42198,CaDy3,False
52492,LiPI,False
23704,Na5CuSO2,False
34514,MgAlIr2,False
30843,Sr3Cr2S2O5,False
3309,K4CO4,False
42838,CaAl8Cu4,False
30059,Rb2Cu2SnS4,False
27260,GaAgS2,False
45868,NdB2C2,False
18864,Yb2CuPd,True
15758,ThNCl,False
35922,TbAs3,False
10220,GePd2,False
2272,Rb3MnH5,False
19327,DyPd2Pb,False
32295,PmZn3,True
23917,YbN,False
29173,LaRh,False
8056,Be2FeTc,False
30910,Ac2AgIr,False
42604,YbKC2O6,False
47706,BaYFe2O5,False
27200,MgSc2Ru,False
28506,CdN,False
6601,ThAlPt,False
19790,Li2TlIn,True
42481,CaNbO3,False
3966,BaCaBr2,False
30839,Na2LiAu3,False
39252,Ti2MnSi,False
49601,MgZrO,False
19158,K2RbIrF6,True
33005,LuCu2,False
7004,Th2Cu,False
16467,Pr3In,False
1815,Ba4ZrZn,False
18784,In3Ge,True
46824,Dy3Cu4Ge4,False
8562,Be2CuCl,False
26613,MgNi2,False
14560,SmRhC2,False
33571,LiHoTl2,False
5806,Mn3O2F4,False
40513,Al4C3,False
4447,BaMn2Cl,False
45118,YAl2Co,False
757,RbMg7,True
15102,Li6Br3N,False
20656,K4Br2O,True
6013,ZrBe2Bi,False
33194,Lu2ZnPt,False
35792,NbTlO3,False
14412,TaS2,False
24917,FeSi,False
20645,KLaO2,False
51042,Sm2Mg,False
11420,BeVBi4,False
19610,SnH18C10O6,False
16454,K2AgSbBr6,True
24012,ZnCr2N2,False
9689,Mo2AsOs,False
12966,YBeCd2,False
42062,K2PbS2O8,False
44733,YSeO3F,False
10123,HfMn2Be,False
43841,Ba2In2O5,False
41440,ZrAl,False
42188,HfGeRu2,False
27809,LiOs2W,False
19076,SrZnSi,False
18668,Sr2CuO3,False
22538,H10C14O,False
53928,SnHCl,False
11363,Mg2BeIn,True
7243,Li2AlFeO4,False
8004,BeSnOs4,False
4192,BaNaTa,False
43737,Pm2TlAg,False
36136,Li4Ti3Co3Ni2O16,False
5437,BaZr2Co,False
52963,CaBr,True
43505,Al2ZnO4,False
47625,NdCd3,True
30973,UGeS,False
20329,DyCo2B2,False
21874,Na3BP2,False
35174,Ti3Ni4,False
31779,Li2Zr2O5,False
45514,Li4MnCo3P4O16,False
10456,BaBiO3,False
21974,Cr3NiB6,False
24683,Co3C2Se2O10,False
53396,HfSiTe,False
1053,Ca2BClO3,False
5610,BeCdTe2,False
12015,LiCrP2O7,False
36868,LuBi3,False
12699,SmFeO3,False
19834,Zr6Te2Pt,False
25426,Ba3In2Br2O5,False
39815,MgNi3B2,False
37268,CoSnH12O6F6,False
37568,SiH2O,False
11290,CaBe2P,False
21405,CdH20C12O4,False
33708,CsNiF3,True
22300,U2P2O9,False
28062,Y2TlCd,False
5590,BaSr2Sc,False
29278,XeO3,False
27870,MgZn,False
32398,HoGeRh,False
29522,K2FeNiC6N6,False
4512,TiOF2,False
49948,SnH4C2F2,False
31939,Li2Cu2F7,False
51008,NaBC2,False
16434,LiHoSe2,False
28220,DySe2,False
51702,PbCN2,False
22963,Ag2S,False
11619,YBe2Ir,False
13261,ZnCu2SnTe4,False
16767,SrLaCo2O6,False
25051,Cu2Hg2SF6,True
45817,Pr2Zn6Ge3,True
41557,SmNiAs,False
29075,CaFe2Si4O12,False
26461,TcGe3,False
8604,Be2ZnFe,False
30334,WO2,False
16185,PmDy3,False
28140,LiCa2Pd,False
54159,ZrAg3,False
52575,B3H,False
35,FeH8Cl2O4,False
38882,Y2HgPb,False
25467,ScF3,False
6843,HfBeTc,False
12391,BaO2,False
7001,LiB,False
51639,BaZnF,False
33155,K3PS4,False
40914,Li2TiV3O8,False
37394,Y2Te5O13,False
45176,Al4Cu2O7,False
39641,Mn2ZnO4,False
29849,MgMo2O5,False
43713,UPdPt4,False
17944,SrLaPt2,False
16116,MoW3Se6S2,False
34584,ZnPd2Au,False
18165,ErNbO4,False
46517,AgMo6S8,False
19524,Bi2OF4,False
35747,Pr3Er,False
51278,MnGeO3,False
12371,HoInNi4,False
23755,Li2Ti3O7,False
53142,MnTlF,False
23337,Ba2HoNbO6,False
38846,GaFeNi2,False
27198,ScMo3O8,False
21656,GaHO2,False
40714,NaBS2O8,False
48130,ScSiPd,False
5833,Be2NbIr,False
43863,Pr2AlSi,False
24636,Ca3Ti2O7,False
1708,NaPO3,False
11386,ScBeHg2,False
3074,Mg6SnB,True
32726,Ho2MgGe2,False
25067,Te2Ir,False
24641,Cu2Se,False
859,K3CO3F,False
8068,BeFeMo2,False
39501,SiRh,False
1079,CeMg6Fe,False
31200,PbS,False
13095,UCu4Ag,False
13917,ThSiNi,False
41088,InMo6Se8,False
20190,CeUFe4,False
34213,Sr3ScNiO6,False
36043,Li3Cd,False
2954,La2MnCoO6,False
31666,Sc2TcAu,False
34345,MgGeO3,False
17534,Li5Ni5Sn2O12,False
1850,TeS4N4Cl4,False
39509,Ta2Mn2O7,False
25075,BaAlCrCuO5,False
34609,Rb3Na,False
34406,La2TlHg,False
15405,NaAsH4O5,False
51298,Pr2Mn3Cu9As7,False
43435,BaPbO3,False
1625,H8PtO6,False
37166,SiCCl3F3,False
24259,ScAlO3,False
31740,LiSiBiO4,False
4112,BaHf2Ni,False
36915,TiAgSe2,False
16433,BaAlSn,False
9162,CaHfBe2,False
38773,LiCrSnO4,False
813,Li3MnF6,False
40813,VCo2Si,False
26084,LuH3O3,False
50894,NdIn2Cu9,True
36071,LiTmO2,False
51123,BaSbI2,False
35207,TaInRu2,False
41466,CaHg,False
6442,ICl3,False
39128,NaBi,False
47865,CdPS4,False
25166,MgCr2O5,False
18872,Ba3Nd,False
45106,ScTe,False
26991,Sm2PdRh,False
32090,KIn2Au4,False
32704,SmSb,False
4315,KCd4P3,False
26322,LiMg,False
24878,VO,False
44423,Na2CdPb,True
24136,Cd2As2O7,False
6631,Be2NiBi,False
44892,Ba2Ru7O18,False
33976,YbSbPd2,False
29069,Zr2CuPt,False
935,LaBe2Rh,False
54379,Sn7N,False
23625,LiGaO2,False
15331,HoHg,False
38379,Li3Al2FeO6,False
31922,NbGeRu2,False
20184,InHgW2,False
43275,CaHoHg2,True
36740,CdI2,False
25596,MgMn2O4,False
19752,ZrCoH3,False
2849,Li2Fe3SnO8,False
3577,Ba2SnCl,True
24559,CoSeO3,False
52254,GePbS,False
43467,KNaNb2O6,False
18103,H6C7,False
49747,SnH4C2F2,False
23324,BiF5,False
28806,KSn3Au3,False
30286,Mg2Bi3O8,False
4323,TbOF,True
44201,SmCo5,False
35583,HoGa2,False
42592,LiTi2S4,False
45942,Mn4CuO8,False
773,Tm2Ni17,False
41794,TiSe,False
16780,LiY2Hg,False
8321,BeSbCl,False
31956,Lu2MgRu,False
17825,MoWC2,False
53761,RbBH2,False
25484,MgCoSi2O6,False
46447,Tl2O3,False
35708,TbRbO3,False
4916,Ba4YTc,False
18449,TmAu,False
29956,Ca3AsN,False
2762,Na2BiAu,True
10223,Cr2AgBiO8,False
21112,PuGaO3,False
23746,CoO2,False
10892,Be2CuCl,False
8923,CaYBe2,False
26338,YSn,False
39385,EuPd3,False
28838,Rb2HgTe,True
16544,Ca3Eu,False
50589,NbFeSi,False
9672,TlAsRh,False
30624,PbF2,False
3232,UFeAs2,False
49228,H2C5SO,False
53382,BaOF,False
20467,Na4Br2O,True
14626,NbIrS4,False
12799,La3AlN,False
48933,H3C5SNO2,False
3221,GaFeO3,False
32533,Cd2AgRh,True
38591,LiFePO4,False
34284,Sm2AgIr,False
34607,LuScZn2,False
15334,NbAlVC,False
50524,NaBeGe,False
7138,Cr2SbTe,False
33395,YZnSn,False
27604,LiAlHg2,True
44495,Y2TeS2,False
17062,HoBO3,False
51130,BaI,False
33385,Ba3CaI8,True
53107,KDy3F10,True
33891,PrMgRh,False
13951,Na6CoO4,False
14940,Ga3Sn,False
45191,Ba2YTlV2O7,False
45479,Ni2S,False
1256,Ba4MgTa,False
4808,FeOF,False
48295,BaAuCl,False
23838,AgSnO3,False
50409,InBF2,False
37482,Sc2MnSi,False
24598,BaCo2P2H2O9,False
11134,ScBeSn2,False
24977,TaAlO4,False
13040,Ba2UCu2S5,False
13910,NbSe2Br2,False
34764,K3Mn2F7,False
28606,Sr3SbP,False
10127,NdScSi,False
11449,Mn2BeCl,False
6755,TiAsSe,False
26225,LaTe,False
9563,BeGa2Re,False
42954,Na2SnHg,True
22540,LiAgF3,False
40990,CrCoO4,False
27650,LuZnRh2,False
9837,Zr2TaBe,False
49412,Ho2MgS4,False
43531,Na5GeP3,False
7833,YSiAg,False
17706,Fe3NiP4,False
10991,YMg,False
54213,Nb3VSe6,False
20064,KCuIO6,False
15278,CeSe2,False
13472,PuB2Ir3,False
43980,La2AuO4,False
32378,U3TiSb5,False
28508,Sr2ZnCd,False
31668,Mg2Ni,False
5031,CrWO4,False
22335,Ta3SeI7,False
44736,TmGa3Ru,False
40001,RbMnBr3,False
29708,K2PbO3,False
8532,Mg3Bi2,False
22961,LiMgSnPt,False
33846,ZnHg3,True
53773,SrBH,False
5302,BaNa2Mg,True
4676,Ba2YMn,False
7543,SiH4,False
10012,Sr2ScBe,False
23501,HgBr2,False
21419,Ba3Y,False
21707,MgSc5Al4,False
24477,ErSbPt,False
2893,Ba2MnTl,False
5521,ScBe2Sb,False
22430,H4NCl,False
29667,Ca2CoSi2O7,False
51675,CNCl,False
15532,BaFe2As2,False
17802,Al4Ge2W3,False
3792,DyMnB4,False
35356,VC,False
1553,Na4BeSn,True
26207,NaYSn,False
9625,TiBeW2,False
21013,Be4AlCr,False
17610,TiAu3,False
7052,DyFeGe2,False
52870,H4BrN,False
43359,Pu2O3,False
30676,PrTlCd,True
44504,Bi4O7,False
46218,V2H,False
3940,Li3H4Rh,False
40941,ZnH2O2,False
48367,NaLaO2,False
37898,MgSb2O4,False
50606,CaTiS2,False
34735,Nb2VSe4,False
3785,TlZnPO4,False
40060,MgPt3O6,False
53983,RbMnF,False
4477,MnSnO3,False
49887,AsNF,False
5385,TbCuW2O8,False
40465,Na2BiO3,False
10742,YbAsPd,False
51484,Na2AlO2,False
27787,PmCdRh2,False
2082,BiS2,False
8085,ZrBe2Sb,False
22415,CdInS2,False
33948,SbSCl9,False
37464,CaSnS3,False
10798,Be2TlP,False
10307,Be2CoTe,False
13092,Bi2TeO2,False
43080,Li2MnCSO7,False
44424,Rb2GaAuF6,True
7656,DyGa2Pd,False
34897,Sm2MgGe2,False
18968,Ba2RuN2,False
53562,Li2Nd2Ge3,False
18637,Li2VF4,False
41807,Ga3Ni5,False
45038,ErPt3,False
50909,Rb3InCl6,True
29532,AsCl3,False
2070,RbMg6C,False
38667,Te2Mo,False
36952,K3Cd,False
39674,TmPt3,False
18520,Ca4Sb2O,False
4265,Ba4WCl,False
53903,TmH9C5N2O8,False
45854,MnVAgO4,False
12736,Be2CrBi,False
40765,Li2NbCr3O8,False
28875,CaHg2Pd,True
52702,Mg7VH16,False
27400,KPrS2,False
52282,H2F,False
18630,TmMn2SiC,False
13517,H3NO4,False
20000,ZnOs,False
47192,MnZn4Se5,False
41293,Ba2YBiO6,False
44105,HoBi2BrO4,False
42928,BaSiF6,True
41501,Ba3LuIr2O9,False
36282,Mn2VO4,False
53203,KU2SbSe8,False
28575,ScAg2Hg,False
5481,BaTiZn,False
19947,DySbTe3,False
18184,TaSiAs,False
28296,AlFe2S4,False
51670,NaSe,False
16658,K2RbTlBr6,True
29060,Ba4Fe2S4I5,False
13999,NdSi3Rh,False
20921,La2CuN2F2,False
41087,UMn2Ge2,False
31603,VSn2,False
53838,Li4Co3O7,False
269,Be2RuPb,False
50653,NaCrF4,False
46792,MgMnF5,False
26230,ErCd2,False
32841,Bi2Rh,False
26938,SiO2,False
27143,LiCuS2,False
4834,DySi2Pt2,False
14681,Na3Si,False
27428,TcB,False
49868,PbS,False
31224,Ni2O3,False
47696,TbCaHg2,True
34352,Tb3AlC,False
29745,KPrPdO3,False
51827,ZrTlF3,False
15124,K2CuF4,False
39612,LuCoC,False
44757,Na2Te4MoO12,False
52409,Li2Al2Si4O13,False
38777,YBi,False
3670,TiReSi,False
3729,Mg3TiO4,False
10055,ErInPt,False
32177,NdP3O9,False
40589,NaSrP3O9,False
5936,NdSeF,True
46541,BiTe,False
50932,AcY3,False
46991,KSn2Br5,False
39786,NdGaO3,False
22658,Li3Nb3TeO12,False
40635,SrMn2P2,False
11806,TiBeCd2,False
29546,BaYCuTe3,False
51434,LiBeSe,False
46492,CeCo4B4,False
33757,KTl2MoF6,False
9028,ZnP2PbO7,False
39892,BaH2,False
33056,CaAlF5,False
21252,VPO5,False
31784,MoWSeS3,False
35901,Nd2ZnGa,False
13532,KBC4N4,False
38979,Li3Ti2V2O8,False
29231,MnAlF5,False
40905,Nb3Te3As,False
48513,Mg2Cr3CoS8,False
40769,HfSe2,False
374,BaFe2S4,False
3557,BaCaCr4,False
33445,NaLiPt,False
15685,UCoNiGe2,False
40153,Sr3DyRhO6,False
7738,BeCrTc2,False
50870,TlPSe,False
33861,K2MnF6,False
50646,Er3Mg,False
38671,TlCdS2,False
32605,Ba3Sn5,False
37137,Sm2Mg,False
1340,Ba4CdPb,True
9979,GdP2Ru2,False
53367,BaTeCl,False
10548,ScBe2Re,False
1886,CoSiH12O6F6,False
36088,VOF3,False
27951,Y2CdPd,False
41324,VO2,False
25665,Bi2Se3,False
16086,YbAlCu4,False
17753,Tb4MgIr,False
5871,Sr2Be2Cr,False
35226,LuNi2Sn,False
38631,Yb3Mn,False
13283,LiVF5,False
20113,ZnH14C9O4,False
49104,NaNbF,False
27022,Yb2MnSe4,False
50036,ScBO,False
1676,Tl6SI4,True
44307,SmFe2SiC,False
10662,BeHg2Ir,False
16958,Ca3Mn2O7,False
44140,HoBiO3,False
30132,KTiS2,False
4,VSe2,False
22784,NaAlSe2,False
25722,Mn3N2,False
17682,CrGaTe,False
42071,NbO2F,False
50534,TiBeP,False
41514,Na2GaNiF7,True
29115,NaH,False
42141,LiTi4O8,False
620,BaIrO3,False
11431,ThB2Rh2C,False
22529,Bi2Pt2O7,False
11077,MgBeSe2,False
17300,ScSi2Ni2,False
2565,Hf6Al16Pd7,False
25788,BaLiSi,False
4510,CeSi2Pt,False
52112,Ag5TePO4,False
23038,SmSnAu,False
23900,Li3BiS3,False
7864,Ga2HgTe4,False
13519,Fe2CoSi,False
15033,Li2CrO3,False
13998,VPH5NO6,False
46369,Na3HfF7,True
47782,SnC2,False
15526,LiHo2In,False
48669,SiPbO3,False
8903,Be2CoSe,False
12215,KTiO3,False
27285,LiCu2PO4,False
37070,KAuO2,False
13396,BaFeO3,False
38917,Sr7H12Br2,False
52300,SrHo2Al2O7,False
5986,Li5CoO3F,False
22199,VAsRh,False
32730,Er2RuRh,False
53275,Ag3AsO4,False
22444,InTeI,True
27078,Y3Si3Rh,False
18156,Ba2ZnHg,True
40792,CaIn,False
4836,Zr6Ga2Co,False
22094,MnNiSb2,False
22580,CdSnO3,False
375,Ba4YSi,False
30894,CaPmRh2,False
51469,Y4S3N2,False
15118,LiMnP3HO10,False
8735,Be2MoOs,False
23964,BaHf2As,False
3773,AsCF3,False
36397,Sr2PdPt,False
43584,TbSr3,True
3728,PuB4Mo,False
21496,NiGePd,False
14325,TiGe2,False
33441,YbBa2TaO6,False
24433,RbCr5Se8,False
16779,AlSb,False
22703,YbSnRh,False
43940,K2TlRuF6,True
5047,Cu2SnHgTe4,False
40816,NaClO2,False
45544,K2ErF5,True
5672,TiCrAs,False
6894,Li2MnO2F,False
34905,SmAs3,False
48159,MgCrGaS4,False
22554,Zr2NiP,False
13290,Sr2ZnBi2,True
31343,ScZn3,True
309,Be2TlIr,False
19200,NaMnO2,False
49508,Li4Mn3CoO8,False
44037,ZnPb2N2,False
24113,Li4SeO5,False
14694,LaB2Rh3,False
14664,AlNF4,False
6917,LiBeCr,False
8388,YRu2,False
11746,MnGa4,False
27902,Y2CuRu,False
15192,NdSi2,False
51316,Sb2Cl7F3,False
15156,NbOsPb,False
33578,Ti2MnIr,False
21558,CeGeAu,False
46388,K3LiIrO4,False
8766,Rb3Os,False
13324,GeO2,False
27379,NbS2,False
11189,Ba4CoGe,False
29252,Al2BiS4,False
3677,Ba2LiReO6,False
52693,BeVBr,False
41565,Ge3Bi2O9,False
42155,LiVS3,False
13383,Mg6CrMo,False
54059,AuBr2,False
1707,RbIn6Au4,True
13930,BeIn2Sb,False
1049,SrH16O10,False
33634,YbSmZn2,True
47432,Pr2TlHg,False
38092,TcRh3,False
46021,TePt,False
24441,NpO2F2,False
36857,Sm3Tm,False
33543,HgSeO3,False
22409,LiTmO2,False
42176,Rb2HgBiF6,True
38407,NaMnCrF6,False
41171,Mo3WSe8,False
38448,TiSi,False
31932,LuNbRu2,False
3443,Ba2LiCl,True
11398,Ti3Se4,False
34944,ZrRu3C,False
7012,Mg2GeB2Rh5,False
18286,Y2USe3,False
42213,Tb2MgNi2,False
14352,SnMo3,False
1467,Ba4BiBr,False
50615,LiMnPO4,False
42667,ErThCN,False
43667,Rb2HgAsBr6,True
5772,BaGaTe,True
38455,ScBO3,False
846,Ba4CaFe,False
34088,NdMn12,False
32886,LiTiRh2,False
1067,Rb3CO3F,False
48508,LiNiO2,False
29554,InAg,False
24931,FeCo3O8,False
15347,YbSnPd,False
34777,LiEr2Tc,False
32756,LuReTc2,False
42353,ZrInCo2,False
6995,Sr2BBrN2,False
38594,LiAuO2,False
7412,Be2CrRh,False
33876,ScCdHg2,True
13902,CaMg2,False
3996,Hf4BeTe,False
32852,K2RbMn2F7,False
18107,KRb2AsF6,True
44744,PuO2,False
25022,Sr3MgIrO6,False
36542,SnAs3,False
19344,CrAgSe2,False
3519,BaGaRe2,False
50550,RuCO,False
10084,BeIn2Cl,False
40908,Li3VO4,False
768,Mg5Tl2,True
21915,Te6Mo3WS2,False
34329,Be2CoIr,False
36153,SbAsF8,False
32867,YClO,False
17493,AcInAg2,True
48486,BaBiCl,False
23306,CdI2,False
15804,KCu2GeS4,False
26192,MnO,False
16490,LaPrIr2,False
25162,Zn2CuAs2O8,False
4435,TiTlPS5,False
20170,TaV,False
47121,Ga3Ag,False
5125,Hf9AsW4,False
15508,Mn6GaGe,False
51626,BaYCl,False
7405,Ni2AsCl,False
50693,Pm2NiGe,False
29677,Ni2SbTe2,False
19508,HoHO2,False
46353,Tb3GaO6,False
33807,ZrPtPb,False
19743,HoSi2Ru2,False
19605,Te3MoWSe,False
52984,ZrCdO4,False
18596,Ba2CdN2,False
6863,RbErSe2,False
41002,SmMgIn,True
30290,Nb3TeI7,False
42689,BiF5,False
36828,Na3DyCl6,True
27616,CeAlAg2,False
26668,ZnCr4S8,False
17382,YTmCd2,False
1840,Zr2PbC,False
48863,Li4MnCo2O7,False
472,Dy3Co2Ge4,False
15855,Te2Mo2WSe2S2,False
441,SiPd,False
13344,ScRh3,False
33363,TlC,False
2974,NdMg2Ni9,False
49703,TePbO2,False
48983,TlPdCl,False
23536,AlCrO3,False
31489,Cr2AgTe4,False
5663,Mg7Al,True
41348,TbMn2,False
53917,AgO4F,False
43086,K2TlAgCl6,True
40920,Na2SnBAsO7,False
19601,ZnH12C8O4,False
19309,KMnAg3C6N6,False
32361,NaMgPb2,True
25132,BiBr3,False
25438,AlCuO3,False
12337,Ge4PbO9,False
1543,SrWO4,False
20043,PaZnNi2,False
36763,PbI2,False
41834,HfTc,False
37777,Mn2OF3,False
8949,SrCaBe2,False
18189,Pr3Si3Ni,False
17832,Ca2ZnIn,True
24138,AgI,False
15608,HoSi2Ni2,False
17501,K5Sb4,False
15038,YbZn2Sb2,True
46964,Y3AlO6,False
34934,YTlPd,False
4129,PuB2Rh3,False
17516,YbPaO4,False
30550,U2SnPd2,False
3565,Ba2MgTe,True
9255,BeTe2Rh,False
27224,MnOF,False
44934,Pr3Se4,False
14288,CeBPt4,False
51375,SiNiW,False
11802,LiFe6P4,False
2886,ScCo2,False
44689,Mg3Nb6O11,False
11760,BeIn2Se,False
7434,CuMo2As,False
10009,Be2NbPd,False
8344,ZrBe2Cl,False
45798,Sc2C3,False
26908,CaPdAu2,False
15006,La2MnFeSe2O3,False
3885,BaCdSb,False
12188,BePOs,False
32265,KPAuSe3,False
10543,Ba4PCl,False
30950,LiCaGe2,False
45969,Nb2P5,False
49006,H8C13O2,False
6753,KSc2Be,False
47355,MnCoO4,False
6285,SrScBe,False
39146,Li4Fe5Co3O16,False
28819,Ca2ZnAg,False
45258,ZnCo4O8,False
5980,MnAsRu,False
10624,TbGe2Pd2,False
22459,MoBr2,False
2909,Tb6CoTe2,False
15490,Sr2FeClO3,False
52227,Li7Mn2Co3O12,False
7334,HoTlO2,False
15291,Li2BiS2,False
43924,TaOs3,False
12334,Ca2ScBe,False
22860,K2H6Pt,False
15007,LaFeO3,False
48690,BaAgS2,False
22359,HgI2,False
28723,K2S5,False
17597,NaFeN,False
17247,DyCdPt2,False
1865,Ba4ScSb,False
26973,ZnS,False
42057,MoP2,False
41846,DyMoClO4,False
30945,LiTl2Rh,False
29042,WS,False
33442,YbCeZn2,True
17034,HoCdIn,True
32313,Sc2IrPd,False
53596,I2Br,False
6172,TmCd3,True
51094,Li2TiCr3O8,False
52316,CaCrO3,False
4869,BaHf2Br,False
40118,ScH2,False
38575,Nb2Bi2PbO9,False
31593,TaSe2,False
49078,Sr2CoClO3,False
47242,La2O3,False
42372,SrTl3,True
17441,HfAlW4,False
51749,CdP2,False
46268,YAl8Fe4,False
16623,K2YAuCl6,False
48738,GaAgSe,False
22284,UFe2,False
51472,Mg9Mn2N8,False
49679,BAsO,False
42429,Ti2AlN,False
2105,BiS4N3Cl4,False
41837,TmSeO3F,False
45849,Sr3CePC3O13,False
23763,BaNa2O2,False
32661,LiFeAs,False
3310,KBa2Ni,True
43417,Nb6PdPt,False
38285,NaPrSe2,False
50813,KCSN,False
21601,V2CuBr,False
1822,NbVO4,False
50030,H10C9O2,False
49044,V3As2O9,False
2749,Cd4Te3Se,True
30626,CaSe,False
17367,RbCeTe2,False
3868,NdSb2Au,False
40712,CeCoC2,False
46435,Y6FeSb2,False
19649,LiSi3,False
7110,BeTl2Te,False
2346,Li3Mn2Cr2O8,False
49684,Mn6O7F5,False
14276,AlH4NF4,False
41605,MoPt3,False
26747,MgNiH,False
12523,NaCa4Be,True
1780,K2NbCl6,False
11149,ScBeCr2,False
5582,Be2TePb,False
44875,Zn3N2,False
37103,Mg3Mn,False
42524,ZrUO4,False
2165,RuN2,False
13764,NaCrF6,False
1630,SmCl2,True
46455,Li2CuF5,False
30566,HoCuSn,False
52105,Li5Mn2Ni5O12,False
5416,BN,False
23054,TlPt2Se3,False
42804,VAsRu,False
22287,InHO2,False
36057,Pt3PbC,False
44755,Fe3O5F,False
28940,SrMg3,False
27764,YbTaO4,False
32641,Bi2Pd3S2,False
2593,LiMnSiO4,False
33288,TaBeRu2,False
787,La3Ga,False
29007,Co5SbO8,False
5943,NO,False
43993,Al2Cu2Ni,False
22530,DyGa,False
22867,Sb2O3,False
34827,PrBiPd2,False
36736,NiO2,False
26786,LiVO2,False
19103,AcZn2In,True
19721,Ho3Er3MnBi2,False
37588,Na3Mn2SbO6,False
26098,WN,False
24338,PbCl2O6,False
34476,AgBr,False
40902,Ti3InN,False
20049,CrFeB2,False
28999,CuPd,False
16548,CaMg,False
41384,Na3Nd5Cl18,False
12313,HfMg6Si,False
24923,TiMnO3,False
11329,Be2WSe,False
44178,LiHg,False
43829,YSc3N4,False
14145,Tm5Mg,False
20094,Mn3CoAs2,False
31943,Nb5Si3,False
13875,H3ClO5,False
29743,BaMnO3,False
9050,LaHfMg6,False
21451,H7C7NO,False
54134,BaBF,False
4093,Ba4TcPd,False
1623,BaCu6As2,False
46229,Li2RuF6,False
40482,PrCrO4,False
31090,CeB2Pt2C,False
31431,SrP3,False
5658,LiBe2Mo,False
53508,LiZnO,False
47937,LiFeGe2O6,False
50365,CaV2O6,False
44565,Ag3Pd,False
29975,YSn2O4,False
39090,BaAgO2,False
39698,Ca2TaSbO6,False
54232,ZrNi,False
26262,CaMgSn,False
51802,CrAg2O4,False
16762,NaCd2In,True
2267,CuPb2Cl2O4,False
26887,TiPd2,False
5654,DyNi2B2C,False
7031,LiBe2V,False
51800,CaC2,False
34709,DyPbAu,False
34723,AcTiO3,False
30947,ZrTlCdF7,True
44160,Rh3W,False
51347,RbBi4Se7,False
13043,RbV3O8,False
43998,Nb9PO25,False
18484,Li4CO4,False
40984,Na2AlH4ClO4,False
23603,HoZnBi2O6,False
52848,Zn2H3Cl,False
42218,TmMn2Si2,False
30091,AlGaN2,False
49012,Ce6Mg23Sn,True
40459,WN2,False
14433,YCu2Ge2,False
24587,K2ZrB2O6,False
24238,DyHO2,False
34342,PuNiC2,False
53784,ZnBSe,False
53963,TlCdO,True
12369,Be2FePb,False
27987,SrCaMg2,True
20036,K2GaHgF6,True
19300,U3Zn,False
11454,NaLiSO4,False
51679,CClO,False
29118,MgNi,False
26051,Mg3Zn,False
18355,YbGaO3,False
40113,InPd,False
43666,NdAl2Ge2,False
19778,Sb2Te,False
32646,LuAlGe,False
26988,NaLiSe,True
15308,PrTe,False
35584,SmDyMg2,False
30065,Dy5NiPb3,False
15734,CaGa2,False
16848,Na3IrF6,True
14280,CaMg2,False
2609,FeB,False
11251,BeCuPd2,False
5749,BaYBi,False
5067,RbCd4As3,False
37564,RbPbCl3,True
7186,BeInW,False
37650,Ho2Bi2O7,False
37092,LiLuAu2,False
35418,TaFeRu2,False
5176,Ba4MoIr,False
22356,H4N2O3,False
14108,CrP2H15N2O11,False
34829,RbSbBrF3,True
41953,TlCr3O8,False
32237,LiHF2,False
30464,Ta2TiN3,False
46638,Ta3SeI7,False
10647,CaC2,False
20649,TePdSe,False
35342,TmRh3C,False
35330,TlSe,False
14283,TbIn5Co,False
45627,Rb2As3,False
24713,Na2Sm2Ti3O10,False
26145,Hf2VRh,False
3556,BaLi2La,False
21538,Sm2CuO4,False
3084,YN3O9,False
28481,AlCrFe2,False
14611,Ni4N,False
21180,Rb2TaAgCl6,False
36028,NdB2HF10,False
6756,Be2FeBr,False
9860,Mg6AlSi,False
53805,BaCO,False
46557,Be3Al2Si6O18,False
45361,LaTe,False
14571,Li2Ca2Ta3O10,False
50902,Dy6InCo2,False
37903,Al3Tc,False
15304,HfNbB4,False
2422,FeWClO4,False
54438,SrSnF2,True
32496,K3VO4,False
13470,Ce3AlN,False
36595,SnTe3,False
50687,NaSn3,False
50721,KAg,False
37471,NiH2O2,False
27021,NaZr2AgF11,False
47418,K2AgBiI6,True
19516,Tb3Ce,False
7058,Cu3Sn,False
49377,Ba4ScTi4BiO15,False
31823,YSiRu,False
15255,Tl2Pd3S2,False
26759,CaTi4S8,False
26539,MnSiNi,False
4960,BaReSe4,False
12463,Fe2O3F,False
3360,DyMnGa,False
11618,Be2CrGe,False
51783,Ca2C,False
41994,LiGaMo2O8,False
5171,BaCo2Br,False
32654,NiP3,False
29482,BaNd2S4,False
18102,BaGe2Au2,False
39913,Sr2PbO4,False
36854,CrCo3O8,False
33337,TmBi2IO4,False
32339,V3Pt,False
27693,Ti2Si,False
26423,Na4CO4,False
25153,BaCeO3,False
30924,CaPmPt2,False
16500,AcSm3,False
10386,BeTeW,False
8575,Be2ZnBr,False
49720,K2MoS3O,False
12498,BeCd2Ga,False
9126,Mg6VSn,False
35546,ZrPd,False
49507,LiB2,False
27876,PaBi3,False
20705,ZrCdN2,False
43730,NaAu3,False
22734,Rb2NbF6,False
50559,SnCO,False
35860,HoErPd2,False
33782,VRh,False
37310,InSnCl3,True
35671,LiLu2In,False
26388,MgSn,False
21947,KY2Ti2S2O5,False
0,TiCuSiAs,False
32065,PrGeAu,False
31407,NdZnIn,True
48415,BHC,False
27812,CrCuS2,False
16578,TaB2Mo3C2,False
24004,ZrTiSe4,False
17224,ScTlSe2,False
707,Ba4NaW,False
36175,GaTeCl,True
28089,KC,False
28708,Li2UI6,False
453,MnAgO2,False
6876,HoCo2Si2,False
40709,BN,False
2750,PuCo2,False
48866,Li4MnCo2O7,False
1605,BeNb4Tl,False
47607,Rb2YTlI6,True
23448,TlInS2,False
44206,PrPd3,False
33843,SmAl7Au3,False
15543,Co3Ni,False
39150,Sr2ZnCu2S2O2,False
25029,HoP5,False
40038,TbInCu2,False
26801,MnS,False
19059,KCuSe,True
25017,CoO2,False
10301,NaBe2Cr,False
31972,InPd3,False
41398,SmAl,False
22952,SrSO4,False
49079,TaSiNi,False
28316,CuSbPd2,False
28550,In2S3,False
30574,Ho2O3,False
48290,HgCl,False
50985,Hf3Pb,False
8632,ErNiO3,False
48112,MnCuO4,False
27818,CaFeO3,False
32347,Ni3Se2,False
2322,BaSc2Ta,False
29254,Cr2CdSe4,False
26958,LiAl2Ru,False
12161,PI3,False
42627,CeGaNi4,False
15762,K3Ge,True
26092,MgCuPd2,False
39402,Ba2YSbO6,False
19041,CdH20C12O4,False
48320,NF,False
45453,KRb2YF6,True
49466,ZnH18C11O4,False
42413,Th3Pd5,False
1201,K3InP2,False
43373,Rb2YAuF6,True
9827,BeRe2Os,False
28517,CaMo2O4,False
25117,NaNbO3,False
2356,La2CuSnO6,False
42836,La2CdAu2,False
51023,Nd2GaAg,False
31577,AlBiSeCl4,False
10334,ThGe2Ru2,False
6158,RbSmSe2,False
53530,MoNO2,False
19523,CaAl2Sn2,False
18401,Mn3Ga,False
10689,SrBeCd4,True
50670,GaNO2,False
20305,PaInPd2,False
30345,ZrPd2,False
27793,CaBi2O4,False
46990,TlCdBr3,True
41322,AlVO3,False
2586,BaNdFe2O5,False
26961,Sm2AgSn,False
39384,ZnS,False
51324,Fe2O3,False
50962,CrH5O4,False
6446,Ba2CoBr,False
7133,K2SnN6,False
50349,SrNiF4,True
19488,NaTeAu,False
16749,Hf2Si,False
17683,DyGe2Rh2,False
7107,LuCuSb2,False
22081,SrFe2N2,False
31701,Er2NiIr,False
53077,CuBi12Ir3,False
38956,NaMnBi,False
54174,ZrBe,False
9249,Na2MnBe,False
17259,HfTiSe4,False
27712,LiGaPdF6,True
9960,Be2TeRh,False
53947,BiPS4,False
37504,Sc2MnC,False
502,MgVO3,False
24009,BiMoRh,False
36047,AgAuO2,False
13491,Be2HgIr,False
35598,Pr3Cl,False
6510,ZrVSi,False
3595,SrZrN2,False
1648,Ho2TiO5,False
46560,BaBPO5,False
35728,CaMgC2O6,False
37660,Dy2ZnHg,True
14967,TbMgAu,False
16887,CaFeSi2Rh,False
15049,HoCdNi4,False
23609,Sr2Fe2Se2OF2,False
629,Na2SnO3,False
3759,K2BaMn,False
31444,Li2PmSi,False
10901,CaBe2Tc,False
8123,BeTlTe,False
42961,CaFeO2,False
38309,Ba2LuRuO6,False
30956,Sr2LiPt,False
37895,LiCrC2O6,False
44322,Mg2Tl,False
7383,USi2,False
11392,Sc3In,False
3414,Cu4H3C2N5,False
22885,TlCuPO4,False
45640,Rb5Au3O2,False
41408,AsCl2F3,False
12363,Yb3Ca,True
22111,Sr2FeSnO6,False
53914,SbHCl2,False
41609,UGa3Ni,False
12251,TaIr3,False
8452,Be2HgTe,False
8875,SmZnSn,True
36342,NaI,False
40602,Li2Co3NiO8,False
21105,Pm2CdGa,False
34141,MgH8Cl2O12,False
11040,Y2InNi2,False
13500,Na2H2Pd,False
9927,TeBr2,False
20092,Ho2CoSi2,False
5164,NbFeF6,False
41666,RbLaSe2,False
26300,MoWO6,False
4631,Ba4ScIr,False
32213,NdSi2Os2,False
20828,Sr3Nd,False
48207,RbGeS,False
24514,PrBN2,False
50252,BiRhS,False
19385,SnH14C8O4,False
37254,SrAcTl2,True
18148,CdH4C4O4,False
53458,LiVF4,False
11770,Rb2Au3,False
7267,ZrVAs,False
46576,NiSbS,False
51917,H4NCl,False
43477,Ta3TiB4,False
5421,ZrSnRh,False
29091,CoHgC4Se4N4,False
11671,HfMg,False
33053,TaAs,False
46188,K2SnCl6,True
30883,V6Ga5,False
51219,ScBeSe,False
3208,BeCd4Sn,True
39697,PuGe3,False
19586,Na2ThF6,False
33907,Hf2MoRh,False
39059,TiMnO3,False
43129,Tl3Cd,False
26717,HfBiO4,False
47929,WNCl,False
11691,VFe2Se4,False
41812,Ba2CaUO6,False
2511,SrZn,False
34288,ScZn3,False
53991,CeB4Rh4,False
4318,Ba4ScCd,False
16736,Se2Cl2O5,False
40128,Dy3In,False
17467,La2MgAl,False
34604,PrGaAu2,False
17438,La3Zr,False
41678,SiN2F6,False
5057,MnOF,False
52972,CaTaO2,False
9349,RbMg6Cd,True
44643,MnZn3S4,False
41909,YbCuGe,False
2162,BeBi4Mo,False
30462,CeSe2,False
28499,TmSb,False
20020,Tl2Au4S3,False
47985,CrOF,False
48676,SrLaAl3O7,False
27046,Ce3Mg,False
28690,Li3LaAs2,False
7643,Be2CoSi,False
30270,AlCo3,False
40421,LiY3WO8,False
5684,CrAgP2S6,False
38862,Li2RhAu,False
29274,NdCuSe2,False
2194,Ba3GeO5,False
8379,BeV2Ir,False
39741,CaScHg2,True
16107,NiGe,False
12023,BeSnBi,False
14064,Li5Mg,False
9934,SrZrBe2,False
35459,Sm3SnC,False
27911,CrCuS2,False
14917,VO2,False
32161,PdSe,False
29808,Y2CN2O2,False
36738,TmI3,True
32859,TmNi2Sn,False
5211,H3AuC2NCl,False
15443,UGa5Fe,False
8506,Mg6CuSi,True
8111,AuBr,False
26789,RbCoCl3,False
49902,SnH4C2F2,False
28946,CaTlHg2,False
51453,ZrAlN,False
44450,K2NaGaF6,True
29622,SiO2,False
5552,CaCd3O4,False
21029,Dy2InAg,False
21534,Na3AuO2,False
39525,SrH4O6,False
24444,CoCO3,False
14469,LiAc2Sn,False
6697,Pd4S,False
23535,ZrSnPd,False
31432,Ta3B2,False
25068,Ag3Sb,False
26216,Ta2O5,False
26177,V2O5,False
24281,SbF5,False
48005,MgCoF3,False
31176,PmAlAu2,False
44765,Y4C5,False
34885,MgSc2Cd,False
29352,Ba3Ta2CdO9,False
19257,SmB6,False
23584,VO2F,False
46791,Sn7Ir3,False
37084,NiH4C2S4N2,False
18780,Fe6O5F7,False
19394,TmBiPt,False
41166,Ti3InC,False
22786,SrBiB,False
39898,GaAgP2Se6,False
52173,TaOF,False
28115,ErTlSe2,False
20732,OsRu,False
42064,NpRh3,False
12768,OsO2,False
44876,Fe4O7F,False
21352,Ba2CeZrO6,False
52326,HPbI,False
7032,KBeW,False
4924,LaAl2,False
41859,ThAs,False
46665,VCdO3,False
29503,Ho3Pu,False
26224,KGe,False
14744,Li2Mg,False
29678,SbN,False
14311,CoH6Cl2,False
46590,Rb4Fe2O5,False
50167,CaBeBr2,False
11328,LiBeTc2,False
4817,BaSr2Tl,False
29512,Sr3PN,False
32311,Lu2CoRu,False
4518,Ba2BiSb,False
52042,AlAs2,False
18631,K3Ba,True
13245,NaBeCl2,False
52493,Ba2YCu2HgO7,False
17714,TaCl4,False
45036,CaInPd,False
16482,KNa2RhF6,True
49949,LiGeAu,False
45722,MoRh,False
18834,Dy2TlHg,False
22472,GaCuCl4,True
40281,TeWCl9,False
44344,Sm3DyS4,False
34693,Te2MoWSe2,False
18793,Ce3Y,False
44647,LiCd3,False
24107,Lu2Pt2O7,False
54057,AsSeBr,False
2031,YInCu,False
42588,MgSeO3,False
53846,Li8FeO5F,False
41448,Bi2Rh3S2,False
42578,CeSc3B4O12,False
34963,K2Sn,False
11224,Be2CuNi,False
27663,InCuPd2,False
28153,Y2InCu,False
44346,TiCu3,False
19888,K2AlInCl6,True
18242,Be3Rh,False
50205,NbWN3,False
49048,MoH8N2O4,False
22631,NdSb2Pd,False
3399,BaCa2Mg,True
912,KBaZr,False
11669,BeTl2Co,False
33966,SmGePt,False
4937,BaSr2Sc,False
37139,NiGe3,False
2471,NaAgC2N2,False
15645,Rb2LiYI6,True
14630,K17Fe5O16,False
19388,Tc3Pt,False
20693,ZnH16C10O4,False
12651,Hf3N2,False
53534,VF4,False
16423,AlRhO3,False
24070,KPt2S3,False
28565,PrN,False
4572,BaCaSb,False
1627,YSnPt2,False
8712,MoAsPt2,False
44925,Nb2Tl5S4Cl9,False
40131,Li3BO3,False
38142,LiFeSiO4,False
6655,HfMnBe,False
40835,Li2CrO3,False
27091,CuO,False
429,KNdO2,False
40692,TeH6O6,False
23432,Rb2Pt3S4,False
20039,LiMgIn2,True
47314,BaCdSn,True
40834,ThSi,False
16183,K2YAuF6,True
43336,Sn3Se,False
12765,NaS,False
9396,Be2CuOs,False
29896,Tb2Mg,False
3180,Ca4BeCr,False
16642,SmErO3,False
17485,CrGeRu2,False
26703,KPrGeSe4,False
6248,LiBeZn,False
17165,TmAg2,False
20930,K2AlAgBr6,True
17895,H9C13NO,False
26134,HgPt3,False
40186,Zr3In,False
42683,V2CuO6,False
30176,Ba2NCl,False
7258,BeTlCu,False
40764,Tb3SnC,False
7811,KTiBe2,False
12980,Mg2PClO4,False
8587,Li2V3CrO8,False
6596,BeZn2In,True
49859,Zr7V5N2,False
47668,AlCuNi6,False
2276,Yb5Si4,False
36413,TmPu3,False
14818,TlCoCl3,False
3508,UAu2,False
21505,PrNi2B2C,False
23729,NdP2Ru2,False
8525,Na2TeO4,False
34517,Al12Re,False
39989,CaH2,False
40508,LiMnF4,False
9386,LiNbZnO4,False
23782,Ni2Ag3O4,False
23945,CaTiSi2O6,False
34496,Re3Mo,False
35996,AgPbO2,False
22330,OsCl2O,False
9773,Be2CuOs,False
40977,CoP,False
20060,NaMgAs,True
47061,Sr3YRhO6,False
18850,V4Os,False
50360,RbSbBr2,False
18657,Bi2Te2Se,False
38545,Li3Co2Si2O8,False
10058,Be2NbPd,False
34463,Ba2Sc2O5,False
14244,MnCoP,False
45089,CaRh2,False
1904,BeZnCd4,True
17579,ZnH10C7O4,False
47643,CaDy2Te4,False
5254,BaNaHg,False
40555,Ni3Pb2S2,False
34294,MgAs,False
23491,YCo2S4,False
31428,ScAlCo2,False
6794,TiFeSi,False
48565,BaF3,False
3576,KTlC4N4,False
138,Ba4MgIn,True
19564,TiCl2,False
42007,ScNi,False
10863,YBePt2,False
27505,BaBrCl,True
1295,FeOF,False
45007,SrPd2,False
51202,Hf2Se3S3,False
37672,Li2TiVO4,False
45344,ZrMo2O8,False
10011,MnBeBr,False
22874,LiBiB2O6,False
45141,Tl5Te3,True
13339,Mn3OF5,False
2941,CoNiAs,False
20327,LiPrO3,False
31191,Pm2MgAl,False
28425,PrN,False
15634,CuBiSe2,False
11716,PmYCu2,False
45061,In5AgSe8,False
8127,V2NiO6,False
503,Rb2RuO4,False
43743,Na2LiBiF6,True
11904,CaZn3,False
50603,LiVNiO4,False
47536,TbSmRh2,False
50364,RbSeBr,False
35283,CaZn2Si2,False
40768,SmIn2Ir,False
32919,Na2PtO3,False
833,Ba4VPb,False
41613,SrCeI4,True
19847,Nb3Al,False
49662,NaReO,False
18708,K3AsF6,True
42661,Na3Pd,True
18672,ThCu2P2,False
48975,TiH22C12O4,False
6148,BeGeIr,False
49632,V6O7F5,False
2482,BeCuPt,False
28230,KTlHg2,True
226,RbF3,False
49250,Ge3N,False
18669,Na2AlHgCl6,True
28194,Ta2OsPd,False
8815,BeGaMo2,False
21005,Tl2Co3NiSe4,False
24343,YVO3,False
6663,LiBeW2,False
8007,Sc2MnAs,False
17102,CeH3,False
39495,ScOF,False
46241,K2Be2PbF8,True
50401,NaF2,False
31308,Er2Nb2O7,False
23490,NbRu2Cl,False
38095,TiZnGe2O6,False
54111,Ag3Os,False
53944,SrHCl,False
31459,PmCd3,True
31322,NbCo3,False
53218,Mn4O7F,False
48296,HgCl3,False
7429,SrMnSbF,False
39444,Li2FeCuO4,False
16763,Zr3Ga,False
15403,ZnPb2F6,True
16565,TbDyAl4,False
16684,Pu3Th,False
38338,Li2Si2NiO6,False
30607,Rb2PdI2Br4,True
23930,InI4,True
54280,LiFeSiO4,False
36590,Na2ZrO3,False
36210,CeN,False
12569,TaBe2P,False
11227,Ba4CoSb,False
53502,Be2S,False
347,H3ClO5,False
47949,BaMnF5,False
15009,USbTe,False
29403,HfSnO3,False
15480,ScPd2Pb,False
4194,ZrAlPt,False
19305,MgGeP2,False
48726,BeSiP,False
54226,ErAl3B4O12,False
13332,BeSnPb2,False
18498,VAg3HgO4,False
37449,YbMg16Al12,False
37468,Sc5Cl8,False
2370,TeRhCl,False
9508,BeGeSe2,False
36762,LiBeO3,False
46336,H5NO,False
28148,Li4HfO4,False
46442,NaSbP2S6,False
26610,CuTe,False
31212,ZrIn2,False
45335,ZrSiTe,False
19918,LaCeOs4,False
49461,Ba3Sc2N4,False
29342,Sr3SbP,False
12382,SmNi2Sb2,False
717,Nb5Si3,False
33133,NaLi2N,False
22367,LiCuTeO4,False
6862,CaBe2Pb,False
32853,Ta2Ni,False
39678,Sm2Hf2O7,False
15115,Mg5Hg,False
51842,Ca2TiO3,False
40928,Ti2PbC,False
6217,SbIrS,False
44563,LaThN2,False
15168,SmBPd3,False
51399,Mn2OF4,False
27539,ZnSiP2,False
18370,YbLu2Se4,False
21970,MgNiGe2O6,False
5210,BePdBr,False
40265,LiAl2Tc,False
14896,Ga3Hg,False
46028,Be2Cr,False
26008,VN,False
26796,Ca2Rh,False
50787,TaMoS4,False
6325,TaBeV2,False
14717,LaPt2,False
55,NiN6Cl2,False
52166,Sr2O2F,False
50475,Ba2I,False
25936,CaN,False
51977,VGeO3,False
5097,BaSc4Ru,False
12537,YbCuSi,False
8015,Pr3UCl3O6,False
3974,BaTcTe,False
6393,Be2CdGa,False
24146,PPbS3,False
38657,Tm2TeO6,False
357,LiCoO2,False
14253,Nb3CrSe6,False
20508,PmHo3,False
1164,Li3Mg,False
42706,NaY3SiS7,False
11010,Be2TeW,False
35949,Si3Ge,False
18740,MoPd,False
13000,Hf2P2O9,False
5924,NdCu2Ge2,False
40003,ZrGe2,False
20803,NaYSiO4,False
27733,RbClO4,False
50357,PmS,False
10957,KBeRe2,False
4037,BaMg2Mn,False
18143,ErPd2Pb,False
21844,BiAs2Os,False
15075,NaTiS2,False
39245,Ho2Ru2O7,False
44989,Mn5Fe3O16,False
40246,MgInBr3,True
30023,HfGaCu,False
26457,LaTl,False
11063,Sm4Bi2O,False
43532,LiLu2Re,False
19910,CoCu2GeSe4,False
11480,LiTiO2,False
42122,K2NdAgI6,True
23987,AlPNCl5,False
20001,LaCo2P2,False
21902,La2RuAu,False
9371,CaRhF6,True
30930,Pm2ZnIr,False
33873,V2FeSe4,False
36000,BeRh,False
37808,ZnSeO4,False
43983,FeCoSi2,False
43386,BaAs3,False
30979,Ba3SbAs,False
53483,Be2Cl,False
11201,CaBeIn2,False
40176,K4Sb2O3,False
12516,HoMgAg2,True
16668,MgInS3,False
51211,BeTeP,False
7141,YF3,True
52298,MgTi2O4,False
54558,CrSe2,False
53278,HgCl,False
41537,LuNiPb,False
44759,Ba2NdTaO6,False
14693,Li2Se,False
40441,GeBi4Te7,False
3027,SrCuO2,False
22527,Al2FeS4,False
24885,Si3Ir,False
8375,LiBe2Ir,False
13963,Be2CoP,False
19193,MgAg5,False
18109,Sb4S3N2,False
22149,Li5MnOF5,False
9314,V3O5F,False
31656,Zn2NiRh,False
15297,Ba3P4O13,False
53905,SrBeBr,False
48652,PbSeO,False
29301,LiI,False
42555,BaCl2,True
22098,SiWCl2,False
19927,GaCl3,False
48283,TlAsF3,False
5890,Li2Mn3GaO8,False
42951,Na2LiYCl6,False
608,Ti2AlZn,False
48384,La2S,False
37967,LiVF4,False
30419,ZrAu2,False
37932,Li4Mn5O9F,False
7635,CaHfBe2,False
876,Ba4InSe,True
5965,BeGeTe,False
8097,NaBe2Ru,False
10455,Na2HfBe,False
38795,BN,False
32672,TmPaRu2,False
2525,ThTe2O6,False
24806,SnSe,False
33575,Bi2Os2O7,False
21833,Sr3SbN,False
36812,Na2LiNF6,False
16790,TmFeCu,False
52957,Li2Mn3F8,False
53878,BiCO3,False
45803,Rb2H2C2O5,False
49880,RbCoNiF6,False
14890,TmFe2SiC,False
15871,Al3Ni2,False
12427,CaMg6Ni,True
26943,U3Ge,False
51339,AsOsS,False
6573,CuSe2O5,False
19884,SrBi2O4,False
25964,SiO2,False
45486,Ho2O3,False
8777,BeNiPd2,False
32173,Te2Mo3WSe4S2,False
35348,ScRu3,False
39814,Li2NiBiO4,False
50975,CuBiO3,False
46859,Ti3N,False
29862,OsN,False
2113,Zr6Al16Co7,False
15653,SmZn2Ga2,True
6180,BeGaIr,False
14972,Zr5Te4,False
24001,BaTaB,False
3947,BaBiSe4,False
19301,SnH6C4O4,False
46173,VBiPbO5,False
53021,MoOF4,False
53286,INO2,False
28470,AlCuSe2,False
26944,Mn2V2O7,False
26551,BaCaI4,False
290,Ba4HfCu,False
51928,HClO,False
39304,NaTi2O4,False
10717,Be2CuHg,False
26693,TbOF,False
33222,Yb3Ag2,False
3189,Sc6Al16Os7,False
48707,BePRu,False
32709,DyInPt4,False
17138,LiVO3,False
54539,Se2Br,False
26683,TeO3,False
51621,BaInBr,False
20577,ScCuO2,False
54063,Mn2NiO4,False
16445,K2NaSbCl6,True
11792,Be2TlTc,False
20233,LiMg2In,True
47720,K3AlCl6,True
22297,InAgS2,False
42654,LiZnSb,False
26533,BaBi4O8,False
43839,Mn2OF3,False
11305,YBeMo4,False
15100,TaOs3,False
46386,AgBiSe2,False
21676,BaHfMg2,False
36180,Li2NiO2,False
15237,MnCoSn4,False
5366,K2BaSe,False
31658,PRu2,False
50260,BrClO,False
12160,Be2InIr,False
17290,GeAs,False
29457,ZrI2,False
29753,K2Ni3S4,False
8481,CaTa2O6,False
16004,TbSiOs2C,False
28111,Eu3AlO5,False
48900,MnCo4N4,False
2023,BH6N,False
4995,KAlH6O2F6,False
14951,BaAgBi,False
50421,SrIn2Cu2,True
40711,ThCoSn,False
41952,NbNi3,False
42541,Ho2MnOs,False
32273,VCoB3,False
1602,ThAlIr,False
27751,PaTe2Au,False
26317,TcN,False
6751,Rb2PbCl6,True
21416,MgCu4Sn,True
2044,SrCuSF,True
26266,Li4CO4,False
35452,HfNi3,False
9870,Be2GaPb,False
9913,Li2BeCl,False
43537,NiB,False
30342,Ti3Pd5,False
28068,CrCoTe,False
4026,Ca3Zn,False
49657,CdH6C5O4,False
4852,Ba4IrSe,False
47671,TaNbN2,False
50016,DyMg2Ti3S8,False
31519,Cu2WSe4,False
29026,MoC,False
4415,BaLiNi2,False
16206,Tb2Co3Ni,False
42995,Dy3In4Co2,False
7164,Be2NiGe,False
9907,BeZnPb,False
49969,Co3Ni9P4,False
7480,V2OF5,False
50505,SiCl,False
33006,Sc2BeTc,False
47683,Cr3As,False
22691,H8C13SO,False
35798,Tb2ZnNi2,False
5465,BaLaSi2,False
4925,Ba4FeNi,False
47840,CaO3,False
51631,Br3O,False
1747,BaIn2S4,False
47472,FeOF,False
33669,ErNbOs2,False
3680,Zr6CoAs2,False
13633,K2Pd3Se4,False
48342,Pr4MgRh,False
45058,CaBe2Ge2,False
11988,BeTc2Rh,False
5607,Ba2SnO4,False
14867,Rb3RuF6,True
39787,Ge2N2O,False
27250,HfInAu2,False
1889,RbGaO2,False
47847,Nd3Ti,False
33275,SeO2,False
19916,SnH18C10O4,False
13907,InAgS2,False
16275,AlWO4,False
38053,ErTa3,False
30490,Fe4O3F5,False
11996,Li2YBe,False
28023,ZrCu,False
44074,TaRu,False
23700,TaRu,False
1612,BiPd,False
8447,BeNiPb2,False
25635,Ca2InHg,False
15914,CaInI3,True
189,FeP3O9,False
18213,KBaLiZnF6,True
11797,TaNiB,False
48714,CdAsI2,False
29672,ZrC,False
17596,Te4As2I2O,False
17593,Na2CaSi,False
48299,LaPO4,False
42728,Ca2SnS4,False
51285,Sm2Ge5Pt3,False
6537,BeGeMo2,False
36120,SrH4O3,False
40676,Sn5B2Ir6,False
53037,TlMoCl,False
38185,LiCoCuO4,False
10289,Fe3C,False
20225,NaSbCl6,False
11879,BeFe4Pb,False
52605,Sb6O13,False
14811,CaMn3O4,False
1349,Ba4CrSb,False
37141,ZrSiO4,False
14146,K2CuSbI6,True
21439,RbCaAs,True
41463,ScN,False
24390,LiCoSiO4,False
46902,Na3TiCl6,False
26126,TeAs,False
34952,PaAgAu2,False
31760,Sc2GaOs,False
49289,V4O3F9,False
8975,CaFeClO2,False
2868,Rb3MgH5,False
19666,Ho2Ga3Cu,False
21247,RbRhO3,False
13048,MnBe2Zn,False
27850,ScTiCo2,False
13515,Mg6CdGa,True
36518,Sm2Mg,False
31382,RhI2,False
51729,CSN2,False
7860,ScBeSe2,False
23339,HfIN,False
14289,CaZnSn,False
17571,NiI2,False
50533,MnCd4S5,False
35703,SmFe5,False
18427,K2InGaI6,True
17742,H9C12NO,False
4697,LaMgNi4,False
45251,AlCrFe2,False
33281,LiBiRh2,False
33628,YbEr2S4,False
15433,CrRh,False
32036,DyZnRh2,False
34527,SrAl9Co2,False
31729,TmTc2W,False
13286,YbFe2O4,False
23698,MnSe,False
46911,SnCl4,False
51322,CeRhC2,False
3475,BaSr2Sc,False
31125,BiB,False
5740,LiMnO2,False
2453,PBr2N,False
1477,Ba3Si4,False
39664,Co2C,False
40541,CeAl2,False
6044,Ba3CaIr2O9,False
13348,Li2HgBi,False
27666,YbInHg2,True
49160,LiMnPO4,False
16936,BaNiO3,False
8963,ErTiGe,False
5154,MgB2H8,False
40746,SmInCu2,False
16531,SrEu3,False
3039,BaSc2Te4,False
39730,ZnSb2O4,False
33354,UP2S6,False
43710,SrAsAu,False
39942,PrPb3,False
1045,Zn3CrTe4,False
44107,LiVSiO5,False
19581,K2NaPrF6,True
10966,UF5,False
53998,MnGeO4,False
25256,YbH3O3,False
25359,LiBiS2,False
14205,K2CuMoI6,False
4690,BaTiCd,False
27398,PaGaCu2,False
12265,MgCoGe,False
20392,NaO2,False
28978,Li6ZnO4,False
52242,Ca8In3,True
19089,YbPdO3,False
40897,ErSi2,False
21850,Si3Ir,False
1981,Na4MgO3,False
20573,NaTl2Sn,True
39986,KH3F4,False
39395,Li2CeO3,False
3452,BaOsCl2,False
47323,YMgAu,False
21361,PrYSn6,False
29763,OsN2,False
1457,TiFeH2,False
40806,MnCo4O8,False
34011,LuBi2ClO4,False
42487,Ba4LaIr,False
54574,HfZrO3,False
31349,Rb2TiSi3O9,False
24536,Na2ZnS2,False
9964,CaBeHg2,False
34299,PrTmMg2,False
36018,ScBe5,False
18913,ThI4,False
11864,NaMg6Fe,True
14815,PrFe2Si2,False
39475,Tm2TlCd,True
25077,Li4NbO4,False
30980,Al2CoRu,False
44228,Be3Zn4Si3SO12,False
28114,Y2CuHg,False
3490,KBi2,False
36380,Mg2BiAsO6,False
13369,ScCdNi4,False
5984,CeCdPt,False
16787,Ac3Eu,False
45644,ScNi4Sn,False
51571,Co3O4,False
27687,Ca3N2,False
51066,BO,False
22835,YMnO3,False
16970,ZrTiB4,False
41403,Al2S3O12,False
43382,ErFe2O4,False
40158,TbCoC,False
8381,Sr2CaWO6,False
21433,AlGaCo2,False
49754,Li3TiCo3O8,False
37925,Li2V2SiGeO10,False
21342,KBIr2,False
28943,SrSe,True
34022,LiHo2Pt,False
11723,AlNi3,False
1459,Ba4LiCo,False
49407,H11C7,False
13362,Mg6CoSb,False
1085,Ba4NaMo,False
832,Ba4VTc,False
47308,CaLaGe4Ir4,False
49306,ZnGeS2,False
35502,YB4,False
48017,Nb2CN,False
15082,CeThO4,False
45015,K2SmF5,True
32755,Li2HoTl,False
39284,ZrCo2Sn,False
7406,TbLiGe,False
24717,PbO2,False
23019,H14C3NF5,False
22724,H4C7SO2,False
49822,YZnO,False
34788,RbSnIO6,False
34021,SmMgHg2,True
15221,GaFe2,False
34065,CeReB4,False
9603,ICl,False
54333,FeSn7,False
25933,TlSbSe2,False
5060,KBaCu,True
296,AgNO3,False
37532,BPbO3,False
47319,AlV6Sb,False
28107,Sm2Mn12P7,False
49713,TiPbO,False
40850,Cd2SnO4,False
39281,CoSi,False
44431,ThHg3,False
14398,Pr2GeRh3,False
35442,Hf2RuRh,False
22543,SrMn2Ge2,False
49379,PrIn4Ni,False
35594,YTmHg2,False
19826,CeMo6S8,False
50411,LiBO,False
26997,ZnCo3,False
33008,YbGa2Ir,False
50230,BeSnSb,False
16941,ScAg3,False
23726,Mg2MnIrO6,False
24436,LiZrO2,False
29157,Be3N2,False
20985,SrZrN2,False
18006,YAgSe2,False
24920,LiSi3Pd,False
33771,BaBiBO4,False
30675,LiPr2IrO6,False
36027,TmThRu2,False
40393,NbSiAs,False
31182,Te2MoW2Se4,False
47043,LiV2S4,False
3995,BaGaBi,False
26788,CoSI,False
52124,SrEr2S4,False
28411,CeOF,False
53210,YSnF,False
37644,SiGe2N4,False
52839,Na3Li3Mn2P2C2O14,False
44360,Nd2Ta2Cl2O7,False
42849,LiCrCo2O6,False
19694,NaHF2,False
21473,Nd2CdS4,False
41158,Sr2CeO4,False
27966,MnGaNi2,False
50062,BaGaBr,False
12054,BeSiSb2,False
37335,YReN3,False
52389,ScHO2,False
33705,DyBi2BrO4,False
29484,ScZnMo3O8,False
35105,MoWSe3S,False
52418,LiDyS2O8,False
45386,LiInI4O12,False
39781,Pr3Pb,False
32625,DyAg,False
9282,YbMg2Sb2,True
24105,Na2Ni5O10,False
36118,Na2Cu3Ge4O12,False
17085,SmGa2Pd2,False
18219,BaAu2,False
40776,LiSi3Pd,False
22910,In2NiS4,False
42083,SmY3,False
43272,NdNi5,False
52594,ErCo3Si2,False
53397,Mg2Cl,False
29288,P4S5,False
37653,TiMnH12O6F6,False
46597,Te2MoWS2,False
30423,Mg3N2,False
8434,Sr8Mn2FeN8,False
32092,HfTaRe2,False
24866,Ho6WO12,False
237,BeNi4Ru,False
26241,Hf2Al3,False
17770,VO2,False
13038,TiBeGe,False
13526,SrMg2,False
21586,Si3Ir,False
50177,Ca3SnS5,False
37450,SiTc3,False
6997,CaScBe,False
50982,HoAs3,False
5722,YScBe,False
1171,Ba4ScSn,False
12183,BaRh2,False
42258,LaSmMg2,False
41143,AlIr,False
25507,YbHgPb,True
26694,CeSe2,False
3108,Cr2AgBiO8,False
34886,ZrGeRu2,False
52973,La3Sb4Au3,False
231,V2O3F,False
41114,KC,False
11196,NpSi2Os2,False
38292,RbSrCl3,False
32884,TbBa2BiO6,False
44599,Ba3Dy,False
13775,TbNi2,False
2231,LiFe2OF5,False
33401,LaSbPt,False
34137,Pu3O2,False
16896,HfAl2Zn,False
11881,Be2GeIr,False
12728,MgBe2Os,False
46459,GaSi3,False
46302,AlMo4S8,False
33737,K2SnAu2S4,False
1274,HgO,False
45535,KTe,False
40057,FeGe2,False
19174,SnH2C2O6,False
23643,MgSiO3,False
59,KBaZn,True
37762,Li3VF6,False
46675,DyB4,False
2496,YbAu3,False
15708,Sr3Ca,False
38094,Sm3I,False
16452,TlCu2Se2,False
3054,KNaNdNbO5,False
15094,BaSi3Pt,False
44574,NaCo2O4,False
24906,BaAlCoCuO5,False
24141,Na2Ti3Cl8,False
48869,TlCdF,True
31235,LiErAu2,False
25981,Li5Ti3O8,False
38926,LiFePO4,False
29272,V3Fe3Te2O16,False
8243,BeCoMo,False
18155,Zr2FeTc,False
12459,K2ScAuF6,True
34915,NdMgTl2,True
41877,DyFe2,False
25461,BaHgS2,False
23061,NaBe4SbO7,False
19296,SrCa2Si6,False
31620,PrHSe,False
49839,Ba3ZrIr2O9,False
36667,TmBr3,True
5975,BaNaMo,False
25772,Mg2VO4,False
10176,SmAsO4,False
9155,TlPAuSe3,False
28735,Li2InGa,False
54017,I2F,False
29980,MgMn2O4,False
49852,ZrAlIr,False
8993,BeCdTc2,False
51593,MgInBr,False
33423,MnAl2Te4,False
35013,ZrSi,False
5716,BaTlIn,True
9098,TaBeV2,False
39091,Ag3Ge,False
54395,U3W,False
33486,YLuMg2,False
1964,Li3FeCo3O8,False
127,Ba4MgGe,False
13858,SrMgP3N5O2,False
15652,NaYZrS4,False
51898,MnHCl,False
7399,ScAlCO,False
6579,YB4Os,False
17097,YbLiTl2,True
49303,CaH8C6O4,False
7960,BeMoPd,False
47146,AcNd3,False
48637,BaAsAu,False
1120,TaBePd4,False
46403,Sb2Au,False
46372,K3Mo2BrO7,False
4949,BaCdSn,False
15544,FePt3,False
2543,BeNb4Ni,False
17612,Y2AlAg,False
8492,CaFeSO,False
36367,MgScIr2,False
48564,MgTiO3,False
14355,ZrTaC2,False
17892,H4C7SO2,False
27121,CeTe,False
25517,K2CO3,False
5374,BaCrCl2,False
9803,BeGaIr2,False
38062,Li2CrCoO4,False
35930,NdHoIn2,False
15646,ThSi3Os,False
8027,AsIrPt2,False
49491,K2Te,False
14088,LaNi2As2,False
39396,NaTiS2,False
53779,RbAuSe,False
22239,LiAu,False
9954,CoSbS,False
45706,WSe2,False
11242,LiBe2Zn,False
41932,Y2C,False
1574,SrCN2,False
32932,KAg3Te2,True
11781,GaAgO2,False
31138,YBPd3,False
35851,Si3P,False
17702,TbAlPd,False
40696,YRh3C,False
34397,LiIn3,False
36827,RbTi5Se8,False
45400,Ag2BiO3,False
29185,ZrScPt2,False
30799,CeRh,False
15670,Rb3AlI6,True
39278,AgBiS2,False
8411,TiBeHg,False
34597,HoMnO3,False
5468,BaSr2Tl,False
26862,Li2CdGa,False
45870,Yb2SeO2,False
41533,TiCdHg2,True
31703,Th2HN3,False
16316,LaFeGe,False
51006,NaBC2,False
32742,U3MnSb5,False
16866,Dy2PdPt,False
33949,Y2Be2FeSi2O10,False
20981,HfCuHg2,False
48498,BaIrBr,False
37926,YbGa,True
47664,Si2P4Ir,False
19670,Rb2TlGaCl6,True
44330,BaNaH6Ir,False
43078,Pr3SnN,False
40271,Li2Cr2SiO6,False
45364,ScFe2Si2,False
34902,VGaNi,False
39739,TiPd,False
41852,WBr4O,False
21255,TiO2,False
28896,RbSb,False
37420,YbAu3,False
42200,Cd3Pb,True
51534,Mg2Cd,False
9682,DyZn5,True
16582,LiCoPO4,False
40736,Ti3Sn,False
47524,Bi3Au,False
22737,PrMgNi2O6,False
34637,MnBr2,False
31609,Dy2MgAl,False
10970,BeSn2P,False
20106,MnCr3Te4,False
11993,YbAc3,False
3383,Ti6Al16Rh7,False
22708,Nb3TeI7,False
37746,B2C3N6,False
30407,ThAu,False
82,Li2VO2F,False
23227,BaErCuS3,False
14279,MnAlO3,False
48627,RbNa2Sb,True
16903,MgRh,False
3738,HgH2NCl,False
16097,CaEuH6Ru,False
5627,FeHO2,False
6799,Cr2AsSe,False
48753,CaAuF2,True
25214,Ca3VN3,False
52820,Li3Mn5O10,False
9983,KMg6Ga,True
38123,Li2Cr3CuO8,False
14413,Sr2CuS2Cl2,False
17286,NdTmIn2,False
1585,Ba4SrMo,False
44995,Mg2SiNi3,False
32839,DyMgTl2,True
45647,LuInRh,False
13074,Pu2O3,False
40089,CrP,False
37768,LiMnF5,False
34901,ZrCo6Ge6,False
5356,Rb2FeI4,False
35916,NdSc3,False
32022,PmHgRh2,False
15836,TbHo,False
53918,Sr3InNiO6,False
43708,Er2Co12P7,False
30961,GaFeNi2,False
12248,EuZn2Sn2,False
10076,HfBeBi,False
41511,TmGe2Rh2,False
19064,Mg2CdN2,False
31130,Sr5As3O12F,False
29524,BaVO3,False
32400,HoO3,False
10297,NaBe2Pd,False
4291,K2CN2,False
33632,AcAgHg2,True
27692,YMg,False
19372,VCr2Si6,False
39209,BaZnO2,False
2345,LiMn2OF3,False
2890,KFeO2,False
29263,TeO2,False
47186,Rb2SbAuBr6,True
19784,TaFePb2O6,False
15218,LaMn2Ni3,False
34571,ZrAg,False
49954,MgAuO,False
28441,NaCdPb2,True
44336,Er2CoIr,False
17566,Hg2IBr3,True
10906,K2BeTl,True
19838,V2PC,False
21490,In2NiS4,False
29569,MoW2Se2S4,False
32926,NbSiIr,False
42707,Yb2RhAu,False
16427,AlNi,False
49277,SnGeS4,False
3717,BaMgIr2,False
10530,BeV2Re,False
43171,FeRh,False
44919,PrPt,False
45293,ThZr2H7,False
42145,K2LiAlF6,False
47034,YMn2S4,False
33214,TiAlRh2,False
51112,BaGeO,False
32459,UB12,False
31472,TbSi,False
9351,TiGeAs,False
21917,TiO2,False
22182,InNi,False
53843,CaNO,False
42230,ZrIn,False
25838,MgCd,False
26122,TiZnBi2O6,False
71,LiO,False
34835,SrCuAs,False
24655,K2SrTa2O7,False
14988,Ag3SbTe4,False
40466,DyGeAu,False
5093,BaSr2Bi,True
51061,TiVO4,False
36853,MgRh5,False
25855,MoSe2,False
10920,BeCoW,False
33630,TaBeO3,False
50061,Li2MnF4,False
2619,TmSn3,False
37227,Na3Cr,False
48314,I2N,False
4706,Li3AlF6,False
51533,CaHBr,False
35931,TaCo3,False
12436,CaBe2Bi,False
42899,K3UF6,True
6639,CuS2,False
30744,ScBr2,False
6937,VOF,False
16702,In2Te3,False
19289,TiFe2Se4,False
54000,NaV3F10,False
10636,BeCuHg2,True
26618,MgFe2O4,False
41050,ZnMo2O5,False
26728,CrSiO5,False
1210,SrCaI4,False
27131,CaMg,False
17374,ScSi2Cu2,False
38790,TiGaPt,False
35808,NaTi5Se8,False
34625,TbSi2Pt2,False
28015,CrO2,False
5419,ThCu2Ge2,False
353,NdAlNi,False
25852,MgFeSi2O6,False
46392,CoPS3,False
50940,ZrWC2,False
50439,LiCr4InS8,False
8432,BeV2Cr,False
23293,Ba2DyNbO6,False
18984,ErTm3,False
18060,PrGaSi,False
39322,Rb3Tl,False
33461,Tm2ZnRu,False
50572,LiAgSb,False
6612,Be2FePd,False
31318,ZnN2F4,False
6919,Zn3CrSe4,False
9971,BeNb2Si,False
22758,CdAu,False
7430,PrRu2,False
30307,KInBr4,True
24158,ZnCrF6,False
21835,LiGeN,False
32609,LiCeCu2P2,False
46600,ZrNi4P2,False
10979,Mg2BePt,False
32880,Te2Mo,False
41786,Nd5Ge3,False
2142,PrPt,False
39272,Ba2YV3O7,False
15603,NdCoC2,False
14171,NbSbO4,False
40282,KCoO2,False
9055,Be2NiIr,False
33617,AgF2,False
44304,CoAsSe,False
37342,Ba2PrRuO6,False
47,Ca4BeW,False
16054,CdHgSe2,True
30527,CrN2,False
53857,CaPN2,False
36773,Pm2ZnGa,False
47877,Ag3As,False
44971,CdSnO3,False
18992,TaTiAl,False
13848,Na2LiRhF6,True
2672,KCrO2,False
38905,Ba2Ti6N2O11,False
45188,AlCrCu2,False
6176,CaMn2Be,False
51011,Al5S8,False
35251,LiSmAu2,False
28767,MgCoO3,False
53711,AsP,False
51320,Ca3Al2P4,False
54538,PrSm3,False
50830,Y3Te3N,False
28388,EuCdSn,True
16583,MgNi,False
43714,LiO8,False
15729,Zn3FeS4,False
8274,ReAsIr2,False
40554,H3F2,False
24440,AsH3CNOF9,False
1728,Ba4YSc,False
25180,FeH2O2,False
24831,Nd2CuO4,False
20132,CeMnAl,False
10945,CoO2,False
13976,Sr2InHg,True
34720,MgSbPd,False
3424,Ni2PdSe2,False
5256,YBeIr,False
35279,Sm3Si2S8Br,False
2645,Cu4Te5Cl4O12,False
26765,SnF3,False
32479,Sc2CuRu,False
27955,TiBe2Rh,False
12835,NiH,False
16547,K2RbAuBr6,True
27520,KN,False
23980,Ca5MnPb3,False
5486,YB2C2,False
25765,K2B2S7,False
20692,PmBeO3,False
48338,TmGePd2,False
14958,Ce2CuGe3,False
24181,Li2Si,False
16312,ClF,True
29494,MnSnB2O6,False
30668,CuSe,False
40288,CoNi2S4,False
34229,SmMgAu2,False
19735,SrCaCu2O4,False
50236,SmFeSi2,False
5700,MnPO4,False
25173,TiOF,False
21945,MnIn2O4,False
35789,YbSi2Ag2,False
2465,BePbBr4,False
53288,RbIN,False
26580,SmOF,False
42160,SnSe,False
25718,NaCd2Ag,False
28045,Ga2S3,False
30232,MgSnP2,False
46849,Ca3Sn2S7,False
50822,Ga2Ni21B6,False
37701,CaBeO3,False
45565,Na6CoSe4,False
33389,NaSr2Tl,True
18105,CdH14C9O4,False
10541,CaBe2V,False
54572,Sm3Mg,False
31168,RbUAgS3,False
15068,Cr2OF2,False
37937,Li2VOF3,False
815,Ca10Al6Ge9,False
43519,Yb5Mg,True
18045,H3C6S2NO,False
48667,MnPO4,False
25138,MgCl2,True
50698,NaAlH2,False
30584,UMo6S8,False
28142,FeHO2,False
44991,KCuCO3F,False
53979,GaAsO4,False
8507,CaPt2O4,False
39676,Cr2SiO4,False
34290,LiHo2Os,False
54069,Tb6OsI10,False
39582,K2OsCl6,False
13184,SmP,False
668,KHfO3,False
25006,Ta3Co3C,False
45190,YZnAsO,False
40362,SmTlO2,False
44546,Hf2Al3Au,False
8628,TiFe2Si,False
26226,Ca2TlSn,False
42334,YbCeAu2,False
40895,TbInRh,False
5071,Li2CoSiO4,False
43634,Sb2Pd,False
38111,Li5Mn3Co2O10,False
17517,DyPd3,False
41586,BiI,False
16522,PrGa3Pt,False
14673,Na3AlP3NO9,False
16943,KNbO3,False
19789,ErAgTe2,False
12418,ThBiAu2,False
42331,CuAu3,False
39349,Ba4MnCl,False
35346,LiLu2Pd,False
36975,LiTm3,False
51932,HPbCl3,False
32829,HoBi2ClO4,False
43214,Li2TiO3,False
53683,PbBr2,False
4926,BaCdPb,False
4965,BaMgZn,True
45409,LuAgSn,False
7184,BeNbRh,False
38421,TiNiO3,False
38875,MnFeP2O8,False
29449,YSn2O4,False
29959,ZnSn2O4,False
30667,Na2Al2As3,False
24736,Si3CCl8,False
24686,ZnAg2GeO4,False
31329,Sm3Si6N11,False
38175,Li2Fe2SiO6,False
48089,InNiAg2F7,True
25485,Li3BiO3,False
29235,NaReO4,False
508,Ca5P12Ir19,False
32564,NbSiPd,False
14333,YbZnPb,True
33448,Yb2AgPt,True
11982,SrBeIn2,False
45686,BaThBr6,False
29727,VOF3,False
41369,Na4CoO3,False
15711,LiNdZn2,True
20509,ThAl3Ni2,False
32725,Te2MoW3Se2S4,False
14922,CoB2Mo2,False
31900,KMgAs,True
17774,MnCdO2,False
37798,DyBi3O6,False
28271,AlCo2Si,False
34793,ZrCd3,True
31682,YErO3,False
39974,Na3SbO4,False
7743,LiBe2Sb,False
41355,InAs,False
12080,NdIn5Co,False
43498,SnH8C4I4,False
26960,TiS2,False
14162,Na5P3H2O11,False
33294,Ca2CdPb,True
52396,Fe4OF7,False
17236,TmFe2Si2,False
20551,K3NdCl6,True
3687,TaFeB,False
4599,BaLaSb2,False
10348,U2SbN2,False
24320,KAlO2,False
39027,LiCrCo2O6,False
38973,Tb3SbO7,False
52574,TiCo3O8,False
9107,LiFeF3,False
19989,InP2Pb,False
50408,Ta3Cu2S6,False
23926,Te2Au,False
47621,CdInAgTe3,True
1694,Na5Li3Ti5O14,False
49281,Li3Mn3NiO8,False
17328,H12C18O,False
52375,Co3SbP4O16,False
18862,Er2SbO2,False
46277,LiInP2O7,False
12824,LaAgO3,False
30735,NaLiFe2Si4O12,False
40243,V2O3F,False
42827,GeSb4Te4,False
5626,Ba2VBr,False
26290,MnNiSb,False
2225,BeVP4,False
41695,Ba4RhCl,False
4351,Tl2SnCl6,True
535,LiMg3,False
7596,BeCrIr2,False
7957,Li4Fe2SiO7,False
7176,BeNbFe,False
47855,YbYPt2,False
29155,CaSiPt,False
241,CeN,False
41689,Mn4BeTe,False
14804,InBr,True
38099,SbS8Cl3,False
46888,BaTeO4,False
15107,ScRu3C,False
14714,La2MgTiO6,False
9572,Be2SnP,False
38266,Si3CCl8,False
18511,H2C,False
14910,Mn2Al2Cu,False
29931,ScC,False
11560,HfScTc2,False
38005,Li2NdSb2,False
14718,PrMnO3,False
50231,DyNpRu2,False
50851,SbTeO2,False
21210,AgN,False
40873,Mn2CoGe,False
7441,BeGaGe,False
40909,Li2InPd,False
31004,LiPd3,False
17732,ZnH10C7O4,False
31103,Ac3Sn,False
3278,BaNiRu2,False
30982,Cs2NaYF6,True
10129,BeFeBi,False
6879,Zn7Mo,True
53640,Ba6Re2N6O,False
12777,K2BePd,False
53252,GeO3,False
14654,NaInS2,False
54012,HfZnO2,False
11434,BeCd2Si,False
23149,H10C9,False
8044,CaGa4,True
23118,CaTiF6,True
8570,Be2SbPb,False
28389,Y2MgTl,False
9567,Mg6FeBi,False
26659,Ta2ReMo,False
20087,Sn2PdAu,False
40832,Ba2CuF6,True
48453,Li2H,False
29496,Rb2NaRhF6,True
40136,ErGa2,False
33915,SiMo,False
15675,DyO2,False
1801,Ba4ZnGe,True
19791,YB2Ru3,False
34761,Zr2CoOs,False
54255,TiVO4,False
51832,LiN2,False
41106,HoCuSb2,False
44296,LuCuGe,False
27464,MgNi2O4,False
11702,BaCuGe,True
19944,Na2LiGdCl6,False
19481,ScP,False
40213,Rb3PdF5,True
36643,KMnP,False
49366,AlGaO4,False
49308,MgMo6Se8,False
27943,Li2AsAu,False
54025,Li2VO3,False
27209,PrAg2,False
15788,Na2LuCuCl6,True
9317,RbCu4Se3,False
38366,Co3N,False
41394,HfGaAu,False
4652,Ba3Zn2As4,False
20845,Ce2ZrO6,False
44961,NbIO2,False
16719,ScSn,False
47633,K3PrBr6,True
39735,MnTcOs,False
27864,Zn2CoSbO6,False
351,Ba4ZrSn,False
9650,CdCo2As,False
44912,NbRh,False
42600,U4Ga12Pd,False
50544,MnIn2Se2S2,False
51696,NaZn,False
27773,MnHgPd2,False
42297,Li7OsO6,False
38896,TiPt,False
9458,BeZnSn4,False
6925,KSe3,False
31008,KUCuS3,False
53466,BeCdP,False
40344,YbH2ClO2,False
35246,ScRh3C,False
42399,Ti2CdO6,False
43921,VF2,False
5073,Li3As,False
15333,CeNi,False
43273,K2PrAgBr6,True
20209,Dy3Er,False
20026,La2MgZrO6,False
21476,Tb2Mn3Al,False
11235,Mg2Cd,False
29317,Ba2YTaO6,False
6583,BeReNi,False
52141,NaMoF2,False
39321,Mn2O3F,False
30859,Ti2NiMo,False
33525,Ba5As3,False
10803,GaPd2,False
40210,BaZnCO3F2,False
17134,Sn2Pd3Pt3,False
48378,Yb4Sc4Sb4O,False
24185,Tl3BSe3,False
12079,CaH2O2,False
9039,MnBe2Se,False
13218,NiNF3,False
47448,FeCoSb4,False
45343,Co3Se4,False
30895,InAsPt5,False
41870,K2Be2Si3O9,False
2914,Mn3OF5,False
38870,CdAgO2,False
11845,CaRu2N2,False
37627,Li5Fe2Cu3O10,False
1939,Nb3Cl5O2,False
35696,AlHO2,False
26653,PuSb,False
49515,Li2MnV3O8,False
25833,Na2B2Se7,False
53514,BeS2,False
3164,LiGaAs2O7,False
50143,Ni6SnTe2,False
28825,La2PBr2,False
9006,Zn2AsRh,False
39663,LiMnBO4,False
22596,Er2O3,False
41111,PuPt2,False
1365,NdAl3,False
51090,S2F,False
30368,BaRuO3,False
2424,Pb5I2F8,False
54408,AgP3,False
26947,UV2,False
21330,ErSi2Pt2,False
30360,Ba2Re6S11,False
10140,NaBe2Tc,False
20609,TiVB4,False
39591,BaH2O3,False
10887,AlSiTe3,False
35719,Te2MoW3Se4S2,False
49966,MgAuO2,False
7754,BeNbTe,False
1400,CeB3O6,False
4751,SrMg7,True
15083,Ca3AsP,False
3502,BaTiOs2,False
3361,Na2Li3CoO4,False
32892,LiTiO2,False
2317,Dy7InCo4Ge12,False
45410,TbBaMn2O5,False
29248,MnTe,False
24423,SrCuP,False
44361,Pm2MgCd,False
44475,PrGe,False
10191,TiBeHg,False
18112,YSi2Rh3,False
15556,MnCo2Sb,False
1030,MgH6Br2N2,False
3894,BaYPd2,False
21927,Na2PtO6,False
48316,NF,False
26341,SmBi,False
13715,TaBe2Cr,False
45877,NpAsS,False
9035,Be2PSe,False
25218,LiMnF3,False
7696,YZrBe2,False
20009,CaPr3,False
21636,Mn2GeRu,False
28424,BaNi4O8,False
3724,Nb2CoO6,False
42552,CeSnO4,False
27582,Hf2MnZn,False
5208,Rb3B12H12I,False
47762,DyB4Ir2Rh2,False
52696,InGaS3,False
21197,TbCdPd,False
18226,PmPrIr2,False
17481,PmHoCu2,False
3287,BaZr4Ti,False
22672,CaMoN3,False
27588,MnGe2O6,False
7171,ReO3,False
3888,Ba4VP,False
37045,USn,False
8535,NaAsIr2,False
15522,YbMnCuP2,False
41822,HfBrN,False
17409,AcCeMg2,False
49620,MoH2O4,False
33171,DyTmMg2,False
39771,LiZnHg2,False
23456,BaAlCuSnO5,False
20155,Tl2MoCl6,False
20054,DyErTe2,False
27325,Li2MnFeB2O6,False
51627,BrO2,False
14945,VOF3,False
15766,CeY4Rh5,False
48756,NaDyTi2O6,False
18533,ZrGeSe,False
7131,CeSiRu,False
9986,MnBe2Zn,False
45230,KAgBr3,True
23706,MgSn2N2,False
6905,CrO3,False
2582,U6Mn,False
47126,TaTiWC3,False
16063,TbHoHg2,True
43818,Sb3Ir,False
22175,YbLi3,False
3573,CoN2O6,False
41200,GePb2S4,False
1643,BeCu4Rh,False
10183,TiBeRe2,False
632,VO2,False
40868,Yb3Li,True
52129,CrO3,False
24250,CaSbF6,True
54075,NdMn5Cu2O12,False
31911,Pm2IrPd,False
34684,Ho2Ge2O5,False
44225,ZrTiF6,False
27638,LiScAu2,False
2076,PrBRh3,False
9328,MgBe2Nb,False
14153,NdScSb,False
19841,ThAl2,False
54272,ZrTe,False
37258,LaWN3,False
20915,LaTi2O6,False
40361,NaMoO3,False
3181,InRh,False
18742,H7C8NO,False
9378,BeNbCo4,False
23472,UBrO2,False
33696,CaYHg2,True
40095,LiAg,False
33400,Ti2MnRh,False
30012,OsC,False
35874,MgTa,False
51976,DyAsPt,False
33167,Te2Mo3WSe4S2,False
10170,BeNb2Br,False
39183,PrBi,False
30453,KAgF3,True
25615,KCoF3,False
28831,MgGa,False
18605,PuTiO3,False
34315,NaSi2BH2O7,False
13343,Rb2AgMoI6,False
12959,SrCeN2,False
20264,Cu2GeS4,False
8656,Be2PbCl,False
32883,PdF2,False
21034,Na2CrCl4,False
39877,SrPSe3,False
45473,TlCuSe2,False
47086,Li2Ce2Ge3,False
22684,AlP,False
2682,Ba7Ir6O19,False
21463,As2Ru,False
44878,MgBi2O5,False
9989,TmSn2,False
21165,YZrSb,False
30446,LiV2O3F3,False
41008,AlSbO4,False
20015,Y2ZnGa,False
48245,Ca3V2O8,False
49582,HfH6C5O4,False
13450,NbS2,False
38662,LiVF4,False
8540,BeCoRh2,False
20062,Ag8S,True
12316,NbSe2,False
51200,LiMn2F6,False
19861,Yb2AgAu,True
40497,Rb3H5Pd,False
29707,LuHCl,False
31406,Ba3BiSb,False
27253,Ti4Bi2O11,False
47678,SrNdMnCoO6,False
49363,Cr2Se3,False
36107,SbClF8,True
45114,Sn2PClO4,False
20470,Rb2ErCuCl6,True
34526,LiH3O2,False
1848,P3Se4I,False
28717,Rb6C5,False
54556,HC,False
47612,Ti2RePt,False
34643,CrCoGe,False
8935,Li2FeB2O6,False
43479,BaCdGe,True
33382,Yb2AgSn,True
29344,SiO2,False
37236,YTmCu2,False
52606,BaC,False
40791,Pb2SO5,False
5160,Ba4ReBr,False
51354,YbYAl6,False
5193,BaYCo2O5,False
46924,LiVP2O7,False
16595,UGeSe,False
1576,SrAl12O19,False
26120,GaAs,False
15296,PmTmRu2,False
39924,LiP5,False
14266,K2YAgI6,True
50914,VBi2,False
18875,WO2F2,False
8816,TiNiO6,False
44053,TaSiGe,False
40256,LiTi3O4,False
47749,Tb2O3,False
34411,Sb3Mo,False
52805,Na3CoBAsO7,False
21935,BiN,False
21003,HoTh,False
10781,BePb2S,False
41754,Na2VO3,False
19645,ZrMo,False
26161,CaWF6,False
43102,KP,False
11901,NaMg6Si,True
41153,ZnFeO2,False
7020,Fe2Cu6SnS8,False
24830,ZnCoF6,False
42485,MnH2SeO5,False
4654,BaYPd2,False
52455,HfO2,False
8814,Y2BeSn,False
34794,AgPPt5,False
26513,CePmTl2,False
14167,NiTeSe,False
52388,MnCrO4,False
34281,AlHO2,False
27609,TmRh2Pb,False
36608,Yb2GaHg,True
32097,Er2Fe2Si2C,False
6144,Be2FeP,False
12551,CrPbO3,False
38736,BaNd2CoS5,False
54055,AsSBr2,False
36724,Ca2AgGe,True
26831,CuI,False
32499,PmH,False
41665,MnF2,False
29591,In2Bi,False
17449,AlH18C10ClO5,False
28146,Sb2Se3,False
18830,CrSi2,False
27936,Hf2VRh,False
23525,MgSbF5,True
7959,Mg11Mn2O13,False
4465,BaCoHg4,True
30487,K2SrNb6Cl18,False
41374,Rb8N3O,False
4981,BaTlCl,False
14228,LiPaO3,False
406,CaMnSi,False
21804,Br3N,False
49349,HfMgO3,False
46208,LuMoClO4,False
10578,LiNiO2,False
2731,PdO2,False
4506,BaNa2Hg,False
9875,MnBeGe,False
35781,TmMg2,False
17031,CaMnS2,False
52769,CaHf8N8O4,False
19437,AlO,False
16506,BaMg2P2,False
6866,Mn2BeCd,False
22582,Ti2ZnO4,False
24986,Li2CoCl4,False
45158,Ca3Ga4Ni4,False
54006,Nb2HO3,False
46381,AlFe2O4,False
33480,CaSiO3,False
19208,MgMnTe2,False
15470,MgSc2Ir,False
32899,Pm2CuPt,False
16376,PrB3,False
8200,BePt4W,False
27313,RbFeF4,False
885,Ba2NaBi,True
14678,ScCrC2,False
14170,ThSn2,False
45054,K2ZnH4I4O14,False
13676,HoB2Ru3,False
41686,SrLiAlSb2,False
35955,HoCdAu2,False
7548,Be2TeMo,False
52818,ScCr2AgH4O10,False
17162,SnSbO4,False
8724,LuGeAu,False
27785,Sc2CuIr,False
12401,Be2PbSe,False
42543,K2PO4,False
19050,ScFeO3,False
13449,CeSi2Rh2,False
40935,LiV2FeO6,False
5758,ScGePd,False
30920,Mg2Pd,False
28147,MoWSe2S2,False
36373,Mn2FeO6,False
98,V6O7F5,False
27542,MgV4S8,False
7575,NaCuO2,False
11898,AlBPbO4,False
29490,MgVSF5,False
31888,ThRe2,False
7090,Yb4As3,False
34154,Ca3Cr2Si3O12,False
9815,AuSe,False
20376,ReRuBr,False
32833,TmCu4Ag,True
27654,Sm3Te4,False
44022,AgSbTe2,False
12772,Mg6TiSb,False
13206,MgFeO3,False
31957,Ta2VOs,False
39185,Cd2PbO4,False
50132,RbMoPClO5,False
3082,KH3Se2O6,False
46093,Li3Ag,False
19165,CuIrBr,False
41100,ZnH2O2,False
45209,NbTe4I6,False
18595,Nb2AlB6,False
15786,TbSrO3,False
42161,Y2Si3N4O3,False
2553,LaP2,False
11600,SrBe2W,False
13849,Mg6CrSi,False
17210,TbAl3,False
41055,BiF3,True
48059,LaOF,False
41221,MnOF,False
4620,Ba4MoRh,False
52231,InPt2,False
19846,MnF4,False
27514,CrO2,False
37732,LiVCO4,False
45214,SbO2,False
19876,LaLuAl4,False
30439,MnCuAs,False
21967,VFeN2,False
40331,PuSi2,False
15950,K2RbAsCl6,True
9660,MnBe2Tl,False
8050,MgZn,False
15028,LaBPd3,False
49369,NdAlAu,False
12383,BeGaCu2,False
12424,SrY2S4,False
11304,Be2NiRu,False
14983,Sr2TaAlO6,False
44439,La2ZnSb4,False
31417,ScS2,False
27456,CaCO3,False
35357,YbAgO2,False
23842,Na3Cd2IrO6,False
38109,Al2SiO5,False
42510,TbNiO3,False
4569,LiCo3O2F6,False
45066,LiIrF6,False
31326,Li2V2S5,False
18186,Rb2GaAuI6,True
30478,Na5SiP3,False
554,Ti2CS,False
21830,NaNdO2,False
17376,Sr2CdGa,True
24244,HfMn6Ge6,False
51692,Ge2C,False
31884,Na2BH4ClO4,False
43369,Co2OF3,False
36540,SnAs3,False
47471,YHo,False
37890,Yb2ZnRh,True
4801,Ba4NbSi,False
37143,K2CuCl2F2,True
9073,CdTcAs,False
44972,FeF3,False
33268,ScMnRh2,False
42701,CrP2O7,False
32708,MgAlRh2,False
11468,Li6FeO5F,False
37782,LiVF5,False
21435,Sr4N3,False
12680,ThSiS,False
47806,CaGeH,False
671,TaSe2,False
27671,Ce2AgPb,False
5075,BaZrSb,False
27673,MgWF5,False
14580,NaSrP,False
44975,Ba6Ru2PtCl2O12,False
54321,LiGaCl,False
40390,Ga2Se3,False
53685,PbBr2,False
29829,LiIO3,False
38889,Li4TiCo3O8,False
4103,BaTlBr2,True
20838,ErBiPd,False
5418,GaP,False
11603,Ga2CuO4,False
17221,CeMnSi2Pd,False
34238,Te8Rh3,False
4561,BaInSb,False
43857,Sr3P6N8O6,False
9416,KMg6Cu,True
49089,Sm2Si5Rh3,False
37914,VPO4,False
12422,K3NO3,False
21134,CdH18C11O4,False
2359,H4CSN2,False
53806,BaCO,False
9946,BeHg2Pd,False
22351,PtS2Cl8,False
30432,CuRh2S4,False
47947,CuS2N,False
39636,ZnFePb,False
41924,LiGeRh2,False
16039,CaCuAs,False
40196,Th2In,False
1844,Sr3Mg,False
28869,Yb2Se3,False
1055,NpO2F2,False
20369,Ti2GeC,False
31332,LuAg2,False
34296,NdMgCd2,True
19053,LiAc2Tl,False
40940,Er3TlC,False
36944,Sm3Ho,False
14798,Te2W3Se2S2,False
2810,CrNiP,False
44216,LaDyTl2,False
50014,Mg2In3MoS8,False
53401,Ge2I,False
41694,C2SeN2,False
50450,La2FeCoO6,False
53756,PHPbO4,False
30332,LiCoSiO4,False
54310,CdSn7,False
15363,Mn6O5F7,False
9455,BeMo4Pt,False
3869,Ba4VFe,False
49764,Sr2SO,False
21200,HfInCu2,False
46998,TlIn5Se7,False
28040,AgI,False
42462,V3O5F,False
43126,DyB2C2,False
28976,Ba2YCu4O8,False
5714,LiCoGeO4,False
15170,TbMgNi,False
46835,Zn7Sb8Ru9,False
5990,LiAl,False
43501,RbCaBr3,True
16504,BeAsRu2,False
21284,MnZn3,False
7749,BeGaHg,False
6889,Be2GaCl,False
26113,BaF2,True
46966,Sr4PdO6,False
16859,LiTa2O6,False
29110,BaO,False
41108,Cr2GeC,False
31538,NdBiO4,False
44758,Mg2Co12P7,False
37043,WS2,False
4249,MnB,False
50782,Al2SO2,False
28750,Y2CdIr,False
19769,Sr2MnRuO6,False
30931,HfB4Ir3,False
28345,In2HgS4,False
11541,MnBeGe2,False
3317,Ba2PbBr,True
21236,ScCuS2,False
15183,NbSi2,False
23102,BaLu2O4,False
45026,TbH3C3O6,False
49304,Mn2CoO4,False
23147,B4C,False
5629,CeAl4Si2Rh,False
20671,CdS,False
50048,BaCrO4,False
7756,BeInTc2,False
13075,CaBeBi2,False
53504,BeS2,False
41625,K2Hg7,True
30379,Ca2GeO4,False
48850,SnH26C14O4,False
13424,Mg6BiW,False
38554,LiCrSiO4,False
10430,BeGeRh2,False
27026,InAgP2S6,False
5549,Ba2InNi,True
10738,SrFe2As2,False
10082,Be2GaTc,False
36106,CuN,False
21430,Rb2FeI4,False
28507,ZnSbF5,True
12318,HoAlGa,False
41006,CdAs,False
35543,TlCuO2,False
1106,AlFeF5,False
1842,InH8C4NO10,False
28753,LiNiO2,False
11418,K2BaCoN6O12,False
5825,La2AlNi9,False
40206,HoAg2,False
42860,MnFeSi4,False
3193,Sr2AuN,False
41488,ZrCdCu2,False
19723,BaZn2P2,False
24128,TcS2,False
36715,Ba2AgSb,False
19562,SrPrVO4,False
39806,MoWSeS3,False
48199,ErGa6,True
51765,PdSCl,False
6319,Mg3Zn,False
47438,Hf3Ni,False
20740,PrNdSb,False
24479,HgTe,False
30203,HoFeC2,False
8495,Ce2Mn2Se2O3,False
50075,LiFePO4,False
52782,Pr2MgSe4,False
23021,Ca2TaAgO6,False
31381,ErInNi4,False
13408,Ca2BeMo,False
31529,Fe3Se4,False
7712,MgAsAu,False
29835,NaOs2O6,False
689,RbFeS2,False
36791,SrLiP,False
650,Ba4TePd,False
28498,SiSn,False
40046,TbFeSi,False
31314,Na5OsO6,False
47690,ZrUN2,False
44250,CoNiTe4,False
17570,Ho2GaAg,False
2218,Mn2SiP4O14,False
35944,PaAl3,False
8259,TeW2Se2S,False
18049,SrPmPt2,False
20912,ZrCuF6,False
12588,Sr2MnWO6,False
47328,PmSe,False
50684,ThAl8Cu4,False
16794,SmTl,False
4475,CaNi2P2,False
3261,Te2Rh,False
37159,Sm2Au2O5,False
50487,LiCu6OF11,True
46811,Te4Mo3S2,False
49532,Li2I,False
36523,Sm3Dy,False
5767,Be2NbGa,False
1810,BaLiAs,False
45688,ZnCoPO5,False
32638,UN,False
6384,MgSiO3,False
43311,KSrVO4,False
37183,VIrO3,False
52992,In2O3F,False
22084,V3Pb,False
9885,LuGa2Pd,False
40882,HgSO4,False
47315,Ba4Bi2O,False
53670,AuCS,False
26982,LiCo2O4,False
17459,BeCrFe2,False
20842,PrYNi4,False
32180,HgC2S2N2,False
32523,TeMoWSe2S,False
45752,K2BeF4,True
6605,ScBeTc2,False
26323,TiAuCl,False
50128,BaZrO,False
18709,Tl2FeCu3Te4,False
15695,Li3Co4O8,False
36385,Li4NiB2O6,False
51441,Al2FeN3,False
26569,Na4CO4,False
23027,CoCl2O8,False
5624,BaBrCl4,False
7745,Er6CoTe2,False
22600,KAuSe2,False
37452,Dy2ZnIr,False
11073,BeSnGe4,False
33211,HfBe5,False
37162,TiSCl6O,False
29346,NaLiY2F8,False
13757,MgZr,False
22864,BN,False
28687,Nd2Ru2O7,False
22567,B4CCl6O,False
24370,TaN,False
44969,TmTl,False
6429,LiBeSi,False
3886,MnIn2Te4,False
28623,AgTe6Mo6,False
40822,CrSbSe3,False
7586,HfFe2,False
38838,Na3CuCSO7,False
29488,CrO2,False
8173,BeV2Pb,False
35534,NpAl3,False
17237,BaTl2,True
21098,Sr2CuCO5,False
38523,Yb3Ta,False
30733,Sc2PdPt,False
50601,CaTiS,False
39685,Tm2In,False
16568,NaNO3,False
49993,H12C10O,False
10290,BeReMo,False
31129,PdN,False
37419,CeNiO3,False
54167,ZrAs,False
27323,CaAg2Sn,True
9181,Be2SiTc,False
45989,H6PbCBr3N,False
26541,Al3Tl,False
38172,Li3CuSbO5,False
17219,Si2SeN2,False
5717,Rb2UO4,False
21321,Rb2BiAuCl6,True
8062,Mn2Au5,False
36732,CaSiO3,False
26968,MgF2,False
49540,Ca2Mn2O5,False
37355,SeBr3,False
9398,YBe2Sb,False
32430,NaSmHg2,True
34219,TiAsRh,False
11548,Li2IBr,True
1991,BeVRh4,False
21575,CdH2C3O4,False
27523,Sr2AsAu,False
32984,Li2MgCd,False
35577,ZrZnRh2,False
40010,YTiSi,False
45591,Pr6IrCl11,False
22096,K2LiCeI6,True
4953,VF4,False
31575,TbMg2,False
46042,NbCrO4,False
20669,Co3Os,False
26343,NiPb2N6O12,False
6349,DyInRh,False
44623,CaLaSi4,False
45276,Sr2CrCuSO3,False
49416,ScIO,False
36943,MgU,False
48204,Dy5Ge3,False
37965,SnI4,True
21958,Mn3CrP4,False
34692,TmCd2,False
16489,Tl2BiSbTe4,False
17020,YSb,False
18139,PrHoAl4,False
27111,HfBrN,False
47217,Rb2YInBr6,True
7769,ZrBe2Cl,False
17457,Cu3As,False
3842,B4W,False
19172,MgIn2Te4,False
51983,ClO,False
53500,V2O3F3,False
5303,Ba4MnP,False
37023,GaI3,False
44218,TmSi2Pt2,False
22712,VTe2,False
2119,LiLa4NiO8,False
1439,Li5Mn3Fe2O10,False
45221,YTiGe,False
30495,TcAg3,False
12511,BeSiPd,False
19925,ErFe2,False
3129,HfAl3,False
6414,BeInOs2,False
15622,La2Mn3FeSi4,False
22383,Zr6CoCl15,False
50338,PdSeBr,False
2877,Mg3Bi,False
18499,Ba2Bi2O5,False
21895,Li2Ni3TeO8,False
44234,DySn2,False
40241,Li2Cr3CoO8,False
34995,NdAl8Cu4,False
7689,TaCo3,False
46259,Ag3SI,False
47411,NdCd3,False
13790,TiH2,False
38943,V5O12,False
18877,La2CoSi3,False
2437,SrAgSF,True
18457,IrO2,False
3173,RhCl3,False
28152,NaSr2Cd,True
5051,Ba2CdB6O12,False
3422,Li5TlO4,False
51689,OsCCl2,False
12664,TmNi2P2,False
42065,ThAl8Fe4,False
3736,H12AuC4N,False
40005,CrPO4,False
18736,ZrCu2P2,False
34387,CaAs3,False
31498,TbLi8O6,False
25970,Li2V3SnO8,False
18088,K3Ba,False
258,BaNaSc,False
38050,Nb3Fe,False
10367,Be2GePb,False
9482,AsOsW2,False
46319,FeCl2,False
39522,LiCaTa2O6F,False
40762,ThPb3,False
35856,Pm5Mg,False
2402,K3Ge4Au,False
15149,CoCu2GeS4,False
47719,TbNa2CuCl6,True
38573,Li6FeSi2O8,False
25785,HfZrHg2,False
26818,Ca2YSnO5,False
3401,Na3LiMnBPO7,False
31849,Ag2O3,False
30661,LiReO3,False
49205,GeCl2,False
51279,Co2O3F,False
49299,MnCdGa4Se8,False
48096,ZnCr4CdSe8,False
30168,Li3Mn2P4O14,False
47761,NaCO,False
44581,FeCuNi,False
15142,NiPd,False
10528,BeCrCu,False
16895,ErNi2P2,False
25878,Cu8O7,False
3275,HPbBrO,False
2792,ScBeSn,False
15672,NbBr2O,False
39801,MgTePb2O6,False
12121,Be2PRh,False
44988,Yb2SiO5,False
40244,Pu2O3,False
9136,Be2RhW,False
36146,Fe3O4F2,False
18415,NaSr2IO6,False
10281,YbS2,False
44274,YFeCu,False
42999,AlInSb2,False
28415,K2Se3,False
18781,ZnIn2Te4,False
44386,K2HgAuBr6,True
31560,Fe2W,False
22314,Rb3AsSe4,False
3377,BaIn2Te,False
45694,Na4Al3Ge3BrO12,False
27374,Na3In,False
762,K2Ca3Si3O10,False
47973,RbPdCl,False
12974,SiRu,False
46361,Na2BeF4,True
157,Tl2SnF6,True
43574,Rb2NaScCl6,True
39094,Li4B2O5,False
51561,MgSeO,False
25192,LiFeCuS2,False
39883,SmCuSeF,False
40719,ZnH2SO5,False
25809,Na2CrF4,False
1945,BeBi4P,False
53980,H3OF,False
40385,PmDyIn2,False
28680,MnSb,False
3230,TiPOs,False
43769,MoPd4,False
22446,ThNF,False
51774,As2I,False
12191,KCuF3,True
10056,KBe2Fe,False
6786,AsI2F6,False
30438,MoW3S8,False
47899,LiMn2O3F,False
39588,LiFeSiO4,False
45194,YCo2,False
48537,LiSe,False
47091,K2RbBiSe3,False
35213,YbTa,False
20448,TbYb2PrS6,False
50279,RbBrCl,True
29129,Mg2PdRh,False
17152,NbIr3,False
26193,NaZr2MnF11,False
32157,Nd2IrPd,False
16979,K2NaTlBr6,True
44536,BaNi2P4,False
9790,YBeCr,False
52871,HgH4C2N4Cl2,False
27177,TlBr,False
3170,BaZr4Hg,False
17532,Li2MnNi2O6,False
21166,RbHoO2,False
41813,SmRu2,False
53190,Sc2O3F,False
20992,Ce2NiRu3,False
15209,ZrTiNi2H6,False
43391,Yb2CdS4,False
37505,UAg3,False
21246,NaSn2Pd3,False
25686,Th3Al2,False
198,LiFeCoO4,False
28836,BaCu2SnSe4,False
21780,TmRu3,False
36835,LiTl2InCl6,True
36208,Na2MnCl4,False
44545,Tm3Sn,False
30271,CrN2,False
3266,NdSi2Ni,False
32194,HgPd3,False
7185,Be2VRe,False
2420,ThSnRh,False
1383,Ce2Fe12P7,False
11521,BeTc2Te2,False
49068,AlBO4,False
47598,Rb2NaYBr6,True
4624,BaMgIn,False
22147,TlCoNiSe2,False
2733,Rb2CdP2Se6,False
36382,Mg3Ni,False
41358,CoSn2,False
17038,Rb2EuAgCl6,True
42575,TiZn2WO6,False
1076,Ba4CaW,False
45629,K2BrCl6F,True
37326,CaTlCl3,False
13761,BaFe2Se4,False
20638,TbSi2Ag2,False
39456,LiNbNiO4,False
14856,LiFeAs,False
44224,Na3SbF6,True
11576,Ti2NbAl,False
8178,KBeOs2,False
25241,FeCo5O12,False
48824,H3C6S2NO,False
3346,YbLaSe3,False
53416,BaZnO,True
41942,CuMoO4,False
14520,ZnSnAs2,False
47031,Ta9Fe2S6,False
12648,BeSbBr2,False
41287,CeIn5Co,False
32803,CaBi3,False
14334,Tl2Au,False
35347,Lu6Sb2Mo,False
29515,K2NaRhF6,True
5084,Na2FeO3,False
6450,SrFeAsF,False
19899,AlFeF5,False
36127,CuSb2H12O6F8,False
1411,Ba4TiTe,False
32382,Co2NiS4,False
25798,MgB2,False
12255,LiO2,False
26511,Ti6O,False
29933,Mg2CuSbO6,False
30725,Te2MoW2Se2S2,False
37791,YErHg2,False
10007,BeTcP,False
52795,Ca5Pt2N6,False
7044,Be2IrW,False
36,Ba4TaZn,False
22763,KO2,False
3444,Li3AlMo2As2O14,False
34765,BaGe2Rh2,False
11778,KNaBe2,False
17178,TbAl2,False
37046,VCl3O,False
53242,LiHfO,False
40009,TbAg,False
1549,Ba4YZr,False
48479,BaBiCl,False
25417,Te2Mo3WSe4S2,False
50025,Li2V3O6,False
24909,HoCrO4,False
2611,LiCeO2,False
47457,DyZnSi,False
11069,TiC,False
12423,MgZn5,False
17222,SrCd3,False
19806,Tm2CuO4,False
6916,CrAsPd2,False
8773,Mn2AsSe,False
23164,Li2FeCo2O6,False
23505,InAsF6,True
27280,CuHgO2,False
44723,Th3Ge2,False
22163,UP,False
47522,CoRu,False
9421,SrBeV,False
41720,KAlF4,False
51566,Li2VO2F,False
15696,Ho3Er,False
54243,ZrPd,False
10694,BeNb2Tl,False
48013,CrH2O2,False
40663,NdInPd,False
14085,NaCdPO4,False
23058,SrHfO3,False
49737,YPbO3,False
7474,Be2VBi,False
48171,Zr2SO2,False
42903,Nd3Sb5O12,False
12991,MoO2,False
2150,BaAl2Si2,False
31405,MnFeCoGe,False
54523,BaSm3,False
48999,RbSCl,False
51074,SF,False
40917,ZrS3,False
9374,MgGePd2,False
35054,Li2MgSn,False
19608,H2C3SO2,False
25555,Mn6O5F7,False
709,Rb4Zr3Te16,False
3419,Ba2GaPb,True
32350,NaTl2Bi,True
7684,TbNiSb2,False
27242,CuS,False
28192,YZnHg2,True
12660,Mg2Zn,False
44826,Nd4Sb3,False
1873,Li3ScN2,False
20078,MnSnF6,False
51258,Zr5Sb3Se,False
21499,GaPd,False
30171,NaCuO,False
8071,CaMnBi2,False
7403,Na2O,True
31791,NaAlSi2O6,False
9106,BeCuPt2,False
18270,Er3Mg,False
54338,YClO,False
30002,CuHOF,False
29734,K2CoS2,False
4462,BaCd2Sb,True
30579,VS2,False
33926,VCo2Se4,False
9724,KBe2P,False
29686,Mg2VBiO6,False
1219,Ba4SiPb,False
20280,Li2FeP4O12,False
36183,MnF3,False
22742,DyInPt,False
25353,BaBePO4F,False
12881,CaMg6C,False
4876,BaInTe,False
22751,YV2S4,False
4527,Fe4OF7,False
43631,LiTl3,False
44868,MgF2,False
32373,YbPd2Pb,False
44746,WO2F2,False
31684,Dy2CuOs,False
8861,DyIn2Ni,False
54368,NaAlAs,False
40534,Ba2YMn3O8,False
8783,YbPrO2,False
43670,Zr4Co7Ge6,False
8122,NaBe2Bi,False
50804,NdCdIn,True
48835,CaZrO,False
53067,ZnClO,False
10572,TiBe2V,False
3253,BaBeV2,False
31113,ScMn2,False
12861,BeReCl4,False
30532,MgBe2P2,False
46163,SrMgIn3,True
35049,SrMgSi,False
29717,CoO2,False
19224,HfMnN2,False
26740,InSb,False
34453,CoGe,False
23458,LiNi2Sn,False
13641,TaC,False
9972,Mn2BeOs,False
46048,K2PdO2,False
3879,BaNa2Hg,True
34402,KBeO3,False
16181,CoPt,False
38443,K3SbSe4,False
51873,Li2V2F7,False
8788,Be2TlMo,False
4338,Ba4FeIr,False
39289,LiMn3CrO8,False
47446,SrAuO3,False
35359,TmMg5,False
42187,Ba3Pr,False
30623,Na2Cl,False
11766,Be2GeIr,False
29406,RbAgCl3,True
1998,RbCr5S8,False
42058,NpOs2,False
25476,CdI2,False
26753,Na4CO4,False
44062,LiTiP2O7,False
2328,TiH8C4NO10,False
12028,LaCo2Ge2,False
33896,Ta2O5,False
9034,BeGe2Te,False
26729,Rb2HgSe,True
6083,TaBe2Br,False
36392,Ba3Ho2Cu2PtO10,False
48499,LiH,False
30582,YPb2,False
38458,Ca2Ti3O8,False
28945,SrO,False
16476,LuNi2B2C,False
6849,Te2Mo2WSe2S2,False
21953,TaF3,False
50770,RbSO4,False
36504,Sc5NCl8,False
28966,Li2InPb,False
34999,K2CuO2,False
38879,Li3MnO4,False
6946,BeZn2Si,False
5368,KLi2As,False
21061,Er5Mg,False
50008,MgOsN2,False
39023,NbCr2,False
1943,Tm3TaO7,False
19773,K3InI6,True
4443,TmTe3,False
41010,MgBi2O4,False
13287,MnTlI3,False
13724,Tl2VF6,False
27113,Tm3Pb,False
40405,PrLuSe3,False
16191,SrSb2Pd2,False
9497,MgBe2P,False
15020,Pr3S3N,False
40559,NpIr2,False
9464,KCSN,False
29578,Zn2CuAs2O8,False
17080,CrNi3Sb4,False
39927,Ba2CePtO6,False
6109,Tb5Ge3B,False
25957,GeTe,False
35178,RbSr3,True
41767,CuSbSe2,False
26150,ScAgHg2,False
50044,LiFePO4,False
40494,Pm2PtAu,False
34196,TaZnCo2,False
47137,K2LiSbBr6,True
52913,HoWC2,False
43573,TiCu3O4,False
4501,BaPt5,False
3830,BaMgSe4,False
17250,ZrSbRh,False
2577,LaP3O9,False
10322,Tm2Ga10Os3,False
25937,YCoF5,False
12379,Be2POs,False
50119,Li4Co3Sn3Sb2O16,False
5962,KTa2Be,False
29711,B2CN,False
7526,K2OsNCl5,False
25669,AgBrO2,False
3895,Ba4MoRu,False
38107,Sr6Y2Al4O15,False
32957,Lu2AgIr,False
53588,AsC3,False
53834,Li2VO2F2,False
28377,AlNi3,False
31226,ErGeRh,False
19384,MoWSe3S,False
5148,YbCu4Au,True
29594,MnRu3,False
44539,Rb3Mg,True
52158,SnOF,False
9121,PrB2Rh2C,False
9834,Li2BeIn,False
37940,Mn3Fe,False
31589,KPuO3,False
43460,Na2MnO3,False
3694,BePRh,False
39764,KSb,False
22404,TaCoTe2,False
47653,K2TlAsCl6,True
37915,Cr3O2F2,False
39878,TlCdCl3,True
16073,CaB2Rh3,False
13612,Li3Rh,False
51464,LiSb2,False
26690,Rb2SnSe3,False
10569,Be2ZnRe,False
52790,YMgMnS4,False
51121,BaSbI2,True
22675,TbCl3,True
29100,Ba3PN,False
39504,BaYF5,True
27337,HfAu,False
26568,HfPt,False
26366,V2S5,False
49598,Pr2B2MoO9,False
5294,BaMnBr2,False
9732,Be2ZnPb,False
44753,CaTe,False
38343,LaMg3,False
35229,PuRu,False
32343,Ba3CoSb2O9,False
31042,NiW2O8,False
5399,Ba4GaRh,False
17696,HCO,False
28953,LuBi3O6,False
34928,SrCu4As2,False
52394,ScHO2,False
1432,SmZnNi,False
37584,TbFeC2,False
46686,Sm2Te4O11,False
6097,SrBeRh,False
14839,FeOF,False
21356,CeHoIn2,False
51805,CaC2,False
32355,NiSe2,False
9780,LiBH2,False
42943,RbLiMnS2,False
20690,NaTaO3,False
35592,ZrTe,False
41296,BaH4O6,False
25715,AuO2F,False
10644,YBeCd,False
5355,BaSr2Ca,False
38500,CaMgNiH4,False
12140,PrMgSn,False
10643,BeP4Pt,False
1528,Ba4SbW,False
37854,Y2Ge2O7,False
14329,LiCuSbO4,False
19248,Ge2Bi2Te5,False
27430,MgV4O10,False
29586,RbAgO,False
30146,MgSiN2,False
30105,BaZrO3,False
16378,Li2CeGa,False
26921,LiO2,False
22285,ZrSbRu,False
36761,YbTm3,False
17550,FeSi4P4,False
15048,Rb2LiBiF6,True
32260,NaBH4,False
39158,Nb2C,False
8066,Ga2FeAs,False
19734,TiGa3,False
30953,AlH3O3,False
34575,Lu2Mo2C3,False
18216,NaMnN,False
21048,PtW,False
1094,BeTe,False
6310,Be2ReIr,False
21333,PmPr3,False
24182,Te4W3S2,False
44388,HoNi5,False
18201,NdHgAu2,False
42750,TmCdRh2,False
8310,MgSb3,False
25680,DyTaO4,False
11203,ZrBe2Sn,False
16872,La2FeSn4,False
1353,KBaCl,True
15957,NbGaOs2,False
31508,Mo2WSe2S4,False
39365,Co3O2F4,False
48625,RbNaSb,False
32240,ZrIn3,False
18601,V6FeNi,False
19966,K2PAu,False
4180,BaSnBi,False
8400,SrZrBe2,False
47259,AlCd3,True
6981,B5Mo2,False
11451,BeCuBr2,False
37156,Mg3Pb,False
12611,KBeGe2,False
20682,MgAu5,False
49340,NaLiFe2Si4O12,False
29687,CaCr2O4,False
24558,Ca2Si,False
42112,Na5Al3F14,False
17421,LaCuGe,False
499,Ba4LaPd,False
42591,FeIr,False
11931,BeInBi,False
31091,USiSe,False
41445,PrMg2Ag,True
23856,ThNiSn,False
14713,TbSnPd2,False
46575,Ho2C3,False
19606,NbZn3Ga3,True
21806,KCa3,True
1124,Ca3Mn2O7,False
8829,BeCuSe2,False
9030,CaSnF6,False
19652,HoErIn2,False
22344,LiInSe2,False
25129,TbAlO3,False
9721,MnBe2Si,False
18419,InAu3,False
42217,Dy3Al,False
37692,Ho2V2O7,False
46025,Sm3BWO9,False
15687,TmCl3,True
19602,Mg3Tl,True
36587,H7SN2O4,False
49622,MgO2,False
8676,Ba3SrI8,True
51942,Li4Cr3NiO8,False
51577,Mg3Se,True
19664,Li2Fe3CoO8,False
22648,TbTlPd,False
33662,ThSnPd2,False
31230,ErGa,False
38472,Zn4B6SeO12,False
15413,AgAsO3,False
45119,KSrNb2O6F,False
27041,PrSm3,False
18433,V3MoO6,False
17544,DySi,False
52732,Rb2MnFeC6N6,False
51866,CdO2,False
53902,BeSnBi,False
31885,Be12Cr,False
38611,MnNiSb,False
727,Ba3Li4Sn8,False
22695,CuSeO4,False
20497,Li3TlF6,True
16741,RbOs2O6,False
49468,TlIn2S2,False
40531,CaMn2O4,False
2855,SbI3,False
30678,Ba2Ta6Te2O21,False
22719,Na2CuH4C4O10,False
7626,Sr2NCl,False
7478,Bi2Pt,False
39119,BaBi3,False
28639,Li3Co4O8,False
16945,Ca2NCl,False
13418,Be2MoRh,False
15982,Al2CO,False
50151,La2Ga5Cu3,False
10066,KBe2Ga,False
7566,NbAsP2,False
953,Ba4YPb,False
51440,BeNbOs,False
3071,TaFeO4,False
38958,AgBiO2,False
10128,HoPt3,False
46119,SmSbIr,False
3117,BeInBi4,False
37939,LiCoC2O6,False
1148,BaCa2I6,False
54212,BaTlO2,False
46066,LiFeP2HO8,False
428,Li4TiS4,False
28049,TeO2,False
22613,TeOsCl2,False
48458,Li2FeP2S6,False
36942,SrAs2O6,False
11918,KMoO3,False
10946,BaZn,False
22877,Zn4B6O13,False
15690,MnCdS2,False
52603,Sm2Co16Ag,False
15635,MnGaRh2,False
4136,NiAsPd,False
17957,K3HoCl6,True
48091,ZnMoF,False
42118,YbTl,False
31512,ScReTc2,False
23590,Li2CeGe,False
35371,Ti5Se4,False
32793,YbGa2,True
8023,Ba3Ag2,True
26302,Ca2Ta2O7,False
49574,Li3MnP2,False
2712,OsO2F3,False
1463,BeFe4Ir,False
36689,WCl4O,False
54492,KGa3,False
45715,K2NaTiOF5,False
28847,Sr3Mg,False
33946,ScTaFe2,False
14689,Ni3P2O8,False
34332,Li2CdGe,True
53310,BPO2,False
28625,Li2AlAu,False
8624,ScBeZn,False
8919,Be2GaPb,False
36836,AgBrO2,False
17803,YHoIn2,False
2041,Nb2GeC,False
6472,YFeGe2,False
38628,Al2CdCl8,False
33679,HoGe2Rh2,False
34407,Ni3H,False
35854,CdTe,False
48351,TmFe4Cu3O12,False
6278,TaBe2V,False
25035,K2TaCuSe4,False
22486,RbNaS,True
42567,ZrVF6,False
23516,Na2Cl,False
42506,Zn3Cr,False
36694,BeAg3,False
35561,Zr3NiO,False
35947,BePd,False
53814,SiC2,False
51514,NaAlSe2,False
29592,KLiO,False
29038,Sr2CaUO6,False
50332,RbPdBr,False
37645,Dy2IrPd,False
47680,MnNiN2,False
16974,YbHg,True
36633,CrS,False
7134,Dy6CoTe2,False
23946,AlAgB,False
15219,CaCuP2O7,False
30663,TiCr2S4,False
9326,MnNbP2O8,False
29710,Ba8Bi4H2O,False
31803,PaGaFe2,False
31623,ZrN,False
37253,Hg3F,True
33043,Pm2AgIr,False
3926,CeInAu2,False
46330,HgB4O7,False
4717,BaNbCl,False
39649,KAgO,False
40916,CoO2,False
53965,RbMoCl2,False
38423,CoSi2,False
41915,SrAlGe,False
8754,HfMoAs,False
37613,ScCrO4,False
48979,PdSeCl2,False
31663,Yb4Sb3,False
47286,Co3Ir,False
50848,VAgOF4,False
50775,AlSO2,False
11072,MgTa2Be,False
49343,HfAlCu,False
46394,BaMo4P2O16,False
29264,IrC,False
3863,Ba4GaPt,False
4257,Ti3NbO8,False
25590,SiO2,False
45425,SrCd2Ga2,True
36582,KF2,False
6928,ZrBe2W,False
17370,KMnO3,False
4908,SmPt2,False
10971,BeCd2Pt,False
31600,ScPaTc2,False
45525,Sr4Bi3,False
26043,SnSe,False
18873,NdOF,True
16032,K2ErCuCl6,True
17862,VAg3F6,False
37083,Mg3In,False
35305,TmLuRh2,False
8569,TeAsRu,False
10061,Li4VCr3O8,False
44803,Na2TiTeO6,False
53957,Na2CN2,False
311,MnAgO2,False
39910,S2N,False
51701,Sc2CCl2,False
50677,GeH2,False
23680,CaFeO2,False
18097,TmAg,False
47748,Lu3BC3,False
21315,K2NaPdF6,True
9826,Be2HgP,False
19037,Tl3SbS3,False
25258,TcAgO4,False
29028,TiS,False
13732,CrNi2,False
33478,Yb2AgBi,True
3870,Ba4ReRu,False
22912,MnAsRh,False
15190,Li2Si2WO7,False
17528,Tl3VS4,False
40684,GeSb4Te7,False
49052,Zr5Al3N,False
24737,BaMnCO3F2,False
31216,CoMo,False
52573,Ta6MnC3S6,False
18577,NbPt4,False
6405,ZrNi4As2,False
29466,CaMn2S5,False
9788,Be2SeCl,False
8249,ZnAsAu,False
42358,NdY3,False
48764,MgZn4O5,False
19478,PrGe2Pd2,False
36586,Yb2BaSr,True
13516,Mg6SiW,False
41429,Dy2CuIr,False
24629,Sb3ClO4,False
2239,LiB13C2,False
48211,CaZnSiO5,False
54455,LaP3,False
43938,Li3GaN2,False
2617,BaCdW2,False
48189,TbAl8Cu4,False
43481,DySi2Os2,False
7637,Ce2BiN,False
7649,Be2CuRe,False
17006,Ta2O5,False
43675,Mg2Bi3O8,False
23598,MgMnGe,False
20816,LaClO2,False
18575,GeRh3,False
9587,Si2AsW,False
46440,Mo2O5,False
35453,Te6Mo3WS2,False
47628,K3TlI6,True
11395,TiBeGa2,False
10508,TaBeSi,False
37054,ErLu3,False
32645,NaPrTl2,True
36201,CdI2,False
7759,CdIn2Se4,False
40338,PuAs,False
26675,OsC,False
36099,TmMnGe,False
20881,NaCd3,True
47790,CaGaO2,False
18675,LiVF4,False
15488,CrFe3As2,False
393,Zr6Ga2Fe,False
20314,Rb3BiBr6,True
44072,Ta2MoW,False
2302,CeNiGe2,False
6264,Mn3O2F4,False
26970,ZnCuPt2,False
19347,InCuSeS,False
35419,Be5Au,False
30727,LiI,False
53306,LaF2,True
33466,Sc2ZnGa,False
43682,Rb2PrAgBr6,True
35760,Sm5Mg,False
47752,TaS2,False
25860,Ba2CaWO6,False
49437,URuS3,False
8043,BeFeSe,False
31635,TcN,False
1456,Co2GeO4,False
14671,Zr3AlN4,False
51012,CuBN,False
6020,BeNiIr,False
9220,Y2BeFe,False
13843,MgFeO3,False
47447,Zr3CoSe6,False
49094,SbSeBr,False
15447,Ba2UGeO6,False
931,Li2V3S6,False
20790,TiNi2Sn,False
25150,YbPPt,False
8358,TaGeAs,False
9584,TiBeV2,False
49848,ZrPbS3,False
15524,ZrMo3,False
21598,H7C6SN,False
27606,TmAlAu2,False
37151,Te2W2SeS,False
10784,BeTlFe2,False
48504,Sr3Sc2N4,False
48405,LiAs,False
37435,RbSnF3,False
52460,Mg2ScCr3S8,False
26987,Ca2Sn3O8,False
54339,Sn7Pt,False
14955,Rb2GaHgF6,True
22987,Y2FeB,False
32073,OsN2,False
11314,AlMo3,False
32657,YbNdRh2,False
47499,ZnRu2W,False
5041,CoAsS,False
42115,Ca2PbO4,False
28109,PdPb2Cl6,False
26806,MnNiP,False
16667,PbF4,False
44451,CrFeGe2,False
51156,Ba2Te,False
53607,InBrO,False
31722,Sc2TcAg,False
46278,CdI2,False
45055,Tb4Ga12Pd,False
27875,MnFe2Ge,False
10469,KPO2F2,False
12542,MnCrNi4Sn2,False
43397,Na2AgAuCl6,True
19398,BPd2,False
37259,ZnO,False
20343,TbRbS2,False
14931,BaYCo2O5,False
26847,KNaSe,True
41508,KZrF5,False
37962,VOF,False
35314,Rb3Lu,True
23216,Pb3SO6,False
20137,Pm2AgAu,False
1281,Be2ReSi,False
30710,Ga2Te3,False
44493,Cr4Te3Se,False
5342,BaZrTe2,False
35366,CeGe2Pd2,False
6921,Mn3O2F4,False
43021,In3Hg,True
29292,NaAs,False
25640,Cu2SnS3,False
35275,ScGeAu,False
6199,BeCoP2,False
1398,TmCu3Te3,False
43393,Rb2Si3SnO9,False
28884,MgCr2O4,False
34624,LiTm2Al,False
51287,Tb6NiBr10,False
26013,Mn3SnO8,False
30204,MnFeTe,False
19099,KTlI3,True
3151,Ba2CrSb,False
10785,LiBeSe2,False
2033,HfAl,False
7599,Sc2BeCl,False
54398,Sn7P,False
2016,ThCuPO,False
53238,CaAlF,False
26758,PrPd2,False
34512,Rb3Nb,False
32122,ErGeIr,False
22489,BaYF5,False
35515,PrAgAs2,False
51078,CeAl2Ni,False
25645,NO2,False
1693,Ba4ScZn,False
8230,YAsRh,False
27160,Li2TiF6,False
13713,Be2GeOs,False
37212,AgPtO2,False
40380,NaFeAs,False
49153,BaMnO3,False
27306,Pm2GaAg,False
13303,LiMg6Sb,True
32893,Na2Ti2As2O,False
19807,LiGe2Ir,False
18526,Ba2SbAu,False
51245,LiMnPO4,False
36552,ZnGe2WO6,False
5793,NdSnAu,False
20747,TiI2,False
26400,GaP,False
33233,TeW2Se2S,False
19452,H7C8NO,False
36661,CdI2,False
12157,SrNd3,False
48144,Co2Re5B4,False
40845,Yb3Na,False
42431,Sr2CaI6,True
9150,SrCu3Ru4O12,False
2892,Ti3Zn3C,False
2697,NiPbF6,False
48468,Tm2MnC4,False
36126,BiAuBr6,False
19883,Be2CdP,False
6193,Er2Au,False
28243,Al2CuO4,False
28278,LiSnHg2,True
45127,NpCr2Si2,False
28906,ZnBi4O8,False
30813,KTiS2,False
12663,SnSe2Cl8O2,False
46682,Cu4O3,False
34126,Dy2Cr2C3,False
14595,Ce3Cu,False
1014,Ba4NaTa,False
15843,Ac2CuRu,False
45185,Co3C,False
45247,MoWSeS3,False
45563,Pr2CuO4,False
42049,VNi2,False
35338,HoLuAu2,False
40596,HfZr,False
53490,BeCl,False
52438,SrSnH,False
54214,BaZrSe,False
2978,TaPbF7,False
9796,NaLiBe2,False
14613,Rb2SbAuCl6,True
5946,TmAgTe2,False
8299,BePIr,False
41177,MoWSe4,False
22368,RbYO3,False
10652,MgAl2Se4,False
12606,ErRh3C,False
40428,PrSi2Mo2C,False
45987,PrF3,True
7660,KIn9Ni2,False
28743,LiHg2Pt,True
9944,KBe2Pd,False
39378,Ba4TiPb,False
4999,MnNiAs,False
41309,PrC2,False
52561,Li2O,False
11367,LaNi2P2,False
30914,DyHoMg2,False
4010,Ba4HfZr,False
44609,NiPbF6,True
24180,LiGaSi,False
44017,Mg5In,True
29078,BeFeCo2,False
18946,SrFeO2,False
51947,NaPbO,False
5675,BaOsPd2,False
6436,Be2InMo,False
39107,Al3Ir,False
32433,YbNi2,False
16700,AlZnCu2,True
40650,BaZnSn4O8,False
54488,P3Ru,False
45073,YbCuSb,True
11387,Li2BeFe,False
51362,TiNi4GeO8,False
2005,K3BiSe3,False
10097,BeRu2Pb,False
17725,K2AgSbI6,True
38089,Li2TiNi2O5,False
15464,Sc2Se3,False
51327,Ho2MgTiO6,False
23317,Dy5AgS8,False
49266,Pr2Mn3Sb3O14,False
49783,H2C3,False
45682,Li2CrAsCO7,False
38540,Tm6WO12,False
9996,Dy2ZnRh,False
26147,SnO2,False
52858,Mg2Si,False
23627,SrC2,False
1334,BC2N,False
18914,LiHg3,True
21106,TiVO4,False
26902,Zn2PdAu,True
19175,La2Al6CuAu,False
43205,DyIn3,True
27957,Mn3Sb,False
11970,La2MgNiO6,False
1584,Li2Ti3SbO8,False
47987,GeHO,False
20226,SmMnCo3Cu,False
16072,LiZnCu2,True
33027,BaAlSi4N5O3,False
43463,LiSm3,False
40947,HoTiSi,False
26421,Au2O3,False
3737,Ti3Pd5,False
53664,Li4Mn3CoO8,False
32284,TbHg,False
45223,AlPO4,False
51714,CaSnN,False
670,Co3OF5,False
33826,RbSrCO3F,False
34998,Rb3Li,True
41841,LuRh2,False
43290,TiF3,True
51662,NaSe,False
42714,K4BaV2S8,False
37295,FeBiSbS4,False
25773,PuSi2Ni2,False
1329,Na2Nb4O11,False
20453,CePt4Rh,False
2059,RbVPO5,False
5279,BaSr2Li,True
18296,Al3Ni2Pt,False
37560,MgSc2In,False
36371,LiTi3S6,False
54158,TiMo6Se8,False
35412,Ba2Li3NbN4,False
11752,BeTlZn,False
12097,HoInAg2,True
15214,Rb2YHgBr6,True
20504,CdAu3,False
11231,BeCoBi2,False
40106,UFe2Si2,False
33484,ZrSiPd,False
34757,Ho6Bi2Rh,False
3391,Ba2SnPb,True
36189,ErTlO2,False
46409,AlPd2,False
29728,HgRuO3,False
1792,Sm4I6O,False
31598,LiMn3Al2H6O12,False
27509,Cu2S,False
53014,InGeCl3,False
30051,Ca3SbAs,False
28325,InGeCl3,False
9916,Be2TcPb,False
40981,BaMn4O8,False
44402,Li3C,False
13608,Li2FeF5,False
16734,Na2TlAgF6,True
29265,Ca3Ga2N4,False
13059,BeCuTe,False
41575,Cu2SnTe3,False
10463,MnBe2Pt,False
28634,DyTaO4,False
53995,SrGaH2,False
54453,HoP3,False
22439,ZnH4C4O4,False
14675,CaNb2O6,False
564,TmUTc2,False
36994,HC,False
34003,PmBiPd2,False
53395,BaPbF,False
47774,Ce3Hf,False
22921,SnHg2Se4,False
20926,NdMn2Si2,False
3864,InPd3,False
25437,VO2,False
8026,Ti2AsP,False
29141,MgV2O5,False
6694,TlIO3,False
21822,La2NiMoO6,False
49539,ZrH6C5O4,False
50106,BaSbF2,True
33888,TiMn2,False
12844,Pr3Mg,False
29878,MgMnGe2O6,False
15709,NdCuGe,False
5038,ZrNbO4,False
27512,LiIr3,False
28653,SrHg2Bi,True
48040,CaGaCu,True
12755,Li4Cr3Sn3Sb2O16,False
21010,Si2Hg6O7,False
1832,Be2NbPt,False
23881,CaC2,False
825,KGaTe2,True
45285,Ta5B6,False
36054,HC12N8,False
1797,BeInGe4,False
318,CdP2O6,False
50590,LiCaN,False
46733,BaAu,True
13890,CaPmMg2,True
54562,KSm3,False
39186,Li2VO2,False
21031,Sc2InHg,False
15573,Rb2ScInI6,True
24749,Na2ZnBr4,True
8670,K2MnCl6,False
22042,Y2CoRu3,False
37168,TmAl3,False
32727,Lu2IrRh,False
40691,USbAs,False
52104,Sm3GaCoS7,False
10202,YBe2Fe,False
42628,ZrTlO3,False
43300,YbAlCu5,True
28056,K3NaRu2O8,False
42038,VS,False
44502,ZrZnGe,False
10316,Mg6GaMo,False
4299,Li2MnCl4,False
3580,BaAl4O7,False
35717,LiZr2Ir,False
28718,KCl,True
51359,Ho6AgGe2S14,False
41651,Ta3TeI7,False
51595,SnBO2,False
20540,Ge2N2O,False
35117,Lu2TcAu,False
24348,PrCuSe2,False
14252,KTeAu,True
18082,SrNi2Ge2,False
2195,CuRh2O4,False
32288,Ho2IrRh,False
47654,Pm2TlHg,False
38660,NdTlTe2,False
16296,NaLuS2,False
48148,Y2SO2,False
50736,Th2N2O,False
51509,NaBiO,False
53724,PrIn2Cu9,True
31173,DyS2,False
6759,BeFePd2,False
41776,K4V2O7,False
46548,CuSnH12N2O6,False
33250,Te2MoWSe2,False
30343,BN,False
44916,VW2O8,False
35836,TbAg3,False
27550,V2CrMo,False
38607,RbSnBr3,True
40664,InN,False
52967,Sm2Mn3Cu9P7,False
45422,Na3In2P3O12,False
7529,K3NaH4,False
12781,Be2TcW,False
17844,KAuBr3,True
44945,CeGa6Pd,False
49755,SnH12C6F2,False
33099,TmMn6Ga2Sn4,False
42289,OsRh3,False
7451,Zr2BeGe,False
46856,ZnFe2O4,False
1771,Be2InPd,False
16402,MgGe3,False
53531,TlBiF2,True
8467,K3Pd,True
51014,Ba3LaTa3O12,False
13347,PH9N2O4,False
11893,TiGaNi2,False
52147,La3Cu2S7,False
40879,BiF5,False
52567,Tb2Ti2Fe22H,False
37755,CNCl,False
51018,CuBN2,False
16066,NdIn,False
40499,BaTa2Bi2O9,False
14225,ZrS,False
17,Na2CuO2,False
20539,CoRe3,False
33162,AcInTe2,False
18294,NdTlPd,False
15951,Mg5Ag,False
3942,Ba4CoIr,False
38051,LiGePCO7,False
8819,Be2TcIr,False
28724,DyP,False
6321,ScB12,False
2916,Ba2YBe,False
12964,PrBPd3,False
10064,Mg6CdFe,True
13973,Pr2InPd2,False
19776,Tl2AgI3,True
22181,TmBiO3,False
38765,NbCrO4,False
51401,Li4Fe3Co5O16,False
5655,CuAs4S3Cl,False
23817,ErH3O3,False
27856,FeH3,False
19211,In3SbTe2,False
30299,Te2Mo3WSe6,False
29340,In2Au3,False
54295,Li7Co5O12,False
45328,Rh3Pb2S2,False
53378,NbAlO4,False
20154,TmAlGa,False
28522,Sr2Ti6N2O11,False
32010,HfSiMo,False
48322,SrMnO3,False
16478,Na3YH12C3O15,False
30805,UB2C,False
40275,LiAlVO4,False
5377,NbCrN2,False
29895,ZrHgO3,False
45415,Na4GeO4,False
13894,H2C2S3N2O6F6,False
36459,Li2DyPCO7,False
2068,MnOF,False
21911,ZrAlW,False
1781,MnFeBiO5,False
164,Ba4TlZn,True
32843,LiTi3Se6,False
17954,Mn2InSbPd4,False
18367,Zn2GaCuSe4,False
46904,TeMoS,False
42197,Nd3Zn,False
3749,BaTl2Bi,True
47751,TlAgTe2,False
8292,CeTlSe2,False
40491,LiPH2O2,False
17369,CeCoSi3,False
9404,Be2TcRh,False
21016,Rb2PrCuI6,True
54088,Na2BSO4F3,False
31487,ZrSnRh2,False
48261,Li4Mn3O7,False
10849,Be2ZnPb,False
12146,BeVBr2,False
32830,LiCu3,False
38287,TaHgS2,False
33638,LiZn2Ni,True
17380,TaTc2Ge,False
13356,LiGaSi2O6,False
15659,CrIn2S4,False
14644,LiYSn,False
5951,TiBe2Cr,False
27695,ZrPt,False
50716,SnSe,False
7053,VOF3,False
19643,IrOsW,False
16634,In2CuSe3Br,False
13728,K2AgBi,True
12310,HoSi3Ir,False
4246,AlCu,False
52571,Ta3In2S6,False
49449,ZnH16C10O4,False
46916,ReH8Br6N2,False
3384,YBRh3,False
21132,CaH2C3O4,False
32013,Si2Ni,False
43956,Ga2CoIr,False
46482,CaB2O4,False
10470,EuPd2,False
9093,BeGa2Co,False
32864,MgSc2Tc,False
50897,HAuO2,False
30087,CoP2O7,False
24493,CeCu2,False
35225,NdMgO3,False
7215,K2PtCl6,False
47573,Tc3W,False
9719,BeCoHg2,False
23916,Ga4GeO8,False
12965,CeSe2,False
36072,Ba3CrO5,False
52647,Li6Ti2O7,False
12907,BePdPb2,False
44403,Rb3ZnBr5,True
53331,Li2NiO2,False
45592,LiSmGe,False
33955,Ti2TcOs,False
50457,Sr2Mn3Bi2O2,False
36457,Te2Mo3S4,False
19620,DyHoZn2,True
17416,Ba4Pd,False
18628,DyCl3,True
5705,Al2HgSe4,False
15517,PrAl3Cu,False
23336,BaTiO3,False
18154,Li4Ti3O8,False
39595,TaFeSb,False
45142,Nb3Te4,False
5371,BaSe,False
14256,Rb2Te2Pd,False
51326,ZrSi3Pd3,False
12084,LaSi3Rh,False
29606,MgCr2O5,False
47876,TlCdTe,False
20313,MgPb2,False
39865,LiYO2,False
42976,K2NaSbBr6,True
27719,FeCl2,False
50081,BaHBr,False
39768,InBO3,False
13868,USbPd,False
32820,FeNi2Se4,False
42680,PaTe2Pd,False
23278,GaHO2,False
15380,NbCoPb2O6,False
17364,Ac3Ce,False
14120,Na2TeO3,False
34274,Re3Tc,False
50944,USi2RuRh,False
8091,BeZn2Mo,False
7119,KBePd2,False
18204,CrI2,False
39719,V2ZnO4,False
6582,Na2BeMo,False
9281,PrCuSn2,False
32245,HfOs2,False
7501,Ti2TlC,False
29567,BaUSi2O8,False
1729,BeVNi4,False
32790,BaPrO3,False
53432,CaBeBr,False
18600,Rb2ScInBr6,True
6019,BeGaSe2,False
31765,NiSe,False
41289,HoAl3,False
1955,CeMgCu2,False
2128,TeO3,False
3714,NdPO4,False
50937,NaEuTi2O6,False
50837,TaSbO4,False
49023,Ag2Se,False
24372,YbTaO4,False
18374,Hg2TeSe,True
36021,TbSn3,False
20629,TmHO2,False
23064,Ag2S,False
22717,K2CoSe2,False
40353,KTiPCO7,False
22564,Li6CuF8,False
42313,MgBr2O6,False
40444,DyInAg2,True
50760,RbAlO2,False
29860,MoP,False
4592,BaHfCu2,False
48123,SNF,False
25200,WO2,False
33437,Mo3WSe2S6,False
49850,ZrPbS,False
8736,Hf2BeSi2,False
23990,MnCoSb,False
14191,ErSe2,False
9878,MgCd,False
1098,Ba4BeGa,False
31940,SmMg2Ni9,False
40227,PrNiSn,False
11307,KBaPb,False
46453,BaGa2Te4,False
16759,AlInAg2S4,False
13539,YSnO3,False
1506,CrGeTe3,False
52683,BaSe,True
1566,YH16C4N9O16,False
16644,AlCu3HgSe4,False
49313,LiVFe4O8,False
2951,KNaB2H8,False
43609,ThPaTc2,False
29058,RhC,False
38083,PrTlSe2,False
11689,K3CO,False
27204,YbBa2NbO6,False
15638,Mg5MnSb4,False
46604,CaPd3O4,False
27470,V2MoW,False
31028,Sr2LiTl,True
47424,YbAgSn,False
24886,Hg2MoO4,False
37892,Li4V3CrO8,False
13025,MgSn,False
36929,Hf3C,False
14359,UCd3,False
280,Ca3CdO4,False
39339,La3S3N,False
51439,Li2O,False
16856,PmSmIn2,False
19337,Rb2LiTaF6,False
44743,Ho2Ge6Pd,False
53163,Nb4CuSe8,False
47978,YbCe3,False
25086,SbOF,False
25644,Cd2SnO4,False
53062,PrSmCo17,False
52862,USiRu,False
43483,YbBO3,False
41364,Zr2N2O,False
13681,ErCd3,True
1534,BaSn2H2O4,False
20801,SiO2,False
53442,LaAlO,False
16162,Rb2ErAuCl6,True
12135,SmMg2Bi2,False
50555,CeY4Mg5,False
29499,Ca6MnN5,False
43410,YbGa2Cu3,True
24518,BaNaBO3,False
45342,CaSiNi2,False
51129,Tb2Pr,False
26357,Mn2CoIr,False
9292,Zr3N4,False
8992,BeGa2Pd2,False
43871,Na3AsBr6,True
35236,ZrO,False
49025,LiMgAlF6,True
22507,Te2MoWSe2,False
10982,BeGaTe2,False
10868,CaTiBe2,False
41592,Zr6Al2Ni,False
11822,Be2ZnFe,False
7150,Mg6CuNi,True
31879,BiTeO4,False
20720,CaH2,False
25296,GeRh,False
22429,AlVF5,False
53559,RbBiSe,False
52748,Ca3YTi4O12,False
7319,CaBeNb2,False
26804,KZrS2,False
22127,VSnO4,False
7850,ZnRh,False
33781,TeMoWSeS2,False
45517,YbThRh2,False
13468,LiBe2Ga,False
47104,Rb7Au5O2,False
36739,Te2SO7,False
22621,CdH10C7O4,False
27351,ZrCl,False
34072,P2S7,False
27894,LiZnPO4,False
25598,KBO2,False
7149,KSbO2,False
32571,TaI2Cl2,False
42023,TlNi,False
5872,SrCu2B2O6,False
373,TiF3,False
9278,Be2HgBr,False
29257,KHO,False
48794,HCS,False
11259,NaNbO3,False
3251,KB5H8O12,False
5836,Li3VF6,False
48861,Ba3BiIrRuO9,False
19068,Li2CoNiO4,False
31275,Ce5Zr3O16,False
6137,Te2Au,False
45886,LiYGe,False
1646,CeCoGeH,False
42835,ScVO3,False
6658,RhN2,False
1561,LiBS2O8,False
25376,V7O3,False
3083,Ba2Mn2Se2OF2,False
23684,NiH2O2,False
51929,Li6Mn2OF11,False
46166,LiLa3,False
47101,Na10CaSn12,True
3821,BaV2P,False
20203,LiScRh2,False
47197,KNa2SbF6,True
14641,TbFeO3,False
15496,CaMg5,False
46989,LaFe4P12,False
33163,Mg2PHO5,False
5245,K2BaMg,True
4731,Ba4VRe,False
54014,I3Cl,True
53189,Li2VCrO4,False
43513,BaNdFeCoO6,False
43842,PaNi,False
36984,HAuO2,False
30199,MgAgSb,False
11210,CaBe2In,False
46468,BaNb4O6,False
52217,Tm4Ge6Os7,False
13577,TaBeTl,False
23081,Mn2H2SO6,False
16917,SrCo2P2,False
31835,Li8IrO6,False
14321,Li3Sm,False
40025,CaAg2O4,False
33677,AlSn,False
11375,MgZn,False
47813,CaWO2,False
873,K4CO4,False
30539,PrTeCl,False
53410,BaMgTe2,False
27051,CoO2,False
54110,Li6PBrO5,False
12228,TiZnPt2,False
32773,NdMgHg2,True
46802,Sr3Ru2O7,False
37812,SiP2,False
17243,SmHg2,True
51454,Mg3In2N4,False
22208,MgCd3,False
49439,MgFe10N8,False
32171,Te2MoWSeS,False
52400,Li3La7Fe2O16,False
18880,SO4,False
37592,CrAgO4,False
4769,HgCSO3F3,False
50137,BaZrO3,False
5267,ZnCu2GeTe4,False
2620,Mg4BeNb,False
16234,Mn2NiO3,False
49085,Sr2LuTaO6,False
29988,Ti2C,False
19086,H6C3O,False
8605,Be2TlP,False
52414,Mg2MnGa3,False
23940,Li2MoF6,False
196,Li3CoOF3,False
10483,CuPb3,False
39859,LuB4Os,False
46539,AgCSN,False
31476,Cu2SiS3,False
18916,CaTmIn2,True
20139,TePb3Br2O4,False
13772,BeMo2W,False
2329,NaP5,False
37169,Rb8NO3,False
27722,Mg2V2O5,False
25563,RbSe,False
11990,NaTaBe2,False
25459,YbCl3,False
15232,NaUO4,False
19699,Te2Pd,False
6058,MnBeTl,False
2844,Ag13OsO6,False
35796,LiNi2Ge,False
14930,Na2Cu3Si4O12,False
27983,Cd3TeO6,False
6431,Ca5Ge3H,False
25841,Sr4MgFe2S2O6,False
8679,BePCl,False
43518,K3YF6,False
21328,HfH12C8O4,False
33848,LiZr2Re,False
47398,Sb4Te3Se3,False
40874,DyCoSn2,False
32192,Li3LaBi2,False
46424,TiBr3,False
19240,Sr2RuO4,False
36227,SrO,False
19421,Tb4CuPt3,False
37636,GaCl3,True
36887,Na3Rh,False
49605,MgO,False
34682,ErMn2,False
14628,RbCuCl3,False
1337,Ba2TlCr,False
42568,Rb2NaTaF6,False
18207,Rb2ScAuBr6,True
19642,SrIn3Au,True
19343,LiMg,False
32573,Sr2SmCu3Pb2O8,False
9465,Ho3Ge4,False
34943,K3Pr,True
42955,YAl3B4O12,False
13547,Sr2RhO4,False
44095,Mn3Ni4Sn,False
10567,Be2TeOs,False
49080,ZnH10C7O4,False
13666,SrCa3,False
49551,ZrH8C6O4,False
50708,Y2AgAu,False
27705,Mn3V3Te2O16,False
30224,DyAs,False
43872,Tl3Bi,True
6644,LiBeOs2,False
53701,Pb2Br,False
9976,YbS,True
35061,KRb2VF6,True
16563,Rb2AlTlCl6,True
32138,Nb5N6,False
15476,NbMoO4,False
21557,Er2Si3Ni,False
36495,KScMo2O8,False
44952,MgCu2O4,False
7709,Li2CoSiO4,False
32832,SrCl2,True
46187,PrMn7O12,False
34910,AlCrCo2,False
46003,TbRh3C,False
23596,YCuO2,False
12206,PmBi3,False
37035,Hf3Au,False
10827,LiCuPO4,False
21187,CuAsSe2,False
42215,LaO,True
9648,Be2VRe,False
46797,NbTeI3,False
15160,Mg3Cr,False
26509,CeSe,False
20319,Nd2CdSe4,False
25692,SnH4N2F2,False
11023,MgBe2Re,False
32862,Co3O4,False
9522,Ti2MnBe,False
53866,BaSe2,False
28849,PtC,False
27476,SmMgRh2,False
36509,K2YNb5O15,False
53557,MgBr2,False
44567,Sr2SbAu,True
47566,NaLi2RhF6,False
41741,Ba4ZrTe,False
27023,YSF,False
27823,P2Pd2O7,False
44827,US3,False
13897,Mg5Hg,True
54079,MgRhN2,False
6576,BeSi2Ir,False
29501,Te2MoWS2,False
15873,ThUSb4,False
21436,LiAsH2OF6,False
35883,PdAu3,False
37635,BiO2,False
22706,PrZnBi2O6,False
30061,Mn3O5F,False
6297,ZrBeBr,False
15322,RbPd2F5,False
40610,UGa5Ni,False
18546,CoN,False
7591,ErSi,False
47047,Pr5Ge3,False
46570,TmInCu2,False
24076,BaHg2,False
36432,ZnSb4O8,False
13528,Mg6CrBi,False
21739,SmS,False
25533,PrCrSe3,False
14331,ZrAlW4,False
51140,BaSnS,False
6888,AsPdCl,False
26074,K2NaAlP2,False
42656,SnPbS2,False
49621,CdH2C3O4,False
12875,Li4FeO3F,False
51768,CS,False
6286,BeTc2Mo,False
4471,LuMn4Al8,False
50258,Er2Fe12P7,False
26969,Y3Mg,False
34740,NaAsO3,False
35639,LiLu2Al,False
10242,CoO2,False
38816,MoSBr,False
32938,Na2MgSn,True
4333,Li3AlB2O6,False
15390,MnFeAs,False
37480,Ca2SnS4,False
30005,Rb3Ge4Au,False
46972,KVO2,False
54314,VCdO2,False
40708,H4IN,False
37256,BeIn3,False
21466,NiPtF6,False
37734,Mn2Si2O7,False
16994,TbBiPd,False
33312,TmNi4B,False
31616,Sm2O3,False
28134,BeInPt2,False
54400,HPbF,False
14270,PrZn2,False
36927,Rb2NaInCl6,True
15134,MoBr3,False
24489,HgHOF,False
7560,Be2SnPt,False
32635,LiGeAu2,False
24555,Ce3Th2O9,False
50581,SrPrFeCoO6,False
4655,NaSnO,False
13856,AlAgO3,False
42519,Bi2Te4Pb,False
4622,BaZr4Pd,False
53828,BaCrF2,False
3217,Nd2InRh2,False
3837,Sm3Ge5,False
17348,ScO2,False
50098,BaTlCl2,True
16355,BaP3Pt2,False
22027,Sr3PbS4,False
9658,LiBeGa4,False
9821,BeGa2Cl,False
4224,Na6Sn2S7,False
51107,BaGeO2,False
6535,BeCrMo2,False
15359,SmIn5Rh,False
46214,NdNi2P2,False
45575,SmIn,False
39680,SrH2O3,False
49462,InI,False
22066,ZrH6C5O4,False
5324,K2La2Ti3O10,False
32334,Nb3Os,False
45934,VAuS2,False
35154,K3Co2F7,False
24902,TiZnBi2O6,False
28983,ErTaO4,False
18678,HoMg2,False
22025,SbCl3F2,False
47614,TmLuAu2,False
19101,U5P4S,False
43049,TbAlCo4,False
45527,Mg2Mo3O8,False
53334,LiZrO,False
44696,Ba2TmMoO6,False
10586,ScBe2Hg,False
21986,H10C15S2,False
8835,BeIn4Tc,False
13808,LaReN3,False
31824,Pm2IrAu,False
44021,LiVFeO4,False
27989,NdPbAu2,False
7034,HfBe2Zn,False
38558,Tm2Mn2O7,False
50839,CaPb3Se4,False
23789,ZrAl3,False
52439,Ba2CuAg3Sn2S8,False
31886,MoCl3,False
47084,RbLiH4N2,False
8169,TaAsBr,False
45352,DyCu2O4,False
52695,YBeBr,False
13171,Be2FeRu,False
33117,ErMgCd2,True
45083,PuTe,False
3018,SiB3,False
37322,Th3Ni,False
36461,SrMoO4,False
35124,SrSb2,False
9423,Pr2Ni2I,False
10888,MgBe2V,False
15878,AlFe2Ge,False
44167,Yb5Mg,False
44867,DyCo2Ge2,False
17234,H6C9SO,False
45643,ZnNiSb,False
2057,CoO,False
9388,KFeF3,False
41920,TlHg3,True
3781,CaSbPt,False
52525,LiAlO,False
41255,InNi,False
6824,AuO2F6,False
14235,ZrMoC2,False
25286,Li3TiP2O8,False
21406,Ni4Ru,False
23460,Na3PS4,False
21460,AgBiTe2,False
5979,YZn,False
39665,CuAs2,False
18000,CaMn2Sb2,False
41817,ZnO,False
23993,ZrI2,False
34719,MgSnRh2,False
45649,Mg2P2O7,False
35920,PrGe3Rh,False
17230,ZnH8C6O4,False
31166,ThBe13,False
20983,BiTeIr,False
50182,HgPb3,False
4557,Ba4TcOs,False
34317,ScAlPt2,False
39870,PuS,False
25471,WO3,False
37373,Tl3Br,True
13594,RbTh2P3O12,False
15181,InAgTe2,False
39833,U3Si,False
51762,ZrNCl,False
14392,ZrAlNi2,False
46805,Zn2CuSbO6,False
31607,CoH2O2,False
19795,MnP2O7,False
50778,TbPS,False
1450,Bi5IO7,False
43378,Pm3Zr,False
13186,LiMg6Cd,False
5959,AlAsO4,False
11732,BeSnCl2,False
50398,NaF2,False
51654,BaTiTe,False
44821,ZrO2,False
24393,KInGe2O6,False
8441,SrBe2Sn,False
22933,UTe2,False
18579,KIn3,True
31863,PrMgZn2,True
48399,Y4GeO8F2,False
28563,H2O,False
26781,CaO,False
38599,PrGeBO5,False
36656,Sm2InAg,False
51412,Mn3FeP4O16,False
13329,Mn3CuN,False
29085,IrN,False
30046,Mo2O5,False
19262,Sr4Ti3O10,False
44319,Ti3Rh5,False
50465,VFe2Se4,False
9958,Mg2BeCl,True
17326,AcCdAu2,True
20340,H3C3S2N,False
30887,HoCuSn,False
24068,BaSe,False
21520,DyThRu2,False
5118,Li2NiO3,False
54411,AlP3,False
20762,CrCo2Ge,False
50628,Li4Nb2Fe3Co3O16,False
1681,MnGeRh,False
25767,SnO2,False
27717,PdI2,False
21365,ZnRe2O8,False
40760,YbIn5Co,True
9103,Be2TlHg,False
36358,Ba2ZnAg,False
4656,BaNaNb,False
36772,YbErPt2,False
31122,HoB2C2,False
31449,CeCo4B,False
40878,Mn2VGa,False
21512,RbCaSb,True
14523,SiO2,False
5348,Ba4TaMn,False
43451,Ti4Fe2P3,False
5186,Li5AuO4,False
46934,Li3VP2O8,False
11704,DySnGe,False
30530,MoSeS,False
35645,Ti3Ni,False
44766,Cu3Sb,False
47888,ZrTiMo4,False
17103,TaZn3,False
14933,ScAl2,False
40710,NiO2,False
1056,Ba4RuCl,False
7307,Li3Ni4O8,False
19879,Al2CuPd,False
5779,BaTaHg,False
41229,Pu3Ga,False
1279,Ba4NiW,False
10745,PrSiPt,False
12128,CaFe2Si2,False
14346,YbSi2Ni2,False
54405,AcP3,False
50443,SmErFe4,False
6897,Fe4O5F3,False
12233,UBC,False
4446,TlFeSe2,False
30175,In3Ir,False
29306,LiBe,False
1407,SiAs,False
12852,FeAs,False
8054,BeHgSe2,False
46105,SmHg2,False
10057,CaBe2Tc,False
39711,Li5V5Co2O12,False
177,LuTaO4,False
32529,TmCuPbSe3,False
4182,BeFeCl4,False
39386,TiMnSi2,False
40766,LiMnAlO3,False
53560,MgBr,False
49599,BaGa2As2,False
53126,MnV2TeO7,False
20041,PBr,False
34158,VInPt,False
53317,MgCuN,False
965,Cd4GeS6,False
3910,SrCu2O3,False
2084,MnH4C2O6,False
28236,Ba2SbI,False
24942,Ca2Ni3O8,False
21286,HoBeCu4,False
36425,CaMg3,False
51204,AgCl2,False
29413,ZrCrF6,False
7080,Na2BeGe,False
36900,Ba2CuCN2O2,False
22503,Li8ZrO6,False
19839,ZrNbB4,False
35172,TlPt,False
43304,LiTlPd2,False
50376,Ce3Ni2Ge7,False
47393,Sr4Nb2O9,False
15736,Ti2HC,False
3025,RhC2IO2,False
49347,HfGa3Ni12,False
31035,NaMg4As3O12,False
49593,SrH16O10,False
53342,BaBrF,True
32498,Sc2AlTc,False
34033,BaCoO3,False
17654,CaTm2O4,False
48986,CaH12C8O4,False
20477,DyCr2Si2C,False
30881,LiZnAu2,False
19759,Ga4Bi3As,False
17075,Cu3As,False
42292,PaAlFe2,False
23765,RbMnTe2,False
51951,NaPdO,False
7873,LaBeP,False
19049,CrCuP2Se6,False
54049,NaP2,False
1670,BeCo4Pb,False
26418,CaNi4O8,False
39121,SCl2,False
53345,H2S,False
42119,PuRh2,False
39044,Lu6WO12,False
42053,LiAgF4,False
15819,ZrO2,False
30662,Li5SiP3,False
18326,Ba2DyUO6,False
14625,NaV6O11,False
12877,NpGa5Rh,False
8096,CuAsW2,False
45478,ErTl,False
15859,CrFeAs,False
29245,Sr2PrO4,False
34585,RbZn4P3,False
48337,NF2,False
30304,CoS2,False
5970,LiBePt,False
6715,BePb2Cl,False
2504,La2BiN,False
51606,RbTeMo,False
14382,LuCuSn,False
44035,BaNd2PtO5,False
33554,Mg3P2,False
45049,SrSeO3,False
10664,Be2RePt,False
18846,TiVSe4,False
29282,Ag2H3IO6,False
54114,Ag3P,False
52768,La3SmFe4O12,False
60,Ba4MnW,False
13419,NaBe2Os,False
38906,Li7Ni5O12,False
251,TiFe2As,False
20555,Y2V2O7,False
3912,K2FeH4S2O10,False
20315,Sm2P3Pt4,False
37640,ZnCo2O4,False
31605,BaTi2As2O,False
28833,LiVF4,False
2404,BeZnFe4,False
18705,Mn3Fe3Ge2,False
36971,Ca3Tl,True
36567,RuC4O4F6,False
53742,PbCN2,False
6422,NaTiBe2,False
8543,Be2NiBi,False
47586,Mg2HgAu,True
49968,HC,False
43265,Zn3CdO4,False
3820,NdCoAsO,False
20454,YbY2Se4,False
19711,K3Na,False
31238,HoZnRh,False
45405,Ag2HgO2,False
13378,Mg4BeTl,True
6368,Li4Ni3BiO8,False
667,Ta2Be2O5,False
46053,BaPIr,False
4199,Al4CO,False
53383,Mg2Cd,False
37569,CdHgAsBr,True
11032,BeNiSb2,False
45047,YbTlS2,False
14771,Ni4N3,False
37780,MnP,False
25024,Rb2Na4Co2O5,False
52927,Li4MnCo2O7,False
52392,Nd2NiPtO6,False
33642,SmYMg2,False
46101,UVC2,False
18942,TiBi2O6,False
37209,YbU3,False
4423,BaTaPt2,False
27743,ZrSn,False
25977,Te3MoWS,False
3795,BaFePt2,False
45536,Sc3TlB,False
26955,ZnSiRh2,False
35388,TiI4,False
40899,Tb3PbC,False
29008,Rb2CrF6,False
39851,Be12V,False
26712,LiBO2,False
23522,RbO2,False
855,Li2CoO2F,False
30552,SrLi3MnN3,False
49454,InI,True
45303,LiCa6Ge,True
35612,KReO3,False
38477,DyTl3,True
13586,Be2VCl,False
6668,TaBeTc,False
39953,YCuPb,False
48923,BaO2,False
6880,Na3EuC3O9,False
47113,MgV3O7,False
35494,NaCu,False
7234,Na2TcF6,False
11019,LiBe2Nb,False
4642,TlSb3S5,False
14257,NaSbTe2,False
355,CdI2,True
16807,LiErSe2,False
21289,TbGaFe,False
21688,Mg3H2O6,False
51462,AlN,False
51480,NaAlO2,False
24775,Rb2VCuS4,False
1789,Sr3MgSi2O8,False
41443,ErB6,False
34201,Nd3Sm,False
44071,NaSbTe2,False
46617,HfPt3,False
43246,Ho2C,False
4202,YClO2,False
23051,Sr2B5H2O11,False
42415,BaMg4Si3,False
37085,BaPAu,False
48792,ZnH2C3O4,False
27598,VF3,False
45790,SiF4,True
47556,Na2LiScCl6,False
17646,ErBrO,False
34295,Lu2TlHg,False
8124,Be2NbMo,False
47378,UReSi2Ru,False
11623,Co3B2O6,False
50785,Mg6VH16,False
27729,V4ZnS8,False
47318,NdSiOs2C,False
39361,SnBr6N2,False
19624,YHo3,False
3962,V3O4F2,False
19994,Tl2WCl6,False
13037,Mg3B2O6,False
39872,TiCu,False
9714,HfBe2Sn,False
15426,Ca2CdPt2,False
27728,Na2MgSiO4,False
41719,Mg8BPt4,False
46412,AgTe4Au,False
26578,PbSe,False
38451,Na2TiSiO5,False
46567,Cr2PO5,False
7148,NiH2O2,False
45227,TbB2Rh2C,False
13054,LiMg6Cr,False
13090,KNaS2O7,False
28196,MgRu2W,False
49506,LiB2,False
27925,Nd3Ga,False
39658,KFeP,False
7325,Mn2AlB2,False
50013,Rb2BO2,False
9202,Hf3Mg,False
39647,Te2Ru,False
7549,Be2NiIr,False
23756,Ba2TmRuO6,False
17726,Ba2InCuO4,False
16267,NbCoSn,False
52596,BaBrCl,False
21736,CoO2,False
21973,CeInAu2,False
16459,K2NaTaCl6,False
73,MnCoO4,False
49790,La3HfGa5O14,False
21480,As2PdO6,False
17407,Tb3NbO7,False
16254,Mg2Sc,False
30099,Te4O9,False
49027,CrHF,False
18248,Sr2CaN2,False
4992,CrAuS2,False
40311,LiMn4O8,False
4807,BaSnSb2,False
12773,Sc2TaBe,False
39727,BaHBrO,False
20406,CuSnPd2,False
33109,Co2P,False
40849,MgCo2O4,False
32190,CeGa2,False
35488,SmH3O3,False
26840,ScBiO3,False
21296,Hf2CoCu,False
12069,NaCa2Be,False
51936,HPbCl2,False
25095,KClO2,False
47241,HfMoC2,False
35773,RbAuS2O8,False
46599,Na2VCSO7,False
44899,U2PdS4,False
7014,LaN,False
28792,ErAs,False
35340,UPt,False
52671,BaYO,False
53059,TiOF,False
38097,Li6MnFeP2C2O14,False
37836,LiVCoO4,False
5755,EuMn2Sb2,False
24954,BaOsO3,False
1147,Li3MnP2O8,False
17718,ZnP2,False
53283,BI2,False
52280,U8TiS17,False
2548,BaNa2V2CuO8,False
40307,Li5Cr2Fe5O12,False
8908,Be2ZnSb,False
11300,Na2CaBe,False
32396,LiZn,False
43770,Fe3Cu,False
48268,RbHPd,False
25349,Sr4CaCr2S2O6,False
49885,Pr5S8,False
35440,Re3C,False
36344,HfCo,False
11344,CeAl3Pd2,False
40648,K3CrO4,False
40747,Sm3Si,False
20307,LiNbTe3O12,False
21687,FeSn,False
10135,LiBePt2,False
10606,ErScRu2,False
42797,ZrP2O7,False
11044,Rb2MnF6,False
24854,HoCuO2,False
4647,Ba4TaSi,False
27272,TmLuZn2,True
38902,Ba2Ti3AlO7,False
12067,ThSi2Rh2,False
5415,BaMoIr2,False
7206,Tc2AsRh,False
9704,TbI3,True
3407,K4GeS4,False
53168,ScOF,False
9419,Be2PdSe,False
44854,AgAuS2,False
49337,MgPH,False
13410,UNi2Ge2,False
41188,SbClO2F6,False
13809,HgCN2,False
27487,LiVF4,False
2847,LiBH15C5NO3,False
20255,AgBiS2,False
19515,CaSm3,False
23114,BaSnHg,True
46271,BaAs2Pd2,False
1315,MnNiAs,False
5492,BN,False
3496,Ba2TlCd,False
42953,TbNaTl2,True
20438,NaGeO3,False
54302,U3Bi,False
20547,Cr2HgS4,False
39086,YMo3O8,False
44294,MnH4Cl2O2,False
48034,NbVO5,False
4971,K2BaBe,False
49470,CrGa7P8,False
48098,VOF,False
30206,AlPO4,False
28150,Tm2Zr2O7,False
584,Al2O3,False
40788,Mg2Mn3O8,False
46975,ErBi3O6,False
47162,Li2AgBi,False
15266,TbGa2,False
34610,LiZrIr2,False
8762,VBiO3,False
32921,MnSiNi,False
50794,BaNpP2O8,False
17296,BaPaO3,False
3538,Ba2BiW,False
31282,ZrCl4,False
41129,HfBe5,False
23379,PbS,False
5981,MgBIr,False
44130,LaAlZn,False
41046,CrCdO4,False
30808,Sc2TlCd,False
13173,BeFe4Mo,False
5608,CdCu2GeTe4,False
2362,MgTi3,False
37852,LiVOF3,False
13582,Te6Mo3WSe2,False
18674,Ho2MgNi2,False
25297,BaBiO3,False
5736,HfAsOs,False
14028,Ho2ZnHg,True
45024,Sc7BCl12,False
13473,TaBe2Re,False
14246,C2SO4F4,False
1505,SrY2S4,False
30586,TePt,False
33736,Te4MoW3Se2S2,False
43345,NpCu2Ge2,False
42873,YbSnRh,False
3812,AuO2F6,False
19338,H6C10S2O,False
36583,Sc5CCl8,False
32483,NdAl3Pb2O8,False
29910,Ba3PN,False
24881,LuBrO,False
34708,TaRu3,False
41472,ScSb,False
10285,BeInPb2,False
19218,HfBe2,False
30003,CaCuO2,False
33399,PrAl3,False
48430,LaBO3,False
23676,CaCrF6,False
3978,AlPd5I2,False
26722,Y2ZnGa,False
45907,Dy6FeTe2,False
40248,Li2MnCSO7,False
43800,ZnAgF3,True
15039,TiH2,False
593,ZrBe2Sn,False
22310,K4HgP2,False
30238,BP,False
19307,Cr6BC3,False
39600,UCoSn,False
13552,Dy2O3,False
16133,BaSrBiSbO6,False
14790,Nd2CN2O2,False
37563,CoAuO2,False
42884,Dy4Mg3Co2,False
41748,BNO2F4,False
13241,YMgGa,False
7120,BeRhPb,False
30402,ErPu3,False
18790,V2FeTe4,False
15194,ZrPbO3,False
3306,SrCd11,True
33924,Tm2CuIr,False
11233,Pr2MgPd2,False
2997,BeCo4Tc,False
3742,U2InRh2,False
44008,AgPbF6,True
46030,NdSi2Ir2,False
29089,Ti2PtW,False
12204,NdCl3,True
32243,LiAsRh2,False
48071,LiYP,False
32437,La2CuIr,False
21738,Li2MnF4,False
34976,La2ZnAg,False
26534,Sr3Lu,True
31041,Ba3Bi2,False
18697,ScFe3,False
43766,HgRhF6,True
47802,Li2AgO2,False
54441,TcSn7,False
22405,NbRu3C,False
49978,BaSrNdCu3O7,False
30972,Sr3Ge2As4,False
46922,ZnBiO3,False
25291,Ta3AlC2,False
2110,BeTlGa4,True
28720,VINCl3,False
1324,ZrBeCd,False
17437,ZrMo2,False
51395,LiNiP2O7,False
33850,Te2MoW3Se4S2,False
52251,Ta2B2Os,False
38430,PrAu,False
1319,Sc4TaBe,False
140,K3CaP2HO8,False
32458,Li3SmBi2,False
38893,NdNi,False
17831,ErB2Ru3,False
1413,Ba4HfNb,False
49494,Li3Mn2O5,False
29652,CaReH4ClO6,False
18298,Li2V3SbO8,False
33800,Te4MoW3S4,False
6428,SrSnO3,False
28716,LiAg2Sb,False
49941,CdH20C12O4,False
27229,Mg3In,False
42336,DyTmIr2,False
27269,Ca2Pb,False
11597,Sc2BeIn,False
52706,GaH6N2F3,False
8341,SrBeTc2,False
37248,LaOsN3,False
26607,Ge4PbO9,False
13044,Nd2AlCo2,False
19942,NbFeB,False
38231,MgNbRu2,False
41406,Sm3Al,False
52717,Co5NiS8,False
27971,K4CO4,False
23459,MoH4O5,False
5134,MoF3,False
54033,LiTe2,False
47794,CaGaO3,False
26857,BiO2,False
4526,BaTlTe,False
9163,MgRe2As,False
27855,LiMn2S4,False
4813,MnSe,False
45671,NbSeI3,False
36230,YIO,False
38860,YHo3,False
28958,MnBeRu2,False
37047,ZrFeTe,False
25151,Pr2ZnRu,False
32716,NbCl3O,False
41826,AlI3,False
46258,Zr2Al3C5,False
14546,Na5Sn2,True
10531,HfBe2W,False
5155,Ba4CdRh,False
2187,LaCoO3,False
37597,Ca3TiNiO6,False
32553,BeCo2Si,False
19197,LiCo5O5F,False
36410,AlH3O3,False
54047,NaNbS3,False
29320,RbNd2CuS4,False
992,YbO,True
25008,Sr6Li23,False
14948,V2CoS4,False
11842,MnBe2Co,False
19447,Pr2CoGe3,False
20876,Nb2ReRu,False
8424,BeCdRu2,False
27126,GeC,False
14386,Tb2InNi2,False
27568,NiC,False
8187,TeBr6N2,False
6466,Li4Be3As3ClO12,False
17298,MnGaO3,False
21113,Er2AgHg,False
49546,ZrH6C5O4,False
42565,Ba3NaBiO6,False
17185,HfH2C3O4,False
34110,Ba2CdPb,True
9005,SbAsRh,False
51293,Pr2SiCN2O4,False
47248,Fe2AsP,False
32732,MgZrIr2,False
4032,Ba4SnW,False
12738,InAg3,False
48709,CdAsI,False
7446,ZrBeTe,False
40511,Na3Tl,False
11824,HoCdAu,True
42253,Nd2NiGe3,False
34331,ThSnAu2,False
27485,Mn4O7F,False
19239,Rb3PrCl6,True
16533,Sr2PdPt,False
23608,Zr2N2O,False
22385,TlCoBi,False
37157,Na8N3O,False
50084,LiFeSiO4,False
7897,RbTaO3,False
22577,BaCaRu2,False
3919,MoO2,False
25862,Ba2SiTe4,False
25536,KTeHOF4,False
5784,ThAl,False
23030,PbIBr,True
27529,Sr3BiSb,False
20295,TaNbV,False
31580,NpSbTe,False
4956,DyFeB4,False
10486,NaMgBe2,False
4186,LaNi4B,False
38658,HCl,False
25622,MgH12SO9,False
33776,Rb2CrBr2Cl2,False
11828,Cr2Fe,False
42745,CuO,False
16295,Nd3Lu,False
22110,Ag5SbS4,False
2391,LaS,False
10356,LiBePd2,False
13250,Be2CrW,False
44542,UBe13,False
2127,Mg3CuO4,False
10258,Y2BeSe,False
16739,CrFeS2,False
33146,Pr3NbCl6O4,False
636,Li4Mn5O10,False
38858,NdH2,False
12211,HfV2,False
6559,As8S9,False
36498,MnCo3O8,False
37247,Ni3Bi,False
13035,BePCl2,False
36634,SmSnPd2,False
10503,Hf2BeCl,False
47754,Nb2WSe6,False
40457,K2NaInP2,False
10282,Zr2BeCr,False
24832,GaSe,False
45366,CaIn2,False
53265,Hf2Si,False
16959,Cd2AgPt,True
21647,Ca2PbN2,False
47114,Ta2Zn3O8,False
10520,LaScSb,False
54251,BiO2,False
20538,YOF,False
4102,DyFe2B2,False
35987,PrAlGe,False
45788,NdSe,False
46153,K2CuCl3,True
21521,Mo3O8,False
36340,BaNa2Sr,True
22154,MgBi2O6,False
43626,Ba3CaIr2O9,False
18885,USeO,False
20661,LiMnF4,False
6274,TiMnO4,False
5341,Ba4HgPt,False
45747,Rb2MnP2S6,False
49762,SrSO,False
5809,Ba4FeSi,False
22017,TbMgAg,True
15176,Ho2Cr2C3,False
10921,Be2FeIr,False
30618,V3NiS6,False
4200,BAsO4,False
4821,LiEu2Si3,False
19851,PaTa,False
47792,CeMgRh,False
25801,SI2N2,False
48664,Co3BiO8,False
36449,ZnTe,False
1530,Ba4CrCl,False
48335,YbTiClO3,False
11401,ErMg3,False
26980,Ge2W,False
3726,Mg3Bi2,False
16669,K2ScHgBr6,True
25041,Nd3PbC,False
11245,BeFe2Te,False
50675,CeNiP,False
22593,UI3,False
36235,PbI2,False
41966,Ba2SrI6,False
43661,K2RbSbF6,True
46667,Ca2FeSbO6,False
8442,HfSb,False
10245,KBeCo4,False
18639,FeTc2Cl,False
52563,VOF3,False
53291,BI2,False
46074,Li4V3Ni3Sb2O16,False
17491,Li2FeO2F,False
13986,Cr2Ni,False
51952,SNCl,False
36621,Zn2In2S5,False
44679,ZrGaCo2,False
16687,AgI,False
48243,Li4MnCo3O8,False
41083,RbGeCl3,False
31208,Rb2ZrF6,True
24039,Th3P4,False
33076,MgIn2Te4,False
37396,SrAgO2,False
6119,LiMg7,True
50428,CeY4Zn5,False
27077,ZnHg3,False
29384,LiCrCoO4,False
41499,Ba2PdF6,True
26805,HoHg2,False
7235,V2CN,False
47967,Co3Cu,False
17218,TbMnGa,False
29164,KN3,False
6430,BeNbTl2,False
54563,DySe2,False
42535,CeZn2Co,False
21781,Tm2TeO2,False
19733,Na3Zn,False
24988,KAuS5,False
9049,BeRh2Cl,False
38179,Li4TiMn3P4O16,False
1212,Ba4SiCl,False
50203,LiMn2P2O8,False
41969,NdPd2O4,False
28796,Ba2NaSn,True
22715,AlAs,False
21443,MnRh2Pb,False
44798,Yb2LiIr,False
38022,Rb2Te,False
15310,LiFe2Cl2O2,False
34265,LuRh2Pb,False
36783,DyYZn2,False
28043,RuN,False
50028,Li3Fe2O6,False
10669,Li5Mn3Nb2O10,False
11041,BeCuBi,False
32141,KPH2O4,False
8994,BeRe2Cl,False
11260,TaBe2Sb,False
34105,NdSmHg2,True
45999,Ti3As,False
51703,CaGaO3,False
49672,Mn6O7F5,False
17494,CdAg3,False
18259,BaCa2I6,False
6787,YbCuSb2,False
7832,BeGa2Co,False
43122,Ca2Ga7Au,True
48275,LiTeH,False
13740,BaZn2Si2,False
14210,Th2Pd,False
7299,BeSnPt,False
8652,Be2GaP,False
36366,GeTe,False
44650,LiSmSe2,False
830,LiMnO4,False
24145,MgCuSn,True
39862,K2CuBr3,True
9901,InH3O3,False
50168,Al6CoCu3,False
26916,CrPdO2,False
11365,ScBe2Si,False
25846,Zn2SiO4,False
44286,PrTl3,True
23221,SbS2NCl6,False
54172,BaZr,False
12940,MgBeBr2,False
24422,USb2O6,False
30129,ZrN,False
27758,SNF,False
15229,Tl3VO4,False
17815,ZnNi4,False
42430,Ti4AlN3,False
42863,U3O8,False
26844,TiO2,False
42764,CdHg2SeO6,False
22617,Li5BiO5,False
34698,Sr3Sn4Ir4,False
17343,Li2IrN2,False
3495,EuMg2H6,False
2490,Li2ZnSi,False
39454,LuNiSn,False
42666,TbMoO4F,False
45569,SmBi2ClO4,False
18322,Ta2Se,False
2214,Ti4MnP6O24,False
39161,HgC2O4,False
3558,SmAl2Au2,False
3774,BaBiSb,False
8116,VOF,False
49944,CaAuN,False
4618,BaSi2Br,False
40912,TmAgPb,False
46593,NbPt3,False
51482,LiCoBO3,False
19355,AlBiBr6,False
10353,ZnH4N2O8,False
33270,LuCdPd2,False
23742,TeN2,False
16221,NiI2O6,False
5013,Ba4SiPt,False
22853,AlNiF5,False
27393,YbInPd2,False
38038,MgCo2O4,False
8367,AsIrBr,False
49631,Y7Rh3,False
46095,YBPt2,False
4531,BaNbBr,False
37739,Li2VF4,False
48092,YPaO4,False
48203,YZrO3,False
52803,Li2MnCoO4,False
39243,BaCe,False
38380,TaOF3,False
16691,MgPdF6,True
16147,Rb2ScAgF6,True
11390,Li5BiS4,False
28529,Mg2AgPd,False
17581,Y2In3Pb3,False
49324,MgPH,False
47743,NbW3Se8,False
54460,GeO2,False
38069,Sm3Hf,False
38730,Co2SbTe,False
51305,U6Al8Fe5Si9,False
46561,Li6FeO6,False
19283,ZrNi2Sb,False
7101,Zr2Al3C4,False
51982,ZrSiO,False
6532,MgAs4,False
10327,Be2HgBr,False
2848,Na4CrO3,False
10068,K2CoH4Se2O10,False
38614,HoCl3,True
13102,TbB2Rh3,False
50874,Na2TlCuBr6,True
18075,LiVF3,False
7836,AsRh2W,False
7483,K2AgAs,False
5704,BaTcBr,False
2495,YCu3Se2ClO8,False
40933,Ba2Ti3AlO8,False
30412,CrNi3,False
11173,Be2TlCl,False
40027,NaLiCO3,False
24684,SrTiO3,False
42963,Mn2SnO4,False
48042,KAg,False
53211,SiHO,False
9784,BePPd,False
7803,TiBe2Bi,False
54510,TlP3,False
11208,TaMn2Be,False
12088,BeHg2Te,True
6833,BeCdFe2,False
15224,YMgNi4,False
9931,ErCl3,False
45177,YbZnSn,True
48535,Li2Se,False
48588,BaNdCuTe3,False
6680,ZrFeF6,False
26962,VGaCo2,False
36460,NaSb,False
49107,Rb3DyP2O8,False
46577,Li4Cr3O8,False
1331,Ba4TlGa,True
53212,K2Ag3Sb3S7,False
11953,Nd3Al3Si3N2O12,False
18137,Cu3Ag,True
41771,BeZnW4,False
53925,BiO,False
25434,ScF3,False
49243,GeN,False
30604,SbF5,False
12912,TaBeP2,False
8189,ZrTlCuSe3,False
1805,Be2NiSe,False
13064,KFe2Te2,False
3751,Ba4TlFe,False
8616,AsIrRu2,False
33598,Be2RhAu,False
49144,Ga2I,True
14486,Sm2O,False
32630,LiInPt2,False
10043,Zr3Be,False
41266,CaIn2Cu,True
21755,TcIrOs,False
27688,Na2TlPb,True
2958,Li4Fe3SbO8,False
13417,MgPbF6,True
39315,Li2BiO3,False
917,SiO2,False
46464,Hf2SbP,False
51473,BiOF,False
6202,BeInPd,False
50853,MnCu2Cl4,False
24336,TlAgI2,True
9309,Li6MnO6,False
172,Al6Fe,False
54429,SiSn7,False
24980,KLi2H3O3,False
37718,Li4MnNi3P4O16,False
15701,Tm2S3,False
2876,UGa5Co,False
31931,ThAsS,False
36445,NaN3,False
46766,In3Ir,False
41304,PbAu2,False
32633,PrAl2Ga2,False
20269,TiCo2O4,False
49083,Ni2P3O10,False
11039,KBe2Tl,False
21170,DySI,False
29459,Zr2N,False
53883,BaHfSe,False
18039,CeP2Pt2,False
35219,ZrPt,False
5406,BaReCl2,False
25146,MgWF6,False
35712,Rb3Hg,False
37956,Li2VF6,False
2578,Sc3RuC4,False
25978,Sr4Al6TeO12,False
21271,HoCuP2,False
51988,Mn3O2F4,False
41521,YbFe2,False
19698,MnZnTe2,False
13770,ScInAg2,False
38470,HoH3O3,False
18671,CaZn,False
48545,DyAl3Ni2,False
9175,K2MnTe2,False
40867,SrAl2Se4,False
46788,Lu4Ge6Ru7,False
30125,NaPd3O4,False
4803,Ba2InW,False
308,TeMoWSe2S,False
23901,BiSeBr,False
48867,AsHPbO4,False
33187,LiHg2Pd,True
30771,SnF4,False
16600,Rb3AuCl6,True
25210,ZrBr2,False
31438,Lu2C3N6,False
49889,AsOF,False
17562,ZnPb3,True
51063,B2O,False
7104,BeV2Se,False
21287,Sc3As,False
9129,BaTiO3,False
3686,NbNi3H2C2,False
13416,Te2MoWSe2,False
795,YbBa2SbO6,False
48851,Ca2ZrO3,False
47436,Ac2CdHg,True
16630,ErThRu2,False
17465,TiTc2Sn,False
35519,K3Sr,False
27614,MoN,False
27418,NaN3,False
42163,SrCN2,False
39330,Li2O,False
29093,CdIn2Se4,False
18572,ZrGaRu2,False
14092,NaNdS2O8,False
46280,TiMn3O8,False
33692,Li5Si2BiO8,False
53052,ZnClO,False
11355,BeVSi2,False
22754,ZnGa2S4,False
35622,Li2TlPt,False
21173,MnOF,False
17340,ScTaN2,False
9937,SrBe2Ni,False
8252,AsPd2W,False
13984,Zr5Sn,False
26608,LuFeC2,False
24186,CoO,False
39581,Li2V3FeO8,False
25069,Li3SbO4,False
50558,ZrCrCuS4,False
10588,BeSb2P,False
47422,AgAu3,False
45748,MnSeO3,False
16167,SiSe2,False
19550,YbCuGe,False
43873,Nb4C3,False
2241,Sr2CoMoO6,False
15692,Ac2ZnHg,True
31102,Er2CuPt,False
945,Ti4H3Pd2,False
20277,Ga2HgSe4,False
50351,Cd5Te4S,True
34528,ScUS3,False
21278,Al2CdSe4,False
46913,Th2AuF11,False
6638,ZrMoAs,False
16680,MgFeF6,False
9128,BeCo4Sb,False
50056,NaFeO2,False
23631,Li3MnV3O8,False
33485,Te2Mo3WS6,False
18836,SrCuBi,True
54315,Li4MnCo2O7,False
6322,P2WO8,False
42736,AlI3O9,False
6262,BeV2Pt,False
13476,ScBe2Cd,False
39712,PrCoGe,False
8110,LaSb2Au,False
15242,Na24In5O15,False
50368,ErNiSn4,False
49293,NaSmF4,True
25956,SbOF,False
17913,Na2YCuCl6,False
50385,Nd3Hf,False
22736,NdGe2,False
23837,ZrH,False
25674,K4CO4,False
35400,SmPa3,False
16127,TbBeCu4,False
48569,Li8CoO5F,False
18635,Tb3Mg,False
15888,Rb2CoCl4,False
22747,AlB2Pb,False
12342,TmCuSi,False
16854,MnCl2,False
25404,Pr2O3,False
28655,LiFeAs,False
13536,CaTl,True
33341,KNb4O5F,False
17508,HfZrRu2,False
45216,KNbF6,False
35568,Sm3V,False
11183,Fe2PO5,False
46864,Nd12Co6Sn,False
10539,DyPt3,False
40066,CeP,False
31471,CrAgTe2,False
50445,BaLiBi,False
7601,CdAsOs,False
52924,CuF,True
45292,Na3TlO2,False
29453,ZnSb2O4,False
24924,Cd3SiO5,False
53213,LiMnSbO4,False
34498,Li2NdAl,False
10369,LiBeGe2,False
32541,Ca2B4Rh5,False
49242,H4C8O3,False
12281,BeMoIr2,False
29531,Th2Co17,False
15962,ReSi,False
20199,Ag2HgI4,True
45286,TiNi,False
24111,AgAsS2,False
5510,DyInNi,False
53981,TbNb6Sn6,False
31550,CrNiF6,False
16129,Lu3InC,False
48708,Li4Ni3O2F6,False
50777,AlSO,False
28959,MgCr2O4,False
35597,YErTl2,False
37009,Sm3Ti,False
2160,B5Mo2,False
49687,Na2CoO3,False
53692,BaLu2Se4,False
7071,KBeSi2,False
28855,TiS,False
17838,MnBeRu2,False
16885,SrPd3,False
27886,Y2CuRh,False
46161,CdIn2O4,False
4236,Rb2Cd2S3O12,False
17549,Rb2YAgF6,True
36784,RbPr3,False
39864,CePt,False
13535,CN2,False
13209,Rb2AlHgBr6,True
41526,Co2Ge,False
52026,V2O3F3,False
28795,Y2CuAg,False
28598,Hf2NiRh,False
37875,MnCo3,False
29945,Ca2Ni3O8,False
11171,K2NaMoI6,False
10115,ScBeRu2,False
32041,USi2Pt2,False
14475,MnO2,False
38475,MnTlF3,False
36328,ZrCl3,False
33236,Tm2InOs,False
23670,SrBr2,True
44865,NiO2,False
31169,BiI3,False
41030,NdGe2,False
4515,Ba4OsSe,False
40072,TeO2,False
37027,NaTl2GaF6,True
1200,BC2N,False
24703,K2VCuS4,False
11519,TaTiBe2,False
19472,SrH4O3,False
12198,ErCo2B2,False
30622,U3Si2,False
21409,Ba6HfO8,False
47880,AgPS,False
49425,ScIO,False
5214,V3O5F,False
3059,ScCl,False
11587,Mg6TiCo,False
5138,GaSi3C3N,False
13573,LaAl2Zn2,False
27737,Mg3As2O8,False
18891,BaB6,False
34127,MgSe2O5,False
36415,SmIO,False
22935,Na2PtC2,False
9920,BeSiW,False
51220,CrRu,False
13422,U2IrC2,False
2116,KVSO6,False
44901,NaTiS2,False
33260,NaTlPd2,False
435,BaNdCo2O5,False
34507,RbBa3,False
4708,Nd3Al,False
36544,PmRuO3,False
37823,VOF,False
36589,DyAl3,False
15479,Rb3GaI6,True
38616,VF4,False
49058,AlBN2,False
25610,MgFe2O4,False
4449,Ba4InTc,False
18745,TiMoO4,False
45104,Rb2TlAu3,True
42742,CaTlF3,True
14966,Dy2Al3Fe,False
18980,RbBiS2,False
25583,FeCuS2,False
46865,CeAgSb2,False
50863,Sr2TiO3,False
10489,Be2FeBi,False
12356,ZrTa2N3,False
31297,LiTaRh2,False
46844,Li3Ti4O8,False
10075,Mg6AlSi,True
10897,NaBe2Tc,False
12138,Be2ZnCo,False
8408,AsOs2Pt,False
22156,HoSnPt,False
11291,Sr2BeNb,False
26795,BaPbO3,False
31056,Tm2O3,False
15866,HoMg2,False
46756,YInAu,False
46345,W2C,False
13698,TbLi4F8,False
24217,Mg3Fe2O7,False
50173,BeCdBr,False
9427,TePb,False
53594,CdSeBr2,True
4879,BaCrCl2,False
52474,Zn2Sb2O5,False
13237,Na2TaBe,False
16501,NbO,False
4507,Ba4NbP,False
42489,CeSe2,False
3011,SrAu2O4,False
24723,LuH3O3,False
34467,Hf2OsPd,False
16144,ScCo2Si2,False
37572,LiSnCl3,False
18971,MnAlAu2,False
11404,KMn4O8,False
13553,Mg6CuMo,False
24156,Li3MnCo3O8,False
44922,Na2VBAsO7,False
44320,K2AgAuBr6,True
45130,SiO2,False
29655,BaYAgTe3,False
42761,CaCO3,False
28520,NaIn2Sn,True
39677,ThS2,False
40263,Li2PmGe,False
14667,CeRu2,False
4630,BaMgCd,True
21530,HoInCu2,True
7447,HfAsRu,False
12375,YBeCd2,False
32747,Ca2In,False
14870,ErSCl,False
50865,Y2Al9Pd3,False
28364,EuCdPb,True
31762,ZrCdPd2,False
14350,Mn4N,False
38128,Li6MnCrP2C2O14,False
36584,DyMgAu2,False
32121,Ba2NbFeO6,False
48879,Li7Mn2Co3O12,False
14224,TbK2LiCl6,True
2555,SrBeBi4,False
25124,CuH4I2O8,False
18400,AsPd6Pb,False
54066,Ta4AlN3,False
751,Ba4HfIn,False
38803,Li3BN2,False
23944,YAuO2,False
28741,Hg3Se2Cl2,True
14676,CrBrO,False
10259,Y4BeZn,False
46877,Er4Ga16Co3,False
25999,RbSO4F,False
25083,MgNiF6,True
35567,ScClO,False
25278,AgBiO2,False
23847,SmAu,False
27137,NpSnAu2,False
19117,SrBeSi,False
51087,SF2,False
4078,CoAs2O6,False
19979,Sn2SeS,False
28524,Y2InHg,False
12133,Hf2SeN2,False
23251,Li2Fe5O10,False
31644,MnSbRu2,False
23873,LiMnO2,False
44204,VFeSb,False
16757,K2LiTaCl6,False
33499,RbCaF3,True
33983,K2CdAu4S4,False
39474,LiCoGeO4,False
29511,Ti2ZnO5,False
3715,BaGaFe2,False
51920,RbTeAu,False
24776,CuBi,False
42018,Cu2Te,False
30461,BaGa2Te4,False
38861,NaBeSb,False
31038,DyNi4As2,False
2352,BeCuSi,False
32877,V5SiB2,False
49903,NaLi2As,False
25060,NdCuS2,False
17852,BaFe2S4,False
3509,YBePb4,False
5972,YbB2Ir3,False
9553,Be2CrIr,False
54186,ZrCr,False
52203,Mn2Cr3GaS8,False
49802,CdH18C11O4,False
9965,BeVRh2,False
34489,Be2BO3F,False
45784,HIO3,False
13696,Ta2Si,False
42711,C3N4,False
4600,BaTeSe,False
30427,BeGeN2,False
851,EuPd2,False
21694,SnRuW,False
11638,SrBeBi2,False
7338,K2TcF6,False
9135,BeZn2Se,False
50329,RbPdBr2,False
43629,NbMoS3,False
28218,Al2TcIr,False
49992,BI,False
21239,LiAl2Pt,False
15779,K2SbAu,True
44329,Rb2YInCl6,True
48584,Cr4AgBiO14,False
32232,Tm2Mg,False
19680,HoLuIn2,False
17799,Dy5Mg,False
49348,CdH18C11O4,False
54254,BiO,False
44697,Cu6OF11,False
41096,CdSb,True
19490,MgAgAs,False
6764,BeInTc2,False
46974,K2SnTe3,False
31858,ScTc2W,False
36896,CdAg2Au,True
39669,Sm6GaCo2,False
4959,Ba4HfTa,False
13032,K3CrF3,False
108,Li2MnCuO4,False
23582,ZnI2O6,False
10363,KZrBe2,False
7277,ThSi2,False
10021,Rb2H4Pd,False
44522,CoOF,False
24614,RbCa2Ta3O10,False
34536,SmMgZn2,True
36920,Nd3Mg,False
4683,Np2InRh2,False
27919,Sr3Li4Ge2N6,False
28429,Mg2SiO4,False
21102,U2Pd3Rh3,False
30173,ZrC,False
42998,In2Si2O7,False
42332,YbPaIr2,False
30054,MgMnO2,False
19623,HoBiO3,False
5699,SmSi2Rh3,False
7913,MnBeRe2,False
39328,Li3TaO4,False
6260,Be2NbW,False
7286,MnBeCr4,False
37506,YbAcRh2,False
52292,HIN,False
31372,HoTe2,False
7598,Na2BeCl,False
38184,PdN,False
25561,YCoO3,False
6326,HoB4,False
49041,SnH8C5O4,False
47325,ErMgTl,False
24790,TeW2SeS2,False
8055,BeInOs2,False
3224,Li2Ni3SnO8,False
2552,RhN2,False
5780,BeHgRh2,False
25254,Li3Y3ZrO8,False
1291,Li3VO3F2,False
50931,Sn3P,False
3615,Te2Au,False
38495,NaNdSe2,False
51402,Li3Cr2CuO6,False
11342,Be2CdSi,False
17637,La2Al3Ge,False
35830,PdN,False
11909,ScBe2Br,False
21364,TmMg2,False
53714,AsP2,False
54020,TiI3,False
17202,TaTiC2,False
48852,Ba3LaNb3O12,False
38911,K2HgTe,True
10714,KBe2Br,False
22657,CuCl4,False
22423,YNi2O4,False
30852,CaSnF6,True
6090,BeAgMo,False
51989,Yb3Ga9Pt2,True
32239,InPPd5,False
37128,NiAg3,False
23402,BN,False
27381,TiGePt,False
13375,YSi2Pd2,False
35365,BeGaO3,False
8419,SrBeSb,False
45697,CoSn,False
48634,TiCrSi4,False
36422,AlTc2Sb,False
19638,KFe2As2,False
8700,AsIr2Ru,False
32769,Na4Al3Si3BrO12,False
13452,Co3SbO8,False
49811,YSnO2,False
39738,NpIn3,False
12287,YbCr2Si2,False
14573,Li2AgSn,False
32421,ZrV2Ga4,False
15985,Pm2MgGe,False
28241,PaGaAu2,False
12597,CaZn,False
24386,Sr3MnN3,False
4556,PrCu2Ge2,False
11186,BePtPb2,False
4472,Mn3Ge,False
32969,Mg3TcH7,False
12464,Co3OF5,False
49714,Na3CoO3,False
43256,IrF6,False
27084,MgO,False
675,NbFeO4,False
50648,CoTeO,False
46126,BaPrMn2O6,False
31510,MnGaRh2,False
27448,NaTc3,False
31604,PmF3,True
17762,Si3P3Ir,False
19253,BaNi2P4,False
1645,Sn4SF6,False
38450,TiSnO3,False
21427,DyRh2Pb,False
40890,TaBiO4,False
52494,CrSbP2O8,False
50499,S2Cl,False
49274,SnH20C11O4,False
22692,Sr2Hf7O16,False
33451,YbNi2P2,False
30361,Li3Fe2O6,False
34096,LiLaNb2O7,False
21432,OsPt3,False
36463,Ag3SbS3,False
16888,Rb3SbF6,True
1427,K4Rb2Co2O5,False
44877,Li2CrFeO4,False
18050,PrCo4Si,False
36591,PbCl4,False
39667,ZnBi4O8,False
49208,GeCl,False
22030,LiAg2F4,False
24225,YbCrO4,False
36213,VHO2,False
49261,PdSeS,False
5494,BaNa2Tl,False
8191,Be2NbSe,False
47724,BiPt3,False
41482,PrMgPt,False
15976,SrCu2O3,False
22411,SrCa2I6,False
9367,BeTe2Pt,False
41810,CoAs3,False
932,Ba4TcCl,False
30844,TiAg,False
7631,MnOF,False
25118,Na4CO4,False
8072,Ca3N2,False
3250,Nd2InGe2,False
24632,Li2UO4,False
3900,Mn4BeSb,False
37444,InTc3,False
1157,Ba4TiNi,False
48149,ThP2,False
41626,CeSi3Ru,False
12823,K6NaAu2IO8,False
779,BiP4HO12,False
25958,SrN,False
41226,RbMnAs,False
20040,K2O,False
31312,Sr3MgRhO6,False
2210,KVF3,False
49005,Mg4FeO5,False
31714,Tm6CoBi2,False
48945,NaClO3,False
42594,Cr3O4,False
6936,Ba3SrTa2O9,False
8435,Be2SnSb,False
39359,V4Zn5,False
1688,La3TiSb5,False
7802,AsS3N2F6,False
21525,BaCdO3,False
11697,La6P17Pd6,False
26410,Tb3Ni,False
2250,BeFeBi4,False
19558,HfTi,False
50397,NaF,False
7326,SnF4,True
9244,Be2TcHg,False
24576,TiFe2Sn,False
2429,ThC2,False
4436,Ba4PbW,False
30139,V5S4,False
52013,As2N,False
4861,Mn2Au,False
42351,Yb3Lu,True
29065,Zr3AlN,False
26647,CrCo3,False
5553,RbNa2AuO2,False
50809,LuScB2O6,False
170,WI3O,False
1757,BaFeSi4O10,False
51228,Ni6O7,False
14446,Li2CuO2,False
20630,Pd3Rh,False
41650,ZnAu,False
39710,CuAs2Pb6Cl7O6,False
26542,PrOF,False
50539,UCu3Pd2,False
20974,VCdCu3Se4,False
52234,Ce3Se2NO,False
9412,Li2FeCo3O8,False
19154,Hf2ZnTc,False
53137,Li4Ti3Fe3O12,False
33667,LiZn2Ir,False
36519,SmPuO3,False
10349,BeSbTe2,False
6047,LaHfBe,False
23259,K3NbO8,False
4021,AlFe2Mo,False
5622,BaGeBr,False
51142,Nd2Tm,False
47287,Cd3Te,True
16527,LiNdSe2,False
52997,InO2F,False
44774,RbBe2BO3F2,False
38242,TeI2,False
17993,HfZrOs2,False
35423,MgTl,False
28677,Ba2AlSn3O8,False
53710,SiCCl,False
11380,BeCuTe2,False
44507,SmCo2Si2,False
7202,MgBeNi,False
49309,AlCuO,False
43449,NbOF3,False
33407,LiCaAlF6,True
4594,BaNa2Cd,False
16491,Mn3ZnC,False
5514,Na4BeAlSi4ClO12,False
21725,SmTe3,False
24163,Li3MnO2F,False
15002,RbSF5,True
16643,ThZr3,False
3342,BeGe4Os,False
22266,Li2MnO2,False
15323,RbMnCl3,False
18456,Ba3Ho,False
9441,TbCoGe2,False
16002,Al2ZnSe4,False
53151,LaHO2,False
8188,BeNiRu2,False
6801,ScBe2Cl,False
26208,Ba2GeSe4,False
31059,Ba2SmReO6,False
23854,ZnNiF6,True
47584,Ba2InOsO6,False
1678,Ba4HfHg,False
7730,AlW2C,False
22366,Mg2SnIrO6,False
52299,HIN,False
30798,PmMg,False
38899,TiFeO4,False
27013,TlCrSe2,False
32416,Pm2SnPd,False
47166,Pr2FeAs2RuO2,False
18285,Pr2Tl3In3,True
44408,TaN,False
31664,Cr2NiSe4,False
40669,HfSn,False
34734,RbO2,False
37203,PbAu3,False
14604,K3SbTe3,False
8871,LiOsF6,False
18073,V6CoIr,False
34431,Fe15Co,False
30884,YbBO3,False
18802,V4O5F7,False
28898,BaFe2As2,False
1624,ScU3S6,False
7407,BeTl2Cr,False
6416,BeCrTc2,False
36970,YbNaP2S6,False
25567,Ba4NaB3N6,False
1403,Li3Co2O2F3,False
31691,RbCu4S3,False
41135,Mg3P2,False
28143,BW,False
39993,Rb2P3,False
7820,CdAsRh,False
29543,Ba2MnMoO6,False
25881,LiSiAg2,False
43232,SmAlZn,False
42059,FeO,False
24978,USiS,False
20736,SrCeVO4,False
5632,Ba4NbMo,False
19530,YBi3,False
31276,ThTe,False
31295,HoZnIn,True
39940,Ba4NaCuC2O10,False
10495,BeSb2Br,False
16873,FeSbRh2,False
27563,NaN3,False
41271,Ce3SnC,False
46959,ZnS,False
50194,YPu3,False
47124,TlInO2,False
18048,U2Cl5O2,False
43625,Fe2NiP,False
12938,Cr2HO4,False
11303,Na2CaBe,False
48010,AlCuSe2,False
38216,Li4FeSi2O7,False
17254,Sm2MgSi2,False
30593,VCl4,False
23060,Te4MoW2S2,False
17602,PuAs,False
29698,PbC2O4,False
11456,KBeIr2,False
826,Ba4MnFe,False
3711,ReAg2Cl6,False
52624,BaSeCl2,False
43309,Nb6Co16Ge7,False
11889,Be2NbFe,False
51630,BaZnCl,False
49862,SnH12C6F2,False
23341,TlCoMo2,False
16154,Pm2AgHg,False
40363,NaCdAs,True
25607,NaTl2In,False
36086,Na3PaF8,True
49827,Ca3Fe2Br2O5,False
49418,MgCu3Sn4O12,False
50758,AlPO2,False
22189,TeMoS,False
14551,KLaCu2O4,False
29794,KLi2Mn2O4,False
40629,WS2,False
6649,TiFeH2,False
10186,BeFePt2,False
9174,MnBeNi,False
45520,TaTeBr9,False
18625,Na2Cu3O4,False
43757,GaCo2Ni,False
22578,LiTeO3,False
50650,GaRh3,False
51073,Ba2LuUO6,False
5290,BaLiTe,False
11972,SrAlH3,False
38156,MoH12PdN4O4,False
17690,HfZrFe4,False
31955,TaGe2,False
54240,TaAgF3,False
27516,Li4CO4,False
46879,Nd12Ni6Sn,False
906,Ba4LiGa,False
3560,BeTeBr4,False
5857,YAlGe,False
52009,As2N,False
38048,MgTiGe2O6,False
30433,Tl3AsS4,False
45845,Ba2TlBi2O7,False
18090,RbLiSe,True
29220,MgNi4O8,False
48250,AsSF2,False
29066,Ba2AlNi3O8,False
52033,Al2As,False
16026,MoPdRu2,False
38673,Nd2ScSi2,False
7075,ZrTe5,False
51419,LiNiPO4,False
53194,SrSnF4,True
37841,LiScPt2,False
22342,Ag2S,False
41361,Ca2SbMoO6,False
12739,TlRh3,False
54452,TmSn7,False
46099,Sr2YTlNi2O7,False
2240,SiO2,False
48557,MgTeO2,False
6803,KRhF6,False
23928,TmPb3,False
39288,LiBi,False
16410,TaVC2,False
46356,Mg2FeWO6,False
37184,MoO3,False
25236,As2S3,False
401,LuGaO3,False
50479,BaI2,False
37547,RbAgBr3,True
47889,LiICl,False
51532,Li2VO2F,False
16730,Dy2Al3Co,False
51246,MnCoO3,False
35395,NbCl4,False
7122,NaBePd,False
1536,Ho4InRh,False
1095,Ba4CaMo,False
16662,K4BeAs2,False
35673,SmTh,False
29136,SrBrF,True
4328,CeSi2Au2,False
51681,Na3Se,False
39515,CrCuO2,False
13,Ag2IO6,False
7330,BeCoIr,False
53910,SbHCl,False
975,PbS,False
41013,Y3PbC,False
46479,SrLi2Nb2O7,False
38625,Li2V3CoO8,False
1015,BeCd4Ga,True
22329,B2IrCl,False
41980,ErCu2O4,False
7103,MgBeTe2,False
30562,Li3V2O6,False
9726,HfAsPd,False
39950,MgSb4O8,False
28017,Fe3Si,False
33092,NaVO3,False
9810,ZrGaCu,False
38621,Dy2CoSi2,False
1700,Na3Sc2B3O9,False
52689,BeTlBr,False
47456,SmMgAu,False
23984,Rb2IN3,False
28165,UGaTc2,False
35683,NpPa3,False
4837,Sr2InI5,True
11273,Yb2SO2,False
32166,PaSb2,False
14826,LiPmGa2,False
23580,ZnTcMo,False
36363,TaCo3,False
36314,NaLi2Tl,False
10926,PuPt5,False
22410,K2PtF6,True
24409,V4GeSe8,False
6235,BaCdPF,True
38910,Ta2H,False
18041,Yb2Mg,False
33654,Ac2CuSi,False
52658,NaTi6Se8,False
47453,Nb2TcRu,False
6934,Ta2BeOs,False
21783,K3DyCl6,True
25672,PbClF,False
49688,BAsO4,False
21399,Li4Mn3V3Sn2O16,False
36472,CoP2O7,False
51878,LiMnF5,False
34612,LiMgPO4,False
46017,Rb2TiCu2S4,False
36555,TmMgZn2,True
29291,Zn2Cr2O5,False
20372,H2C4O3,False
32233,Li5Mg,False
1136,TeH5O6,False
7638,BeGaBr,False
22202,Na2AsAu,False
31633,KHgF3,True
40137,ZnPt3O6,False
15044,RbCuPdSe5,False
5264,CaSiBHO5,False
46678,MnB4O7,False
12778,Mg6VNi,False
30491,LiH2BrO,False
46736,Er4InRh,False
52043,Li6FeO5F,False
28106,AlMo4S8,False
9844,SrBe2Pb,False
20902,CeCoSi2Rh,False
25636,KB3H3,False
20878,NdO2,False
22422,H9C5,False
45122,YbKS2,False
50484,RbCl,False
29912,BaZnCr4O8,False
44630,MgScPt2,False
21198,Pr2Si3Ni,False
28436,KNa2P,False
52040,Al2As,False
37507,Li2Cr5Si4O14,False
1968,LiNdP4O12,False
50315,Rb2CeAgCl6,True
33297,LiBiPd2,False
36479,TiN3Cl3,False
29998,BaMgPb,True
42454,Dy2Sn5,False
23642,YMn6Sn6,False
23511,Nd5Fe2B6,False
21157,Sr2Bi,True
44358,ErCr2Si2,False
46026,Na8NO3,False
37210,TiSnP2O8,False
24696,V2ZnN2,False
35929,KGeBr3,True
9221,BeCuSb2,False
38138,Li3Mn3CoO8,False
37325,CeP3H8O7,False
54489,HoGa3,False
25168,Na2GeO3,False
23223,SbHO3,False
14319,KInBr3,False
40728,Ba2CuSi2O7,False
47826,NaCr2S4,False
4269,TiAlO3,False
25914,FeP2S6,False
42960,TbBaO3,False
53076,NaAlAs,False
37842,TbB4,False
30047,ZnCr2O4,False
26811,TlF,True
35277,Pr2InAg,False
4954,GaAsO4,False
36600,Yb2Cr2C3,False
23300,SrSi6N8,False
50497,Li2MnN2,False
48971,NaYCl,False
44703,NdCoGe3,False
3337,BaSe4Br,False
151,Tb2SeO2,False
20993,H20PbC12O4,False
20627,Li2PdO2,False
47969,VPbCl2,False
24368,MgAu2F8,True
6882,CaSn,True
2603,LiTiMnO4,False
26053,Rb2O,False
42165,KAlSiO4,False
10168,YSiAu,False
20361,Na3Mg,True
10852,Na2BeBr,False
17456,TmMgAg,False
18390,PuAs3,False
6729,Lu2Al3Co,False
5525,DyCdCu,True
38708,CaZrSi2O7,False
20968,In4S3N2,False
23167,FeO2,False
37722,LiLuPd2,False
54264,MnHBr,False
17871,Yb2TlIn,True
38553,OsN,False
48877,Tb2MgSe4,False
50857,SbTeO,False
40456,TbMn6Sn6,False
12388,Nd3CuGeSe7,False
16308,K2TlCuBr6,True
49659,RbNaO,False
8426,LiCeSn2,False
47587,Li3MnP2,False
19629,CoSnO3,False
53820,BaSiC2,False
49066,TmFeB4,False
3439,YBeBr4,False
40758,Li6Br3N,False
37499,Li3ClO,False
8517,BeZn2As,False
51664,BeSnTe,False
781,Ba4ZnFe,False
400,CrO3,False
50889,HAuO,False
40863,CaPdF4,True
8465,BeGeP2,False
28281,Ca2MgGa,True
41,Bi3Sb,False
29946,MgAg2O4,False
14116,CoRh2Se4,False
16899,U3Ge,False
9368,RbMnSe2,False
13325,BaZnBO3F,False
32394,PmSmMg2,False
27105,LiHo2Al,False
50913,TiNb2ZnO8,False
22565,Co2CuO4,False
30386,ZrTi2,False
18831,NiMoP,False
31698,MgAg2O4,False
27979,RbNa2Bi,False
10980,Be2CrCu,False
14935,Be3N2,False
37297,Na2ZnS2,True
12698,LiMg2Pb,True
39220,Li2CdPt,False
2469,AsS,False
23088,CdSiAs2,False
9575,LiSn6Pd2,False
53384,Ca2MnGaO5,False
34092,Na2SrV4O12,False
52149,SiOF2,False
19654,MgH2C3O4,False
42779,SrWO3,False
38680,Li2CoGeO4,False
26563,Ac2NiGe,False
22597,Na2GeS3,False
48872,CdF2,False
31284,Nb5Si4Cu4,False
36202,KMn2O4,False
6719,PrS2,False
47164,K2YAuI6,True
11168,NaInTe2,False
52247,MgCu2SiSe4,False
24658,CrCo2O6,False
12232,BeCu2Ge,False
36881,KCaSiHO4,False
9814,Rb2S,False
43772,SnSeS,False
183,K4SrBe,True
43163,LiCoSiO4,False
169,Zr2Bi2O7,False
38985,LiCr3O8,False
39827,Na2HgTe,True
44936,Zr3Ga2,False
45556,Li2ScFeSi4O12,False
21692,Y2MgSi2,False
46940,Pm2RuAu,False
7249,Zr2BeSe,False
29102,TiFe2O5,False
46443,MgMnO2,False
12697,HfMg6Cu,False
47296,CdSnAs2,False
47995,GeH2O,False
31421,Ti2MnBe,False
42397,Mn3CuN,False
12975,PrN,False
6550,AsPSe,False
14248,NClO4,False
18970,CrGaRh2,False
44779,WO2F2,False
44166,NaCd2Pd,True
33821,Ho2PdRh,False
25330,Bi2Se3,False
22705,TbCd2,False
17526,PrTl2InTe4,False
30592,Li3CuF5,False
8120,NaBe2Co,False
4864,CaFeAsF,False
28558,MnSn,False
25875,MgNi2O4,False
23859,SbRhO4,False
28259,Ca2MgAl,False
30013,CaCo4Cu3O12,False
42261,Mg2Pd,False
7902,BeCdCu2,False
50711,YbAg2Pb,True
6774,Li2VCrO4,False
47206,MnTc2As,False
30276,Te2MoWSe2,False
45266,Ba2AlFe3O8,False
24583,CrH6SO7,False
41900,SmB2Os2,False
8870,B2Se2O7,False
51297,B2OsW2,False
50750,AlPO,False
4390,Mg7B,True
36044,LuSi3,False
53475,Li2CoBO4,False
51476,Zn8Fe3N8,False
20827,Ta3Ir,False
38527,K6CoS4,False
33129,PdS,False
9453,LiBe2Sb,False
54206,BaPdCl,False
12272,BeSeBr,False
31836,KNaMg2Si4O10F2,False
33866,YCrF5,False
7404,BeP2Cl,False
14207,LiMnF4,False
49125,VZnF3,False
7949,CuSnAs,False
52797,AlCu7O12,False
4283,MgBe2Se,False
37585,YHoCu2,False
40733,La3InB,False
52811,LaMo6Se8,False
3447,BaRuPt2,False
38065,Li8SbS6,False
3944,HoSn3,False
29021,Sc2InAu,False
48478,Tb5SbPt2,False
41922,ScRh,False
34373,NaAc2Pb,False
29778,LiYCu2P2,False
48083,Li2MnF3,False
48748,CaAuF,True
48583,BaO3,False
51586,BBrN,False
14942,Pm2CuPd,False
29411,MnSO4,False
34338,Re3W,False
26643,HoSb2,False
20121,Cd3Ni,True
52621,PrEr3S6,False
43423,Na2ThF6,True
23461,K2TeBr6,True
47557,CrRe3,False
32817,Ti2AlRe,False
6270,KBe2BO3F2,False
43764,KNaMoO2F4,False
45933,CeAg2Ge2,False
38641,ZnAg3,False
34037,Rb3Pr,False
4051,Ba4FeW,False
2205,AuCS2Cl3,False
14152,Mg5Ti,False
4425,BaIrCl2,False
29640,Ca2Sn,True
13758,NaLiMg6,True
13392,Mg6VSb,False
37378,ScBi3,False
8726,TaCuO3,False
42177,AlTc3,False
9888,PrBRh3,False
44433,TbCaRh2,False
37700,Dy2SeO2,False
26508,TbY3,False
13060,Mg7V,True
43611,NbMoSe3,False
21952,SiO2,False
26609,MgSb,False
4325,Ba2ScSn,False
34872,FeTeBr7,False
52910,PCl2,False
33991,Ti2RePt,False
33226,Lu2Ni3B6,False
46195,Ba2NaNi3O6,False
11490,NaSn2Cl5,False
2266,Sr2LiInGe2,False
10382,Sr2NiTeO6,False
26833,CrS,False
51075,Li2TiFe3O8,False
7353,AsRuBr,False
20444,NaTlHg2,True
35877,PrAl5Ni2,False
12645,BeOs2Pd,False
9789,MgAsRu2,False
35113,HoLuCd2,True
49059,YPd3S4,False
39064,TiFeCoSi,False
5576,Ba4FePd,False
11866,ScSi,False
48085,Y3Ga2Ni6,False
46544,AlPO4,False
40579,Na2MoO4,False
50855,NbFeF6,False
11715,Be2Ga2Re,False
26371,CaMg,False
10871,BeCu2Ru,False
35238,Zr2InNi2,False
27454,Ge3F,False
15301,DyMn2,False
50854,Sb2TeO2,False
24829,LuMg3,True
10507,Ba2TiO4,False
29611,TiCdO3,False
15408,DyUN2,False
9702,Be2ZnRe,False
29681,B2CN,False
31834,Ti5CuSb2,False
3555,Li2MnP2HO8,False
43167,RbAgSe4,False
47389,Nb3GeTe6,False
22789,PrRhO3,False
18645,BaAu5,False
30731,Cd4SF6,True
45341,TbCuPb,False
4494,Dy5BiAu2,False
2716,CrO2,False
54133,SmAg3,False
37234,Ce3Zn,False
43106,Rb3BiSe3,False
8653,ZnMo2As,False
50846,AlSnF5,True
38753,Ce3Al,False
14914,Zr3Sn,False
22801,Mg2PbW,False
28649,LaS2,False
16984,TaB2,False
53595,CaAs2H2,False
2409,BaSrHf2,False
16740,Sm2IrAu,False
22490,MgTe,False
18119,PrMnNi4,False
53989,SrSeF,True
6825,HoAl3Pb2O8,False
17865,ThSi2Ni2,False
7524,YbPPt,False
18319,HfTc2Mo,False
46613,LuBO3,False
36195,PbS,False
36148,Nb2PS10,False
2463,YBe2Se,False
41831,SrSi2,False
40528,Ba2NdNbO6,False
16050,PmHf,False
13777,CeMg6Co,False
5143,BaSiTe,False
52385,ScHO,False
40369,TbCoSi,False
22225,Li2VF4,False
50748,Re2Cl5O4,False
11578,CaBe2Pb,False
15163,Ta2CrSi6,False
45772,NbBO4,False
30247,ZnRhO3,False
9794,TbSbRh,False
4036,TaBeNb,False
35886,Tl2Ge2S5,False
25651,KVS2O8,False
49190,Li2Mn3GaO8,False
747,NdAl2Ga2,False
42766,MnNi,False
21221,PuUN2,False
35764,SnPb,False
52821,Li4VCr3O8,False
6661,YbNdS3,False
5191,Ba4RuPt,False
36443,LiCrPO4F,False
38574,SmSb,False
35328,VS,False
11997,SrBeNb4,False
29493,PtN2,False
44479,Al4Si,False
21813,Nb3SBr7,False
10819,LiBe2Re,False
32655,ReCl4,False
25646,Y2Cr3O9,False
32949,Bi3BrO4,False
27176,SmYO2,False
25372,NaDyO2,False
20636,Pb2SeS,False
10321,Be2PbSe,False
49087,InCuS2,False
29109,HfScAu2,False
29865,BaVS3,False
6451,Be2HgTe,False
31411,Ti3In4,False
40083,K3CrO8,False
30231,CdSiO3,False
7409,RbCd13,True
25523,AlCuCl4,False
5745,Be2GaNi,False
53768,RbBH4,False
12677,LaMg6Si,True
44754,PuCr2Si2,False
28458,MnP,False
11586,YMgBe,False
24222,Co3SbO8,False
48666,AgClO3,False
30848,LiHf2Os,False
22397,U2Al3Os,False
49334,Mg2PH,False
35899,HfVGe,False
14786,SrIn2Hg2,True
40200,SbRh,False
3235,Ba2CrIn,False
29519,KY3F10,False
18843,AlRh3,False
11358,BeGeIr2,False
1814,Fe4O7F,False
43732,K2NaCl3,True
7203,TbO2,False
15110,NaCo2O4,False
42807,Be3N2,False
14247,TlFeS2,False
49402,SrGa2Se4,False
45310,Cu2SnSe3,False
22812,Ir3W,False
51346,ErZnRh,False
48143,YOF,False
31731,FeHO2,False
20685,AlVFe2,False
30346,YbCu2,True
33569,SmZnAu2,False
24103,Cu2WSe4,False
4305,OsC3I2O3,False
17228,CeNd3,False
23669,ZnAgF3,False
34140,GaN,False
9032,Be2GaCl,False
16431,InGa3N4,False
22818,U3Si2C3,False
44515,Sr2Ge2O5,False
10330,LaBe2Cd,False
4048,UB2,False
3065,Li3VF6,False
41619,CuN,False
45819,Ho7Co6Sn23,False
5224,BaGeTe,False
24403,LiSiBiO4,False
28247,Ba2MgIn,False
12998,Ga3SiNi4,False
14041,Mn3SnC,False
27808,RbSbS2,False
53274,HCl2,False
16196,KU2P3O12,False
16538,TiInPd2,False
951,Nb2Ru,False
10518,Be2HgBi,False
17527,La2Al3Sn,False
29300,TbSi2Au2,False
39684,Na3CoO3,False
42829,Rb2LiSbF6,True
7746,RbIn6Au4,True
49181,RbTaGe,False
69,Ba4CdSe,False
22528,KMnF3,False
31838,KMgP,False
28641,Sr2TlIn,False
45546,ZnNi3Sb2,False
20486,Te4Pt3,False
19378,U2NiSb4,False
37877,TiO2,False
52727,AgAsO2,False
51501,NaAlP,False
18728,CdGa2S4,False
54586,HoSe2,False
53365,BaTeCl,False
22205,Tl2Te3O7,False
13006,Te4Mo3S2,False
17542,B6P,False
14397,Y3Co8Sn4,False
30213,MoSeS,False
15965,Mn3TeO8,False
22038,IF7,False
25562,Ce3Y4O12,False
42639,InAg3,False
8964,Sm2Cr2Fe15,False
37651,SnO2,False
3412,Ba2YZr,False
42862,YTmRh2,False
41986,Ba2Sb2O7,False
38250,Pd3N,False
26107,Nb5Ge3,False
47390,Cu3SbSe3,False
20776,Rb2AlAgBr6,True
4669,Ga10GePb3O20,False
52882,Tb5Pt3,False
36839,Na2ZnSe2,False
44566,K3ScBr6,True
8855,Sc2BeCl,False
41332,K3SbS4,False
37076,ScTaTc2,False
33402,YGaRh2,False
46256,CoP2O7,False
5966,BaFeSi4O10,False
53028,RbMoF,False
30471,Ba2Zn,True
51313,TbWO5,False
7322,LaNi2B2C,False
15773,CN2,False
48590,TiZnN2,False
48344,LuAgSe2,False
7947,Mg3CO4,False
43014,Hf2MnOs,False
3982,Yb2CaO4,False
42248,SrLaTiMnO6,False
4162,YMg,False
9846,Te2MoWSe2,False
6922,Be2SiPt,False
51269,TlSbP2Se6,False
42445,Ho5Co2Bi,False
33773,YbPmRh2,False
36963,Rh3Se,False
40190,Na3VS3O,False
39223,SrBi3,False
31502,Sr2ZrO4,False
14242,Ti3AgS6,False
54008,RbZnH2,False
24907,CdSnAs2,False
39850,K2CoCl4,False
1874,Ba4ZnCu,True
33028,UNi2B2C,False
27920,NaScTl2,False
10801,TbCu,False
11917,Si2Os,False
27734,SiCu2S3,False
18590,Sm2SO2,False
42328,Ce3Sm,False
36345,Y2TlCu,False
52709,CaBeO,False
14122,TbCu5,False
42910,Li5CuF8,False
47262,SmTmIn2,False
25176,RbPrTe4,False
25354,BaNdO3,False
43929,Li4AlCr3O8,False
11341,Y2BeCo,False
20365,SrZn2Sb2,True
25898,Ca2Si3Ag,False
29769,KO3,False
36803,SnSO4,False
24630,CuSb2O6,False
35954,K3Sr,True
35303,BaSi6N8O,False
1744,Ba2NaTa,False
46657,SmScO3,False
18386,KErTe2,False
49877,Sm6Ge3Se14,False
20500,Rb2TlAsI6,True
49809,Ho4MgRh,False
27488,Y2CdAu,False
1047,LaHBr2,False
45818,Rb2NaCoF6,False
23127,P3N5,False
8504,Ti2BePb,False
39115,AsCl2F3,False
14395,Rb2NdAgBr6,True
6666,LaBeV2,False
4060,BaLi2Fe,False
7386,HgPd,False
32740,Li2BPd3,False
35062,InSb3,False
22572,CuI,False
17658,GeAsW,False
6597,Lu5NiPb3,False
26050,ErGaCo,False
9402,Li3Ti4O8,False
40949,CaFe2O4,False
39286,RbHF2,False
49933,RbAsSe,False
53456,CaAgO,False
4493,Ba2TlHg,True
10773,TiBe2P,False
37056,RbUTe3Au,False
34895,CePt3,False
35430,TbRh,False
54394,Sn7Os,False
38770,NdTaO4,False
21799,H7C5,False
22103,HgBrO3,False
39462,LiMnOF2,False
10165,Na2BeGe,False
22135,MgAl2,False
3486,ErAu,False
30669,Li2MnFeB2O6,False
10710,Mg2FeH6,False
47778,SnC,False
25756,NaFeO3,False
16816,AcScO3,False
43050,ErVO4,False
3543,RbN3,False
277,VP4,False
3184,ErCoGe2,False
47251,Pr3Dy,False
39042,AcF3,True
35706,ZnCu2GeTe4,False
41697,MnF2,False
39138,CoHg3,True
36660,Ce2SbO2,False
47675,Sr2SnN2,False
52771,HgAsO4,False
3178,Ba2ScCr,False
20948,YHg3,True
28797,Hf2InMo,False
28628,Sr3BiP,False
34128,InSb,False
31667,Hf2CoRe,False
32113,CaSmCd2,True
54211,ZrKr,False
18568,K2RhF6,False
23361,Sr2CrO4,False
40245,LiCuO2,False
50178,Na2YCuF6,True
52313,HPbI,False
37972,Sm3Ag,False
12149,BeGe2P,False
15907,KRb2RuF6,True
51461,BiOF,False
7819,CeZn3Cu2,True
38245,Li3SbS4,False
35953,NdErMg2,False
52028,CoPO,False
3330,Fe3O2F4,False
24475,BaSiN2,False
6312,HfBeZn,False
49860,Y2MgS4,False
52783,Hf8MgN8O4,False
14219,Li4Fe3CoO8,False
20403,YTmTe2,False
10599,Be2CdOs,False
1684,Pr2Mn2Se2O3,False
8226,CaBeIn,False
30298,BaCO3,False
3318,EuP3,False
38643,Dy2Mg,False
21304,HoPaO4,False
52273,Nb8PtSe20,False
11923,Be2VZn,False
2748,TlAsS2,False
27589,NaLiTl2,True
40219,CeOs2,False
1942,HoZnSn2,False
43123,VAs,False
46100,AsPdS,False
10333,NbPd3,False
40840,Mn3RhN,False
32855,Cd2SiO4,False
31647,B3C10N3,False
18902,H7C3N,False
29054,SiC,False
34236,Rb3Os,False
35336,NdAu3,False
19486,MnVCr2Te4,False
10707,Be2TlCu,False
26922,MnAgPd2,False
5008,Ba4BeRu,False
20088,ZnHgTe2,True
38082,FeSe,False
23071,Li3ZrNbTe2O12,False
37150,Rh2S3,False
39699,V2H,False
27099,Zr3Pt,False
31996,ZrSbPd,False
15504,NaLaSe2,False
43590,LiTi2Te4,False
37590,TaZnOs2,False
23207,Yb5Ge3,False
35840,K2O,True
7686,BeZn2Cd,True
13082,Mg2B24C,False
30138,SrCaC2O6,False
34107,Li2AcSn,False
13725,SrGe2Pd2,False
51491,NaAlO,False
26166,SiO,False
32321,Ho2CdOs,False
17070,HoSi2Rh2,False
18455,TeMoWSe2S,False
29757,KAgO,False
38249,YBiO3,False
41190,Li5TiAs3,False
5908,YbAlB4,False
49674,BaB2As2,False
13793,Ta5Sb4,False
49077,ZnH4C4O4,False
51333,Ce3Sn3Ge2,False
46753,Ho6GaCo2,False
48736,Nb12ZnSe16,False
7127,Be2NbTc,False
51896,LiAuS,False
51455,ZrCoSi,False
42703,LiMnO2,False
25064,YCrO3,False
16542,Sr3SnO,True
39174,HBr,False
19824,KTl2CrF6,True
6788,ReAsPd2,False
7297,YbLiO2,False
22349,CePrO2,False
20352,Rb3NdF6,True
8978,BeCr2Co,False
22071,CdGa2Se4,False
7779,MgAsP,False
12854,K2OsBr6,False
5260,MnNi3O4,False
44911,TbAlCu2,False
27018,NdLuMg2,False
20524,AcCe3,False
48469,LiH,False
26827,VNiSb,False
49804,LaNCl4O4,False
43600,AgCl,False
24697,Rb3GaO3,False
10092,YBeOs2,False
46233,YbNi2Ge2,False
302,MnAgO2,False
45838,DyAgSb2,False
1374,Ca2RuO4,False
34833,TlI,False
34678,SrRuO3,False
3970,Ba4TcRu,False
21217,W3N4,False
15890,Be5Pd,False
19958,ErGa2Cu3,True
10426,Be2ReSe,False
42402,KBaTe,True
23383,Tl2SiSe3,False
12752,BeTeP2,False
32167,TbSe2,False
15326,Ca2Mg,False
43881,UCuAs2,False
51686,Li2CrO3,False
33791,La2ZnIr,False
33869,MgGaAg2,True
35695,ThC2,False
52076,SnIF,False
42452,Na5SbO5,False
27385,MgMnPt2,False
17316,LiFe2P2,False
48493,Mg9Fe2N8,False
10086,BeGaPd,False
27466,ScVOs2,False
47576,MnCrB2,False
30513,Rb2NaVF6,True
41940,MnCu2GeS4,False
2925,DyB6,False
1180,Ba4BeFe,False
51385,BaYMnCoO5,False
12957,YMg2,False
53200,LiFeF3,False
24571,CoO2,False
42746,Ca5Zn3,True
53743,AuCN2,False
42816,K2ThF6,True
51371,Sr2NdSmMn4O12,False
6354,GeN2F6,False
49916,H12PbC8O4,False
8681,NaAsF6,True
20777,Dy2ZnAg,False
9003,Be2BO5,False
36388,NpGa2,False
37751,Er2NiOs,False
42241,UGa2Cu3,False
11966,Pm2InSn,False
42792,CeZn2Fe,False
50038,LiMnP2HO7,False
12900,KBeGa2,False
31474,CoH2O2,False
37238,Tm2CdHg,False
23983,MgCu2N2,False
1452,Ba4GaSe,False
51717,RuCN,False
31163,Sc2ZnAu,False
45261,Pr5Al2Ru3,False
1231,Ba4SrCo,False
46945,Nd2Sn2O7,False
1749,NaMg6Nb,True
10308,Be2CoNi,False
46534,KNdPdO3,False
42109,TaTc,False
20451,RbHoS2,False
635,AsClF8,True
11585,TaBeOs,False
17992,RbNaCd3O4,False
7264,Ti2BeSb,False
25854,K3GaS3,False
4638,BaTa2Tl,False
3049,Na4BeW,False
52263,TlCl3,False
29197,AlFeO3,False
16722,Na2Mn3Te4,False
28478,Eu2B4Rh5,False
36902,PdO,False
25629,ZnSnF4,True
11476,CaH2CClO3,False
9350,BeCdGa2,False
29891,MgBi2O4,False
27584,BaGeO3,False
32012,Be2RuPt,False
11421,NaCaBe2,False
15571,CdPPd5,False
44503,Ba3Na,True
21519,Nd2FeSi2Ru,False
16820,Pr3Zn,False
49608,K3Mo2BrO7,False
20270,K3InCl6,True
15422,ZrMnO3,False
45134,TmHfRu2,False
14537,Y2MgHg,False
1876,RbPS3,False
5250,Ba4PPd,False
5095,BaCo2Br,False
10113,EuMn2Ge2,False
6220,BeFe2Cu,False
15846,NbSnRh,False
53689,AsC2,False
50660,K3Li,True
40185,Ce3InC,False
46321,LiAgF2,False
20641,CaCdC2O6,False
1220,ZrSn,False
4052,Ba4InRe,False
50506,Mo2HO6,False
26404,MgSn,False
14337,KSmS2,False
42196,Ca3Y,False
9352,TiBe2Cr,False
49634,TiMnO4,False
8955,Li8Co5O10,False
13462,NaAs2,False
36657,KCaO3,False
16075,Na2LiSbCl6,False
31243,H5NO,False
28050,V3AsC,False
38265,PrI3,True
22252,H10C14S,False
28171,MgSb2O6,False
33530,TiInCo2,False
18904,AlV2,False
47451,Na2PtO6,False
23179,BaYFe2O5,False
52092,Mg16Al12Pt,False
8508,K2MnSe2,False
20866,UGa3Ni,False
26836,NiS2,False
38948,Ti2AlN,False
34881,Si3Se,False
24719,Ba2MnB6O12,False
8450,MoWS4,False
16278,KSb2F7,False
51095,SF2,False
7518,ScBeW2,False
52093,MnInF2,False
13155,Mg6TiCo,False
13786,SrAgAs,False
50150,Ba2O,False
46714,MgNi2,False
26170,CaHfN2,False
38400,YScO3,False
32767,BaPPt,False
35610,NaCdHg2,True
7781,V2NiO6,False
53202,TlSnF,True
17337,SnPb4Se5,False
28691,TlN,False
39163,FeGe,False
45939,Al2W,False
52066,PbIF,False
17623,SiCN,False
32717,TiBe2Ir,False
11870,Li2BeRe,False
21133,MoSeS,False
158,NiSnF6,False
21609,CaCuN,False
53889,BaTiO2,False
47053,LiBeH3,False
40399,K8N3O,False
17295,Ce2Mg,False
42500,AlCr6Si,False
7982,Be2SiNi,False
2209,FeCoB,False
21689,MgC4N6,False
52039,LiMn2P2HO8,False
1141,YCo3H2,False
38028,LiVGaO4,False
7088,FeHgC4S4N4,False
11031,BaDyCo4O7,False
33521,CrCdF6,False
53749,SnCN,False
2071,Mg3Mn2Al18,False
18501,Y2AsS,False
14211,KBr,True
9479,LaCoPO,False
24268,VF2,False
10067,Be2ReGe,False
17201,H4C3SO,False
51183,MgAgO3,False
2380,Hg4P2O7,False
47757,WF6,False
52348,InHN,False
2918,SmFeSb2,False
16529,TcIr,False
28822,ErSb,False
20443,Rb2NaNdCl6,True
21827,LuUTe6,False
54410,PmSn7,False
36271,Ba2YNbO6,False
26042,TeN2,False
5037,Ba4SiRu,False
19810,LaY,False
5313,Li5SbS4,False
14505,NbVCN,False
43964,Rb2FeF4,False
37434,SnRh3,False
35985,ErRh5,False
33977,ErCu,False
651,Al2Au,False
29582,Tb6Br7,False
12167,BaLiAlF6,True
1622,Be2CdCu,False
15445,SrH4O3,False
13440,K2NaNbO2F4,False
52587,CuTe2,False
27417,TiMnCo2,False
33241,Tm2CdOs,False
4262,VCuO4,False
45851,CaSnS3,False
37363,V2O5,False
2219,K4BePd,False
29006,LiHg2Au,True
14384,Cr3NiP4,False
16614,PmYRh2,False
12213,Ba2VP2O9,False
7177,Ta2CrAs,False
36961,Li3Al2CrO6,False
15783,Ca2ZnGa3,True
36187,MgC2O4,False
51373,Sm3MgTi4O14,False
25011,SiH6N2F4,False
39195,ZnCr2O4,False
27327,Mn2CuSb,False
33184,LiCo2Si,False
29096,HgOsO3,False
29616,Hg3Sb,True
40270,NdP3,False
13368,MnBe2P,False
42224,In3Cl,True
8943,Mg6NbC,False
31075,BaO2,False
26883,PuO2,False
33390,Tm2IrOs,False
9515,Li3Cr3FeO8,False
45713,K2Dy4Cu4Se9,False
28967,V2Zn2O5,False
49808,YSnO4,False
49904,LiAsO,False
45088,Nb6C5,False
19507,ZnO,True
7685,Sr2BeCo,False
28593,NbS2,False
30701,Ba3BiSb,False
6830,CaBePt,False
37002,SrBr3,False
11522,UGaCu,False
14538,CuO2,False
31513,MnH2SO4,False
4727,Ba2LiZn,True
21100,Sr2MgTl,True
15767,K2RbSbBr6,True
5094,Ba4GeP,False
13891,Be2CuBi,False
47516,Rb2NdCuBr6,True
9343,Th2MnN3,False
42608,US2,False
36891,CrAuO2,False
19082,Cu4I3Cl,True
36372,Ca2SnAu,True
31490,Mn2SiRh,False
15061,SmCu2Ge2,False
34293,RbErO3,False
32282,Pm2IrRh,False
32381,ThSnRu2,False
12123,SrSi2Pd2,False
44682,CdFeP2S6,False
16556,K2InAgCl6,True
25163,Li2NbO3,False
38468,Te4Mo3WSe2S2,False
23172,TiCo3,False
28675,Co2P2O7,False
14920,BaLi2Ti6O14,False
5810,CaP2Pd2,False
9739,BeTcW2,False
52604,BaBrCl4,False
37591,CaMoN3,False
50393,Zr2SiMo3,False
15106,VGaO3,False
36268,NiPS3,False
54451,GaPS4,False
3188,BaSbBr2,False
54443,P3F,False
33392,LuInAg2,True
22944,Te4Mo3WSe4,False
17529,LiHF2,False
5328,BaTl2Bi,True
38496,SrSnB2O6,False
46494,Te7Mo6S5,False
7892,MgBeGa,False
39798,Na3CdPCO7,False
25733,CrO3,False
17124,BiSbPt2,False
20140,LiMgCd2,True
42158,K2Mn3S4,False
32531,USiS,False
17432,Ba2UCoO6,False
31288,MoO3,False
42084,TlInAs2O7,False
12439,BeCu2Rh,False
23877,Cr2GaN,False
27915,RbCO2,False
19350,AlCrF5,False
15416,CdCl2,True
282,Mn2SnRu,False
23547,LiHoSe2,False
27098,Ti2CuS4,False
34228,TiVRe2,False
54016,IF,True
37727,TbBr,True
15667,K5Bi4,False
51646,PBr,False
20604,Li2B4O7,False
38785,Er2Si2O7,False
3375,LiCuH4Cl3O2,False
19540,NbCo2,False
1345,BeCu4Pt,False
13584,Yb3Si5,False
51380,ZnCuSi2O6,False
14188,KIn2Ga2,True
40600,BiSCl,False
408,TiTl2F6,True
26111,TiMn2Cr,False
3925,Ba4CuRu,False
40182,Sr6GaN5,False
40737,NaCdF3,True
34953,ErCoSn2,False
15735,Rb2NaGaCl6,True
32759,Dy2ZnGa,False
11832,ErCo3B2,False
48613,BaZrTe,False
47517,SrAcCd2,True
45433,AlRe2,False
23056,K2TeBr6,False
48186,V2O5,False
7994,BeV2Pb,False
51786,Ni2Hg2OF6,True
30717,TmSnGe,False
1752,Ba4MnTe,False
35832,SmAs3,False
42503,AlVFe2,False
20417,BaCo4O8,False
32353,BaMgSb4O8,False
41479,PbO,False
2020,CaCuH4C4O8,False
20782,YbRb3,True
49357,HfMgO3,False
35587,YOsO3,False
37,Ba4CaRe,False
12843,PtO2,False
46564,MgSc2Se4,False
2146,Ba3B2N4,False
18828,MnNi3O4,False
29083,SrGeO3,False
5109,Li9S3N,False
18318,AlZnCu3Se4,False
45654,DyBi2IO4,False
19926,ThBi,False
11861,TmIO,False
35670,Ca6Al2NF,False
46219,Hg2Os2O7,False
868,LiBe2Cl,False
33227,TaSnRu2,False
27898,LiY2Ag,False
8713,NaLiBe2,False
11092,TiH2,False
24123,BaCo2P2O8,False
45218,ReO2,False
46594,NaC3O3,False
27990,EuTlS2,False
9819,BeTc2Pt,False
16670,NaBiS2,False
40004,SrHfO3,False
38365,Ti2Co12P7,False
52577,SrLaGa3O7,False
30101,MnReO4,False
16625,K3AuCl6,True
15939,Ho2MgOs,False
9994,K2TeO3,False
25738,CoF3,False
41413,V4GaS8,False
34589,TiSnPd,False
24716,TlBS3,False
46684,YCo3,False
15223,Mg5Ag,True
25250,K2NiAs2,False
37933,NbCr3,False
42111,TiTc,False
40093,NiSO4,False
42444,K2Ca3Si3O10,False
49207,H3C2SNO,False
8614,CaBe2Ru,False
36825,AlBr4,False
35403,DyAlO3,False
29086,Ba3Al5,False
42606,Ga3Se,True
15095,CaMnSb2,False
19786,HoLu3,False
21720,Rb2S,True
34768,MgSbPt,False
42937,Na2YPCO7,False
21731,Rb3InO3,False
33404,Te4MoW3Se4,False
30697,LiB6C,False
14857,Mn2SiP4O14,False
29657,BaGaSnH,False
1465,Mn3O4F2,False
3959,BeGa4Sb,False
54038,MgPO,False
45219,VTeO4,False
14728,EuGa4Au3,False
2472,Zn2SiH2O5,False
31554,Li2PmPb,False
11022,LiCa2Be,False
15796,Mn3Ga,False
17910,HfNbC2,False
41762,Hg6BiSb4Br7,True
42465,CoTeO3,False
36707,LuCl3,True
41241,Sm2In,False
48161,ZnSO,False
7853,LuNiGe2,False
8327,Be2CdRu,False
13933,Mg2Zn,False
30228,CrO,False
45336,CuNiSb2,False
1924,Ba4ScP,False
29478,NaTl2RhF6,True
26384,NbCo,False
25652,H7NF4,False
46317,K6MgO4,False
44559,Zn2GaSe4,False
1902,Li4BeSe,False
21508,HoAlNi,False
35655,Yb2Rb2O5,False
175,YSn3,False
46798,NbW11Se24,False
4738,KBaTl2,True
19010,CuAgTe,False
49007,RbSbCl,False
24799,Ba2CaOsO6,False
78,Te2MoWSeS,False
4420,PrFeAsO,False
15760,VCu3Te2Se2,False
42501,CaHoZn2,True
45518,Hf2Ga3,False
35761,ZrP,False
52454,Dy3Fe2Si7,False
26507,Co3Mo,False
48842,CaZrO,False
26260,CeMg3,False
46296,KNbAg2Se4,False
4360,Pr2Ta2Cl2O7,False
16202,AgIO3,False
376,Ba4MgBe,False
40144,TbIn3,True
34032,Al12Tc,False
12779,BeCuOs,False
48619,Zr2TiPb3O9,False
16840,ZrTiTe4,False
36192,CS2NF5,False
24664,ZnSe,False
3046,LiIO3,False
34878,NdCuTeO,False
43823,Sc7CBr12,False
28385,LaCo5,False
19318,Al3V,False
3207,SrRuO3,False
8640,Be2FeBi,False
22229,BaC2,False
53933,SnHCl,False
34873,TmS2,False
17642,Nd2Si3Ni,False
38931,Sr7H12Cl2,False
46809,Cu3Mo2H2O10,False
14130,MgAu5,False
49828,SnH12C6F2,False
31416,Na2CoP2O7,False
51611,Br2O,False
24062,CaFe2N2,False
5011,Ba2TlZn,True
526,CaBePO4F,False
3052,NaH12AuC4S4O12,False
35967,Ac3Pr,False
12613,BeNb4Rh,False
34642,TaNbTc2,False
40384,CeB6,False
54119,PmAg3,False
19963,TbCuNi4,False
2709,BeGa4Mo,False
12791,SrBeCl4,False
29977,UFeC2,False
38890,NaBiPd2,False
39520,V2Zn2O7,False
31368,TbSnAu2,False
11127,NdB4,False
36866,TiH8N2F6,False
28290,Eu2H3Br,False
5840,Al5BO9,False
20096,Hf2SnC,False
7045,BePRu2,False
20474,BaMg2Ge2,False
21890,MnAlRh2,False
7612,Nd2TeS2,False
24023,NdCrO3,False
46147,SmNi2P2,False
19328,DyZr,False
52949,OsCN,False
51444,Co3O4F2,False
49179,GeC3,False
2888,K2PAuS4,False
16309,K2RbBiI6,True
48868,SnH24C13O6,False
21058,SbN9,False
1919,AlP2H5O9,False
13643,SrMg,False
47862,Mn3Cr2N4,False
37969,CrSbS3,False
26232,MnN,False
14459,Mg2Sb,False
274,Ti2GaNi,False
18776,Li2InPb,False
19853,LiTe3,False
36607,SmHoZn2,True
2103,UAlIr,False
8397,Be2SiOs,False
33675,Tb5Si3,False
53049,YCl2O,False
25786,CaCo4O8,False
40397,CdAuO2,False
37556,AgClO2,False
14732,NiPt3,False
83,NaVO2,False
32825,KMgBi,True
25925,CrN,False
41981,Rb2ZrO3,False
40101,Ba2CoB6O12,False
42712,AlNi4As3,False
53393,HfSiTe,False
18241,Rb2PrAgI6,True
48043,SrInF,True
48934,Na3ClO,True
10417,BeBiSe2,False
52610,Dy3Ga8Ir3,False
20437,Sm2Ga3Ni,False
50861,YGeRh2,False
40585,PuPd,False
53869,Ba2Se,False
10843,Be2NbPb,False
12868,Sc4BeTc,False
26446,NaPH3NO3,False
33730,CeMgAg2,False
36074,Tb2CuGe4O12,False
47409,HoTmAg2,False
13800,K4ZnP2,False
50786,AlSbO,False
27835,TaTiRe2,False
1870,As3HO6,False
6614,InSe,False
47627,CaGaSi,False
21274,PtO2,False
42655,HfTiO4,False
32029,LuSnRu2,False
46949,Mg3Si8Ir3,False
34598,TaGeRh,False
33127,PH6NO4,False
2991,BaSn2Sb,False
35585,LuBr,False
24943,BaReH9,False
28063,InC3,False
34811,LiHf,False
40221,CaCuO2,False
22956,SmAlGe,False
22611,Rb3ErO3,False
15125,YbCu2Ge2,False
18937,SmSi2Ni2,False
13104,MnBe2Ir,False
52694,Ce2Mn3Cu9As7,False
7060,HfNbO4,False
8194,Be2SiRu,False
33701,MgScGa,False
40601,Ca2AgSn,True
17131,K3Ca,True
15418,K3RhF6,True
28332,TiNi,False
51427,Na2Ni7O14,False
33299,Lu2Cr2C3,False
1937,BeFe4Si,False
24053,Mg3Si2H4O9,False
52622,BaSbCl2,False
44100,KTl2GaF6,True
50459,SN2,False
11983,BeCr2W,False
38802,AlTlSe2,False
28454,CrGaFe2,False
43916,Mg3Si4H2O12,False
18114,KThTi2O6,False
2172,Na2Te2O5,False
6031,ErCu4Au,True
44027,Ag2Bi2SeS3,False
36749,TbTmRh2,False
19985,Ba2MnNbO6,False
9839,TaBe2Ni,False
21368,Be4AlNi,False
52986,Dy8In3Co,False
29924,BaZnNi4O8,False
12328,LuB2Ru3,False
40876,ZnCo4O8,False
27631,Sc2MnSi,False
20246,Te2MoW3Se2S4,False
5034,BaTlSe,True
50000,MgTa4O12,False
9823,ZnAsRh2,False
30447,Sm5Mg,False
7460,Be2NbNi,False
8804,HfBeP,False
44122,Na2CrH2F8,False
37828,TaFeO4,False
979,Ba4MgPt,False
14075,AlCo,False
8105,EuIO,False
7780,Be2OsCl,False
4001,BaTaBr,False
51517,NaAlSe2,False
9833,Be2IrPd,False
21980,Al2B2Ru3,False
13531,KCo2Se2,False
2037,CaCdAu,False
51614,BaCaBi,False
9720,SrMnBe2,False
11271,Te6Cl2O11,False
40123,TbSr3RhO6,False
31259,HfFe6Ge6,False
46419,BaCuAs,False
2920,BaZr4Nb,False
30287,Ba3AsP,False
28010,MnTe,False
23832,BeAlH5,False
49203,H3C3SNO,False
19646,Sm2SCl4,False
22303,CaMnN2,False
10485,BeTc2Sb,False
48698,CaAsO,False
21174,AlGaN2,False
35343,Ti2O,False
1560,K6Na3AlSb4,False
201,TiAlNi6,False
40640,LiCeSn2,False
4297,CuI2O6,False
36554,MnP2O7,False
11765,HfMg6Ni,False
23120,LiSbTe3O12,False
22800,Rb2TeBr6,False
4092,Y3Au2,False
1444,SmSb2Pd,False
20354,InSnTe2,False
30511,Cu2P2O7,False
34726,MgPaRh2,False
32104,LiMgSbPt,False
51173,LiInSn,False
11280,Nd3Ti,False
1524,Na8SnO6,False
22779,YCo2S4,False
34486,LuTe2,False
6770,AsPtRh2,False
21149,SrHfN2,False
17934,K2YHgF6,True
50374,CoC2N,False
52775,Ce4H11,False
42936,Mo2SeS3,False
36966,CrSbO4,False
1911,Ba4ZrHg,False
20640,AgF2,False
20884,Mn3AuN,False
23841,LiMgH3,False
19009,Tm2IrPt,False
30764,Mn4O7F,False
2278,Pr3RuCl3,False
14548,YbTe2,False
18549,Ga2CoNi,False
53376,YbFeO3,False
47559,CoRh,False
19228,TbIr2,False
36802,TbKO3,False
48838,CaZrO2,False
29070,Sr2SO,False
14271,K2PrCuI6,True
51539,CaHBr2,False
3315,MgTi,False
52511,Zr3TiPb4O12,False
7028,PbBrF,False
54373,Li7Mn2Co3O12,False
6714,Ti2BeCo,False
31379,CeZrO4,False
3693,BaSnW2,False
6443,LaPd3,False
46376,Ni3S4,False
31033,CaPmZn2,True
21263,SnO2,False
6808,MnBeV,False
1826,LiUAsO6,False
49847,ZrPbS3,False
18305,ZnIn2Cu2S5,False
32456,MgAsPt5,False
51770,PdSCl,False
11052,NaBe2Se,False
705,SmGePt,False
36254,AgClO2,False
47108,YbBr2,True
39409,Ba4LiGe,False
20018,Y2ZnRh,False
36468,NaS,False
51217,LiFeSiO4,False
4580,EuCu,False
43381,LuMnO3,False
32043,HoTlS2,False
35704,SrAlGeH,False
48539,Ba2Cl,False
20947,La3InC,False
29631,SrGeO3,False
43904,MoCl2O,False
34555,FeHO2,False
43487,PuGa5Co,False
18608,CdH4C4O4,False
48236,ScPSe,False
8708,BeCrW,False
30312,Ba4HoRu3O12,False
15899,Ta3Ru,False
14830,MnSi2Ni,False
26258,SnPS3,False
7174,CaMn2Be,False
12483,EuI2,True
30178,BaMgSn,True
48419,Sm2Ga3Fe14C2,False
7736,Re2MoAs,False
40732,Li2HIO,False
52880,Sr2NCl,False
50669,SrGaGe,True
942,Ba4SnTe,False
14698,KSe3,False
44276,ZrZn2,False
48395,LiAs,False
109,Ba4VMo,False
51599,VO2,False
1111,Mn3O2F4,False
1951,CaNi2N2,False
45881,CaSi2,False
20330,Ce3SiS2,False
6224,RhBr3,False
17083,Te2AuCl,False
28681,Y2ZnPt,False
28376,VFeCoSi,False
39087,SCl,False
3741,Mg7Ga,True
18334,FeRh,False
12947,Be2ReOs,False
18725,ThIn,False
50753,NaBH4,False
36212,Ti2MnGa,False
1862,Ba4CaRu,False
17651,YbEu3,False
41494,SiPt2,False
8034,Ho3InN,False
15472,NdMg,False
49033,H6C7SN2,False
34212,LiCaO3,False
32688,Sc2FeS4,False
52006,MnFe3P4O16,False
2212,Ca4BePt,False
53381,HfSe2,False
14846,Li3AsS3,False
15212,MgSnO3,False
8946,LiScVO4,False
9124,Mg6NbCr,False
7915,Ta2CrO6,False
52678,Li2La3NdSb2O12,False
50481,P2Cl,False
36360,Sc2C,False
28416,SrLuCuSe3,False
32543,Nd2SiTeO4,False
51080,S2F,False
1359,SbSBr3F6,False
39973,VNi2Sn,False
25212,ZnGa2O4,False
49744,YGa3B4O12,False
42522,TiAlF5,False
44347,LiNiF3,True
53340,LiO2,False
8880,SrBe2Cd,False
15129,ErPt5,False
31156,AlV2C,False
42870,NaCrN,False
22427,BaZrO3,False
36368,ZnCu2SnSe4,False
30040,Li5AgF8,False
24666,ZrRh,False
45956,Yb3PbO,True
18494,Rb2AgAuBr6,True
50233,CsCa3,True
38440,HfZn2,False
29423,ZnCO3,False
44324,AlTl2Cu3Se4,False
50955,Ca2PdPt,False
24294,DyCr2Si2,False
49251,Sm2Ga2Fe12Co3C,False
32206,Cr2CuTe4,False
10627,Mn2SnS4,False
29097,BeCl2,False
3093,CrCuO2,False
8634,K3Cu3As2,False
38530,TlCrS2,False
51071,Lu6MnBi2,False
35904,HoCdHg2,True
45601,TmCuAs2,False
25281,LuTlO3,False
5403,BeVCo,False
38096,Li3VF8,False
33698,ScCoC2,False
25453,Li2SO4,False
12286,K2AgAuCl6,True
52338,SnHI,False
2170,LiBH2OF4,False
24720,NaGaO2,False
7064,Sc2BeOs,False
20813,SnB4O7,False
53951,CeFe9Si4,False
30772,LiDy2Ir,False
39573,MgCl2O,False
5271,Ba2GeP,False
42821,CdI2,False
17959,Na3Cd,False
35030,Al3Cu2,False
25915,Tb2S3,False
46787,DyCrO4,False
54331,WCl2O,False
40976,Sr2Mn2O5,False
44902,NaAu2,False
27305,CrBiO4,False
50737,LiBr,False
28190,NaZnPd2,False
29796,MgNiGe2O6,False
18651,Rb2NaDyCl6,True
16844,SnPbSe2,False
1960,CaTeO3,False
16726,LiY3,False
34174,NpAl8Fe4,False
10272,Be2TlP,False
51051,Tb2ZnIr,False
49529,BaLi,False
291,Ba4TlTe,False
8075,HfBeBi,False
30449,NaMgF3,False
26798,SmZrF7,False
2608,Si5P6O25,False
49722,Li2TiV3O8,False
49962,CoNi2P2O8,False
47060,Sr3B2S6,False
11469,CaGa2As2,False
37415,Li3Ga,False
5473,Cu4S3N,False
2393,La2MgCu2,False
43796,Ba2SmUO6,False
20711,Er2AgPt,False
50934,YbDyPt2,False
30873,Ti2FeIr,False
3491,ErAgGe,False
18147,TiGa,False
21901,Sm2Pt2O7,False
11878,CaCuP,False
7063,ErZrSb,False
5940,PrAl3B4O12,False
21802,H8C5O2,False
36765,PbAuO2,False
2052,CrMoF6,False
3035,NaLiMnPCO7,False
3373,Cu3AsS4,False
3924,Na2Bi5AuO11,False
14634,SbH3C2O4F6,False
11219,BeCrPd2,False
2994,Ba4Ti2PtO10,False
50449,MnCu2SbO4,False
13068,Be2InTc,False
38715,PtCl2,False
33248,Li2PrAl,False
31340,NdNi2As2,False
27463,Sr2BN2Cl,False
8219,NbAsAu,False
34116,LiCo6P4,False
46297,Sr2Ge,True
9549,Mg6AlSb,True
44857,Y2Ge2O7,False
17695,RbInI3,True
6070,LiVF4,False
32322,Ag2GeO4,False
18607,Ti2CuIr,False
22452,MnSn3,False
37814,Sc2MnSi,False
8759,MnBe2V,False
11629,YbSeO3F,False
1190,KBaSn,False
28016,EuSe,False
1487,ZnSeO4,False
11495,Hf2BeGa,False
5106,Ba2NaCu,True
22291,Br2O,False
21329,YCuP2,False
53969,NaHF2,True
53796,BaCaBr,False
12730,ThMn4Cu3O12,False
9333,SrH2,False
16200,Th3Hg,False
48661,Li4Mn3FeO8,False
33965,LuAl3,False
2171,CuSeO3,False
11657,Be2NbOs,False
3871,Na4BeTc,False
52155,SnOF2,False
28682,LaZnGa,True
35545,ThGa2,False
14877,Ba4Pt,False
38127,Sm3Pd,False
14884,LiHoS2,False
23714,NaC,False
34672,K3Zr,False
45888,NiTe4O12,False
8974,Sr2CdWO6,False
45918,H5PbCI3N2,False
52919,LiAlAu,False
5561,Ba4PtSe,False
3295,Rh3S4,False
15520,MnV,False
22696,Cr5Sb3O16,False
5055,Ba4GeIr,False
39012,YbCuBi,False
26553,NdZrO3,False
14999,DyLu3,False
51391,HoAl6Fe6,False
13262,SnSe2O6,False
15059,SrTcO3,False
1687,HgH16Br6N4,False
50831,CoAsPd,False
5334,UAsP,False
3840,BaPbSe,False
35411,Al2SiO4F2,False
4434,As2PbO6,False
17777,TmSbRh2,False
32309,CaLaZn2,True
3218,ZrTe5,False
51641,V4OF11,False
6570,ZrMn2,False
34960,Dy3Y,False
31871,AcAl3,False
13312,BeReBr2,False
760,UO2,False
17440,LaCo5H4,False
1944,Rb3Cu8S6,False
27843,Mn2Ge,False
6223,Na2BiAu,False
20401,Ba2Cd,True
39381,DyHO2,False
41450,MgZnAg2,True
11973,CaBeBr2,False
1470,Ba4MgCo,False
51531,CaMg,False
44677,Sm2MgPd2,False
19849,Ti3Al5,False
21183,LiMnPO4,False
52501,MgIO,False
31783,PrDyMg2,False
37979,Li4CrFe3O8,False
53418,BaZnO,False
16656,CoSi4Ni,False
23386,ScH3O3,False
40011,SiO2,False
43090,YbAsO4,False
39331,La3Ga4Cl,False
1163,RbMnO2,False
10050,CeSe2,False
1705,Li2FeF6,False
12129,Be2InOs,False
16401,Hf5ScSi4,False
46167,LiCoP2O7,False
40603,Rb2Hg7,True
20587,U5SiS4,False
38764,Li4Mn3FeP4O16,False
12257,TaFe2Ge,False
10776,Li2H2Pd,False
22764,YbPO4,False
34503,BaSi2,False
30103,MnPO4,False
39181,Li3FeP2O8,False
20817,Sr2PtAu,False
48485,LiH,False
4365,TbSi,False
48088,Mn6O5F7,False
461,Sr3Pr2B4O12,False
16335,HoMn2Ge2,False
22587,Tb2SbO2,False
43412,K2InGaF6,True
54227,NaZr,False
49644,NaMoO,False
23099,TlBrO3,False
50344,PdSeBr2,False
2159,SmFeSb2,False
40517,LiMnFeF6,False
34199,Er3AlC,False
49891,Pr2UTe5,False
70,MnBeIr4,False
44795,FeTe,False
23566,Ca3SiBr2,False
26392,ZnSb,False
16377,LiMnSiO4,False
4419,BaHgSe2,False
22512,Mg3H2O4,False
54290,ArSn7,False
34842,In2AgSe4,False
48991,Cr2CuO4,False
39439,Al2O3,False
39639,Li2CoO3,False
24579,ZnSbF6,True
9593,SrBeBi,False
46081,Hf2S,False
23629,FeS,False
37741,AgN3,False
12758,LaZnO3,False
36219,NbCr3,False
3469,CaAs2O6,False
8263,KMo3S3,False
2623,TiBeZn,False
10791,ZnH2SeO4,False
8214,Mg2CoH5,False
505,K2O,False
7806,BeAgW,False
36333,ZnCoF6,True
28883,CoN,False
45494,Yb3U,False
35887,Sr5Sb3,False
22,Te2Mo2WSe2S2,False
31339,PmCdPt2,False
11293,BeBi2Cl,False
28001,Li2VOF3,False
12305,Mg6TiGa,True
24031,Ca2Pb,True
26411,VTeRu,False
18713,NbCu3S4,False
46944,CuAsPbS3,False
7650,SrBeBi,False
42908,Rb2KBiF6,True
23790,Li5CuSO2,False
51554,MgSeO,False
46228,Pd4Se,False
49777,Nd3NbSb5,False
32692,Li2Pt,False
53078,AlAsO,False
26352,PbCClO2,False
39399,Mg4BePd,False
54464,YbSn7,False
17278,NdMnAsO,False
45857,YbIr2,False
12264,KFeS2,False
24939,PuRh3,False
37989,Na2GaPCO7,False
42895,Rb3LuO3,False
27175,FeSe,False
49351,Fe22B6W,False
52465,HfO,False
9056,BeZn2Ga,True
14501,Nd3SnN,False
11501,KFe2Se2,False
19442,ZrTi2O,False
9134,CaMgBe2,False
35934,YbMoClO4,False
14168,AlBiO3,False
39196,Li2Cr3FeO8,False
40954,Th3Bi4,False
52287,HF,False
53613,InBrO,False
30337,MoO3,False
7639,LaFe2P2,False
17923,Sm2AsSe,False
16814,DyAg2,False
52845,BiPSe4,False
3017,TaTl3Se4,False
6043,K2OsO6,False
24061,KCaNb2O6F,False
16880,CoW3,False
40781,PtPb2,False
48880,TiH26C14O4,False
51909,H4NCl,False
9061,BeNb2Ir,False
22263,Zr3Si2,False
1978,Fe2O3F,False
54267,Li3Mn2CoO6,False
37403,Tm3Ga,False
690,PaNi3,False
36475,CaH4SO6,False
4851,EuCu4P3,False
51632,NaF,False
10028,YBe2W,False
4885,MnOF,False
11058,SmCdNi4,False
28326,LiNi2S2,False
48061,Li2Bi,False
19697,Rb2TlAuI6,True
5805,FeOF,False
38663,K2VPCO7,False
54430,SrO2,False
32623,Li2InSn,False
37526,TbTlS2,False
38808,Ga3Co,False
8737,BeFe2Si2,False
16725,AlNi3,False
11396,LaB2Pt2C,False
28615,Tm2SeO2,False
11737,BaFe2N2,False
42327,YbWO3,False
13358,TiBe2V,False
30664,NiPb,False
18350,VCuP2S6,False
36123,CrB6H16,False
2341,YBr3,False
41042,PuSi2Os2,False
37952,TeMoS,False
26603,TlCuS2,False
31395,Tl6TeO12,False
24322,CdH2O2,False
22247,HgOsPb2,False
27089,Zn3Co,False
10184,BeNb2Ir,False
54223,SrBeBr2,False
5235,BaCrSe4,False
7301,Be2InP,False
43672,CoPtO2,False
49774,TiSO2,False
22035,K2NaCrCl6,False
2793,PrMnSi2,False
29050,CaB2H2,False
29440,Hg2GeO4,False
45294,BeO,False
18553,ThGeS,False
13796,LaGeOs,False
7918,BeZn2P,False
46118,Ti2MnO4,False
17087,Li8TiS6,False
47569,Rb2LiPrBr6,True
5543,Ce3Mg,False
37077,Sc3P,False
13438,Mg6SiC,False
21878,NdYIn2,False
37783,FePSe3,False
20283,Cd3Ir,False
2741,AuBr,False
38339,Li2CrO4,False
28200,HoCdPt2,False
28003,LiGePt2,False
27545,HfCd,False
50659,NaCrF4,False
10065,BeCd2Br,True
37370,SmDy3,False
45273,YbSb,True
44851,VF4,False
48327,Zr3Fe3C,False
389,SrH4N2,False
9926,BaS,True
44701,K3Sn5Cl3F10,True
47529,YbRu3C,False
49914,NaDy3Ti2Sb2O14,False
3708,Ba2BiCl,True
25982,ErTaO4,False
52036,Li7Co5O12,False
33097,Sc3Tc,False
2397,Ca4Al2H22CO20,False
24087,LiDyS2,False
34557,Sc2GaAu,False
44713,PrSb,False
38141,CaSiO3,False
45078,ThGe2,False
40994,NdSi2Pt2,False
27924,Sc2HgPt,False
821,Sr3Hf2O7,False
22341,CaSc2O4,False
26014,SrCaI4,False
13987,RbPH4O5,False
47474,VSnRh,False
31903,LuGa5Co,False
30903,Ga11NO15,False
26990,CaCo4S8,False
54529,LiH2N,False
45588,DyMg3,True
32277,Sc2AlOs,False
16173,RbAuS,False
29358,ZrSeO,False
46875,TeMo2SeS2,False
3943,BiSe,False
27344,Te6Mo2W,False
21641,Rb6Br4O,True
26737,Ba2AlCo3O8,False
38852,Tb2Mn2O7,False
6884,KBe2Tc,False
10232,Fe4O7F,False
9848,Mg3MnTe4,False
13318,BeVRh,False
15487,YbFe2Si2,False
12294,H6CN2O3,False
11181,MnBeGa,False
49733,Sm3Rh,False
50256,Li2GeSb2Te5,False
5000,Ba4TlOs,False
21691,AlCoO3,False
2080,SrCuO2,False
47769,NaCS,False
10604,Ba4HfP,False
17823,V2O3F3,False
34452,NaCrH8N2F6,False
43200,Pm2S3,False
50710,AlH2O2,False
4310,Li3FeO4,False
35301,NdSb,False
29359,CaB2,False
23176,CaFeWO6,False
42106,TiPd,False
2856,B4Rh5,False
53606,NaCaAs,False
6703,Tl2CdSnTe4,False
32349,Dy2InGe2,False
16800,Ho2CuO4,False
29544,Tb3SiBr3,False
3796,BaCaHg,True
17986,YbLiAu2,True
19740,Ca2TlHg,True
21076,La2AlGe,False
16114,Cr3SbO8,False
37269,H10C3NClO4,False
11650,BeNb2Pt,False
32411,TbNiSn,False
46411,Sm3Ge5,False
10670,Zr2BeGa,False
24420,Zn2PtO4,False
51647,NaPdS,False
48819,H5C8SNO,False
28094,BaI2,False
9956,BeGeW2,False
20250,SrHfO3,False
32828,DyAl7Au3,False
35023,PrEr3,False
25364,Li3NbS4,False
37753,Li3V4O5F7,False
33886,LuRhO3,False
21934,Ti5NbO12,False
40726,DyGe2Ru2,False
9984,TaBe2Pb,False
32145,BaSi2,False
31477,Li8PrO6,False
20488,TiH8C5O4,False
48853,Li3Co2O5,False
40078,TbInIr,False
713,Ba4CdHg,True
7099,Te2W3S4,False
36329,TaN,False
16103,Zr2Al3Ni,False
23911,SrLu2O4,False
23332,BaHfMo,False
46020,TmCoC,False
14893,CrIrO4,False
24756,MgCo2O4,False
34026,SiO2,False
44687,Ga2NiRu,False
26877,Cr3Fe,False
25500,LiC2O2,False
20265,ZnSiAs2,False
50088,BaCdO,True
33223,Ca2TlCd,False
33306,NaTl2Cd,True
25450,TbCeO4,False
268,LaAs,False
12007,KZr2P3O12,False
545,Ba4SbSe,False
31793,NaAcTl2,True
10580,BePSe2,False
52483,SrInI2,True
22646,H6C11S2O,False
42511,Na3Ca,True
25834,TlFeS2,False
24989,CaC2,False
32959,LaMgZn2,True
28587,CaMn2O4,False
12871,SmCuPb,False
53648,SrMn7O12,False
28132,LiMg2In,False
22776,Na2H6PtO6,False
41053,Cr2CdS4,False
34292,Ba4LiTa3O12,False
23623,TaPbSe2,False
41967,PrPd2O4,False
43319,KrF2,False
51175,BaTe2,False
27142,SnO2,False
126,Ba4BiTe,False
2201,Nd3Ni13B2,False
13428,CeGe2Rh2,False
7699,Ag3O,False
21115,Li4ZrGe2,False
25019,ZnIn2S4,False
26735,CaMg,False
52284,HF2,False
51730,LiCaAs,False
11287,LiBePt2,False
36628,Ba2Bi6O11,False
13342,UGaCu,False
4321,Pb2OF2,False
11264,HfBe2Tc,False
1649,BePdBr4,False
23479,YbMnSi,False
23241,FePO4,False
2483,RbZnF3,True
43187,PrCuO3,False
16340,K3GaF6,True
8626,BeNbCr,False
32565,GaSiRu2,False
25084,Tm2SeO2,False
44990,Te2MoW3S6,False
24608,LiI,False
43338,Zr5Ge3,False
24271,BaYVCuO5,False
26648,TiCo,False
6173,Eu2Ga3Ir,False
45255,KRu4O8,False
35648,Ti3Te4,False
12087,Y2Mg,False
31923,Rb2MgCl4,True
19751,SiO2,False
51971,VO2,False
49332,MgPH,False
19255,BaSrHg2,True
34050,Sc3Cd,False
43728,Nb6AlGa,False
18430,CrCN2,False
20744,H6C11SO2,False
34942,Yb3Tc,False
41679,LaMg4Cu,True
3892,Ba4SbMo,False
8487,Na2HfBe,False
15933,TbAlNi4,False
53115,Er4MgRh,False
48878,CdF,True
8986,Be2InPd,False
13805,Ni6SbTe2,False
53908,PdHCl,False
3665,Ba2TiSb,False
13895,ZnS,False
4591,BaScTe,False
53353,BaC3,False
22130,ThNiGe2,False
19690,NiRuBr2,False
10587,Na2BeBr,False
29417,MgMnO2,False
17306,AlCl3,False
53159,LiMnCSO7,False
6546,HfBePt,False
5616,Cd2RuC6N6,False
15880,Ti3ZnHg4,False
35325,Si3Ru,False
30073,ZnTe,True
19505,Nd2CuSi3Rh2,False
16115,Al2ZnTe4,False
23938,Li2CuSnO4,False
1326,Li2Te,False
27414,CdI2,False
15539,TiMnSb,False
3273,Na2MgInF7,True
29341,V2ZnO4,False
42385,Ba4BiCl,False
48595,BaTlTe,True
41191,LiBeBO3,False
19162,Bi3Au,False
9666,BeGaP2,False
9413,CaUO4,False
2751,Na2FeO3,False
35685,Ge3B,False
6085,ZrTaBe,False
16170,KFeSeS,False
17484,Nd3SbO7,False
46377,TmCdPt2,False
10080,Be2TcBr,False
40159,NdFe2Ge2,False
10114,BeBiF3,False
31436,PmAu3,False
30845,ZrNCl,False
687,RbFeSe2,False
8473,TlBAs,False
51751,Mg2CuAs2,False
10987,CrP2,False
7790,BeGa4Tc,False
45023,CeAgAs2,False
21087,In3Pt5,False
38648,Na2B2Se7,False
22966,Li5VSi2O8,False
3092,SmSi2Pd2,False
21288,BaCdPb,True
31752,MnGaIr2,False
53788,Rb2AuSe,True
38907,ZnSb2O6,False
4028,Rb2ZrCl6,False
38165,Li2VO3F,False
2625,Na6NiO4,False
47900,MgCrF3,False
24665,Li6CoO4,False
23808,InNi3,False
2446,Sr2CuCl2O2,False
49265,NaGeS,False
45893,Tl3AsO4,False
50387,ZnCN2,False
40222,MnF4,False
30809,Ni2SbTe,False
11668,Be2MoW,False
11128,BeCr2Se,False
7908,ErRu2,False
191,V4O3F9,False
4976,Zr3Fe,False
52991,Li4MnGe2S7,False
48531,LiSe2,False
51493,LiCrPO4,False
52097,InNF2,False
32784,HoSbPd,False
44353,NbTc2Sn,False
31771,TmThTc2,False
52447,Ga5CuSe8,False
40152,In2Ni3S2,False
4344,BaSeBr,True
52413,H2S,False
23117,Sr2Nb2O7,False
28039,KSO4,False
20550,ZnCu2O4,False
23327,Li2Ti3CoO8,False
47956,RbPbCl,True
2747,KLaSiS4,False
34325,NiPbO3,False
18543,K3Sb2Au3,False
48974,NaYCl,False
50907,HAuO2,False
27754,TiTc2Sb,False
37744,HfAlIr2,False
46327,Y3CuSiS7,False
50911,YZr2Co9,False
54019,I2F,True
42272,MgTiCo2,False
2425,SrAsPd,False
35767,NbS2,False
4050,Ba4TiRe,False
49824,Er4CdPt,False
44270,Pr3Er,False
12654,TaBe2Hg,False
13147,Li2CaN2,False
20994,Li2GaSb,False
13838,NbSe2,False
42208,CeI3,True
30189,CoO2,False
42754,CeEr3,False
13139,Sr4SeS3,False
32308,SmC6,False
10405,LiMnBe2,False
2654,Sr4ZrBe,False
6477,BaNbBi,False
1662,CS3N4,False
17512,Sn3Sb,False
27776,Li2ErIn,False
40195,NaIO4,False
53089,BaBe2P2O8,False
31283,Sr5As3,False
38854,SmAu,False
28494,LiHfAu2,False
18673,Ti2AlW,False
25421,CoSO4,False
28231,MgCuPd2,False
42970,Ca3SnS5,False
53092,HfCrAgS4,False
19462,MoWSe3S,False
43450,Tb2FeSi2,False
26003,Te4MoW,False
43230,K2CuAsF6,True
9297,KBe2P,False
41321,Ca2HN,False
9084,Rb2SnCl6,True
7229,Mn6OF11,False
27150,Mg2TaSbO6,False
29117,KBaAu2,True
39855,Ba3H12Ir2,False
42021,ZrP2,False
16358,MnSbRh,False
13954,NdCu4Ag,True
45696,Zr2InC,False
12913,TaBe2Cl,False
40974,TiInNi2,False
6309,MgNi2Sb,False
34311,PrGe3,False
42338,ErBi3,False
52774,GaFeNiO4,False
47196,Mo2N,False
23952,H2S,False
44499,LiCuP2O6,False
38490,ReAgO4,False
52236,Fe10O9F11,False
41424,Ca2FeN2,False
3358,ZrBeCo4,False
14929,NpF5,False
38301,Li2NiC2O6,False
35258,Sm3MnAlS7,False
53702,PbBr2,False
39389,KBaW,False
45685,NaLuPd6O8,False
41569,ZrPb3F10,False
47129,TaVN2,False
43597,HgAu2F8,True
32419,HfScRu2,False
40017,Ba2TlNi2O7,False
31081,AcMgTl2,True
8325,MgCu2As,False
28673,Mg2GaPd,False
41253,Li2ZrO3,False
23571,PdO,False
19485,TaMn2FeO6,False
27982,Mn2GeW,False
21366,Ti3B4Mo,False
38739,MgSnO2,False
19957,BaO,False
45639,UHg2,False
14686,Te4MoW,False
33649,LiNd2Ga,False
20259,ZnH16C10O4,False
18927,Mn4Sb3As,False
8522,CeTlPd,False
42969,ScF3,False
12341,LiMg6Al,True
19222,Pr3GaO6,False
7341,HfBe2Se,False
54161,ZrAg,False
8102,K2CuCl4O2,False
1594,Ba4YGa,False
23971,MnO2,False
32602,NaSmAu2,False
50791,Sr2FeCoO6,False
13778,GeP3,False
14442,LiFeSiO4,False
14178,Sr2InSbO6,False
15745,NdS2,False
16928,K2NaGaCl6,True
45205,Sc2Si2Ru,False
47620,Pr2Ge2Ru,False
29557,CaMnO3,False
38106,Li3VF8,False
6895,Mg2SiO4,False
34539,FeH4Br3N,False
11860,AgClO3,False
35822,RbSnCl3,True
45550,Cu3Pd,False
639,Ho5CoSb2,False
2512,KCN3O2,False
40881,ZnSO4,False
2191,V6O11F,False
42110,Sr2VO4,False
27216,MgCo4S8,False
23157,NaAsSe2,False
924,K2Ta15O32,False
35646,Mn2AlV,False
32279,Mo3WSe6S2,False
24526,Pr2CBr,False
44046,TiZnF4,False
44791,KSO2F,False
4343,Ba2LiV,False
13301,LiBe2Si,False
35389,CoSiCu2S4,False
33900,TiSiRu2,False
11239,HfBe2Tl,False
22865,CaZnSn,True
39251,CdTe,False
6115,AgSbO3,False
604,AsC3N3,False
22436,Cu3PdN,False
6962,CaBe2Ga,False
48533,Ho4Ga12Pt,False
41704,Rb2SeO4,False
30202,Ba3BiN,False
42473,Ba4SiBi,False
43176,NbFePb2O6,False
26761,Mn2Au,False
39132,CrO3,False
3026,TiBeBr4,False
18275,Y2Mg3Zn3,False
49606,Sr2FeCuPb2O6,False
3393,BeRe4Si,False
22131,Y2SO2,False
44611,Ba2PrSnO6,False
53603,TmSiPt2,False
17689,CaY2Te4,False
21472,Ho6FeSb2,False
17141,BaNaTl2,True
29832,ReC,False
19466,Th2Hg,False
38189,Li2Fe3CoO8,False
194,Na2TiO3,False
5306,K2BaBe,False
14737,ErSi2Cu2,False
12953,Be2GaPd,False
14165,Cr2NiS4,False
37719,CuP2H4O4,False
52517,VHO3,False
30391,TiMnV4O12,False
17115,Tb2AlCu,False
31511,Pm2MgGa,False
48899,AgPO,False
50947,Ta2H,False
42724,FeCo3P4O16,False
12610,LiV3O8,False
5660,Ag3AsS4,False
44283,MnAlN2,False
44425,U2Si3Ge3,False
43644,Te2Ir,False
5189,TiSe,False
43681,Li2MnFeO4,False
29890,Sr2Er2Al3Si5N11O3,False
14985,SrUO4,False
27196,Yb2HgBi,True
10552,Mn4O7F,False
4421,SmAu,False
39812,GaPO4,False
16996,Hf2FeRh,False
25431,MnPO4,False
15319,CuGeI3,False
9528,U2IrC2,False
52726,YbRbZnTe3,True
10958,Be2TcPt,False
5731,YCo3H2,False
20739,Pr5Mg,False
11771,ScBeNi2,False
4718,Ba4VRu,False
16825,Li2GeAu,False
19227,TaTi,False
24857,Sr3As4,False
24983,CrSbO4,False
48315,BaEr2S4,False
53690,PbBr,False
47738,As3W,False
39469,LiV4CuO12,False
52099,NaCrCSO7,False
28554,LaCuPb,False
27083,Sr4Al6SO16,False
32760,U2SnRh2,False
43100,ZnSnRh2,False
50827,SiSbO,False
18115,VPt3,False
19006,Ba2ScUO6,False
15313,MnMoO4,False
36937,Zn2PdPt,False
43511,Mn2Ge,False
12214,BeRuRh2,False
25262,K2NaGaAs2,False
10715,BeNbW,False
38418,NaNdS2,False
9123,Be2CuBr,False
40889,YbIn2Au,True
30510,Mo2Se3S,False
13442,Ca3CuIrO6,False
28005,CuP2,False
10802,Be2SiNi,False
43617,Na2Cr7O14,False
12485,ZrBe2Te,False
19671,FeCoSe2,False
46168,DyCdAg2,True
8209,CeGa6,True
18947,Li3Tm,False
8673,HfAl3,False
37439,AlICl6,False
47575,ZrCrW,False
36280,ZnH6Se2O8,False
1230,Sr2CoSe2Cl2O6,False
48809,U2Si5Os3,False
5879,TiBeTl,False
763,LiFe2F5,False
34220,NdDyMg2,False
47885,Tl3Ga,True
36999,PtRh3,False
26097,LiAlGe,False
45691,H5NF2,False
17898,Na2H6Pt,False
28313,Al2TcAu,False
41420,U2Cu4As5,False
40012,HoCuAs2,False
18378,Hf2CuTc,False
12151,Be2BiSe,False
21032,SmZnAgP2,False
38086,Li3V2F9,False
21726,ZrTi2O,False
53638,CuAsO4,False
48334,PuB2Os,False
20557,BaAs2Pd2,False
24045,MoO2,False
48063,SrGeP2O8,False
27386,YbDyRh2,False
47988,Mn6O5F7,False
48600,BaYTe,False
49576,LiFeF4,False
1401,LiVF4,False
18912,DySi2Ni,False
23024,LiFeO2,False
24183,NiO2,False
53156,SbTePt,False
29012,ScMo3O8,False
1343,Na2Si2O5,False
21868,KHg3,False
29084,TbTaO4,False
15501,BaMgP2O7,False
53336,BTe3,False
9190,TiCuGeAs,False
11911,Ca2ScBe,False
32556,SmZn,False
8515,Be2NiBr,False
18380,CaCu4As2,False
37630,Li2CuNiP2O8,False
53108,CaAlS2,False
321,KInO3,False
26684,SrHo2O4,False
50662,MgSi,False
44893,RbNaTiO3,False
32647,PaPt3,False
31646,LiAc2Ga,False
25412,LuP5,False
17363,CaAu2,False
32129,Y2IrPd,False
3997,LiCoO2,False
42403,Ba4LiPd,False
52657,BaMgSe,True
44333,K3Tl,True
28057,EuZn2As2,False
14632,CaScO3,False
52539,Li2AlO2,False
41231,ErNi2,False
4142,EuH3O3,False
37974,CdTe,False
9325,ThPd3,False
31080,DyGeRu,False
34437,TiAs,False
45072,SbBr3,False
51693,NaZn,False
2863,LiMnF4,False
51393,K3NdV2O8,False
53347,RbLiS,False
20084,LiScIn2,False
25443,Mn2NiO4,False
20298,K2SnF6,True
51054,ZrBO3,False
12221,CeAs,False
40337,Na3AlTe3,False
11046,CuSbPbS3,False
35355,MnBe3,False
33206,YbNdZn2,True
39052,K3Si,False
33990,LaHoMg2,False
47571,CdSb3,False
47078,Rb2ZnCl4,False
41998,HoMoClO4,False
17495,K2LiTaBr6,False
14601,CeSi3Rh,False
49414,ScIO,False
9438,CaBe2Cd,False
27640,TbInPd2,False
29427,GaMo4Se8,False
44291,MnCuO2,False
6027,Ba4YRe,False
5474,K3U3Si2O13,False
9705,LaAgSb2,False
28263,ErTlZn,True
2521,Mg3Ga,False
51861,CdO,False
47619,NaCr2BiO6,False
8534,NaNi2O3,False
26587,Ta2NiS5,False
30000,Mg2Ge,False
24297,NiH2O2,False
32629,AlGa3N4,False
37804,V3O4F2,False
14387,MnZnSe2,False
9729,SiAsP2,False
4626,BaNa2Hg,False
48908,Mg4VN4,False
34097,YAl10Fe2,False
7992,TmAlRh,False
42964,K3Mn2O8,False
6578,Ca3WO6,False
8887,Ni2HgAs,False
42341,YbAs3,False
36026,LuSi2Ru2,False
8747,Co2GeO4,False
50305,CdCo2N2,False
50102,Li2TiFe3O8,False
28619,AlGaPd2,False
20839,Ce3Hf,False
3316,SiO2,False
41215,CaAl4,False
40718,InPt3C,False
10960,Be2BiBr,False
44186,K2LiTlCl6,True
24947,Cd4B6O13,False
17773,ZnPbF6,True
24134,BH8CN,False
30878,LiAc2Ir,False
9981,Na2BeGeO4,False
53659,Na2Se,False
23531,ZnSe,False
15631,ThZr3,False
23012,AsF3,True
14029,SrLiBO3,False
9610,Fe3O4F2,False
9018,PtN,False
1442,ErGa2Pd,False
54091,Ag3Ir,False
2624,ErCoSi2,False
49989,Ba4InBiO6,False
12394,Ce3InC,False
20355,Li2Ni2BiO6,False
42664,Ce2Si4OsRu3,False
16972,SrGaGe,False
2338,Ba14Na14CaN6,False
30107,TcC,False
29534,TiZnF5,False
11894,BeNb2P,False
53461,SrMgO,False
28513,ScSi2Tc,False
17766,ZnIn2GeAs4,False
3252,Ba2MnBi,False
8028,Mg7V,False
2428,Be2SnHg,False
4195,Ba4BeRh,False
17543,H3C7NO,False
23728,RbPH2O4,False
22461,SnH8C4F2,False
6648,SrCd2,False
30255,Li5CuF8,False
54588,NeSm3,False
49191,Er5Ge2Sb2,False
6484,BeFeHg2,False
26626,KRbO,True
45507,TiIr,False
50999,BCN2,False
7985,CaBeTl2,False
17476,NdIr2,False
14944,LiMnF3,False
31140,Ba3CrN3,False
3325,Ca3Mg,False
35662,LiIn3,False
17747,K2CuAuF6,True
36249,LiYMo3O8,False
111,PdF3,False
33710,BeBr2,False
5664,LiMgAs,False
53321,BTe,False
53295,HCl2,False
23166,LiZrSc,False
96,SmSb2Au,False
22241,Li2Fe2S3,False
23766,VS,False
46203,TlCdSb,True
7763,MgTi,False
15377,LiCoO2,False
54370,U3Ta,False
17730,H10C13O,False
28030,CoB3W3,False
15725,RuF3,False
52734,CeTh3O8,False
