materials-id,composition,target
3,KBi,False
4,VSe2,False
5,TbMnSi,False
6,Ba4NaBi,False
7,SrFeO3,False
8,LuNi4Sn,False
9,MoW3Se2S6,False
10,Ba4CeMn3O12,False
11,Fe2SiO4,False
12,Ba14Na14LiN6,False
14,Li4Mn3Cr3O12,False
15,CdAs2O6,False
16,FeOF,False
17,Na2CuO2,False
18,SmSb12Os4,False
19,Mo3WSe6S2,False
20,PdSe8Cl2,False
21,BaGe2,False
22,Te2Mo2WSe2S2,False
23,LiSbF6,True
24,AlAs,False
26,SiS,False
27,Ce2Al16Pt9,False
30,LiMn5O3F5,False
31,YCoC2,False
32,Rb2PdI6,True
33,TbTaO4,False
36,Ba4TaZn,False
37,Ba4CaRe,False
38,Ba4TeSe,False
40,Ba4HgPb,False
41,Bi3Sb,False
44,Ba4LiHf,False
45,Rb2GeB4O9,False
46,BeReBi4,False
47,Ca4BeW,False
48,Na2Cr2O7,False
49,BeCu4W,False
50,Ce3Si8Ni2,False
53,Sr2Ti2As2OF2,False
54,YMg,False
55,NiN6Cl2,False
57,Te6Mo3WSe2,False
59,KBaZn,True
60,Ba4MnW,False
61,Ba4VSe,False
63,TiCrAgS4,False
64,Ba4NbBi,False
65,Ba4CaSn,True
66,KMoP2O8,False
67,Ba4HgSb,True
70,MnBeIr4,False
73,MnCoO4,False
74,LaAlH6,False
75,Rb2MnCl6,False
76,Ag2F5,False
77,CeTiO3,False
78,Te2MoWSeS,False
79,LiSiCu2,False
80,Zn2Ga2S5,False
82,Li2VO2F,False
83,NaVO2,False
84,Nb3Si,False
85,CSO,False
87,Te4MoW,False
88,SnHgO3,False
89,PbBr2,False
90,Fe2B,False
91,HgHClO4,False
92,YbAsPd,False
93,EuCuBi,False
94,LiFeF3,False
96,SmSb2Au,False
97,LaMgSi2,False
98,V6O7F5,False
99,Nd3S2Br5,False
100,Ho3Co2Ge4,False
101,YAl3,False
102,Sr2TaN3,False
103,Ba4YRh,False
104,BaSm2CoO5,False
105,LiTaO3,False
106,BiClO,False
107,CrS2,False
108,Li2MnCuO4,False
109,Ba4VMo,False
110,Sm2SeO2,False
111,PdF3,False
112,HfTlCuS3,False
113,LiYSe2,False
114,NaFePO4,False
115,LiNiN,False
118,YbNi5,False
120,LiCuS,False
121,Ba4NaRh,False
122,ZrSn,False
123,AlInO3,False
124,Ba4ZrTi,False
126,Ba4BiTe,False
127,Ba4MgGe,False
128,Ba4LiRh,False
129,YTi,False
130,KBaNb,False
131,Mg3In,False
132,Ho6ReO12,False
133,Zr5Sb4,False
134,Ba4NbHg,False
136,PH5N2O4,False
137,AlFeO3,False
138,Ba4MgIn,True
139,Ba4MgTc,False
140,K3CaP2HO8,False
142,Sm2ZnS4,False
144,VS2,False
145,LiCu2F6,False
146,HfSnRh,False
147,Ba4HfCl,False
149,Mg6ZnFe,True
150,Ba4ZrPb,False
151,Tb2SeO2,False
152,RbAuN12,False
153,Li3CrSiO5,False
155,Mg3NiO4,False
156,Li5Ti2Co3O10,False
157,Tl2SnF6,True
161,LiVCuO4,False
162,Dy3Mn3Ga2Si,False
163,Ba2YBr7,False
164,Ba4TlZn,True
165,ScNiC2,False
167,Sn3PO4F3,False
169,Zr2Bi2O7,False
170,WI3O,False
173,Na2CoO3,False
174,RbHSeO4,False
176,FeO2,False
177,LuTaO4,False
178,CeAl2Zn2,False
179,Ca4Al6SO12,False
181,SbOF,False
182,LiSmAlF6,False
183,K4SrBe,True
184,LiMnPO4,False
185,LaMg7,True
188,LaFe5H2,False
189,FeP3O9,False
190,Sc3RhC4,False
191,V4O3F9,False
192,NaLi5N2,False
194,Na2TiO3,False
197,TiCo3,False
199,BaNiF6,True
200,Sr2H6Os,False
203,LiFe2O2F3,False
204,BeTl4W,False
205,Ni2Sn4Au,False
206,NdMgSi2,False
207,Ba4LaGe,False
208,Ce2Nd2O7,False
209,YbIn2Pt,False
211,LaZn5,False
212,Tc3Pd,False
213,La4Ni3O8,False
216,TbB3O6,False
217,VOF3,False
219,Li2Mn2F7,False
222,Ba2MgH6,False
223,LiYO3,False
224,Tl6TeO6,False
226,RbF3,False
227,RbBi,False
228,KH2I3O,False
230,RbLiO3,False
234,UInPt,False
236,Yb2InCu2,True
237,BeNi4Ru,False
238,Eu2I2O,False
241,CeN,False
243,SiC,False
244,Ba4ZrCu,False
247,ThTi2O6,False
249,Mn2SiRu,False
250,Mn3Ga,False
251,TiFe2As,False
253,ThN,False
254,NaSrO3,False
257,RbNiO3,False
258,BaNaSc,False
259,HoAg,False
260,RbF3,False
261,Ba4CuSe,False
264,NdTe,False
265,La3CuSnS7,False
266,MoWSe2S2,False
267,RbCrF5,False
268,LaAs,False
269,Be2RuPb,False
270,Ba4NiBr,False
271,BaSrCd,False
273,RuPbO3,False
276,Ba4LiSn,False
277,VP4,False
281,LiAgF2,False
283,Ti3Sn,False
285,Ba4NbFe,False
286,Sc2MnGe,False
287,Ba4LaTc,False
288,MgMnRh2,False
290,Ba4HfCu,False
291,Ba4TlTe,False
293,Ti2InNi,False
294,Ba4BiPd,False
295,Ba4TiSe,False
300,ErSbPd,False
301,Ba4GaCu,True
302,MnAgO2,False
303,Ba4ScNb,False
304,MnAuO2,False
306,Ni3Hg,False
307,Li3P7,False
308,TeMoWSe2S,False
309,Be2TlIr,False
310,Mg4BeRu,False
311,MnAgO2,False
312,B2CN,False
313,MnAuO2,False
314,Na2LiAlP2,False
315,Ti4CuAg,False
316,K3Sb,False
317,TiS2,False
318,CdP2O6,False
319,PrMgAg,False
320,SrCaO3,False
322,ZnTe,False
323,RbSrO3,False
325,RbCaO3,False
326,Mn3O4F2,False
327,Mn2FeO3,False
328,Te8Mo3W,False
329,Ba4CdSn,False
330,CrCuO2,False
331,FeAu3,False
332,Mg9Si5,False
334,CoF2,False
335,LiGa2Rh,False
336,CoTe2,False
338,Tl2MoO4,False
339,CeSi2Ir,False
340,KBaO3,False
343,BePd4Rh,False
344,HgBr2,True
346,CeSiIr,False
347,H3ClO5,False
348,Rb2O,False
349,Ba4CoW,False
350,BeTlSe4,False
351,Ba4ZrSn,False
353,NdAlNi,False
354,K2O,False
355,CdI2,True
356,PrTiO3,False
357,LiCoO2,False
358,NiAgF3,True
359,K3CrO4,False
360,LiGa2Pd,False
362,Li6TeO6,False
364,BaAl4O7,False
365,V2CdP2O10,False
366,Na3CuO2,False
368,Li3TiP2O8,False
369,Te2Mo3S4,False
370,NdAl3Br12,False
371,Li3Fe5O10,False
372,NaNdS2,False
375,Ba4YSi,False
378,LiFeF3,False
379,Li2CN2,False
380,SrCa2I6,False
381,U3CuO10,False
382,Sm2P3Pt6,False
383,Ca3Ru2O7,False
384,SiP2O7,False
386,MnAsPd,False
388,NiP2W,False
389,SrH4N2,False
391,AlCo4,False
392,LiCuS,False
393,Zr6Ga2Fe,False
394,Y2Pd2Pb,False
395,BaCaI4,False
396,LiDySe2,False
397,NiS2,False
398,CeMg6Zn,True
400,CrO3,False
403,MnSe,False
406,CaMnSi,False
407,YGa2Pd,False
408,TiTl2F6,True
409,ErH9C5N2O8,False
410,Ba4PdCl,False
412,Ba4YGe,False
415,Ba4TiCd,False
417,V2Te2O9,False
418,V2O3F,False
419,CaNiP2O7,False
420,Ba4InPb,False
422,FeMoO4,False
423,Ba4TlCd,True
424,Ba4TlGe,True
425,Li2TiFe3O8,False
426,ScPS4,False
427,VBO4,False
428,Li4TiS4,False
429,KNdO2,False
431,Mg3Sb,False
432,KTmO2,False
433,Na3SbTe3,False
435,BaNdCo2O5,False
436,Rb2FeI4,True
437,LiV2F7,False
438,Li4Ti3V5O16,False
440,K3Rh,False
441,SiPd,False
442,NiS2,False
443,HfGe2,False
444,DyAl3,False
446,LuSnRh,False
448,FeSbO4,False
449,Ba3In2P4,False
451,Be2CuIr,False
453,MnAgO2,False
454,LaCu5,True
455,Ba4ZnPd,True
456,AlFePO5,False
457,SiHgP2,False
458,Ba4MgTe,False
459,CeMg6Cu,True
462,EuAgP,False
463,Mg5Si6,False
464,SmCoSb2,False
465,BaSb2Au2,False
467,Ba4NbIn,False
468,Nd3MnBi5,False
470,ZnSeO4,False
472,Dy3Co2Ge4,False
474,Sr2CoWO6,False
475,KCrPO4F,False
477,Ba4SnPd,False
478,Rb2AgAu3I8,True
480,Ba4MoPd,False
481,AgF3,True
483,Ba4ZnPb,False
484,BaLiCa,False
485,Ba4TlCu,True
486,Sb2S3O12,False
487,Tm2ZnS4,False
488,Mn3Se3O10,False
489,Ba2TiSe,False
490,CoOF,False
491,Ba4TaSn,False
494,FeS,False
495,EuSbO4,False
496,Li6MnF8,False
498,Zr3Al3C5,False
499,Ba4LaPd,False
503,Rb2RuO4,False
504,TeAuCl7,False
505,K2O,False
506,ZrBeCd,False
507,NaBeBr4,False
508,Ca5P12Ir19,False
510,Li3VCrP4O14,False
513,Be2CoTe,False
514,Li5MnO3F,False
515,Zr2BIr6,False
516,KNiF3,True
517,MgBe2Cl,False
518,NaCaLaF6,True
519,K2Ca4Si8O21,False
520,Na6CoO4,False
522,DyP2Pt8,False
523,Ba4MgSc,False
524,CaNi4B,False
525,GaS,False
526,CaBePO4F,False
528,Nd7S6Cl9,False
530,FeSe2NCl6,False
531,Cd2RuC6N6,False
532,LiVC2O6,False
534,VSe,False
537,LiV2F7,False
538,Li4Fe5O10,False
540,Ba4LaZr,False
541,Ba4YCu3O9,False
543,Mg3P2H16O16,False
545,Ba4SbSe,False
547,Na3YCl6,False
548,ScBeIn4,False
549,Ba4SrIr,False
550,KBa4Ru,False
551,SnPd2,False
552,Ba4TaCu,False
553,TiNi,False
554,Ti2CS,False
555,BaBi4Br2O6,False
556,TiFeCoSb,False
559,BeRePb4,False
560,Nd3CuGeS7,False
561,Ti2GaCo,False
562,Ti3In,False
563,MnGaFeCo,False
564,TmUTc2,False
566,HgC2Se2N2,False
567,SrRuO3,False
568,CdP2H4O4,False
571,KCoO2,False
572,BaB2S3O13,False
573,TiSi,False
574,RbCdO3,False
575,SiPdO3,False
576,LaAu,False
577,Li2VO2F,False
578,RbInO3,False
579,Ba4MgZr,False
581,LiSi2BiO6,False
582,Cu3P2O8,False
586,CaO,False
587,CeFeSb2,False
589,Ba4Br6O,False
592,Ba4FeCl,False
593,ZrBe2Sn,False
594,Rb3Sn,True
596,BaTm2O4,False
597,Ag2W2O7,False
598,ZrNiP2,False
599,LiCuF4,False
600,Rb3Ge,True
601,MnFeP2O8,False
602,KCuBi2S4,False
604,AsC3N3,False
605,VOF3,False
606,CN2O,False
607,K3Sn,True
608,Ti2AlZn,False
609,H3AuC2NCl,False
610,Re3Ni,False
612,UCr4C4,False
613,ScCr2AgH4O10,False
614,Mo3WSe4S4,False
616,Ni6OF11,False
618,LiMnPH2O5,False
619,Mn2GaW,False
620,BaIrO3,False
621,CuH4Pb2Cl2O4,False
623,C3N4,False
625,CeCu,False
627,TcBr3,False
630,TbHoCo4,False
631,MgSn3,False
632,VO2,False
633,BaAl3P2H2O14,False
635,AsClF8,True
636,Li4Mn5O10,False
637,CuWO4,False
638,Sr2CoO3,False
639,Ho5CoSb2,False
640,K2FeCuC6N6,False
641,TlCuHCO4,False
642,LiCoOF2,False
643,Na2BiO3,False
645,MoBr3,False
646,K2Ga3,True
647,Ba4SnSe,False
648,ErAlCu,False
649,MgBe2Mo,False
650,Ba4TePd,False
652,Si2Ni6B,False
653,VCu3Se4,False
655,MoW3Se4S4,False
656,Ba4CoSn,False
657,Ti2InCo,False
658,CaNi3P4O14,False
659,ZnFeRh2,False
660,HeSiO2,False
661,Ba3Ta6Si4O23,False
662,Mg7Fe,True
663,Ba4ZnIn,True
664,RbTlO3,False
666,SeS,False
667,Ta2Be2O5,False
668,KHfO3,False
669,MnO3,False
670,Co3OF5,False
671,TaSe2,False
673,Rb6Si2O7,False
676,Ba4HfTl,False
677,SrLiCoF6,False
678,VClO,False
680,Nd4Ge3S12,False
682,PuTaC2,False
683,Nb5As4Pd4,False
685,FeAgSe2,False
687,RbFeSe2,False
688,CuO,False
689,RbFeS2,False
690,PaNi3,False
691,Ba4ZnTe,True
692,Ba4CoCl,False
693,Ba4MgPd,False
695,Rb2PtCl6,False
696,ZrBePb4,False
698,TmSi2Ni2,False
699,HfReSi,False
700,KPSe6,False
701,CaZn3Se4,True
705,SmGePt,False
707,Ba4NaW,False
708,LiMnF4,False
709,Rb4Zr3Te16,False
710,Tm4B6O15,False
711,CeMgAg,False
712,Li2Co4O7F,False
713,Ba4CdHg,True
714,TiCd,False
716,Ba4TiMn,False
718,Ce2Si2O7,False
719,Ba4NbPb,False
720,EuIn2,False
721,LiAlB14,False
722,ErAgGe,False
723,K2NdP5O15,False
724,MnBiSe2I,False
725,Ba4FeSn,False
726,Ag2Se,False
728,ZrBe2Nb,False
729,AlFe2,False
730,BaCaBr,False
732,BeCo4Ru,False
734,NaGe2P3O12,False
735,Sm2Co7B3,False
737,CoSbO4,False
738,YBrO,False
739,Sn2BF7,False
740,CaZr4P6O24,False
741,FeH3,False
742,FeCu2GeSe4,False
743,Li3SbS4,False
745,PrYMg2,False
746,Ba4NbSn,False
748,Ba4ZnSb,True
749,Ba4TcSb,False
751,Ba4HfIn,False
752,PbS,False
753,Mn3O2F4,False
754,CeMgPt,False
757,RbMg7,True
758,Sr3Fe2O7,False
759,Ho4CdRh,False
760,UO2,False
761,Ba4MoSe,False
763,LiFe2F5,False
764,Ba4InSb,False
765,Li4CuF7,False
767,V6O7F5,False
769,Ba4InGa,True
770,EuTaO4,False
771,VCu3O4,False
772,BeP4Rh,False
773,Tm2Ni17,False
774,NiRuO3,False
776,Ce7O12,False
777,Be2NbCu,False
778,CrO,False
780,TaP4S5Cl5,False
781,Ba4ZnFe,False
782,LiVSi2O6,False
785,Ba4CaNb,False
786,Ba4TaBi,False
787,La3Ga,False
788,Ta2Tl4Se11,False
789,TaReSi,False
790,ZrSn,False
791,BaSrTe,False
794,BeVSe,False
797,KTmI3,True
798,Na3Co2SbO6,False
799,Ba4GaPb,False
800,Ba4MnZn,False
801,RuN6Cl2,False
803,Ba4TaGa,False
804,Ba4BiSb,False
806,MnPS3,False
807,Ca4Ni3C5,False
808,BeTcRh4,False
809,Ba4SbBr,False
812,ZnCoO2,False
813,Li3MnF6,False
816,KAgO3,False
817,H3NO4,False
820,LiMnP,False
821,Sr3Hf2O7,False
822,YInCo2,False
823,TlCuHSeO5,False
824,Ba3Nb2CoO9,False
825,KGaTe2,True
826,Ba4MnFe,False
829,Nb2Br5,False
830,LiMnO4,False
831,Ca3Ni7B2,False
832,Ba4VTc,False
834,ScGeOs,False
835,KBaV,False
837,H9BrO4,False
841,Nd5Ir3,False
842,Ba4ScPb,False
843,CeCuSe2,False
844,Nd2Ga5Cu3,False
845,BeTcCl4,False
846,Ba4CaFe,False
847,Li4MnV3O8,False
848,HoCoSn2,False
849,Ba4SbPb,False
850,ScBe2Cu,False
851,EuPd2,False
853,ICl,False
854,CdSO3,False
855,Li2CoO2F,False
856,Ba4ScSe,False
858,H3N,False
859,K3CO3F,False
860,Ba4PPb,False
861,FeSO4,False
862,MgMnF6,True
863,MnTe,False
864,Ba4CoSe,False
865,K2PdO2,False
866,CaB3H5O8,False
867,AsPO5,False
869,Be2NiRu,False
871,Ca3Mn2Si3O12,False
872,LuNbO4,False
873,K4CO4,False
874,InCu6ClO8,False
876,Ba4InSe,True
877,Ba4TaSe,False
878,Ba4PdPb,False
879,MnBeCo4,False
880,MnBeCd4,True
881,La2MoO6,False
883,SiBr4,False
884,Cu5Si2S7,False
885,Ba2NaBi,True
886,Ba4TlRh,False
887,Ba4HfCd,False
888,SbXeOF9,True
890,LiVF4,False
891,Ba3Te4O11,False
892,Ba4TeMo,False
895,BeRuBr4,False
896,TbSb2Pd,False
897,Ba4TeW,False
898,Na4WO4,False
899,Ba4CaPt,False
904,KH3SO6,False
906,Ba4LiGa,False
908,LiMg,False
909,Ba4VZn,False
910,Ba4SiSn,False
911,Bi2Te3,False
912,KBaZr,False
915,Ba4CrCo,False
916,BeCd4Rh,True
918,MgB12C2,False
920,FeOF,False
921,AuSeCl7,False
922,RbPrP3HO10,False
923,Ba4GaSb,False
924,K2Ta15O32,False
926,CeAlO3,False
927,CeP2,False
928,Ba4HfBr,False
930,Li4CoO2F2,False
931,Li2V3S6,False
932,Ba4TcCl,False
933,Ca3SiBr2,False
935,LaBe2Rh,False
936,Ba4YMn,False
943,Ba2CaB6O12,False
945,Ti4H3Pd2,False
946,SrCaI4,False
948,K2ZrCdH16C8O24,False
949,Ba4ZrSc,False
950,HgC2N2,False
951,Nb2Ru,False
952,Be2SiBi,False
953,Ba4YPb,False
955,La3Ni2Sn7,False
956,Ba4TiW,False
958,ThGaIr,False
960,ZnH4C2O6,False
961,Rb3InO3,False
962,ErB4Rh4,False
963,V4OF11,False
964,Ba4HfV,False
965,Cd4GeS6,False
966,MnAlFe2,False
967,ThC2,False
969,GaPd,False
970,CoO2,False
971,LiNiPO4,False
973,Na3P,False
974,Ta6Fe16Si7,False
975,PbS,False
976,Ba4VCr,False
977,Mn3O5F,False
978,BaYIn,False
979,Ba4MgPt,False
980,Ba4TiSi,False
982,Fe2O3,False
983,Ba4YV,False
984,Ba4TeBr,False
985,Ba4ZnGa,True
986,Ba4GaSi,False
987,BeCuBr,False
989,KMn6P7O24,False
991,Be2TlCd,False
992,YbO,True
993,Cu2OF2,False
994,H5C2NO4,False
995,Ba4LiBe,False
996,K2SnO6,False
997,BeFe4Ge,False
998,As2PbO4,False
999,Mg3Sb2,False
1000,KBaMn,False
1001,CeSi2Ag,False
1002,MnTe,False
1003,VS2,False
1004,Ba4TlV,False
1005,NiBr2,False
1006,LaMnO3,False
1009,Li2CrO3,False
1010,V3Pb5ClO12,False
1011,Ba4CdBi,False
1012,Ba4InCo,False
1014,Ba4NaTa,False
1015,BeCd4Ga,True
1016,TbCo2Si2,False
1019,K4Nb11Al2O20F,False
1021,Mg4MnBe,False
1023,Ba4VGe,False
1024,CeS2,False
1026,BeCrP,False
1027,Li2BPt3,False
1028,Li3FeF6,False
1030,MgH6Br2N2,False
1031,Zr2Cr4Si5,False
1032,Ba4BeSi,False
1033,Ba4MoBr,False
1034,CeSiHRu,False
1039,Ba4CuGe,False
1040,Ba4CdSb,False
1042,Sm4Si2Se3O7,False
1043,Ba4SrRe,False
1044,BTe3O3F15,False
1046,NaMn4Be,False
1048,Ba4SiTe,False
1049,SrH16O10,False
1050,CeMg6B,False
1051,KAlO2,False
1053,Ca2BClO3,False
1054,Ba4InHg,True
1056,Ba4RuCl,False
1057,Ba4NbCu,False
1059,Ba4TiTl,False
1064,BeNb4Pb,False
1065,K5SnSb3,False
1066,Ba5V5O14,False
1067,Rb3CO3F,False
1068,Ba4ZrSb,False
1071,Lu5NiPb3,False
1072,LiVOF3,False
1073,FeSb2O6,False
1075,Ba4PdBr,False
1076,Ba4CaW,False
1077,BeCr4Sn,False
1078,BaSrSc,False
1080,Ba4SnSb,False
1082,Ba4NiSe,False
1083,HgSb2O6,False
1085,Ba4NaMo,False
1086,H10PtCN8O2,False
1087,V3OF7,False
1088,SrIn4Pd,True
1089,Ba4MnPd,False
1090,Ba4ZnSe,False
1091,Li3Fe4B4O12,False
1092,Fe8O9,False
1093,Ba3Zn5In2O11,False
1094,BeTe,False
1095,Ba4CaMo,False
1096,K2SnO2,False
1097,VPbO3,False
1099,Fe6O11F,False
1100,YbCrSb3,False
1101,KNO3,False
1102,La2CrO6,False
1103,BeIr4Se,False
1104,Ba2LaIrO6,False
1105,BaZr4Tl,False
1106,AlFeF5,False
1107,Tb2B2C3,False
1109,KBa4W,False
1110,Ba4HfMn,False
1113,MnTl3,False
1116,Ba4SrW,False
1118,Rb4NO,False
1119,Ba4CdPt,False
1120,TaBePd4,False
1121,CeSi3N5,False
1122,BaNaBr,True
1124,Ca3Mn2O7,False
1125,SrMnSb2,False
1128,Ba4HfZn,False
1129,YbCo2Si2,False
1130,BeMoBr4,False
1131,PrClO2,False
1132,DyMgPd,False
1133,K11LiMn4O16,False
1136,TeH5O6,False
1137,Ba4ScPt,False
1138,S2O5F2,False
1139,Ba4LiP,False
1140,BaH2C2O4,False
1142,Ba4CrSe,False
1143,Ba4LiV,False
1144,NdAlCu,False
1147,Li3MnP2O8,False
1148,BaCa2I6,False
1149,PrCo9Si4,False
1150,Mg7Cr,True
1151,Ba4PBr,False
1152,Ca2CdSb2,False
1153,Li2Ni3SbO8,False
1154,Al2O3,False
1155,ScAgP2S6,False
1156,BaNaLi,False
1157,Ba4TiNi,False
1158,LaNi2B2C,False
1159,Ba5Al5Pb,False
1160,Ba4GeCl,False
1161,La3Ge4Rh4,False
1162,CaCo2Ge2,False
1163,RbMnO2,False
1164,Li3Mg,False
1167,BeP4Ru,False
1168,CeCrGe3,False
1170,DyPt,False
1171,Ba4ScSn,False
1172,MgBeCr4,False
1173,EuF2,True
1175,Ba4CdCo,False
1176,Ba4BeGe,False
1178,KBaTa,False
1180,Ba4BeFe,False
1181,Yb2Si2O7,False
1182,Bi2MoO6,False
1183,TaBe2Os,False
1184,MnSn3,False
1185,Ba4PtCl,False
1186,Ba3ErMn2O9,False
1187,CoI2N6,False
1189,Ca2As3Pb3ClO12,False
1190,KBaSn,False
1191,Cs2TeI6,True
1192,Y3TlC,False
1196,Ba4YCd,False
1198,Ba4TeCl,False
1200,BC2N,False
1201,K3InP2,False
1202,AuCClO,False
1203,CaSi2,False
1205,Li8BiS6,False
1206,Ba4ScTl,False
1207,Mn4BeRe,False
1210,SrCaI4,False
1211,Ba4MgTi,False
1212,Ba4SiCl,False
1213,Li3Cr2Ni2O8,False
1214,Ba4CuMo,False
1215,LaCuSb2,False
1217,LiNbF6,False
1218,Pr2TeO2,False
1219,Ba4SiPb,False
1220,ZrSn,False
1221,BaMg6Ga,True
1222,BaCaGaF7,True
1224,Sm2Fe2Se2O3,False
1226,BaTiO3,False
1228,Ba2NaHf,False
1229,GaPd2,False
1231,Ba4SrCo,False
1232,Ba4YTe,False
1235,BeCo4Os,False
1237,Ba5Ga5Pb,True
1238,Fe3O4,False
1239,Li2ZnGe,False
1240,Ba4BeHg,True
1241,Ba4CoMo,False
1242,Ba4InPd,False
1243,Ba2UFeO6,False
1245,BeVCu4,False
1246,La2Mn2Se2O3,False
1248,CaH12I2O14,False
1251,Ba4WBr,False
1254,Li2Co3SnO8,False
1255,IBr,False
1256,Ba4MgTa,False
1257,KSn2Se4,False
1259,Ba4SnBr,False
1260,K2CuH8C4O12,False
1261,Ba4HfGe,False
1263,LuNiGe2,False
1264,Ba4MgPb,True
1269,Ba4HfSe,False
1270,BaSr2Ga,True
1271,BiB3O6,False
1273,Eu2PI,False
1274,HgO,False
1275,YMg7,False
1276,Ba4MgNi,False
1277,Ba4SrNi,False
1278,UCoO4,False
1279,Ba4NiW,False
1281,Be2ReSi,False
1283,Mn3FeP4,False
1284,BeMo4Pd,False
1285,BeGe4Ir,False
1286,BaCaBi,False
1287,YBeCu4,False
1289,Ba4MgGa,True
1290,GaBr2,True
1291,Li3VO3F2,False
1294,Ba4CaCo,False
1295,FeOF,False
1296,Ba4SeCl,False
1298,Li3CuF6,False
1299,Li2Fe5O5F7,False
1300,LuAg4,False
1301,TlZn2Sb2,True
1303,KMg6Nb,False
1304,Cs2PdI6,True
1305,Ba4TiZn,False
1307,Ba4NbSe,False
1308,Ba4ScRh,False
1309,LiMnF4,False
1313,Ba4TlIn,True
1314,Ba4HfTe,False
1315,MnNiAs,False
1316,Ba2HfO4,False
1317,Si2Ag6O7,False
1318,NbFeF6,False
1319,Sc4TaBe,False
1321,HfBeFe4,False
1322,MoCl3,False
1323,VS2,False
1324,ZrBeCd,False
1326,Li2Te,False
1327,MgBe2Br,False
1328,HoSnAu,False
1329,Na2Nb4O11,False
1330,Ba4MgTl,True
1331,Ba4TlGa,True
1332,LiY3WO8,False
1333,Be2VMo,False
1334,BC2N,False
1335,BeNb4Pd,False
1336,ClF3,True
1337,Ba2TlCr,False
1340,Ba4CdPb,True
1341,Ba4MnGe,False
1342,Ba4TlSi,False
1343,Na2Si2O5,False
1344,B5Mo2,False
1346,InH7N2OF4,False
1347,LiVF3,False
1348,Ba4InGe,False
1349,Ba4CrSb,False
1352,BaCaTe,True
1353,KBaCl,True
1354,Sr5In3,True
1356,BaCaY,False
1360,UH12N2O14,False
1361,Na2Si3H2O8,False
1362,UTe3,False
1364,Sc4TiBe,False
1365,NdAl3,False
1366,TmNiC2,False
1367,K2MnSnSe4,False
1369,Ba4TlCo,False
1370,Li4Cr2P4H3O16,False
1371,AlPt2,False
1372,SrIn,False
1373,Y6Fe16O,False
1374,Ca2RuO4,False
1376,KBa4Os,False
1377,Ba4CoHg,False
1378,LiBeFe4,False
1379,Ba4ScHg,False
1380,Li3In2P3O12,False
1381,K2TcI6,False
1382,LuRu2,False
1383,Ce2Fe12P7,False
1384,Ba2VSi2O8,False
1385,Ba4HfSc,False
1386,Ba4BeBi,False
1387,Ba4MgSb,False
1388,K2PdSe10,False
1389,Ba4MgFe,False
1392,BeIrBr4,False
1393,Ba2YGa,False
1395,Ba4CuP,False
1396,Ba4YSn,False
1398,TmCu3Te3,False
1401,LiVF4,False
1402,HfBe2Rh,False
1404,MnPO4,False
1406,Li3Fe3O4F4,False
1407,SiAs,False
1408,BaCaCl,True
1409,NdAlPt,False
1410,Ba2HgBi,False
1412,MnS,False
1413,Ba4HfNb,False
1414,Ba4GeBr,False
1415,Ba4ZnCd,True
1417,Be2NbHg,False
1418,Ba4LiTc,False
1419,BeCoCl4,False
1420,Ba4ZrP,False
1421,ZnH6C2N4O4,False
1423,BeAlB,False
1424,Na2HgPb,True
1427,K4Rb2Co2O5,False
1429,Na4BeSi,False
1430,Ba4YBi,False
1431,Ba4RhBr,False
1432,SmZnNi,False
1433,LiMn2OF3,False
1434,SeBr6N2,False
1436,LaNi2,False
1437,Mg7Bi,True
1438,NaMo3P3O16,False
1439,Li5Mn3Fe2O10,False
1442,ErGa2Pd,False
1443,LaPPd,False
1444,SmSb2Pd,False
1445,Sr2InPt2,False
1446,MnAlO3,False
1447,Ba4MnCo,False
1448,Ba4MnNi,False
1449,KBiP2Se6,False
1451,Ba4TiHg,False
1452,Ba4GaSe,False
1453,MgBe2In,False
1454,Ti3Cu3O,False
1456,Co2GeO4,False
1457,TiFeH2,False
1458,CeAl,False
1459,Ba4LiCo,False
1460,Ba4NbTc,False
1461,NdPt,False
1462,Ba4HfGa,False
1463,BeFe4Ir,False
1465,Mn3O4F2,False
1466,LiMnPd2,False
1467,Ba4BiBr,False
1469,HoB7Mo3,False
1470,Ba4MgCo,False
1472,ZnFeO3,False
1473,Ba4HgSe,True
1475,LaBeCl4,False
1476,Ba2VP2O11,False
1477,Ba3Si4,False
1478,Ce6B2C3Br3,False
1479,Ba4CrBr,False
1480,HfAsRu,False
1481,Ba4SnCl,False
1482,Ti4H5,False
1483,Ba4ScCu,False
1485,Ba2SiO4,False
1487,ZnSeO4,False
1488,CoOF,False
1490,Ca2PN3,False
1492,Ba4BeSb,False
1493,CaTiBe2,False
1494,UCu2P2,False
1496,Ba2BiP,False
1497,KBa4Mn,False
1498,Ba4InCu,True
1499,Ba4GePb,False
1500,Ba4MnMo,False
1501,ZnS,False
1502,Ba4GaBi,False
1503,Ca2MgSi2O7,False
1504,H8C3O2,False
1505,SrY2S4,False
1506,CrGeTe3,False
1507,Ce3Al2I2,False
1508,Ca4ScBe,False
1510,Li3TiNi2O6,False
1511,FeO,False
1512,Ba4ScGe,False
1515,Ba4MgCr,False
1516,Mg3FeO4,False
1517,RbCoH24C14N8,False
1518,Ba4NaSn,False
1519,HfScBe2,False
1521,ZrBe2V,False
1522,Ba4SiBr,False
1523,KBaCd,False
1524,Na8SnO6,False
1525,LiMg3,False
1527,PrMo6O12,False
1528,Ba4SbW,False
1529,Y2AlNi2,False
1530,Ba4CrCl,False
1531,LaIn2Pd,False
1532,CuAg5As3O11,False
1533,Ba4TePb,False
1534,BaSn2H2O4,False
1535,LiV2O5,False
1536,Ho4InRh,False
1538,IrCl3,False
1539,LiVGeO5,False
1540,KMg6Nb,False
1541,Ti3In,False
1542,MnPtF6,False
1543,SrWO4,False
1545,Ba4CaTc,False
1546,Ba4ZrBi,False
1549,Ba4YZr,False
1550,Ba4ScBe,False
1554,Ba4BeNb,False
1555,Ti3Sn,False
1556,BeNbW,False
1557,Ba4InBi,True
1558,ReBiO4,False
1559,Ba4HgP,False
1560,K6Na3AlSb4,False
1563,Ba4VHg,False
1564,Li4BeW,False
1565,LaNbO4,False
1566,YH16C4N9O16,False
1568,S2N2Cl,False
1569,Ba4TiBr,False
1570,H5N3O3,False
1571,Mg2Al4Si5O18,False
1572,LaCN2F,False
1573,V2CuO6,False
1575,DySiCu,False
1576,SrAl12O19,False
1577,Ba5Ga5Sn,True
1578,Ba4CaRh,False
1579,Fe3O5F,False
1580,NbNiTe5,False
1581,Ba4NaSb,False
1582,UCuP2,False
1584,Li2Ti3SbO8,False
1586,Ta5Ge3,False
1588,Ba4HfFe,False
1589,Ba4CdP,False
1590,TePCl9,False
1592,CeTe3,False
1593,Ba4GaSn,True
1594,Ba4YGa,False
1596,NbCrN2,False
1599,Ba4BePb,False
1600,BeVIn4,False
1601,Ti2Sn3,False
1603,CuH4O2F2,False
1604,Ba4ZrIn,False
1605,BeNb4Tl,False
1606,ScBeSb4,False
1609,Ba4TaBr,False
1610,Te7O6F30,False
1611,BeBi4Pd,False
1612,BiPd,False
1613,CdAu,True
1614,Fe4O3F5,False
1616,BeNi4Rh,False
1617,UPt3,False
1619,KBaHg,False
1621,Ba4ZnBi,False
1622,Be2CdCu,False
1623,BaCu6As2,False
1624,ScU3S6,False
1625,H8PtO6,False
1626,Sr3Mg,False
1628,Na4CuAs2O8,False
1629,TiSnSb,False
1630,SmCl2,True
1632,KBa4Ir,False
1633,Ba2LiGa,True
1634,KBaTl,True
1635,Sc4Ge6Rh7,False
1636,HoGeAu,False
1637,Li2FeF4,False
1638,FeF2,False
1639,Ba4ScPd,False
1640,MnPSe3,False
1641,Li3VF7,False
1642,CaGaGe,True
1644,LaCdAu,True
1645,Sn4SF6,False
1646,CeCoGeH,False
1648,Ho2TiO5,False
1653,KBaTi,False
1654,Y2CuO4,False
1655,Ca4BeTe,False
1657,K4TaBe,False
1660,K2CoH12S2O14,False
1661,Ba4TlSe,False
1662,CS3N4,False
1664,K2Ag4Se3,False
1665,Ce3Co4Sn13,False
1666,Ba4YIn,False
1667,Rb2SbAuS4,False
1669,KCo2O4,False
1671,LiFeO3,False
1672,SnCl2,True
1673,Be2TlRh,False
1674,NaZrCuS3,False
1675,Li2PbAu,False
1676,Tl6SI4,True
1677,BaSrCl,False
1678,Ba4HfHg,False
1680,BeRuCl4,False
1681,MnGeRh,False
1682,Ta2Pd3Se8,False
1683,EuPPd,False
1684,Pr2Mn2Se2O3,False
1685,KC2N3,False
1687,HgH16Br6N4,False
1688,La3TiSb5,False
1690,Ba2LaAg5S6,False
1691,InN,False
1692,Ba4MnBi,False
1693,Ba4ScZn,False
1694,Na5Li3Ti5O14,False
1695,Sc3Si3Ni,False
1696,Co3O4F2,False
1699,YCoO3,False
1700,Na3Sc2B3O9,False
1701,Ba4LiNi,False
1702,Ba4ZrSe,False
1703,CaPbI4,True
1704,CeSe,False
1705,Li2FeF6,False
1707,RbIn6Au4,True
1711,Ba4ZnSn,False
1714,K3VO4,False
1715,Be2FeCl,False
1716,Ba4TiBi,False
1717,LaFeSb2,False
1718,BeHg4Ru,False
1719,SrCd2Ge2,True
1721,H8PtO6,False
1723,SrMg6Nb,True
1724,Na4BePd,False
1725,Be2FeRu,False
1726,BeFeCu4,False
1727,BeIn4Ir,False
1729,BeVNi4,False
1731,Al3Bi5Cl12,False
1732,Ba4PtBr,False
1733,K3SmP2O8,False
1734,Nd3S2Cl5,False
1735,Li2Ca3Be3Si3O12F2,False
1736,K2P2H2O7,False
1737,Mg6NbC,False
1740,Ba4CdTe,False
1741,CuHgSI,True
1742,TmSiAg,False
1743,CeCuTeO,False
1744,Ba2NaTa,False
1745,Ba4YP,False
1746,CaAlF5,True
1747,BaIn2S4,False
1748,Tb2TeO2,False
1749,NaMg6Nb,True
1750,Ba4NaTc,False
1751,Mn3Sn,False
1752,Ba4MnTe,False
1753,Li3Ti2CuO6,False
1754,Ba4BeCd,True
1755,NiS2,False
1756,Rb2NiF4,False
1757,BaFeSi4O10,False
1760,Mg3SbO4,False
1761,GeRh,False
1762,MgGaAu,True
1763,LiMn2B2O6,False
1764,K2FeCuC6N6,False
1765,Ni6OF11,False
1766,Li3Mg,False
1768,Tl3Cd2I7,True
1769,Fe6O7F5,False
1770,TiNi,False
1771,Be2InPd,False
1772,PrCr2B6,False
1773,Fe2TeO5,False
1774,Ba4YCu,False
1776,H7NO6,False
1779,Rb6Si10O23,False
1780,K2NbCl6,False
1781,MnFeBiO5,False
1783,PH3O4,False
1785,Nd3S3N,False
1787,Ba2InIrO6,False
1788,Ba4FeCu,False
1789,Sr3MgSi2O8,False
1791,LiSi,False
1792,Sm4I6O,False
1793,Mn6O7F5,False
1794,SmB3O6,False
1795,LuGa3,True
1796,Li4BeOs,False
1797,BeInGe4,False
1799,Na2VO3,False
1800,BeIn4Pb,False
1801,Ba4ZnGe,True
1802,BiRh,False
1803,BaNdCo2O5,False
1805,Be2NiSe,False
1806,CuAgO2,False
1807,Ba4BeCo,False
1808,Be2CdPb,False
1809,Ba4HfBi,False
1810,BaLiAs,False
1812,Dy4B6O15,False
1813,TiFeP2O8,False
1814,Fe4O7F,False
1817,Ho3Se4O12F,False
1819,LuU4S5O4,False
1820,LaSF,True
1821,Cu2SO5,False
1822,NbVO4,False
1823,TiSCl,False
1826,LiUAsO6,False
1827,Ba4LiBi,False
1828,TlSe,False
1830,Ba4NbTl,False
1832,Be2NbPt,False
1833,BeCuRu,False
1834,PH3O4,False
1835,Li2ZnI4,True
1836,BeCoBi4,False
1837,Fe2NiSe4,False
1838,CSCl2,False
1839,UWC2,False
1840,Zr2PbC,False
1841,BeReOs4,False
1843,CaSc2S4,False
1847,ErZnPd,False
1850,TeS4N4Cl4,False
1851,V3Ge,False
1852,Ti4MnBi2,False
1853,NaSbO2,False
1856,BeCoCl,False
1857,YBe2Cd,False
1859,BaYBr,False
1860,Hf9Mo4As,False
1861,FeTeS2N2Cl5,False
1862,Ba4CaRu,False
1864,Ba4MnTl,False
1866,TmAgSn,False
1867,Sr2CuB2O6,False
1868,ErSn3,False
1869,H6N4O9,False
1870,As3HO6,False
1871,LiAgF2,False
1872,Fe4O5F3,False
1873,Li3ScN2,False
1876,RbPS3,False
1877,Ba4YSe,False
1879,Na4Ga2S5,False
1880,K2PtO6,False
1881,HfBeGa4,False
1882,MnO2,False
1883,ScBeRu4,False
1884,TiFeO3,False
1886,CoSiH12O6F6,False
1887,Li2MnF6,False
1889,RbGaO2,False
1890,Al5C3N,False
1891,Co3O4F2,False
1893,Mg6ZrC,False
1895,Li3LaSb2,False
1896,ThFe4P2,False
1897,AlCuH28S2ClO22,False
1899,Li2Mn3F8,False
1900,Cu5Se2Cl2O8,False
1901,MnBeCo,False
1902,Li4BeSe,False
1903,Li3Mn5Cr2O12,False
1904,BeZnCd4,True
1905,ZrBrN,False
1906,GaCuTe2,False
1907,LiBePb,False
1908,NdInNi,False
1909,K2SnHgSe4,False
1910,BeNi4Os,False
1911,Ba4ZrHg,False
1913,Be2VIn,False
1915,CoO,False
1916,Cu3H2C2O8,False
1917,Hg3PO4,False
1918,Rb6Si10O23,False
1920,MgCrF6,False
1921,Ba4MoCl,False
1924,Ba4ScP,False
1925,NaClO3,False
1926,Cd3N2,False
1927,BeCu4P,False
1928,Hf4BeZn,False
1930,MnBi,False
1932,Sm3SiCuSe7,False
1934,HI,False
1937,BeFe4Si,False
1938,Na4CuAs2O8,False
1939,Nb3Cl5O2,False
1942,HoZnSn2,False
1943,Tm3TaO7,False
1944,Rb3Cu8S6,False
1949,Sc5In4Rh2,False
1950,Dy2TeO2,False
1953,RbInTe2,True
1954,V3O4F2,False
1955,CeMgCu2,False
1956,La4BeTc,False
1957,CeMg6Al,True
1958,YMg6Cu,True
1959,K4BeSb,False
1960,CaTeO3,False
1962,Rb3In,False
1963,MgAl3,False
1965,ZrCo3B2,False
1966,K2P2H2O7,False
1967,SrIn2Rh,False
1970,BaMoO4,False
1971,Ba4PbBr,False
1972,Pr2CuRu,False
1973,KBa4Re,False
1974,Ni6Ge2B,False
1975,LiMg3,False
1976,H3ClO5,False
1978,Fe2O3F,False
1979,Na5CoO4,False
1980,Ni3O4,False
1981,Na4MgO3,False
1983,MgZrBe,False
1984,SCl2O2,False
1985,GaAgSeS,False
1988,ZrCuGeAs,False
1990,BeGa4Rh,False
1991,BeVRh4,False
1993,FeBiO3,False
1994,Ba4MnCd,False
1996,SrCuSn2,True
1997,BeInCu4,True
1998,RbCr5S8,False
1999,Fe2OF3,False
2000,SO3,False
2004,NaCoF3,False
2005,K3BiSe3,False
2006,CaAgBi,False
2008,Na2CaPO4F,False
2009,InClO,False
2011,BaCu4S3,False
2012,DyCrO3,False
2013,Y3FeB7,False
2014,Ba4YBe,False
2015,ThAgPO,False
2016,ThCuPO,False
2019,BeGaCl4,False
2020,CaCuH4C4O8,False
2021,Ce2ZnNi2,False
2022,LiBe2Ni,False
2023,BH6N,False
2024,Ca4Al6SO12,False
2025,K2PtS6,False
2026,AlPO4,False
2027,Ba2ZnH6O6,False
2029,Nb3Au2,False
2030,Ti5FeSb2,False
2031,YInCu,False
2032,BaMgC2O4,False
2033,HfAl,False
2034,Ba4VBr,False
2036,SiRh,False
2037,CaCdAu,False
2038,TiGa2O5,False
2039,VO2,False
2040,BeVCo4,False
2041,Nb2GeC,False
2042,H2C2S3N2O6F6,False
2044,SrCuSF,True
2045,ZnBi6P2O14F2,False
2047,V2CoP2O10,False
2048,SiO2,False
2049,MgBeGa4,True
2050,Zr2P2O9,False
2051,SmCoC2,False
2053,LiMn2F5,False
2054,Ga3Cl7,False
2056,YBeCo4,False
2057,CoO,False
2058,Bi2O3,False
2059,RbVPO5,False
2060,LaCo2Si2,False
2061,VAu4,False
2062,Li3GaB2O6,False
2063,Sr2Sc2B4O11,False
2065,BeGaBr4,False
2066,SrBeCu4,True
2067,Y4AlSiNO8,False
2068,MnOF,False
2069,V6H4O13,False
2070,RbMg6C,False
2073,Mn3O2F5,False
2075,LiV2O3F3,False
2076,PrBRh3,False
2077,Mn2GeO4,False
2079,BeZnGe4,False
2080,SrCuO2,False
2082,BiS2,False
2083,LiH5SN2O4,False
2084,MnH4C2O6,False
2085,Na3MgP2HO8,False
2086,Na2CN2,False
2087,H2SeNO4,False
2088,Be2ZnGe,False
2089,AgSbC6N4O2F6,False
2090,BeNbBi4,False
2092,Sm3InN,False
2093,LiMnSiO4,False
2096,Mo3Ir,False
2097,Li2Co3TeO8,False
2099,CaH8Cl2O4,False
2100,BaCa2W,False
2101,Eu2BrO2,False
2102,Pr4Te3N2,False
2103,UAlIr,False
2104,UCl5,False
2105,BiS4N3Cl4,False
2106,BeCrP,False
2107,Ca2FeP2H8O12,False
2108,LiBPt3,False
2109,NdNiSb2,False
2110,BeTlGa4,True
2111,DyNiB4,False
2113,Zr6Al16Co7,False
2114,LiBeH8CNOF4,False
2115,Zr3Co,False
2116,KVSO6,False
2118,K4Sn3Se8,False
2119,LiLa4NiO8,False
2120,Er2SnAu2,False
2123,LiScP2O7,False
2124,PrHgPd,False
2125,BeNb4Zn,False
2126,CaB2H2,False
2127,Mg3CuO4,False
2128,TeO3,False
2129,HfN,False
2130,Ti4CdCu3O12,False
2131,C3N,False
2132,RbAuI3,True
2134,CuAgF3,True
2135,Pb2O3,False
2136,K4V5CuClO15,False
2138,AlAu2,False
2139,YSi2,False
2140,BeVPb4,False
2141,HfBeCo4,False
2142,PrPt,False
2143,SmCr2B6,False
2144,Ag2NClO3,False
2146,Ba3B2N4,False
2149,PbS,False
2150,BaAl2Si2,False
2151,LaB2Ru3,False
2152,Na3CoO3,False
2153,LiAuF6,False
2155,Na4CoO4,False
2156,TeI,False
2157,DyAlAu,False
2158,BeSiCl4,False
2159,SmFeSb2,False
2160,B5Mo2,False
2161,Li8CoO5F,False
2163,Li4BeRh,False
2164,LaCdB5O10,False
2166,K4ZrBe,False
2167,CaMnSi2O6,False
2168,BeMo4Rh,False
2169,Pr3GaC,False
2170,LiBH2OF4,False
2171,CuSeO3,False
2172,Na2Te2O5,False
2173,La2Ga12Pd,True
2175,BeIr4Pd,False
2176,NdAlCu,False
2177,BaCu2Ir,False
2179,Th2Ga,False
2180,MgGa,False
2181,BeTeIr4,False
2182,Ho2Au,False
2183,InBrO,False
2184,Mn6O7F5,False
2186,RbAuC2S2N2,False
2187,LaCoO3,False
2188,NbSe2SN2ClF6,False
2191,V6O11F,False
2192,LiBeCo4,False
2193,SrBeSn4,False
2194,Ba3GeO5,False
2198,ErSnPd,False
2199,VO2,False
2200,Ti2Cd,False
2201,Nd3Ni13B2,False
2202,NbS2,False
2203,LiMnSiO4,False
2205,AuCS2Cl3,False
2206,Na4BeAlSi4ClO12,False
2207,NbSe2,False
2208,Ca2MnGaO5,False
2209,FeCoB,False
2210,KVF3,False
2212,Ca4BePt,False
2213,KBeIn4,True
2215,BaSc2Cu,False
2218,Mn2SiP4O14,False
2219,K4BePd,False
2221,YB2Rh3,False
2222,Sr2TiO4,False
2224,Mg2GeO4,False
2225,BeVP4,False
2227,Na4BeZn,True
2228,V4O7F5,False
2229,SCl2O,False
2232,SrB2Rh2,False
2233,Mg4TiBe,False
2235,K2NaAlP2,False
2238,Sr2Cu2NiS2O2,False
2239,LiB13C2,False
2240,SiO2,False
2241,Sr2CoMoO6,False
2242,NaGaSi2O6,False
2243,AlCu,False
2244,K2MgMo2H4O10,False
2245,BH10C2N5O3,False
2246,CaAl2O4,False
2247,BeNi4P,False
2248,Tl5Se3,False
2249,CeGeAu,False
2250,BeFeBi4,False
2251,HoSiRu2C,False
2254,Fe2C9O9,False
2255,CdAs2O6,False
2256,BaAlH5,False
2257,BaMg2Fe,False
2259,Nd2NCl3,False
2262,LaCo2B2,False
2264,YRe4B4,False
2265,RbCdAg3C6N6,False
2266,Sr2LiInGe2,False
2268,YZnPO,False
2270,Mn3NiO4,False
2271,BaCuSn2,True
2272,Rb3MnH5,False
2273,P2H16N4O7,False
2275,MnAs2O6,False
2276,Yb5Si4,False
2278,Pr3RuCl3,False
2279,V3Fe,False
2280,DyFe2SiC,False
2281,FeF3,False
2282,Li2Fe2CoO6,False
2283,VFeAs,False
2285,Rb2Cd5As4,True
2286,Li3LaP2,False
2287,YbAlO3,False
2289,BeZnPt4,False
2290,PbI2,True
2291,BeNb4W,False
2292,Li4BeSi,False
2293,CdGeBi2O6,False
2295,Ce2Ge3O9,False
2297,C3N,False
2298,DyNi4Au,False
2299,YBeIn4,False
2301,Li2MnO2F,False
2302,CeNiGe2,False
2305,Ca4BeZn,True
2306,UInPd,False
2310,Fe4O3F5,False
2311,ZrCu,False
2312,ErNiGe2,False
2314,NdGe2Rh2,False
2316,SmGe2Rh2,False
2317,Dy7InCo4Ge12,False
2318,SbPt3,False
2322,BaSc2Ta,False
2324,HgO2,False
2325,Mo3S3Br,False
2326,DyInRh,False
2327,La2InRh2,False
2328,TiH8C4NO10,False
2329,NaP5,False
2330,Th7Rh3,False
2331,Ca3Zn,False
2336,BaP2O6,False
2337,Cu2S,False
2339,Li3FeF6,False
2340,Li2VF6,False
2341,YBr3,False
2342,MgBe2Pb,False
2343,TaNi3,False
2344,InMoS2,False
2345,LiMn2OF3,False
2346,Li3Mn2Cr2O8,False
2348,Tl2SnO3,False
2351,MgGa3,False
2353,LaBRh3,False
2354,BaFe2S3,False
2356,La2CuSnO6,False
2357,TeN2Cl6,False
2360,RbMgF3,False
2362,MgTi3,False
2364,Hg2CN2Cl2,False
2365,Li3CrO4,False
2367,BaMgNi2,False
2368,ZrCl3,False
2369,TeO3,False
2370,TeRhCl,False
2371,KC4N3,False
2372,UGeTe,False
2373,KTlO,True
2375,ScSi2,False
2376,CeMn2Ge2,False
2377,Ca3Au,True
2378,K2Al2B2O7,False
2379,LiV3O8,False
2380,Hg4P2O7,False
2382,ZrCrF6,False
2383,YBePt4,False
2384,Ta4BeV,False
2385,K4CO4,False
2387,Na3ThP3O11,False
2388,LiScO2,False
2389,Li4ZrF8,False
2390,Ba4Tl2Cu2HgO10,False
2392,BeCr4Se,False
2393,La2MgCu2,False
2396,AlFe,False
2398,La2MgGeO6,False
2399,Ti2HPd,False
2400,CaB2H8,False
2401,SN,False
2402,K3Ge4Au,False
2403,TaBePb4,False
2404,BeZnFe4,False
2407,CeB2Rh3,False
2408,PH8IN4,False
2409,BaSrHf2,False
2411,OsN2,False
2412,SiBHC3NCl2,False
2413,MgAlSi,False
2414,RbCrF6,False
2415,CuAs2O4,False
2417,NaSiBO4,False
2418,K2BC3N3,False
2420,ThSnRh,False
2421,UMo5O16,False
2423,Rb4Tc6S13,False
2424,Pb5I2F8,False
2425,SrAsPd,False
2426,Ho3TaO7,False
2428,Be2SnHg,False
2429,ThC2,False
2430,LiIn2CuSe4,False
2432,NaCaBe2,False
2435,YCuW2O8,False
2436,KTlBr4,True
2437,SrAgSF,True
2438,Mg7TiH16,False
2440,ErCdGa,True
2441,Mg6FeSi,False
2445,KMnF4,False
2446,Sr2CuCl2O2,False
2447,LaP3H8O7,False
2448,Li2Mn3TeO8,False
2449,YbGeIr,False
2450,LiFeCoO4,False
2451,AlH3,False
2452,Ti3Bi4O12,False
2453,PBr2N,False
2454,FeS,False
2456,Ba2LiB5O10,False
2458,TcBr4,False
2461,SrSiPd,False
2462,K4TiO4,False
2465,BePbBr4,False
2467,CeMg7,True
2468,K4Co7O14,False
2469,AsS,False
2470,Sc2Te3,False
2471,NaAgC2N2,False
2472,Zn2SiH2O5,False
2473,BaNiP2,False
2474,SrCrF6,False
2475,TaTiBe,False
2478,CuAu,False
2479,ZnS,False
2481,SiBi12O20,False
2482,BeCuPt,False
2483,RbZnF3,True
2485,Nd2Sn3,False
2486,Zn2TeBr2O3,False
2488,BaHf2Ru,False
2489,Cu2GeSe3,False
2490,Li2ZnSi,False
2492,Ta2N,False
2493,Tb3Si2Cl5O6,False
2495,YCu3Se2ClO8,False
2496,YbAu3,False
2497,SrCd2Pd,True
2499,RhPb2,False
2500,Pr3Si2Cl3O7,False
2501,PrOs2,False
2502,NaPH2O4,False
2504,La2BiN,False
2505,ZrBeTe4,False
2506,K2ReCl6,False
2508,ZrAu4,False
2509,Na5CoSO2,False
2510,Ba3Al3Ga2,False
2511,SrZn,False
2512,KCN3O2,False
2513,LaCu5,False
2515,TbB2Ir3,False
2517,Re3S4Cl,False
2518,KAlH2CO5,False
2520,Ge2N2O,False
2521,Mg3Ga,False
2523,LaGaSe2O,False
2524,ZrTe,False
2525,ThTe2O6,False
2526,LiMnSbO4,False
2527,Li4Mn3SbO8,False
2528,UAlPt,False
2530,Sc2NCl2,False
2531,LaSnPd,False
2534,NiO,False
2538,SrAl2B2O7,False
2539,LaIO,False
2541,EuFe2As2,False
2544,TbCuAs2,False
2545,Pr3MnBi5,False
2546,NaLiH4C2O5,False
2547,BeReTc,False
2548,BaNa2V2CuO8,False
2550,BaZr2Tc,False
2551,Fe3O2F4,False
2552,RhN2,False
2555,SrBeBi4,False
2556,GaH13C4N2,False
2557,Cr3N2,False
2558,LiErS2,False
2560,CaMgSi2O6,False
2561,ScBeMo4,False
2562,SnH8C4O4,False
2563,DyB2Ru,False
2564,KGe2P3O12,False
2565,Hf6Al16Pd7,False
2566,MnOF,False
2569,MnAlNi2,False
2571,SrSi,False
2572,TbNi12B6,False
2573,BaCaC2O6,False
2574,SmMg,False
2575,Fe3O4,False
2577,LaP3O9,False
2578,Sc3RuC4,False
2579,CaAu5,False
2580,BPS4,False
2582,U6Mn,False
2583,K2CS2O6F2,False
2584,Be2SbPt,False
2585,BaHf2Cl,False
2586,BaNdFe2O5,False
2587,Mg2Cu2P2H12O15,False
2588,RbMg6Fe,True
2589,LiAlH4,False
2591,Ti2O3,False
2592,YbCdGe,True
2593,LiMnSiO4,False
2594,NdCoSb2,False
2595,BaCuP2,False
2598,UAlIr,False
2599,CaNiBN,False
2601,CrPb2O5,False
2603,LiTiMnO4,False
2604,Dy3AlCoS7,False
2606,Yb3Si5,False
2607,Ba4Ir3O10,False
2609,FeB,False
2611,LiCeO2,False
2612,CoGe,False
2613,MgTi,False
2614,TbGa6Fe6,False
2615,TmN,False
2616,Y2CuGe6,False
2618,PHOF2,False
2620,Mg4BeNb,False
2621,VBiO4,False
2622,BeTlCl4,False
2623,TiBeZn,False
2624,ErCoSi2,False
2626,Li3Co2Si2O8,False
2627,Ti2FeP2O10,False
2628,Li2MnF4,False
2629,Cu2NiSb,False
2630,BeInCo4,False
2631,Sr5B3ClO9,False
2633,PrCoSb2,False
2635,BaMg6Mo,False
2636,VOF,False
2637,Sr2CrCuSO3,False
2638,V3O4F2,False
2641,Ca4MgB4H6C2O18,False
2643,PdSeO3,False
2645,Cu4Te5Cl4O12,False
2646,BeVSi4,False
2649,TaFeTe3,False
2650,Na3AsS3,False
2651,Pb4IF7,True
2652,Cd3B2O6,False
2653,LiCuPO4,False
2654,Sr4ZrBe,False
2655,Fe4O3F5,False
2658,Nd2BiN,False
2659,BaSm2CoO5,False
2660,BaZrCu2,False
2662,BeVPd4,False
2668,Be2NiMo,False
2669,K2SnBr6,True
2670,Ca2FeWO6,False
2671,MgGa,False
2672,KCrO2,False
2677,PuTe2,False
2678,Li2VP2HO8,False
2679,EuAl2Ge2,False
2680,UCu4Au,False
2681,Ta2Co,False
2682,Ba7Ir6O19,False
2686,Yb2Ag7,True
2687,PC2S2N3,False
2688,Na2ZnGe,True
2690,Co5Se4Cl2O12,False
2692,Ce2ZrO6,False
2693,Li4CO4,False
2694,HoB2Ir3,False
2695,ErMn2Si2,False
2697,NiPbF6,False
2698,BaNd2NiO5,False
2700,BeNbGa4,False
2701,NaCaAsO4,False
2702,AuBr,False
2703,CaCrO3,False
2704,SrV2P4O14,False
2705,Cu2SO4,False
2706,BaMoPt2,False
2707,BaZnBi2,False
2708,Mn3O4F2,False
2709,BeGa4Mo,False
2712,OsO2F3,False
2713,C2O3F2,False
2714,La2SO2,False
2715,Li2NbFe3O8,False
2716,CrO2,False
2717,Li4BePd,False
2718,FeB2O4,False
2719,BaNb2O6,False
2721,PtCI2O,False
2723,BaTi2P4O14,False
2724,CaAl2SiO6,False
2725,ErRu2,False
2726,BePd4Se,False
2728,BaIF,True
2729,LiMnO2,False
2731,PdO2,False
2732,PrSi2Ag2,False
2733,Rb2CdP2Se6,False
2735,SrBr2O6,False
2738,Li5Ti2V3O10,False
2740,NaH2CSO4F3,False
2741,AuBr,False
2742,LiAlGe2O6,False
2743,Li2UMo2O10,False
2747,KLaSiS4,False
2749,Cd4Te3Se,True
2750,PuCo2,False
2751,Na2FeO3,False
2752,LiVGeO5,False
2753,TaN,False
2754,ZrCoP,False
2755,KTaBe2,False
2756,MoH,False
2757,Na6ZnSn2,True
2758,PrAlCu,False
2761,Nd4Ga2O9,False
2762,Na2BiAu,True
2764,BaCa2Ir,False
2765,KCBrN2O4,False
2768,KIn9Ni2,True
2769,BaIr2Pd,False
2770,Mn3Al,False
2771,TbZn,False
2774,Ti3Zn3N,False
2775,Ba2YTi,False
2776,Zr3Rh5,False
2777,CeFeSb2,False
2779,La5Sn3Cl,False
2780,LiGaBr4,True
2782,BeCd4Mo,False
2783,CuSe,False
2784,KCoO2,False
2785,CdHgSe4C4N4,False
2786,Li2Mn3F8,False
2789,VH10SO10,False
2791,Co2As,False
2792,ScBeSn,False
2793,PrMnSi2,False
2795,Sc4BeZn,False
2796,Li3NiO2F2,False
2797,DyCdGa,True
2798,Y2O3,False
2799,ZrIr,False
2800,Co2O3F,False
2801,Er3CoSi3,False
2802,Er5BiAu2,False
2805,CeAlCu,False
2806,SrCu2B2O6,False
2807,B4W,False
2808,Y3Ni4B4C3,False
2809,Na6FeO4,False
2810,CrNiP,False
2811,Ba3NaN,False
2812,RbMg6Mo,False
2814,YbCdSn,True
2815,AgCN3O2,False
2816,BaMo2Br,False
2817,LaZnSn,True
2818,Ca5P6Pd6,False
2819,BN,False
2821,Ce2Al6CuAu,False
2823,UPt2,False
2826,PrNiGe2,False
2828,BaNa2Ge,True
2833,LiDySe2,False
2835,EuMn2P2,False
2836,EuTaO4,False
2837,NdIO,False
2838,Na2BeO2,False
2839,YbCu9Sn4,True
2840,Tb2Au,False
2842,Co2P2O7,False
2843,BeCd4Se,True
2844,Ag13OsO6,False
2845,BaBeGa2,False
2847,LiBH15C5NO3,False
2848,Na4CrO3,False
2849,Li2Fe3SnO8,False
2850,SnSO4,False
2851,ThSbRh,False
2856,B4Rh5,False
2857,BaNa2In,True
2858,BeMo4Se,False
2859,ScInPt,False
2860,Fe3P2H8O12,False
2861,TeAuI,False
2862,SnO2,False
2864,La2Ge3O9,False
2866,Ce3In3Ru2,False
2867,ErSi2Au2,False
2868,Rb3MgH5,False
2869,CaBi2O4,False
2870,KSiSbO5,False
2872,K3AlH6,False
2874,MnTl2GeTe4,False
2875,Y4Fe3B6,False
2878,Ba2NdCu3O6,False
2879,BaNa2Ga,True
2880,BeIn4Mo,False
2881,NaSbO3,False
2882,CsK2Sb,True
2883,AgClO2,False
2885,Li3TiV2O6,False
2886,ScCo2,False
2888,K2PAuS4,False
2890,KFeO2,False
2893,Ba2MnTl,False
2894,OsN,False
2895,SrMg6Fe,True
2896,Na14Ni2O9,False
2897,KTeOF3,False
2898,ZrTa4Be,False
2899,Na6FeSe4,False
2900,K2PdCl4,True
2901,LiFeF3,False
2903,BaSn2Se,False
2905,Mg2ZnAs2,False
2908,RbNbGe3O9,False
2909,Tb6CoTe2,False
2910,RbCrCl3,False
2911,RbFeMo2O8,False
2912,B5H12NO12,False
2913,TiMnO3,False
2914,Mn3OF5,False
2915,Li7FeO4F2,False
2917,ThGaRh,False
2918,SmFeSb2,False
2920,BaZr4Nb,False
2922,Ba3Ge2B6O16,False
2923,Ho2Ga8Co,False
2924,MnAsRu,False
2925,DyB6,False
2926,BaHfNi2,False
2927,Na3AlP3NO9,False
2928,Os2O3F7,False
2930,FeO2,False
2931,UNiSb2,False
2933,Zn8B3H3O14,False
2934,MnBePd,False
2935,Ho2SnAu2,False
2936,ZnSiAg2O4,False
2937,Ba2MnIn,False
2940,Ce7O12,False
2941,CoNiAs,False
2944,Tl6Si2O7,False
2946,BaV2Os,False
2948,Na2CrH8O8,False
2951,KNaB2H8,False
2954,La2MnCoO6,False
2955,MnSi,False
2957,TbPt,False
2959,PAuClF3,False
2960,LiMnBO3,False
2961,HgPtO2,False
2965,CaCr2Cu3Sb2O12,False
2967,Fe4O3F5,False
2968,LiTmSn2,False
2970,Ho2CN2O2,False
2971,SrMnO3,False
2974,NdMg2Ni9,False
2975,Fe3OF5,False
2976,Tl2HgGeTe4,False
2977,DyH9C5N2O8,False
2978,TaPbF7,False
2979,LiAuF6,True
2980,BaSiP2,False
2981,LiH20C8BrO4,False
2982,AsCS3N2F11,False
2983,SiO2,False
2984,UCoB4,False
2986,Zr2Al3C4,False
2988,K3AsSe4,False
2989,BaMn2Ga,False
2990,BaSrCd2,False
2991,BaSn2Sb,False
2992,RbMg6W,False
2993,HoPd,False
2994,Ba4Ti2PtO10,False
2995,HoMnO3,False
2996,Sr2Co2O5,False
2997,BeCo4Tc,False
2998,Nb5Ge3,False
2999,YbGe2Pd2,False
3000,Lu2Si5Ir3,False
3001,BaNa2Cd,True
3002,Mg4BeRe,False
3005,TiFeO3,False
3007,BaMgH4,False
3008,Sm3Co6Sn5,False
3013,Ba2CuP2O8,False
3015,Na2PdSe2O8,False
3016,BaCaPb2,True
3017,TaTl3Se4,False
3018,SiB3,False
3019,UPt3,False
3021,NaCd4As3,True
3022,MoPRu,False
3023,NaAlAs2O7,False
3024,LiO,False
3025,RhC2IO2,False
3026,TiBeBr4,False
3029,CeAl2Pt,False
3030,SrTaNO2,False
3031,SmTlPd,False
3032,PrScGe,False
3033,Sc3FeC4,False
3034,TiNi,False
3035,NaLiMnPCO7,False
3037,HoBrO,False
3038,ZrTe2,False
3039,BaSc2Te4,False
3040,CaMg3,False
3041,ZrH6O3F4,False
3042,CrCd3Te4,False
3045,LiBH4,False
3046,LiIO3,False
3047,MnSb4O12,False
3048,CuC4O4,False
3049,Na4BeW,False
3051,K2HgCl4,True
3052,NaH12AuC4S4O12,False
3053,ErNi4Au,False
3054,KNaNdNbO5,False
3056,BaCr2W,False
3057,Ag4P2S7,False
3058,BaFeIr2,False
3059,ScCl,False
3060,BaVSi2,False
3062,HgS,False
3063,TbCrO4,False
3064,FeSb4O12,False
3066,Mn3O5F,False
3068,Sr2LiCoN2,False
3071,TaFeO4,False
3073,WOF4,False
3074,Mg6SnB,True
3075,BaGa2Br,True
3076,BaNaMo2,False
3078,Ba2CaNi,False
3079,BaFeHg4,True
3080,BaSiBi2,False
3083,Ba2Mn2Se2OF2,False
3086,CeCoSb2,False
3087,Co2As,False
3088,Ce3CuSnS7,False
3089,BeMo4P,False
3090,KNaB2H8,False
3092,SmSi2Pd2,False
3093,CrCuO2,False
3094,MgTi,False
3095,Y4Si2S3O7,False
3096,K4Nb11Al2O20F,False
3098,CeTlTe2,False
3099,Ag2Se,False
3100,Dy3Co,False
3102,SrNiGe2,False
3103,Li3Co4O8,False
3104,Li2U3P4O20,False
3105,Mg3Sb2,False
3106,Na4ScBe,False
3107,KCuTe,True
3110,ErAgS2,False
3111,SrHg3,True
3112,Ba2ZrBi,False
3113,RbLaSiC4N8,False
3114,FeOF,False
3116,Fe3P2H16O16,False
3117,BeInBi4,False
3118,BaBeNb2,False
3119,SICl7,False
3120,USbRu,False
3121,TeC4Cl2F6,False
3122,RbMg6W,False
3123,LiSbSe2,False
3125,BaCa2Y,False
3127,LiPd2Pb,False
3128,Li3As,False
3129,HfAl3,False
3130,BaH2CSNClO,False
3131,Tl2Cr3O12,False
3134,BaZn4Br,True
3135,Fe12N5,False
3136,LuPb2,False
3137,KAs,False
3138,Fe3N,False
3141,BaRh2Br,False
3144,ZnNi2O4,False
3145,Li5VP2O9,False
3146,NbCuO3,False
3148,MnSbO4,False
3155,Ba2SrSi,False
3158,SrFe2P2,False
3159,NaSn2As2,False
3160,KBaTl2,False
3161,Ba2YCu,False
3163,KW3Cl9,False
3164,LiGaAs2O7,False
3165,CoCl2O6,False
3166,PrCdPd,False
3167,CaB2Rh2,False
3168,AgHg,False
3169,LaAl2,False
3170,BaZr4Hg,False
3171,Sc2PbS4,False
3172,LaCO3F,False
3173,RhCl3,False
3174,TiTe2,False
3175,Tb6FeBi2,False
3178,Ba2ScCr,False
3181,InRh,False
3184,ErCoGe2,False
3186,Li3Ti4O8,False
3187,CaSi2,False
3188,BaSbBr2,False
3191,Ca3Ni7B2,False
3192,Bi2PdO4,False
3194,TeAsHO5,False
3195,BaZr2Ir,False
3196,BaTiTe2,False
3197,BaLiTl2,True
3198,TeN2O6,False
3199,V2CoO6,False
3200,Ba2MnO3,False
3201,LaNiPO,False
3203,BaNa2Mg,False
3204,NdSnAu,False
3205,Li2Fe3TeO8,False
3207,SrRuO3,False
3210,K2BaPb,True
3212,Al5BO9,False
3214,PrTiO3,False
3215,PrAlPd,False
3216,PbClF,True
3217,Nd2InRh2,False
3218,ZrTe5,False
3219,CaGa2Ni,True
3220,Tb6Al3Si,False
3221,GaFeO3,False
3222,CaBi2B2O7,False
3224,Li2Ni3SnO8,False
3225,BaCrCl2,False
3226,BeCdHg,False
3227,BN,False
3228,PbSe,False
3229,BaSc2Re,False
3232,UFeAs2,False
3235,Ba2CrIn,False
3238,Ba2NdNbCu2O8,False
3239,Hf6Al16Co7,False
3240,Te2W,False
3242,K2Hg7,True
3243,ReO3,False
3244,Ba2YNb,False
3245,NiS2,False
3248,BaCd2Se,False
3249,HoCd,False
3250,Nd2InGe2,False
3252,Ba2MnBi,False
3253,BaBeV2,False
3254,BaCa2Ga,True
3255,BaIn2Te,False
3257,Fe3Pt,False
3259,MnVBiO5,False
3260,Li4BeRu,False
3261,Te2Rh,False
3262,RbAuN12,False
3263,BMo2C,False
3264,MnCu2SnS4,False
3266,NdSi2Ni,False
3267,BaGeBi2,False
3271,BeVGa4,False
3272,BaMoOs2,False
3273,Na2MgInF7,True
3274,Np5Ge4,False
3275,HPbBrO,False
3278,BaNiRu2,False
3279,CaAs2O6,False
3280,Ba2MnSn,False
3281,ZrBeIn,False
3282,DyPS4,False
3283,Rb2CrF6,False
3284,EuB2Ir2,False
3285,EuSn,False
3286,BaInBr2,True
3287,BaZr4Ti,False
3288,U3Si,False
3289,BaLiBi2,False
3290,HfBeCd,False
3291,BaZn2Ru,False
3294,Ba2NbTe,False
3295,Rh3S4,False
3296,P4S3I2,False
3298,BaPtBr2,False
3299,UP2,False
3300,SmZnSn,True
3302,BaZnPt2,False
3303,Ba4Zr3S10,False
3304,LaGaO3,False
3307,BaTlRu2,False
3308,MnCdO2,False
3309,K4CO4,False
3310,KBa2Ni,True
3311,BaBi2Br,False
3312,Rb3V2Br9,False
3313,LiAsSe2,False
3315,MgTi,False
3316,SiO2,False
3317,Ba2PbBr,True
3318,EuP3,False
3320,BaFeOs,False
3321,BaCd2Cl,False
3323,LaNi2,False
3324,Tl2CdGeTe4,False
3325,Ca3Mg,False
3326,BaNiPt2,False
3327,AlHO2,False
3328,Ti3Pd,False
3329,SnP2PbO8,False
3330,Fe3O2F4,False
3331,BaCrBr2,False
3332,HgBiO3,False
3333,BaIrPt2,False
3334,BaSi2P,False
3335,KBaLi2,False
3336,NbTlB2O6,False
3337,BaSe4Br,False
3338,MnO2,False
3340,BaCd2Cl,False
3341,NdCu2Ge2,False
3343,Li2Mg2MnFeP4O16,False
3344,LiNiAsO4,False
3345,MnF3,False
3346,YbLaSe3,False
3351,V3O5F,False
3352,BaLiCa2,False
3353,BaZnTe2,False
3354,NaAl6Fe3Si6B3O30F,False
3356,Ba2LiHf,False
3358,ZrBeCo4,False
3359,SmClO,False
3360,DyMnGa,False
3361,Na2Li3CoO4,False
3362,Ca4TiN4,False
3363,Ba2SbTe,False
3364,PrNiSb2,False
3367,BaNa2Pt,False
3369,BaCa2Pt,False
3370,Ba2ZrHg,False
3371,TlPd3,False
3372,Na2SrP4O12,False
3373,Cu3AsS4,False
3375,LiCuH4Cl3O2,False
3376,BaScSb2,False
3377,BaIn2Te,False
3381,DySiAg,False
3384,YBRh3,False
3386,DyFe2B2,False
3387,SiPd2,False
3390,NaMg6Nb,False
3391,Ba2SnPb,True
3392,Ba2CdTe,True
3393,BeRe4Si,False
3394,Ba2CrTe,False
3395,Ba2P2O7,False
3397,LiRuF6,False
3398,Mg3ZrO4,False
3399,BaCa2Mg,True
3400,Cr4OF11,False
3401,Na3LiMnBPO7,False
3402,BeVMo,False
3403,Ce3SiPt5,False
3404,BH2NCl2,False
3405,Ba2MgZn,True
3406,HoZnPd,False
3407,K4GeS4,False
3408,LaCuSO,False
3410,BaSrIn2,True
3411,Ba2TaTe,False
3412,Ba2YZr,False
3413,HoInCo2,False
3417,V3B4,False
3418,ScBeGe4,False
3419,Ba2GaPb,True
3420,Mn2OF3,False
3421,BaMoBr2,False
3425,MnZn3,False
3426,BaLi2Ca,False
3428,BeGa4W,False
3429,LuSi2Pd2,False
3430,TmTe3,False
3432,NaCO2,False
3433,BeBi4Rh,False
3434,K2BaFe,False
3435,BaNa2Os,False
3437,Ba2YHf,False
3440,BaSrMg2,False
3442,Nb5Si3B,False
3443,Ba2LiCl,True
3444,Li3AlMo2As2O14,False
3445,BaTiB2O6,False
3446,KGa,False
3447,BaRuPt2,False
3449,BaHfBi2,False
3450,LiN3,False
3451,CoCu2SnSe4,False
3452,BaOsCl2,False
3454,HoAgGe,False
3455,K3As,True
3456,Ba2PbSe,False
3458,Hf4BeP,False
3460,Dy3AlNiS7,False
3461,Ca3SiBr2,False
3462,BaHgPd2,False
3463,TbSn3,False
3465,BaAsPt,False
3466,Bi2TeI,False
3468,BaCaTa2,False
3469,CaAs2O6,False
3470,Rb2ZnCl4,True
3471,BaSrCd2,True
3472,BaLiRh2,False
3473,BeVRu4,False
3474,BeVCd4,True
3476,BiB3O6,False
3477,Pr2Fe2S2O3,False
3479,H12C4IN,False
3482,BaMn2Cu,False
3483,K5CuAs2,True
3484,LuAsPd,False
3485,Rb2Hg7,True
3486,ErAu,False
3487,Ba2TaBi,False
3488,MgAs4Rh6,False
3489,BaMg6W,False
3490,KBi2,False
3491,ErAgGe,False
3492,ErFeO3,False
3493,SbMo2S2,False
3494,VOF,False
3496,Ba2TlCd,False
3497,BeTlSb4,False
3498,BaSrY2,False
3500,UCo4B4,False
3501,LuC2,False
3502,BaTiOs2,False
3503,Zn5B3Rh7,False
3504,Ba2CrSn,False
3505,Tb2Al3Si2,False
3506,BaScGe2,False
3508,UAu2,False
3509,YBePb4,False
3510,Pr2TlCd,False
3512,Al2O3,False
3513,MgMoN2,False
3514,Mg2BBrN2,False
3515,RbAuSe2O8,False
3516,Ba2CdCl,True
3517,PrCo12B6,False
3518,BaGaBi2,False
3519,BaGaRe2,False
3521,BaSbAu,False
3522,Ba2HfPb,False
3523,BeTlIn4,True
3524,K4P4H6O15,False
3525,BeTeCl4,False
3527,TlPAuSe3,False
3530,NaB2H5O6,False
3532,Na4BeAlSi4ClO12,False
3534,Ba2HfBi,False
3535,BaSrW2,False
3536,LiGe2P3O12,False
3537,BaFePd2,False
3538,Ba2BiW,False
3540,BaCdW2,False
3541,BaPd2Rh,False
3543,RbN3,False
3544,ThAl3,False
3545,Y3AlCoS7,False
3546,BaSrPb2,False
3547,EuNiGe2,False
3548,BaPr2Ti3O10,False
3549,BaHfGa2,False
3551,B2CN,False
3552,BaIrPt2,False
3553,BaSi2Br,False
3554,TbAlCu,False
3555,Li2MnP2HO8,False
3556,BaLi2La,False
3558,SmAl2Au2,False
3559,BaSc4Mo,False
3560,BeTeBr4,False
3561,ScNi4Au,False
3562,ScCr2AgH4O10,False
3565,Ba2MgTe,True
3567,NiS2,False
3568,Na2La2Ti3O10,False
3569,BaCaBr2,False
3570,LiSb3P2O10,False
3572,Tc2O7,False
3573,CoN2O6,False
3577,Ba2SnCl,True
3578,BaZr4Ge,False
3579,BaZr4Ta,False
3580,BaAl4O7,False
3582,Ba2CaGe,False
3583,V3Ni,False
3585,VNi3,False
3587,ZrIn3,False
3590,KSn6Au4,False
3591,Tl3Au,True
3593,ScSiRu,False
3594,Cu2HgI4,True
3595,SrZrN2,False
3596,BeNbIn4,False
3597,AlPd5I2,False
3599,NiCl2O6,False
3600,RbNa2AuO2,False
3601,Pr4B10O21,False
3603,BaCdSnS4,False
3605,Rb2TiCl6,False
3606,SrSb2Pd2,False
3608,BaMgBi2,False
3609,BN,False
3610,BaMnGe2,False
3612,KO,False
3613,ZrTi2O,False
3614,MgTi3,False
3615,Te2Au,False
3616,BaScPb2,False
3617,BaV2TeO8,False
3619,Li3H6Ir,False
3620,NdGe2Au2,False
3622,BaP2Br,False
3623,Li2SnAu,False
3624,LiVF4,False
3625,Ca2MgP2H4O10,False
3626,Cr3Os,False
3627,Ba2NaGa,True
3628,Ba2MoPb,False
3630,ZrBeIr4,False
3631,EuCu4Sn2,False
3634,Li2MnF6,False
3635,Rb2TeCl6,True
3636,Ba2CrPb,False
3641,K2AsAuS4,False
3644,Ba3Y2B6O15,False
3645,FeH4Cl2O2,False
3646,Li2ZrN2,False
3647,BaCuCl2,True
3648,Ba2LiSb,False
3649,BaSrLi2,False
3650,BaSr2Ca,False
3653,BaAg2Sn2,True
3654,LiMn2Cr2O8,False
3657,BeBi4Br,False
3658,Li7NiO4F2,False
3659,ThPd3,False
3660,GaPt3,False
3662,TlV5Se8,False
3663,BaYPt2,False
3665,Ba2TiSb,False
3666,CoAs,False
3667,AsPd2,False
3668,KI,False
3669,RbTi2P3O12,False
3670,TiReSi,False
3671,Rb2Te,False
3672,EuAs2Rh2,False
3673,Ca4BeV,False
3674,K2BaP,False
3675,YMnB4,False
3677,Ba2LiReO6,False
3678,Ba2HgBr,True
3679,NaCaVO4,False
3680,Zr6CoAs2,False
3681,CaSi2,False
3682,CeMg3,False
3683,La3Al,False
3684,NaTlO2,False
3685,Mg3MnO4,False
3688,Nd2MoO6,False
3689,LiH2N,False
3690,LiBC,False
3693,BaSnW2,False
3696,BaPSe4,False
3697,BaCaSe,False
3698,BaNaLi2,False
3699,BePb4W,False
3700,K5LiGe2O7,False
3701,TePb2O5,False
3702,Ba4MgOs,False
3703,Ba2NaFe,False
3704,KBaCr2,False
3706,BaZr4Ni,False
3707,LaBeCd4,True
3709,CaB2H8,False
3711,ReAg2Cl6,False
3712,ZnH12C2N6Cl4,False
3713,BaSn3,False
3714,NdPO4,False
3715,BaGaFe2,False
3716,Ba4NiOs,False
3717,BaMgIr2,False
3718,Ba4NbPt,False
3720,NdB2Rh2C,False
3721,Co3Mo,False
3724,Nb2CoO6,False
3725,USb,False
3726,Mg3Bi2,False
3728,PuB4Mo,False
3729,Mg3TiO4,False
3731,BaTl2Bi,False
3732,BaSrMg2,True
3733,DyNi,False
3734,KBaMn2,False
3735,BePtRh,False
3736,H12AuC4N,False
3737,Ti3Pd5,False
3738,HgH2NCl,False
3740,DyCu2S2,False
3741,Mg7Ga,True
3742,U2InRh2,False
3743,Li3Nb4VO12,False
3745,BAsO4,False
3747,CaCu2O3,False
3748,BaBe2B2O6,False
3749,BaTl2Bi,True
3750,BaB2F8,False
3753,LaAl,False
3754,Ce2WC2,False
3755,Ba2LaNb,False
3756,BaHf4Be,False
3757,BaGaSb,False
3758,NdCd,False
3759,K2BaMn,False
3760,HfCoSn,False
3761,ThSi2Ru2,False
3763,Ni3S2,False
3764,Sr8Mn2FeN8,False
3765,LiAlTe2,False
3766,KBaCd2,True
3768,BaCa2Y,False
3770,ScB2C2,False
3772,Rb2SeCl6,True
3773,AsCF3,False
3774,BaBiSb,False
3775,BaZn2Ru,False
3776,Li4MnBe,False
3778,Nb2N,False
3779,SbICl2F6,True
3780,HoInCu,False
3782,BaZnBi,True
3784,TaSiIr,False
3785,TlZnPO4,False
3786,MnRh,False
3789,MgCO3,False
3791,NaAlBP2H3O10,False
3792,DyMnB4,False
3794,CF2,False
3795,BaFePt2,False
3796,BaCaHg,True
3797,CaB2H10N2,False
3798,BaRu2Pt,False
3799,KNiAu3C6N6,False
3800,BaSiTe2,False
3802,BaSc2Nb,False
3810,Ba2TiNi,False
3811,BaNi2Br,False
3812,AuO2F6,False
3813,Li2Mn3NbO8,False
3814,Li3Nb2Fe3O10,False
3816,BaLiBi2,False
3817,Ba4PtRh,False
3818,Te2Au,False
3819,TiBeW,False
3820,NdCoAsO,False
3822,ZrI3,False
3825,BaNbHg,False
3826,Ba2CdPb,False
3829,Ti2CdC,False
3830,BaMgSe4,False
3832,BaTa2Se,False
3833,Ba4RuW,False
3834,BaMn2In,False
3835,BaTi2Ga,False
3837,Sm3Ge5,False
3838,KBaFe,False
3839,Ba4ReTc,False
3840,BaPbSe,False
3842,B4W,False
3843,DyB6,False
3844,ZrGaRh,False
3845,BaV2Cu,False
3846,LaMg3O4,False
3847,Fe3Se4,False
3849,Ba2NbCl,False
3850,BaZnCr2,False
3851,Ba4BiRu,False
3852,Ba2PbCl,True
3853,LiMgAsO4,False
3854,La3Cu4P4O2,False
3855,Ba2ZnPb,True
3857,K2BaZn,True
3859,Ba2CaTa,False
3861,CeP5,False
3862,MgSiH2O4,False
3863,Ba4GaPt,False
3864,InPd3,False
3865,MgSiO3,False
3867,TiCuNi2,False
3868,NdSb2Au,False
3869,Ba4VFe,False
3870,Ba4ReRu,False
3872,LuAgS2,False
3873,ScSnAu,False
3875,BaCa2Sn,True
3876,BaLiZr2F11,False
3877,BaBi2Cl,False
3880,BeSeBr4,False
3882,LiBC,False
3883,Ba2CdSn,False
3884,PPd6,False
3885,BaCdSb,False
3886,MnIn2Te4,False
3888,Ba4VP,False
3889,Nb2GaC,False
3890,FePd,False
3891,BH2N,False
3892,Ba4SbMo,False
3894,BaYPd2,False
3895,Ba4MoRu,False
3896,Ba4CoP,False
3897,AlSn,False
3898,BaMgCl2,False
3900,Mn4BeSb,False
3901,BaReBr2,False
3902,MgBIr,False
3903,BaSrTi2,False
3904,Li2TeO3,False
3905,Cr2O3,False
3906,MgAl,False
3907,MgTi3,False
3909,BaSi,False
3910,SrCu2O3,False
3911,Bi2Pd,False
3912,K2FeH4S2O10,False
3913,BaBeIr2,False
3914,BaCrIn,False
3916,MgCu2O3,False
3918,ScAu4,False
3919,MoO2,False
3921,K4TeP4H10O20,False
3923,CaSiBHO5,False
3924,Na2Bi5AuO11,False
3925,Ba4CuRu,False
3927,CaSb2,False
3930,BaSc4Fe,False
3931,Ba4NiP,False
3933,BaMgSn,False
3936,Ba4SiW,False
3937,Ba2YSb,False
3938,Al5BO9,False
3940,Li3H4Rh,False
3941,BaMgGa2,True
3942,Ba4CoIr,False
3943,BiSe,False
3944,HoSn3,False
3945,Ba2LaMo,False
3946,LiFe6Ge4,False
3947,BaBiSe4,False
3948,BaNaLa,False
3949,YNiGe2,False
3950,KCoAu3C6N6,False
3951,Fe2C,False
3952,BaTa2Be,False
3953,Ba2MgGa,True
3954,BaZrTe,False
3956,NbNiB2,False
3957,K2PtO6,False
3958,Ba4PRh,False
3959,BeGa4Sb,False
3960,BeCoTe,False
3962,V3O4F2,False
3963,Ba4ZrTc,False
3966,BaCaBr2,False
3968,Nb2C,False
3969,BaSe2Cl,False
3972,Hg3Cl4O,True
3977,KAgSe,True
3978,AlPd5I2,False
3979,BaSbTe,False
3980,ErFeGe2,False
3981,SrMnPF,False
3982,Yb2CaO4,False
3983,Cr5S6,False
3984,ScRe2O6,False
3985,LiFeSbO4,False
3986,Sr3TaAs3O,False
3988,BaZrTe2,False
3990,BaZrPb,False
3991,BaLiPd2,False
3992,Zr5Sb4,False
3993,BaBeV2,False
3994,Ba2ZrTe,False
3995,BaGaBi,False
3998,Ba4NbCo,False
3999,ScGeRh,False
4000,Nd3Ni13B2,False
4001,BaTaBr,False
4002,AlTlCl4,False
4003,BaNaTl2,False
4006,Ba4TcTe,False
4007,LiGe,False
4008,BaInIr2,False
4009,SrZn5,True
4010,Ba4HfZr,False
4012,BaNiPd2,False
4013,Ho5NiPb3,False
4015,V3O5F,False
4016,EuAs3,False
4018,MgBeCu4,True
4019,BaVHg2,False
4024,AlAgTe2,False
4026,Ca3Zn,False
4027,Y3Ni13B2,False
4028,Rb2ZrCl6,False
4029,ZrAl8Fe4,False
4031,Ba4ScRe,False
4033,BN,False
4034,Ba4TiTc,False
4035,Ba4CoPt,False
4037,BaMg2Mn,False
4038,BaSi2Mo,False
4039,BaInTe2,False
4040,BaP2Br,False
4041,BaSiCl2,False
4042,BaRu2Cl,False
4043,YbAlB4,False
4044,ZnPt3,False
4045,BaTaCl,False
4046,Ba4MnRh,False
4048,UB2,False
4050,Ba4TiRe,False
4051,Ba4FeW,False
4052,Ba4InRe,False
4053,BaNaHg2,False
4054,Ba2MgMn,False
4056,PAuCl8,False
4057,LiPrSn2,False
4060,BaLi2Fe,False
4062,MgSiO3,False
4063,BaSrMg2,False
4064,BaZnIr2,False
4067,Sc5Cu5O13,False
4070,La3PbC,False
4072,BaSc4Co,False
4073,Ba4HgRu,False
4074,Ba4IrBr,False
4076,FeO,False
4077,CaPbF6,True
4078,CoAs2O6,False
4079,RbBe2BO3F2,False
4080,MgTi,False
4081,DyHg,False
4082,LiTl,False
4083,Zr2Pd,False
4084,LiNdS2,False
4085,Al2SiO5,False
4086,BaLi4Cr,False
4089,SmB2Rh2C,False
4090,Ba4SiOs,False
4091,BaVTe2,False
4092,Y3Au2,False
4093,Ba4TcPd,False
4094,Ba4BeOs,False
4095,Ba4SnMo,False
4096,PuAlNi,False
4098,Pr2Ni2I,False
4099,BaGaBr2,True
4100,BaNa2Si,False
4102,DyFe2B2,False
4103,BaTlBr2,True
4104,Ba4SiP,False
4105,KBaRu2,False
4107,BaV2Sn,False
4108,Ba4OsPd,False
4109,BaTcBr2,False
4112,BaHf2Ni,False
4114,K2Ag4S3,False
4115,LiAlMo2O8,False
4116,MnTe,False
4117,EuMgH4,False
4118,SiO2,False
4120,BaHfW2,False
4122,BaSi2Rh,False
4124,Ba4VOs,False
4125,BaNaY,False
4126,SrN,False
4127,Mn3Pd5,False
4128,K4BeP,False
4129,PuB2Rh3,False
4130,LaCuGe2,False
4133,Na3FeO4,False
4134,Ba2InTe,True
4136,NiAsPd,False
4138,Ba4MgIr,False
4139,YbSnPd2,False
4140,CoSe,False
4141,UGeTe,False
4142,EuH3O3,False
4143,BaNaV,False
4144,Ba4VW,False
4145,Ba4PPt,False
4146,Be12Nb,False
4147,Mg3Cd,False
4148,BaNa2Sb,True
4149,Ba2LiTe,False
4150,Ba4FeP,False
4151,BaTlPb2,False
4152,Ba2MnPb,False
4153,Ba4MnNb,False
4154,BaPbCl,False
4156,BaSb2,False
4158,Ba4LiIr,False
4159,Nb5Ge3B,False
4160,BaYTe,False
4162,YMg,False
4163,WO2F,False
4164,Bi2TeO5,False
4166,BaGeCl2,True
4167,Ba4SnRh,False
4168,KBaBi2,False
4169,BaSn2Sb,False
4170,Ba4TaGe,False
4171,BaLiCa2,True
4173,Tb2InGe2,False
4174,ThGaNi,False
4175,DyB6,False
4177,Y3Sc2Al3O12,False
4179,LiVTe3O12,False
4181,BaRuCl2,False
4182,BeFeCl4,False
4183,Ba2InSb,True
4186,LaNi4B,False
4187,BaYCd,False
4189,Tl4HgI6,True
4190,Ba4CdTc,False
4192,BaNaTa,False
4193,As2PdO6,False
4194,ZrAlPt,False
4195,Ba4BeRh,False
4196,CeInAu2,False
4198,AlPt2,False
4199,Al4CO,False
4200,BAsO4,False
4201,UCu2Sn,False
4202,YClO2,False
4203,Mg3Al,False
4204,Sr4GeP4,False
4209,FeNi3,False
4210,Ba4ZrGa,False
4212,Ba4LiW,False
4213,N3Cl,False
4215,K2NiH12C4O14,False
4216,RbCl,False
4217,Ba4LiCr,False
4218,Ba4CoTe,False
4219,RbAgO3,False
4220,Ba4TiCo,False
4221,YbLiO2,False
4222,NaLiTe,True
4223,BaB2F8,False
4224,Na6Sn2S7,False
4226,NaTi2O3,False
4229,Ba4BiPb,False
4230,Ba4ScGa,False
4231,KN3,False
4232,BH11C4BrNF4,False
4234,MgScSe3,False
4236,Rb2Cd2S3O12,False
4238,Hf4TiBe,False
4240,CrClO,False
4241,SrTe,True
4242,RbBO3,False
4244,Ba2NbN3,False
4245,ZrBeNi4,False
4247,SrAl2O4,False
4248,AlAu2,False
4250,SrTaF7,False
4252,Ba4FeSb,False
4253,PrS,False
4254,U2N3,False
4255,Er2SeO2,False
4256,KMoPO6,False
4257,Ti3NbO8,False
4258,KSbMo2O8,False
4260,RbNaO3,False
4261,Mn5As4,False
4262,VCuO4,False
4263,Fe2OF3,False
4264,BaHfBr,False
4266,Nb6Si7Ni16,False
4267,V2Se9,False
4268,LiHoSe2,False
4269,TiAlO3,False
4270,SrYCoO4,False
4272,TaBeBr4,False
4273,LaMnO3,False
4274,Ba4GaP,False
4275,BaPuO3,False
4276,La3AlC,False
4278,LiCo5O7F,False
4279,CrFe2Se4,False
4280,LiAgF2,False
4281,FePbO3,False
4282,Mg6FeNi,True
4283,MgBe2Se,False
4285,YCrO4,False
4286,NbFe3,False
4290,Ba4CaP,False
4291,K2CN2,False
4292,Zr3N4,False
4293,H8PtO6,False
4294,TlMo3O9,False
4295,YAs,False
4297,CuI2O6,False
4298,Sc2MnSn,False
4299,Li2MnCl4,False
4300,BiOF,False
4301,CoS2,False
4303,Sr2CuAg2S2O2,False
4305,OsC3I2O3,False
4306,MgO,False
4307,Al3Ni5,False
4308,KGaH4,False
4309,BeTcBi4,False
4310,Li3FeO4,False
4311,HfSnIr,False
4313,YbRbO2,False
4314,YbCoGe2,False
4316,Yb3Ti3O14,False
4317,Li3FeO2F2,False
4318,Ba4ScCd,False
4319,NaSn2P3O12,False
4320,Y5CuPb3,False
4322,Tb3Sb4Au3,False
4323,TbOF,True
4324,BaSrZn,False
4327,Ba2LaV,False
4328,CeSi2Au2,False
4329,BaTl2Br,True
4331,Ba4CrRe,False
4333,Li3AlB2O6,False
4334,Ba4TcHg,False
4335,Ba4GaTc,False
4336,ErCo5,False
4338,Ba4FeIr,False
4339,K2Hg3Ge2S8,False
4340,MgH2,False
4341,URe2,False
4342,LaSc3B4O12,False
4343,Ba2LiV,False
4347,BaCuNi2,False
4349,GaAsO4,False
4350,BaTlSb2,False
4351,Tl2SnCl6,True
4352,FeOF,False
4353,BaCd2Se,True
4354,LiCu2P,False
4356,Ba2GeBi,False
4357,CoCl2O6,False
4358,KBaMg2,False
4359,K2BaV,False
4360,Pr2Ta2Cl2O7,False
4361,Ba4GaIr,False
4362,Ba4TcSn,False
4363,LiDyGe,False
4364,Fe2B,False
4365,TbSi,False
4367,Mn2OF3,False
4368,Ba4CoRh,False
4369,BaNaZr,False
4370,Mg4BePb,True
4371,BaYPb,False
4372,Ti6Al16Pd7,False
4374,BaCa2Y,False
4375,BaTaMn2,False
4376,BaCdSe,False
4378,AlVO4,False
4379,BaSiNi2,False
4380,AsPdS,False
4381,BaPdRh2,False
4383,BaNbTe,False
4384,CrN2,False
4385,Ba2InPb,True
4386,BaGaBr2,False
4388,Ba2VPb,False
4389,BaTiB2O6,False
4390,Mg7B,True
4391,Ba2TiCl,False
4392,BaGaBr2,True
4396,BaTiBr,False
4397,Ba4PtW,False
4398,BaSrTl2,False
4399,HoNiB4,False
4400,Ba4PSe,False
4401,Ba4ReGe,False
4402,Ba2YV,False
4403,Ba2ScBi,False
4404,ZnGeAs2,False
4405,K2WCl6,False
4406,CuAuF5,True
4407,Yb4As3,False
4408,Ba4TeIr,False
4410,Dy5Si3B,False
4411,SnPbS2,False
4413,BaSrMo,False
4415,BaLiNi2,False
4417,BaLiMg,False
4420,PrFeAsO,False
4421,SmAu,False
4422,ErClO,False
4423,BaTaPt2,False
4424,BaInBi,True
4425,BaIrCl2,False
4427,BaTaTe,False
4428,LaZnAsO,False
4429,Ba2GePb,False
4431,K2BaBi,True
4433,PrMgPd,False
4434,As2PbO6,False
4435,TiTlPS5,False
4436,Ba4PbW,False
4437,BaHgBr,True
4438,BaHgPb,False
4440,BaCdSb2,False
4441,KBaSe2,False
4442,Ba4TiRh,False
4444,Ba4NbRu,False
4445,BaNa2Cd,False
4447,BaMn2Cl,False
4448,Ba4TaPt,False
4449,Ba4InTc,False
4450,Al5BO9,False
4452,BaMoSe4,False
4453,NbSe2,False
4454,BaCrTe,False
4455,HgC2Se2N2,False
4456,Na3As,True
4457,TlFeBr3,False
4458,TbP12Ru4,False
4459,Ca2B5H2ClO10,False
4461,Ti6Al16Rh7,False
4462,BaCd2Sb,True
4463,BaZnPb,True
4464,BaRe2Ge,False
4466,Ho2ZnOs,False
4468,CuI4N4,False
4470,Ba4TeRu,False
4472,Mn3Ge,False
4473,PrPOsO,False
4474,DySnAu,False
4477,MnSnO3,False
4478,YSnAu,False
4480,BaTlSb2,False
4481,SrZnSbF,True
4482,Eu3As4,False
4483,Mg3Ti,False
4485,BaCaBr2,False
4486,Mg3Al,False
4489,CeMg,False
4490,Al6Fe,False
4492,BaCaCd,True
4493,Ba2TlHg,True
4494,Dy5BiAu2,False
4496,Ba4NiSb,False
4499,Ba4TcIr,False
4500,ErAsPt,False
4501,BaPt5,False
4502,BaNa2Ge,False
4504,NdCr2B6,False
4506,BaNa2Hg,False
4508,ZrAlCu2,False
4510,CeSi2Pt,False
4512,TiOF2,False
4513,LaN,False
4514,Ba4ZnW,False
4515,Ba4OsSe,False
4518,Ba2BiSb,False
4519,NaZn4As3,False
4520,BaCaPb,True
4521,Mn3Au,False
4523,BaSnSb2,False
4524,LiB11,False
4526,BaTlTe,False
4527,Fe4OF7,False
4528,NdSnAu,False
4529,Ba2NbTl,False
4530,Ba4RuSe,False
4531,BaNbBr,False
4532,BaMnSe4,False
4533,Ba4FeRh,False
4534,TeHO3,False
4538,Ba2PdBr,False
4540,NaCeS2,False
4542,CeNbO4,False
4544,KNiAu3C6N6,False
4545,ScAgGe,False
4546,Tl2TeCl6,True
4547,Ba4TaV,False
4549,Tb5SbAu2,False
4550,NaBH4,False
4551,Ba2CdBi,True
4552,Ba4RuRh,False
4554,As4Se3,False
4555,BC7,False
4556,PrCu2Ge2,False
4558,Zn3BPO7,False
4559,ErSi2Au2,False
4560,BaMnBr2,False
4565,Ba2ScPb,False
4566,RbC2I3N2,False
4567,BaTlPb2,False
4568,BaMnCr2,False
4571,Ba4FePt,False
4572,BaCaSb,False
4574,BaGaCl2,True
4575,BaScSb,False
4576,Ba4BeRe,False
4577,Ba4CdOs,False
4578,BAsO4,False
4580,EuCu,False
4581,BaLiY,False
4582,Ba4MnV,False
4584,Ba4NiMo,False
4585,Li4Fe3O2F6,False
4586,Cu2GeI6,True
4588,CuSnF6,False
4591,BaScTe,False
4592,BaHfCu2,False
4593,Na2AgAs,False
4595,LaTmGe4Ir2,False
4596,Li2TlAu,False
4597,Co3Mo3N,False
4598,BaReCl,False
4599,BaLaSb2,False
4600,BaTeSe,False
4601,KAs2F7,False
4605,Ba2CdSb,True
4606,BaScSe4,False
4607,Ba4TiPt,False
4611,Sm2IO2,False
4613,ZrFeF6,False
4614,Ba4SiPd,False
4615,Ba4InFe,False
4616,Ba4MnRe,False
4617,BaSiCl,False
4618,BaSi2Br,False
4619,Ho5SbAu2,False
4621,YCr2Si2,False
4622,BaZr4Pd,False
4623,BaSrCl2,True
4624,BaMgIn,False
4625,NaLi2Bi,False
4626,BaNa2Hg,False
4627,Ba4MnOs,False
4629,Ba4TcRh,False
4630,BaMgCd,True
4631,Ba4ScIr,False
4633,BaPIr2,False
4634,BaHf4Cu,False
4635,NaCo3O4,False
4636,LaGaO3,False
4638,BaTa2Tl,False
4639,BaCrCd,False
4641,BaTa2Se,False
4642,TlSb3S5,False
4644,TbSnPt2,False
4645,KBaSe,False
4646,Mn2P,False
4647,Ba4TaSi,False
4651,LiBC,False
4652,Ba3Zn2As4,False
4653,Co3BPO7,False
4654,BaYPd2,False
4655,NaSnO,False
4657,LaB2C2,False
4658,MnO2,False
4659,BaCoBr2,False
4660,TmTlO2,False
4661,Ba2GaSi,False
4662,Ti4FeBi2,False
4663,MnPRh,False
4664,BaSrTa,False
4666,V5As3C,False
4667,BaWCl,False
4669,Ga10GePb3O20,False
4670,BiPO4,False
4671,BaNi2Br,False
4672,ScTe,False
4678,BaCdIr2,False
4679,BaTePd2,False
4680,Mg3GaO4,False
4681,Er2CuGe6,False
4683,Np2InRh2,False
4684,Ba4SiGe,False
4685,Ba4CdIr,False
4688,PrCo5,False
4689,CeMn4Al8,False
4690,BaTiCd,False
4692,BaSrIr2,False
4693,Tl2PtCl6,False
4694,BaMnSb,False
4695,SmOs2,False
4697,LaMgNi4,False
4698,Dy2CN2O2,False
4699,DyMgAg,False
4700,Ba2ScHg,False
4701,Ba2CaPd3O6,False
4704,Rb7NbAs4,False
4705,BN,False
4706,Li3AlF6,False
4708,Nd3Al,False
4710,SF6,False
4711,B2Mo2Ru,False
4714,Ba4NbW,False
4715,NdZnSbO,False
4716,BaSc2Ni,False
4717,BaNbCl,False
4718,Ba4VRu,False
4719,SmSb12Os4,False
4720,Mg3Cd,False
4723,MgBeAl4O8,False
4724,Ba2MgV,False
4725,BaHfTe,False
4726,BaSnHg,False
4727,Ba2LiZn,True
4729,BaSn2Te,False
4730,BaSnTe,False
4731,Ba4VRe,False
4732,BaHf4Ga,False
4735,BaBe2Br,False
4737,AgO,False
4738,KBaTl2,True
4739,Ba4BeV,False
4741,Fe2OF3,False
4742,Ba4BiPt,False
4743,Ba4CdW,False
4744,BaYCl,False
4746,Ba2LiCr,False
4747,Ba4FeSe,False
4751,SrMg7,True
4753,LaAl2,False
4754,Ba2CaMo,False
4756,Ga2Au,False
4757,Ba4HfPt,False
4761,Ba4OsW,False
4763,Ba4ZrRe,False
4765,Mn6O5F7,False
4768,PrB2Rh2C,False
4771,LiAgF4,False
4772,UFe2B6,False
4773,PuS2,False
4774,BaSiBi2,False
4775,Zr2Ni,False
4776,BaP2Ru,False
4777,BaSc2Be,False
4778,BaBi2Br,False
4781,YbBiAu,False
4782,CaClF,True
4783,Li2CuNiO4,False
4784,Li2CoSiO4,False
4786,Ba4MgRe,False
4788,Co3W,False
4789,TcBr3,False
4790,Li2MnF4,False
4792,BaMn2Sn,False
4793,Ba4CoPd,False
4796,TbInAu,False
4798,TeSeO4,False
4799,TeHO3,False
4801,Ba4NbSi,False
4802,NaCr4O8,False
4803,Ba2InW,False
4804,ErAu4,False
4806,Mn2OF3,False
4807,BaSnSb2,False
4808,FeOF,False
4809,Ba4TaTc,False
4812,Ba4MnSi,False
4813,MnSe,False
4815,CrFe2Se4,False
4817,BaSr2Tl,False
4819,Ba3CaO4,False
4820,BaSnPb,False
4821,LiEu2Si3,False
4822,Ba4SbRu,False
4823,SrFeAsF,False
4824,BaBeNb2,False
4825,Ba4CoSi,False
4826,Li2FeF4,False
4827,HfSiRu2,False
4828,BaCd2Te,False
4829,BaNaMo2,False
4830,Ba4ReSi,False
4831,KBa2Si,False
4833,BaZnCd,True
4834,DySi2Pt2,False
4835,NaSb3F10,False
4836,Zr6Ga2Co,False
4837,Sr2InI5,True
4838,BaSnPb2,False
4839,SrAgP,False
4841,BaReBr2,False
4844,BaSnSe,False
4846,NiRh2Se4,False
4847,PrMg2Ni9,False
4849,Co2B2O5,False
4850,Mn3O2F4,False
4851,EuCu4P3,False
4852,Ba4IrSe,False
4854,BaLiBi,False
4857,Ba4VIr,False
4858,Ba4MoPb,False
4860,Li2NdAs2,False
4861,Mn2Au,False
4862,Ba2SnTe,True
4863,BaNbTl,False
4864,CaFeAsF,False
4865,NaCdH3C3O6,False
4868,Ba4ZnOs,False
4869,BaHf2Br,False
4870,BaSc4Rh,False
4871,BaSr2Te,False
4872,BaBi2Cl,False
4873,HfAu4,False
4875,Lu5Te2Au2,False
4879,BaCrCl2,False
4880,Ba2ZrCl,False
4881,Ba4SiTc,False
4882,BaLiCl,True
4883,Yb2O3,False
4886,Ba4MoPt,False
4887,CaTa2O6,False
4888,Ba4TlPt,False
4889,Ba2CrW,False
4890,Ba4InOs,False
4892,Ca3Mg,True
4893,GaRh,False
4894,Ba4ScTa,False
4895,YbB6,False
4898,Ba4TiOs,False
4899,BaTl2Cl,True
4900,Ba4TaPd,False
4902,BaNaSb,False
4903,Th3B2C3,False
4904,BaCoTe,False
4905,BaYSn,False
4906,Mg3Ti,False
4907,UH2O4,False
4908,SmPt2,False
4909,KAuSe2,False
4911,BaLiPb,False
4913,BaHgCl,True
4914,SnN2Cl6,False
4915,KBaHg2,False
4916,Ba4YTc,False
4919,Ba3LiN,False
4920,BaCaV,False
4922,ThAs12Os4,False
4928,Ba4SbPt,False
4929,LiVF3,False
4930,Tb10B2Br15,False
4933,As4S3,False
4934,CeZr7O16,False
4935,Ba4RePb,False
4937,BaSr2Sc,False
4938,BaTi4Br,False
4940,Nb3Pt,False
4941,Ba4NiPb,False
4943,Ba4BiP,False
4944,BaLiBi2,False
4945,Ba4ReIr,False
4946,AuCl2,False
4947,Ba4SbPd,False
4948,TbCo12B6,False
4949,BaCdSn,False
4952,CaCrF6,False
4953,VF4,False
4954,GaAsO4,False
4955,BaCrBi,False
4956,DyFeB4,False
4957,LiPd,False
4958,BaCdP2,False
4959,Ba4HfTa,False
4960,BaReSe4,False
4962,BaSrTa4,False
4963,BaCrSi2,False
4964,BaSrSb,False
4965,BaMgZn,True
4966,K2BaGa,True
4967,LiVF3,False
4968,BaSrHg,False
4969,BaTlSn2,False
4971,K2BaBe,False
4973,BaNa2V,False
4975,BaCdHg,True
4976,Zr3Fe,False
4977,BeGaFe,False
4978,BaSi2Pd,False
4979,Ba4ReRh,False
4980,BaBeCo2,False
4981,BaTlCl,False
4982,Zr6Al16Os7,False
4983,BaRh2Br,False
4984,BaNa2Zr,False
4985,LiBeCd,False
4986,GeO2,False
4988,BaSn2Se,False
4990,Ba4TlRe,False
4992,CrAuS2,False
4993,K2TiCl6,False
4995,KAlH6O2F6,False
4997,Ba4RhSe,False
4998,Zr3N2O3,False
4999,MnNiAs,False
5000,Ba4TlOs,False
5003,Ba2TiRe,False
5004,Ba4GaW,False
5005,PrAs2,False
5007,Na2SnH6O6,False
5008,Ba4BeRu,False
5009,YSnRh,False
5010,Ba2ZnSn,True
5011,Ba2TlZn,True
5013,Ba4SiPt,False
5014,BN,False
5015,Ba4PdSe,False
5016,VFeAs,False
5017,TmC2,False
5018,Li2MnFeB2O6,False
5019,Ba4LiOs,False
5020,Ba2InHg,False
5021,BaZnBi2,False
5022,Ba4CoRe,False
5024,Ba4HfW,False
5025,CaAl2Cl8,False
5026,BaBe2Ge,False
5027,BaSb2Au2,False
5028,Mg7W,False
5029,NaBeTl,False
5030,Li4MnW3O12,False
5031,CrWO4,False
5032,BaMg2Ta,False
5033,Ba4PdW,False
5037,Ba4SiRu,False
5038,ZrNbO4,False
5039,Bi2MoO6,False
5041,CoAsS,False
5042,BaInHg,True
5044,LiVS2,False
5046,Ba2TlCl,True
5048,Ba4MnTc,False
5050,CaAlB3O7,False
5051,Ba2CdB6O12,False
5053,Te3As2,False
5054,Ba2TiCr,False
5055,Ba4GeIr,False
5056,NbTe2,False
5057,MnOF,False
5059,Ba4VCo,False
5060,KBaCu,True
5061,KBaBe,False
5062,BaTi2Tl,False
5063,SrB2S4,False
5064,BaNaTi4,False
5065,BaZnBi2,False
5067,RbCd4As3,False
5068,Ba2ZrPb,False
5069,KAg2PS4,False
5071,Li2CoSiO4,False
5072,BaMgCl2,True
5073,Li3As,False
5075,BaZrSb,False
5077,BaNa2Mn,False
5078,Ba4IrPb,False
5079,Ba4MoW,False
5080,Ba4HfOs,False
5081,BaCa2Mg,False
5082,BaZrBi,False
5083,BaYSc2,False
5084,Na2FeO3,False
5085,Ba4TaFe,False
5087,BaNa2Pt,False
5088,FeB2,False
5089,Ba4ReSn,False
5090,NiI2,False
5091,Ca3N2,False
5092,DyGa2Cu3,False
5094,Ba4GeP,False
5095,BaCo2Br,False
5097,BaSc4Ru,False
5098,UBN,False
5099,CeGaPd2,False
5100,NpCr2Ge2,False
5101,BaGaBi2,False
5102,Ba2MnBr,False
5104,Ba4RePt,False
5106,Ba2NaCu,True
5107,Ba2TiSn,False
5108,Li4CuF5,False
5109,Li9S3N,False
5111,NbTe4Ir,False
5112,BaGa2Co,False
5114,LiBIr,False
5116,ErB2Ru,False
5117,Ni2Sn4Au,False
5118,Li2NiO3,False
5119,Ba4GeMo,False
5121,UTeAs,False
5123,K2NiF6,True
5124,LiVPO4,False
5125,Hf9AsW4,False
5127,BaTlBi,False
5128,Co5B2P,False
5129,Ba4FeGe,False
5130,Li2B2S5,False
5131,Na4MnO4,False
5133,NdGe2Pd,False
5134,MoF3,False
5136,Ba2GaBi,True
5137,USnRu,False
5139,NiPW,False
5140,Li6Co6O5F11,False
5142,BaZr2Pd,False
5144,BaGaPb,False
5145,Be2GePd,False
5148,YbCu4Au,True
5149,KAuN12,False
5150,ZnS,True
5151,BaSrHf,False
5152,Ba2SrCo,False
5153,Ba4YOs,False
5154,MgB2H8,False
5155,Ba4CdRh,False
5157,BaCdIn,True
5158,BaLiSe4,False
5159,Ba4HgIr,False
5160,Ba4ReBr,False
5161,YbAl2Pd,False
5164,NbFeF6,False
5165,Ba4SiMo,False
5167,Ba4TaNb,False
5168,BaBeIr2,False
5171,BaCo2Br,False
5172,InCuTe2,False
5173,Li4Ti3V3Te2O16,False
5174,SrH16O10,False
5175,CaSiBHO5,False
5176,Ba4MoIr,False
5177,BaNa2Re,False
5178,BaYMo2,False
5179,Ba4BiIr,False
5180,RbIn6Au4,False
5181,BaBiSe,False
5182,Li3VS4,False
5183,DyP2Pt8,False
5184,CeAl2BRu2,False
5185,BaN2,False
5186,Li5AuO4,False
5187,Ba4SnIr,False
5188,BaBiTe,False
5189,TiSe,False
5190,Ba2NaSb,False
5191,Ba4RuPt,False
5193,BaYCo2O5,False
5194,Ba4ZrW,False
5195,Ba4CrTc,False
5197,ZrCl,False
5198,Ba2ScTl,False
5199,Ba2HfCl,False
5200,CaB2H8,False
5202,Ba4InRu,False
5203,Na5P3O10,False
5204,BaMnCl2,False
5205,Tl3BS3,False
5206,BaLiTi2,False
5207,LiVF4,False
5209,Ba2SrW,False
5210,BePdBr,False
5211,H3AuC2NCl,False
5212,Ba2TlSb,True
5213,BaTaBi,False
5214,V3O5F,False
5216,Li3SbS4,False
5218,BaRh2Se,False
5219,CeAsRuO,False
5220,BaCaIn,True
5221,Li2FeSi2O6,False
5223,Li2AgSb,False
5224,BaGeTe,False
5226,Ba4SbP,False
5227,BaSnO3,False
5229,BeMoRh,False
5230,CaZn,False
5232,CaB2C2,False
5234,Ba4CoTc,False
5235,BaCrSe4,False
5236,Ba4SiRh,False
5237,Li2MnB2O6,False
5239,Ba2HfNi,False
5240,Ba4ZnCo,False
5241,BaHfSe4,False
5242,BaTiSe2,False
5243,Ba4TeRh,False
5244,BaCa2Bi,True
5247,ZrGaNi,False
5250,Ba4PPd,False
5253,Np2InPt2,False
5254,BaNaHg,False
5255,BaLiTe2,False
5256,YBeIr,False
5257,Li4V3OF11,False
5259,Li2Mn3SnO8,False
5260,MnNi3O4,False
5261,K2BaMn,False
5262,Sr3Al2Si3O12,False
5263,Li4Co3TeO8,False
5264,CaSiBHO5,False
5265,BaCrIn4,False
5267,ZnCu2GeTe4,False
5268,SiPt3,False
5269,BaZnSb,False
5271,Ba2GeP,False
5273,BaVHg,False
5274,UGaPd,False
5275,Ba4TlIr,False
5276,Ba4IrCl,False
5277,BaInSn,True
5279,BaSr2Li,True
5280,Ba4TaRu,False
5281,SrIn3Au3,False
5282,BaMgBi,False
5283,Ba4OsCl,False
5284,TbInAu,False
5285,Ba4LaW,False
5286,Ba4CuRh,False
5287,BaBi2Cl,False
5288,Rb2Be2O3,False
5289,Li2FeF4,False
5290,BaLiTe,False
5291,CeB2C2,False
5292,Ta2PdS6,False
5293,LiAlGeO4,False
5294,BaMnBr2,False
5295,Na3MnO3,False
5296,BaLiHg2,True
5297,Ti8O13,False
5298,BaHfSe,False
5299,NbI5,False
5301,Be2InGa,False
5302,BaNa2Mg,True
5303,Ba4MnP,False
5304,KBa2Pd,False
5305,Ba4HgRh,False
5306,K2BaBe,False
5307,Ba2FePb,False
5310,Ba4CoBr,False
5311,BaGe2Br,False
5312,CeB2C2,False
5313,Li5SbS4,False
5317,BaMnBi,False
5318,Li5Fe4O8,False
5319,HfCuSiAs,False
5320,BaGaW2,False
5321,NiB2W2,False
5322,Ba4InW,False
5323,PrNi2Ge2,False
5326,TeAsRu,False
5327,KTmI3,False
5329,Sr2FeH6,False
5330,SiI3,False
5332,BaTlBr,False
5333,K3AsS3,False
5334,UAsP,False
5336,BaZn2Os,False
5338,Mg7Sb,True
5339,BaWBr,False
5341,Ba4HgPt,False
5342,BaZrTe2,False
5344,CuBi2O4,False
5345,TlCo2Se2,False
5346,Ba4IrW,False
5347,Pu2SnPd2,False
5348,Ba4TaMn,False
5349,In2HgTe4,False
5350,Ba4RhW,False
5354,Ba2SrP,False
5355,BaSr2Ca,False
5356,Rb2FeI4,False
5357,ZrBePd,False
5358,Be2SiNi,False
5360,DyAgSe2,False
5361,BaYSb,False
5362,BeZnRu,False
5366,K2BaSe,False
5368,KLi2As,False
5369,BaNbSe4,False
5370,BaZnCl2,True
5371,BaSe,False
5372,Ba4ReCl,False
5373,Ba4CuRe,False
5374,BaCrCl2,False
5375,Rb3Mn2Cl7,False
5376,HfBeRu,False
5377,NbCrN2,False
5378,B3Ru2,False
5382,Be2ZnRe,False
5383,Na4BeAlSi4ClO12,False
5385,TbCuW2O8,False
5387,V2WO6,False
5388,Fe7Co,False
5389,BeTlCr,False
5391,Ba4MnCr,False
5392,Ba4HfIr,False
5393,BaCoNi2,False
5394,BaSr2Mg,False
5396,BaTi2Bi,False
5397,BeBiMo,False
5398,CeNiSnH,False
5399,Ba4GaRh,False
5400,Li3Mn2O4,False
5401,BaSn2Pb,False
5402,BaHgPt2,False
5403,BeVCo,False
5404,Li2MnNb3O8,False
5405,Ba4CrNi,False
5406,BaReCl2,False
5407,BaTiHg,False
5408,BaLaMo2,False
5409,ZrPt3,False
5410,K2BaZn,False
5412,Ba4PW,False
5414,BaTcCl,False
5415,BaMoIr2,False
5418,GaP,False
5420,NiAsPd,False
5421,ZrSnRh,False
5422,BaCd2Bi,True
5423,CoAs2O6,False
5424,CrF3,False
5425,SmInCo2,False
5428,BaLiRh2,False
5430,Y3Mg,False
5431,PrZr2F11,False
5432,Al2CrS4,False
5434,Ba4ZnIr,False
5435,LaH3O3,False
5436,NdAl2Au2,False
5437,BaZr2Co,False
5438,BaTcBi,False
5439,CsSnI3,True
5440,BaNa2P,False
5441,BeCoOs,False
5442,P2PbAu2,False
5444,MgTaBe2,False
5445,BaBiPb,False
5447,Ba2TlTe,True
5448,Ba4BiMo,False
5449,Be2FePt,False
5450,BaBiP4,False
5451,UAu2,False
5452,TaCu3S4,False
5454,CaB2H8,False
5455,CuHgSeBr,True
5456,Ba4InMo,False
5457,K4ZnO3,False
5459,Ba2VTe,False
5460,Li2PrP2,False
5463,BaYGe2,False
5464,Ba4SnPt,False
5465,BaLaSi2,False
5469,PH3O4,False
5470,Ag3BO3,False
5471,Ba4ReSe,False
5473,Cu4S3N,False
5475,CuAgS,False
5477,Ce2Ga10Ni,False
5478,KBaCd2,False
5479,CuS,False
5480,BaSnSb,False
5481,BaTiZn,False
5482,La3GaBr3,False
5484,Ba4ZnRh,False
5486,YB2C2,False
5490,Mn6O5F7,False
5491,ThSi2Os2,False
5492,BN,False
5493,ScBeFe,False
5494,BaNa2Tl,False
5496,Ba4TlRu,False
5498,BaCuBr2,True
5499,Al2Si2H4O9,False
5500,YBe2Nb,False
5501,Ba4CdFe,False
5502,Ba2NaBe,False
5503,MnSb2O6,False
5504,Ho5Co2Bi,False
5507,YNiB4,False
5508,BaCr2Cd,False
5509,Na2Te,True
5510,DyInNi,False
5511,MnF4,False
5512,GaAsO4,False
5513,YNi4Au,False
5514,Na4BeAlSi4ClO12,False
5516,Ba4MnPt,False
5517,BaTlHg,False
5518,BaTlPb2,True
5520,ZnCoO3,False
5522,Be2NbZn,False
5523,BaNa2Si,False
5524,BaNiS2,False
5525,DyCdCu,True
5526,LiMn2B2O6,False
5527,BaNaMn,False
5528,BaIn2Te,True
5530,Ba4TePt,False
5531,LiVP3HO10,False
5532,Ba4BePt,False
5533,Ba4ReHg,False
5535,TiMnBe2,False
5536,Ba2SrNi,False
5537,LiBeOs,False
5538,HfBe2Co,False
5542,LiCo2O2F3,False
5543,Ce3Mg,False
5544,BaGaPt2,False
5545,KBaV4,False
5546,LiBePd,False
5547,Ba4ZrMo,False
5548,BaLiTl,False
5549,Ba2InNi,True
5550,BaMn2Hg,False
5552,CaCd3O4,False
5553,RbNa2AuO2,False
5554,TiBeRh,False
5555,RbNa3H4,False
5556,KBaCu2,True
5557,BaMgCl2,False
5558,BaGa2Cl,False
5559,BC7,False
5562,CaTaBe,False
5564,Li2RhO3,False
5565,BaMoCl,False
5566,BaCdTe,False
5567,Ba3Al2Si3O12,False
5568,BaNaPb,False
5569,Ta4O,False
5571,YbLiGe,False
5572,Rb2NiF6,True
5574,Be2ReIr,False
5575,Fe4O7F,False
5576,Ba4FePd,False
5577,Ba2TiBr,False
5578,BaHgSe4,False
5579,BePtSe,False
5580,Ba4VPt,False
5581,K3AlF6,True
5583,Ba2ScSb,False
5584,Ba4ScFe,False
5585,ZrBe2Rh,False
5586,CaZn2,False
5587,Nd2Ni5B4,False
5589,BeTcW,False
5590,BaSr2Sc,False
5591,Na4BeAlSi4ClO12,False
5592,BeSiHg,False
5594,Ba2MgSn,True
5595,LiBH4,False
5596,Li6CoSi2O8,False
5597,BaSbCl,False
5598,Li2FeO3,False
5601,LiBe2Cr,False
5602,BaYTl,False
5603,EuMoClO4,False
5606,NbFeB,False
5607,Ba2SnO4,False
5609,CaFeAsF,False
5610,BeCdTe2,False
5613,Ca3SiBr2,False
5614,LaBe2Cu,False
5615,YbMoClO4,False
5616,Cd2RuC6N6,False
5618,MnBe2Si,False
5619,Ba4TeOs,False
5620,Ba2SbBr,True
5621,BaCaIn,False
5622,BaGeBr,False
5624,BaBrCl4,False
5626,Ba2VBr,False
5627,FeHO2,False
5628,NaCaBe,False
5629,CeAl4Si2Rh,False
5631,ScBeOs,False
5632,Ba4NbMo,False
5633,BeB2C2,False
5635,Ba4InRh,False
5636,CrB4,False
5637,YBe2Bi,False
5638,BaZnTe,False
5639,BaCaMg2,True
5641,Be2SbSe,False
5642,Be2FeSe,False
5643,NdSi2Au2,False
5646,BaVTe2,False
5648,MgB2H8,False
5649,BaSrNi2,False
5650,Pu2Ni2Sn,False
5651,HfBeRh2,False
5652,HoB2C2,False
5653,PrCdGa,True
5654,DyNi2B2C,False
5656,AuF3,False
5657,Ce2Fe17,False
5658,LiBe2Mo,False
5659,V3As2,False
5660,Ag3AsS4,False
5661,Ba4BiOs,False
5662,Ta3SBr7,False
5663,Mg7Al,True
5666,Ba4GeW,False
5669,Ba2MgSb,False
5670,BeNiHg,False
5672,TiCrAs,False
5674,InS,False
5676,BaYSb2,False
5677,BaSr2Mg,False
5678,Ba4ScW,False
5679,BeCrP2,False
5682,BaNiCl2,False
5684,CrAgP2S6,False
5685,CoPO4,False
5686,BaLiCr,False
5687,BaNbBr2,False
5689,Be2RuCl,False
5690,Zr6Al16Rh7,False
5691,Ba4SnP,False
5692,BaHgSb,True
5694,Li3Co5OF11,False
5695,BaLaTi4,False
5697,TiBe2Os,False
5698,Li6CuB4O10,False
5699,SmSi2Rh3,False
5700,MnPO4,False
5701,BaCo2Br,False
5702,ScB2Ir3,False
5703,Ba2LiNb,False
5704,BaTcBr,False
5705,Al2HgSe4,False
5708,Be2RhSe,False
5709,MgBe2Cu,False
5710,MgBeIr,False
5713,BaLiIn,False
5715,Ba4TiFe,False
5716,BaTlIn,True
5718,Tb4Fe3B6,False
5720,YbSbAu,False
5721,VN2Cl6,False
5723,LiV2O3F,False
5724,RbPrSe2,False
5725,Be2CuSe,False
5726,BaGe2Cl,False
5727,NbFeTe2,False
5728,Ba4ZrIr,False
5730,Ba4NiGe,False
5731,YCo3H2,False
5732,LiUAsO6,False
5733,AsSe,False
5734,BaBeCl2,False
5735,DyCrB4,False
5736,HfAsOs,False
5737,EuP2Rh2,False
5738,BeHgTe2,False
5739,PrAlCu,False
5740,LiMnO2,False
5741,BaVBi,False
5742,LiV4O5F7,False
5743,HfBeCo,False
5745,Be2GaNi,False
5746,Ba4PdRh,False
5747,Li2CoBO4,False
5748,TiBe2Se,False
5750,Ba4GeOs,False
5751,Ba4TcPt,False
5752,BaCuBi,False
5753,YBeMo,False
5754,BeInRh2,False
5755,EuMn2Sb2,False
5757,BaZnP2,False
5758,ScGePd,False
5759,BeSn2Cl,False
5760,KAu5,False
5763,TiNCl,False
5764,Ba4GeRu,False
5766,VOF3,False
5767,Be2NbGa,False
5769,Mn3O5F,False
5770,Fe4O7F,False
5771,CaAs2Pd2,False
5772,BaGaTe,True
5773,Be2CoRu,False
5774,Ba4ZrV,False
5779,BaTaHg,False
5780,BeHgRh2,False
5781,PtN4Cl2O,False
5782,DyAlCu,False
5783,KCo,False
5784,ThAl,False
5785,Rb2Au3,False
5786,KAu5,False
5789,Ba4ZnPt,False
5790,BeSi2Pd,False
5791,AuN2,False
5792,BaMgZr2,False
5793,NdSnAu,False
5794,ScBe2Rh,False
5795,SrBeV2,False
5796,BaTlP2,False
5798,B2O3,False
5799,PrSiO4,False
5800,BeNbSi,False
5803,Ta2CoO6,False
5805,FeOF,False
5806,Mn3O2F4,False
5808,BeGaCo,False
5809,Ba4FeSi,False
5810,CaP2Pd2,False
5811,Ba4GePd,False
5812,HoB2Os,False
5813,ScSnPt,False
5815,YZrBe,False
5817,YCo2B2,False
5818,LiVP3O9,False
5820,BeCo2Bi,False
5822,BaMgMn,False
5823,LiAuF4,True
5824,Cd2OsC6N6,False
5825,La2AlNi9,False
5826,HfBeZn2,False
5827,Li4Ti3V3O12,False
5829,Ba2TiBi,False
5830,BeCuSe2,False
5831,CrAsRh,False
5833,Be2NbIr,False
5835,Ba4TlTc,False
5836,Li3VF6,False
5837,BaYPd2,False
5839,BaIrBr,False
5840,Al5BO9,False
5841,BaCoSO,False
5842,PuZn2,False
5844,Ba5Al5Pb,False
5846,YBe2Ir,False
5847,YbB4Rh,False
5849,Li3AlB2O6,False
5850,Be2RuSe,False
5851,FeSe,False
5853,K3AlH6,False
5854,PbS,False
5856,FeTeAs,False
5857,YAlGe,False
5859,CeAl3,False
5862,Ba4HfTi,False
5863,BeVFe,False
5864,BaScCl,False
5865,BaLaSc,False
5866,Be2PtPb,False
5867,NaBePt2,False
5868,Cu2SnSe4,False
5869,BeNbPb,False
5870,Be2VSi,False
5872,SrCu2B2O6,False
5873,LiMn2O2F3,False
5875,Er2CN2O2,False
5880,SbAsPd5,False
5881,KTi2Be,False
5883,Eu2O3,False
5886,BeSi2Ge,False
5887,B3Mo,False
5888,EuH3O3,False
5890,Li2Mn3GaO8,False
5891,KBi2F7,False
5893,NaGaTe2,False
5894,CaGe2,False
5896,BeFeSb,False
5899,Ce2InNi2,False
5900,DyRh5,False
5901,MnBe2In,False
5902,Na2MnO3,False
5903,Ba4FeTe,False
5905,BaPbF6,True
5908,YbAlB4,False
5909,BeCuTc,False
5910,TlNi,False
5911,BaF2,False
5912,Ba4OsPb,False
5913,BeTcGe,False
5914,CrB4,False
5916,C3N,False
5917,ThAs2,False
5918,TiBe2Sn,False
5919,LiAlSiO4,False
5920,ScBe2Br,False
5922,RbClO4,False
5923,BeGaTe,False
5924,NdCu2Ge2,False
5925,Fe2PO4F,False
5926,Bi2Te3,False
5927,Nd10Se19,False
5930,SnO,False
5931,Be2PdBr,False
5934,BaCd2Se,False
5936,NdSeF,True
5937,NdInNi2,False
5938,Dy5Ge3B,False
5940,PrAl3B4O12,False
5941,Ca2CrO8,False
5943,NO,False
5944,SrBePd,False
5946,TmAgTe2,False
5947,Ba4SiNi,False
5948,ScBeV2,False
5949,LiPd,False
5950,TiBeCd,False
5951,TiBe2Cr,False
5952,BeNbRh,False
5953,Er6MnTe2,False
5954,LiAlSi2O6,False
5955,BeMo2Br,False
5956,BaFe2S4,False
5958,Rb3Bi,False
5959,AlAsO4,False
5960,TmCoGe2,False
5962,KTa2Be,False
5964,BeSnGe,False
5967,Pr5Ru2O12,False
5968,Ca3SiBr2,False
5969,TiSO5,False
5970,LiBePt,False
5971,YBe2Ni,False
5972,YbB2Ir3,False
5973,K2Tc,False
5974,Li7VO4F2,False
5975,BaNaMo,False
5976,BaNa2Ca,True
5977,Be2Cr2Pt,False
5979,YZn,False
5981,MgBIr,False
5983,BeNbRu,False
5984,CeCdPt,False
5986,Li5CoO3F,False
5987,CrCdF6,True
5988,Be2ReTe,False
5989,Rb2CoF6,False
5990,LiAl,False
5992,BaVS3,False
5994,GeN2F6,False
5995,NpO,False
5996,BeCdPb2,False
5997,Na2BeIr,False
5998,TbInCo2,False
5999,TaBeW2,False
6000,MgBeTc,False
6001,FePO4,False
6002,Be2InCu,False
6003,Y3AlNiS7,False
6004,BeGaCu4,True
6005,TlCdI3,True
6006,AlO3,False
6007,Be2FeIr,False
6008,Be2VPb,False
6010,B2Mo2Os,False
6011,FeOF,False
6013,ZrBe2Bi,False
6014,BeSi2Sb,False
6015,TaBe2Ru,False
6016,Li2NbF6,False
6017,HoSnAu,False
6018,Be2TlW,False
6020,BeNiIr,False
6021,RuCl3,False
6022,Li2MnCuO4,False
6023,Be2ZnCr,False
6025,BeTl2Ga,False
6026,BaSc2Nb,False
6028,BeMoPt2,False
6029,CuSe2Cl,False
6030,CaCdAu,False
6031,ErCu4Au,True
6032,Be2VCo,False
6034,LiFeF4,False
6035,Yb5Al2Sb6,False
6036,Sm2MnGa6,False
6037,BaSi2,False
6040,Ba4HfO6,False
6043,K2OsO6,False
6045,La2Zr2O7,False
6047,LaHfBe,False
6050,BeFeTc,False
6053,LiAuS,False
6054,LiBeTe2,False
6055,BeNbNi,False
6058,MnBeTl,False
6059,YAlPd2,False
6060,Ba4TaRh,False
6061,NaBeIn,False
6062,ScBe2W,False
6063,TiBe2Hg,False
6064,AsNF6,False
6065,InSiCN,False
6066,BeRe2Bi,False
6067,CuBSe2,False
6068,Hg3Te2I2,True
6071,ZrMnBe,False
6073,LiNiBO3,False
6074,KUCuSe3,False
6075,PrSiRu,False
6076,HfCo3B2,False
6077,Li4Ti3Fe3Ni2O16,False
6079,Be2GeW,False
6080,Zr5Al3,False
6081,HfBeNi,False
6082,NaInSi2O6,False
6084,BeTe2Pd,False
6085,ZrTaBe,False
6086,NdGe2Au2,False
6087,MgZn3,False
6089,HfBe2Sb,False
6090,BeAgMo,False
6091,LiBC,False
6092,BMo2,False
6093,CuBr,False
6094,LiPr2Ge6,False
6095,CaBeSe2,False
6097,SrBeRh,False
6098,Ba4ZrRu,False
6099,Ba4GeSe,False
6101,La2Pd2O5,False
6102,CaHg3,False
6103,Be2NbOs,False
6104,NdMgSi2,False
6105,CN2,False
6106,BeReHg,False
6107,LiBH,False
6109,Tb5Ge3B,False
6110,BeCuRh2,False
6112,ZrBeBi,False
6113,CaGe2Au2,False
6114,U2AlCu3,False
6115,AgSbO3,False
6117,MgBeCr,False
6118,CeAl4Si2Ir,False
6119,LiMg7,True
6120,KBeRu2,False
6122,BaAl2Si2,False
6123,CrHgF6,False
6124,Be2MoRu,False
6125,BeNbZn2,False
6126,Be2PdRh,False
6127,Be2ZnPd,False
6128,Ca2H6Ru,False
6129,KCu4As2,False
6130,BeV2In,False
6131,Si7Ge,False
6132,SrBe2Pb,False
6133,Co2NiO6,False
6135,BaCuSeO,False
6136,Pr2PbS4,False
6137,Te2Au,False
6138,MgBeZn,False
6139,BeCd4Os,False
6140,Th3B2C3,False
6141,BeSn2Hg,False
6142,BeNiBr,False
6143,Be2ReHg,False
6145,BeCoPb2,False
6146,GaAu2,False
6149,CoN6Cl2,False
6151,BeSnPb,False
6152,CrFeBi2O6,False
6153,Mn3O4F2,False
6156,Li3Ti2Ni2O8,False
6157,TaBe2Sn,False
6159,CeNi2Ge2,False
6160,Na2Se,True
6161,ZrCo3B2,False
6163,CeZn3,False
6165,KHgC2IN2,False
6166,BaNiMo2,False
6170,LuAlAu,False
6171,MnN2Cl6,False
6173,Eu2Ga3Ir,False
6174,LiBeSn2,False
6175,Be2OsBr,False
6176,CaMn2Be,False
6177,RbAlO2,False
6178,Ba3Nb6Si4O26,False
6179,InGaSe2,False
6180,BeGaIr,False
6183,BeGeTe2,False
6186,BaLiBr,True
6187,BeInIr2,False
6190,MnBe2Cu,False
6192,Ba2CaReO6,False
6195,BeInW,False
6196,ErN,False
6197,Na2Co2O3,False
6198,ZrBeCr,False
6199,BeCoP2,False
6200,BeTl2Hg,False
6201,BeSnCl,False
6202,BeInPd,False
6203,Ta2BeCu,False
6204,Be2CdCo,False
6205,K3Mn,False
6206,BN,False
6207,Na3As,False
6208,Y2BeIn,False
6209,CaBeOs2,False
6210,BeSn2Pb,False
6215,MoCl3,False
6217,SbIrS,False
6218,BeSn2Br2,False
6219,BeHgRh,False
6220,BeFe2Cu,False
6221,Be2InP,False
6223,Na2BiAu,False
6224,RhBr3,False
6225,CuB4O7,False
6227,NdGd2,False
6228,NaCaBe2B2O6F,False
6229,Mn2BeCl,False
6231,Ho2Al3Co14,False
6232,Mn2BeCu,False
6233,Th2Cu,False
6235,BaCdPF,True
6236,AlHO2,False
6237,MgBr2O6,False
6238,MoH2O4,False
6239,SmZnPd,False
6240,Bi2Pt,False
6241,BeCuHg,False
6242,ScFeC2,False
6243,Li4MnF8,False
6248,LiBeZn,False
6249,Be2ZnGe,False
6250,Li4Mn2Cr3Co3O16,False
6251,ScBeV,False
6252,BeV2Cd,False
6255,SrBeCu,False
6256,Yb2CdSb2,True
6257,Li2Ni2SnO6,False
6258,Be2NiPt,False
6260,Be2NbW,False
6261,Be2RuSe,False
6262,BeV2Pt,False
6263,BeSiCl,False
6265,Be2MoW,False
6267,RbVP2S7,False
6268,BeGaSb,False
6270,KBe2BO3F2,False
6272,Li4Fe3Ni2Sn3O16,False
6273,BaNbCr2,False
6274,TiMnO4,False
6275,SmCoAsO,False
6276,Li2Mn4O5F3,False
6277,NdO,True
6278,TaBe2V,False
6283,NaTaBe,False
6286,BeTc2Mo,False
6288,Al5BO9,False
6289,BeTlRu,False
6290,Be2GaOs,False
6291,YbSi2Pt2,False
6292,Li2Fe3SbO8,False
6293,Mn2BeFe,False
6295,LaGeAu,False
6297,ZrBeBr,False
6298,SiO2,False
6299,MnBe2Co,False
6300,EuGa,False
6301,TaTe4I,False
6302,LaBeRh2,False
6303,MgBeZn,False
6304,Mn3Cr2Sb3O16,False
6305,LiBeFe,False
6306,BeZn2Re,False
6307,UCoSn,False
6308,Y2BeCl,False
6309,MgNi2Sb,False
6310,Be2ReIr,False
6312,HfBeZn,False
6313,Ca2BeBr,False
6317,LiTaBe2,False
6318,NaTaBe2,False
6320,YBeZn2,False
6321,ScB12,False
6323,LiB6H10O2,False
6324,BeBiBr2,False
6326,HoB4,False
6327,Ba4HfTc,False
6328,YTiBe,False
6329,Sc6Al16Ru7,False
6330,CaBe2Nb,False
6332,Ta3Au,False
6334,K2FeCuC6N6,False
6337,CuRhO2,False
6339,CaMn2Be,False
6340,BeNbCd,False
6343,NaHg,False
6344,CaMg7,True
6345,MgBe2Br,False
6346,Ce6P17Pd6,False
6347,CeMg2Cu,False
6348,K2Ga3,False
6349,DyInRh,False
6351,TbReB4,False
6352,SN,False
6353,MgBeRe2,False
6354,GeN2F6,False
6356,HfBeV,False
6357,TbRbSe2,False
6359,Li2FeO2F,False
6361,MnBeTl,False
6362,MgBeRu2,False
6363,Li2CrPCO7,False
6366,Li2MnF4,False
6368,Li4Ni3BiO8,False
6369,TiTl3F6,True
6373,Al5Mo,False
6374,BeRePb,False
6375,MnV2O4,False
6377,BeBiTe2,False
6381,Ti2SiC,False
6384,MgSiO3,False
6386,YInPd,False
6387,BaMgO2,False
6388,Ag2Se,False
6389,CeCd,False
6391,Li4V3FeO10,False
6394,BeGeW2,False
6395,Na2TiBe2,False
6396,BeV2Tc,False
6398,Ho3Al5O12,False
6399,NaBH8N2,False
6400,TaBeZn2,False
6401,Be2PBr,False
6403,BeCuPb2,False
6404,Be2TcBr,False
6405,ZrNi4As2,False
6407,Be2CrIr,False
6408,CaBeCd2,True
6409,NpTe3,False
6410,NbRh3,False
6411,BeSnBi,False
6414,BeInOs2,False
6415,Be2SiCl,False
6416,BeCrTc2,False
6417,UMnB4,False
6419,Ce6B2C3Br3,False
6420,BiPd,False
6421,AuCl2,False
6422,NaTiBe2,False
6423,MnClO3,False
6424,AlSeCl7,False
6426,MnGe,False
6428,SrSnO3,False
6429,LiBeSi,False
6430,BeNbTl2,False
6431,Ca5Ge3H,False
6432,Zr2CoP,False
6433,Sr2CuB2O6,False
6434,HoNi4Au,False
6435,NiSnF6,True
6436,Be2InMo,False
6438,BeTlIn,False
6439,PrPH5CO7,False
6440,SmCuSb2,False
6441,Li4CoO3F,False
6442,ICl3,False
6443,LaPd3,False
6445,UGaRh,False
6446,Ba2CoBr,False
6447,BeTe2Br,False
6448,SrNb3NO7,False
6449,Li5Fe7O3F13,False
6450,SrFeAsF,False
6451,Be2HgTe,False
6452,DyPdPb,False
6459,SmSnAu,False
6460,BeIrW2,False
6461,BeCrCd,False
6462,NaBeV,False
6463,Na4IrO4,False
6464,ThAl3,False
6465,Zr2Be2Tl,False
6466,Li4Be3As3ClO12,False
6467,BeGaPb2,False
6469,Be2InRu,False
6470,Be2TeIr,False
6471,SrMg3,False
6472,YFeGe2,False
6473,Be2CdTc,False
6475,LiBeFe,False
6477,BaNbBi,False
6478,Na2BiAu,True
6479,Li3VCr3O8,False
6480,Be2VSi,False
6482,ZrBeHg,False
6483,ScBe2Rh,False
6485,Na2CoO3,False
6487,CaBeGe2,False
6488,CaMgBe,False
6489,CaBeCu2,False
6490,Tl2SnHgSe4,False
6491,BeNbRe,False
6493,LiBeV2,False
6495,VS2N3Cl2,False
6497,SrTaBe2,False
6498,HoB4Rh4,False
6500,BeCuSb,False
6501,BaInCl,True
6503,NaBe2Sn,False
6504,Pr4Fe3B6,False
6506,Be2NbCd,False
6509,Be2IrOs,False
6511,B2Mo,False
6512,BeTc2Br,False
6515,BeSn2Ge,False
6516,Rb2MnCl4,False
6517,BePSe,False
6519,BeInHg,False
6520,TiBe2Sb,False
6521,BeCdCo2,False
6523,BeTeIr,False
6524,MgBe2Pd,False
6525,Ag3Te2Au,False
6526,BePdRh2,False
6527,BeNiIr,False
6528,KBeCd,False
6529,NaTaBe,False
6530,Hf4CuSi4,False
6531,BeHgIr,False
6533,MnBeCl,False
6534,HoSI,False
6535,BeCrMo2,False
6536,ScBeSn2,False
6537,BeGeMo2,False
6538,Ba4TcGe,False
6539,ZrBe2Hg,False
6542,HC,False
6544,BePIr,False
6545,Mg3Zn,False
6546,HfBePt,False
6547,V5Se4,False
6548,TmZnSn2,False
6550,AsPSe,False
6554,Sc2BeRu,False
6555,Be2CrHg,False
6556,MgBeRh,False
6557,BeFe2Cl,False
6558,YMg7,True
6560,HgH8C2Br3N,False
6561,SrBeCl,False
6563,Eu2CN2Cl2,False
6565,Mg3Pt,False
6566,Be2ZnRh,False
6568,BeZn2Cl,True
6569,CuBr2N6,False
6570,ZrMn2,False
6571,CrC,False
6577,RbHoSe2,False
6579,YB4Os,False
6580,CaB2C2,False
6582,Na2BeMo,False
6584,MgBeIn,False
6586,BeNiP2,False
6589,Nb5Se4,False
6590,DyCrB4,False
6593,Ca3In2As4,False
6594,TiBeBi,False
6595,KAuC2N2,False
6597,Lu5NiPb3,False
6598,YCuAs,False
6599,USnPt2,False
6600,ZrGa3,False
6601,ThAlPt,False
6603,CeMnAsO,False
6604,Tb2B2C3,False
6605,ScBeTc2,False
6606,MnBeCd,False
6608,LiBeTl2,False
6609,BeSiCl,False
6610,BeSnCl,False
6611,Eu2H6Ru,False
6613,FeSe,False
6615,BeNbIn,False
6616,FeOF,False
6618,NdAl3,False
6619,Ba2LaNbO6,False
6620,Be12W,False
6621,Mg2BeBr,False
6623,BaAg2SnSe4,False
6624,H2SeO4,False
6625,BeInGe,False
6626,K2Be2Co,False
6628,Ti2BeSb,False
6630,SrFeAsF,False
6631,Be2NiBi,False
6632,Mn6O5F7,False
6633,MgBeTe,False
6634,LaTa2Be,False
6639,CuS2,False
6640,MgMn2Be,False
6641,Li2MnF4,False
6644,LiBeOs2,False
6645,LiBeV,False
6646,HfVF6,False
6648,SrCd2,False
6649,TiFeH2,False
6650,Ce3Mg,False
6651,NiAs,False
6652,BN,False
6653,BeNbSi2,False
6655,HfMnBe,False
6656,UTe2,False
6657,Na2ZnP2O7,False
6659,Li7TaO6,False
6660,HfPOs,False
6661,YbNdS3,False
6662,Hf2CoP,False
6663,LiBeW2,False
6664,Be2RhSe,False
6665,Sr2HfBe,False
6666,LaBeV2,False
6667,InRu3,False
6669,MnBe2Tc,False
6670,SrBe2P,False
6671,BaNaB9O15,False
6673,BeSiTc2,False
6675,Be2CrPb,False
6676,CaBe2Cr,False
6677,TaAsW,False
6679,Tb3TaO7,False
6680,ZrFeF6,False
6681,ErF3,True
6683,USnRh,False
6685,MgSnAu,True
6686,Be2VCo,False
6688,BeReNi4,False
6689,KPd2F5,False
6690,TaBe2Ni,False
6691,Be2CrSe,False
6692,ScBeZn2,False
6694,TlIO3,False
6695,NaHgCl3,True
6696,DyB4Rh4,False
6697,Pd4S,False
6698,CrTe,False
6699,EuMg2Sb2,False
6700,ThZn2,False
6701,PbS,False
6703,Tl2CdSnTe4,False
6704,Be2GeP,False
6705,CaGe2,False
6706,BeTlPd,False
6708,BeFeTe2,False
6709,Sr2BeRh,False
6710,CaBeHg2,False
6711,BeTlCd4,True
6712,BeSn2Mo,False
6713,K4BePb,True
6714,Ti2BeCo,False
6715,BePb2Cl,False
6716,MoF3,False
6717,CrO,False
6718,Li3V2P4H2O16,False
6719,PrS2,False
6720,AgN,False
6721,CeAs12Os4,False
6723,CaBeRh2,False
6726,ScGeAu,False
6728,Cu2S,False
6729,Lu2Al3Co,False
6730,Be2CoCl,False
6732,AsPtAu,False
6733,BeV2Os,False
6735,Ba3SrNb2O9,False
6737,HoGe2Pd2,False
6738,V5SiB2,False
6740,LiMnPO4,False
6741,MnBe2Co,False
6747,NiPPd,False
6748,Mn4O3F5,False
6750,TaTe2,False
6751,Rb2PbCl6,True
6752,TaBe2Rh,False
6753,KSc2Be,False
6754,Be2GaFe,False
6755,TiAsSe,False
6756,Be2FeBr,False
6757,Be2MoCl,False
6758,BN,False
6759,BeFePd2,False
6760,Be2GaIr,False
6761,GaAsO4,False
6762,BeTc2Ge,False
6763,BeFePt,False
6764,BeInTc2,False
6765,Li2ZrN2,False
6766,KZnAs,False
6767,TeI,False
6768,LuAg4,False
6769,GaFe3,False
6771,Mg7Zn,True
6772,TmCd,False
6773,LiHfBe2,False
6774,Li2VCrO4,False
6776,BePt2Cl,False
6778,BeMoPd,False
6780,SiAsPd2,False
6781,Be2InSe,False
6784,Be2CdRe,False
6785,CeTh2O6,False
6787,YbCuSb2,False
6788,ReAsPd2,False
6789,LaMg,False
6790,MgBe2Sn,False
6793,Li2PrAs2,False
6794,TiFeSi,False
6795,ZrBe2Pb,False
6796,BeInPb,False
6798,TlCrTe2,False
6799,Cr2AsSe,False
6800,Dy2Sn5,False
6807,CaBe2Ru,False
6808,MnBeV,False
6809,BeGeSb,False
6812,Re2AsRu,False
6813,BeZn2Cu,True
6814,BeInIr2,False
6815,Mg2BeCl,False
6816,Mg3CdO4,False
6817,ThAlPd,False
6818,CaSc2Be,False
6825,HoAl3Pb2O8,False
6826,BaDy2CoO5,False
6827,Be2CrSb,False
6828,LiNiF3,False
6830,CaBePt,False
6831,BeCdW,False
6832,Be2FePb,False
6833,BeCdFe2,False
6836,Fe2B,False
6837,BaMn2O5,False
6838,BeNbSb2,False
6841,CaBeCd,False
6843,HfBeTc,False
6846,CaBeNb,False
6847,HfMg2Be,False
6848,Be2SnPt,False
6849,Te2Mo2WSe2S2,False
6850,Ba3Cd2As4,False
6851,Mg2CoAs,False
6852,Li2ZnGe,False
6854,PrAlNi,False
6855,BN,False
6856,SrAl2SiN2O3,False
6860,Be2CrCl,False
6862,CaBe2Pb,False
6863,RbErSe2,False
6864,Be2ReGe,False
6865,PrCrB4,False
6866,Mn2BeCd,False
6870,BiIO,False
6871,ThAl2,False
6872,TbFeAsO,False
6873,MnSbAs,False
6875,Ca6FeN5,False
6876,HoCo2Si2,False
6877,Be2VTe,False
6878,HfBePb2,False
6879,Zn7Mo,True
6880,Na3EuC3O9,False
6882,CaSn,True
6883,PuB2,False
6884,KBe2Tc,False
6885,BeSbTe,False
6887,KBeTe2,False
6888,AsPdCl,False
6889,Be2GaCl,False
6890,MgB2H8,False
6891,Be2CuTc,False
6893,BeTePd,False
6895,Mg2SiO4,False
6896,V3S,False
6897,Fe4O5F3,False
6898,ZrBeSn,False
6899,Cu3N,False
6903,Sc2BeBr,False
6904,BeNbTc,False
6908,TiBeTe,False
6909,CeMg,False
6911,BeTlMo,False
6914,BeGaTe,False
6915,MnBe2Nb,False
6916,CrAsPd2,False
6918,KHCO3,False
6919,Zn3CrSe4,False
6920,Mg3Zr,False
6921,Mn3O2F4,False
6923,BeSi2Rh,False
6924,Be2SiMo,False
6925,KSe3,False
6927,ZrBeGe,False
6928,ZrBe2W,False
6929,MgN8,False
6930,KHCO2,False
6931,EuAl4,False
6935,Si2H2O5,False
6936,Ba3SrTa2O9,False
6937,VOF,False
6938,UFe2B6,False
6939,Li3CoOF3,False
6940,TlBS2,False
6941,MnSnAs,False
6942,NiAs2O6,False
6943,DyAlB14,False
6944,ScBe2Ir2,False
6945,CaBe2Cu,False
6946,BeZn2Si,False
6948,IrN2Cl6,False
6950,Li2Ti3NiO8,False
6952,CaTiBe,False
6955,TaTi2Be,False
6956,B4W,False
6957,ScBe2Te,False
6958,BeCo2Cl,False
6960,NbVF6,False
6961,Sr2NiTeO6,False
6963,RbCSO3F3,False
6966,SnAsIr,False
6968,CaBeHg2,True
6972,Mg3BO4,False
6974,W3Se2S4,False
6976,BeV2Cr,False
6977,BeCdRe2,False
6978,EuSb12Os4,False
6980,Sr2BePd,False
6981,B5Mo2,False
6982,NClO2,False
6983,Ti2AsOs,False
6984,LaBeW2,False
6985,AsPPd2,False
6986,Be2VGa,False
6987,MgMnBe2,False
6988,PrTlO3,False
6989,CaBeRu2,False
6991,SrH2O2,False
6992,SmBi2Au,False
6993,K6Cr2O9,False
6994,Sb2Os,False
6995,Sr2BBrN2,False
6996,Be2CdRu,False
6997,CaScBe,False
6998,Ta2BePb,False
6999,Ag2HgI4,False
7001,LiB,False
7002,Sr2BeCu,False
7003,BeSnIr,False
7004,Th2Cu,False
7005,YBeSb,False
7006,TaAsOs2,False
7007,CeSi2Au2,False
7008,LiBeNi2,False
7009,MgBePd2,False
7010,SiRu,False
7012,Mg2GeB2Rh5,False
7013,Pr3Al,False
7014,LaN,False
7018,LiMnBe,False
7019,Ba2SrI6,True
7023,MgBeIn,False
7024,Li2FeOF3,False
7025,Be2CdBr,False
7027,RbLuSe2,False
7028,PbBrF,False
7031,LiBe2V,False
7032,KBeW,False
7033,BeVIn,False
7034,HfBe2Zn,False
7035,NaBe2Pd,False
7036,BeCrNi2,False
7037,BeGePb,False
7039,BeGePd2,False
7043,Th2Ga,False
7045,BePRu2,False
7047,BeSiRh,False
7048,Be2MoPb2,False
7050,NaSc2Be,False
7051,MnBePb,False
7052,DyFeGe2,False
7053,VOF3,False
7054,Ca2Si5N8,False
7055,TiSe,False
7058,Cu3Sn,False
7063,ErZrSb,False
7064,Sc2BeOs,False
7066,Li5MnCr3O8,False
7069,Zn3N2,False
7070,Ba2CdSe3,False
7071,KBeSi2,False
7072,MgZr3,False
7073,Tc2AsPt,False
7077,Sr2TiBe2,False
7078,CaBeTe2,False
7079,BePW2,False
7081,DyNiSb2,False
7082,V2AsSe,False
7083,Rb3NaPbO4,False
7084,MnInPd2,False
7085,Sc2BeGe,False
7086,Be2NbV,False
7087,BeTc2Os,False
7088,FeHgC4S4N4,False
7089,HfCo3B2,False
7093,MgBeP,False
7094,Be2SiPt,False
7096,TeAsOs,False
7099,Te2W3S4,False
7100,Ti2SnC,False
7101,Zr2Al3C4,False
7103,MgBeTe2,False
7105,BeIn2Ge,False
7106,LiBeZn,False
7107,LuCuSb2,False
7108,Be2HgCl,False
7109,BeInW2,False
7110,BeTl2Te,False
7111,MgAsRh2,False
7112,BeCdFe,False
7113,ScBeRh4,False
7114,Be2HgPd,False
7115,Y2HfS5,False
7116,BeCrGe,False
7117,CdB2As,False
7118,ZrTe,False
7119,KBePd2,False
7120,BeRhPb,False
7121,NaNiPO4,False
7122,NaBePd,False
7123,Be2NbFe,False
7125,HoNiSb2,False
7126,BiBAs,False
7127,Be2NbTc,False
7128,AsP2Pt,False
7130,Be2ReSb,False
7131,CeSiRu,False
7133,K2SnN6,False
7134,Dy6CoTe2,False
7135,Sc2FeSi2,False
7136,SnI3,False
7137,Al2O3,False
7138,Cr2SbTe,False
7139,CeP2,False
7140,NaYBe2,False
7141,YF3,True
7142,Na2VO3,False
7143,ZrBeZn,False
7144,BeHgSe,False
7148,NiH2O2,False
7149,KSbO2,False
7150,Mg6CuNi,True
7151,FeAg3C6N6,False
7153,TbMnB4,False
7154,Tb2C,False
7155,KBAs4,False
7156,AsIr2Rh,False
7157,BeCrSn2,False
7159,CaBeTl2,False
7160,MnBeTc,False
7161,GaCu2As,False
7162,Be2CoRu,False
7163,BeHgPb,False
7164,Be2NiGe,False
7165,TaAsSe,False
7166,BeTl2Fe,False
7168,KCuC2N2,False
7169,NaSmO2,False
7171,ReO3,False
7172,TiBe2Ir,False
7173,NaZn4As3,False
7175,DyNi2,False
7176,BeNbFe,False
7177,Ta2CrAs,False
7179,CaBe2Ge,False
7180,CaBeFe2,False
7181,Y2Ni3B6,False
7183,SrLi4P2,False
7184,BeNbRh,False
7186,BeInW,False
7187,BeCrFe2,False
7188,K3Pd2O4,False
7189,SrO2,False
7190,Li2Ti3FeO8,False
7191,PuF3,False
7192,K2BeCo,False
7193,VAsW2,False
7195,LiMg4H13Os2,False
7196,TaNi3,False
7198,Fe13Co3,False
7199,KLi2As,False
7200,SiPt3,False
7201,SrBe2Cl,False
7202,MgBeNi,False
7203,TbO2,False
7204,NiAsPt2,False
7205,BeGa2Bi,False
7206,Tc2AsRh,False
7207,BeCuSi,False
7208,K2BeGa,False
7210,SrS,True
7211,Ce2UO6,False
7214,LuIn3,True
7215,K2PtCl6,False
7217,DySi,False
7218,PrBRh3,False
7220,LiNi3O3F,False
7221,BeFeGe,False
7222,BeGaTc,False
7223,HfV2As,False
7224,Ca2BrN,False
7225,BeMoCl,False
7226,Be2CdCu,False
7227,Be2InCu,False
7229,Mn6OF11,False
7231,K2SnHgSe4,False
7232,VTe2,False
7233,TbNi4Au,False
7234,Na2TcF6,False
7235,V2CN,False
7236,CrHgAs,False
7237,Li2CuSbO5,False
7238,MnGaPt,False
7239,Be2ZnRu,False
7240,Si2H2O5,False
7241,LaCoAs,False
7242,Fe2CuAs2H2O10,False
7244,VGe3,False
7245,SrZn5,True
7246,KLi2Be,False
7247,BeCdTe,False
7248,CeNi2As2,False
7249,Zr2BeSe,False
7250,VGaAs,False
7253,Sc2BeSb,False
7255,IN2O6,False
7256,BeGaRu,False
7258,BeTlCu,False
7260,Na2Si4Cu2O11,False
7261,NdFeGe2,False
7262,SmClO2,False
7264,Ti2BeSb,False
7266,CdCO3,False
7267,ZrVAs,False
7268,AsOsPt2,False
7269,Si2MoAs,False
7271,KCaCO3F,False
7272,BeTc2Ge,False
7274,Co6O7F5,False
7275,TiBe2Sn,False
7278,TlAsRu,False
7279,Be2PtW,False
7280,SmFeAsO,False
7284,HfFe2As,False
7285,MgBeSb,False
7286,MnBeCr4,False
7287,Th3Si2,False
7288,BeMo2Br,False
7289,Be2ZnTe,False
7291,NaBeV2,False
7292,BeNiTe2,False
7293,BeGeW,False
7294,CaAgBi,False
7295,HfTcAs,False
7296,Be2CrRe,False
7297,YbLiO2,False
7298,YGaO3,False
7299,BeSnPt,False
7300,Sr2BeCl,False
7301,Be2InP,False
7302,Mg7Zr,True
7303,TiBe2Cl,False
7304,ZrBeCr,False
7305,BeCuBr,False
7306,ErCo12B6,False
7307,Li3Ni4O8,False
7308,BeNb4Ru,False
7310,DyZrSb,False
7311,TbInPt2,False
7312,CuS2,False
7313,MgBeRh2,False
7314,BaZrP2,False
7315,ZnAg2SnS4,False
7316,NpNiSn,False
7317,BAsO4,False
7319,CaBeNb2,False
7320,ScRu2,False
7321,HoCuSi,False
7322,LaNi2B2C,False
7324,BeGaSi2,False
7325,Mn2AlB2,False
7326,SnF4,True
7328,ScBeMo,False
7330,BeCoIr,False
7333,NaBe2Tc,False
7334,HoTlO2,False
7335,Ti2BeMo,False
7336,BN,False
7337,BeTe2Se,False
7338,K2TcF6,False
7339,BeTcHg,False
7340,HfBe2Se,False
7341,HfBe2Se,False
7342,Li2FeF4,False
7343,TaBe2Sb,False
7344,ScSnPd,False
7345,LiMnSiO4,False
7346,ZrBe2Ir2,False
7347,Na6ZnSn2,False
7348,CoAsBr,False
7349,BeInP2,False
7350,Na2BeBi,False
7351,SrCaI4,False
7352,V6O7F5,False
7353,AsRuBr,False
7355,Be2GaCu,False
7356,Be2IrRu,False
7362,TaAsRu2,False
7363,Na5LiN2,False
7364,V2GeAs,False
7366,BeRe2Ir,False
7368,SrBeSb,False
7369,BeInSi2,False
7370,BeCdCo2,False
7375,CaTe,False
7376,LiFeO2,False
7377,DyB6,False
7379,Rb4CO4,False
7380,Sr2CrClO4,False
7383,USi2,False
7384,CoOF,False
7385,GeAsP,False
7386,HgPd,False
7387,ErNiBC,False
7389,Hg2SeO3,False
7390,SrBeV2,False
7391,Be2CrCu,False
7393,NaTcAs,False
7395,YBeW4,False
7396,Be2WBr,False
7397,BeZnP,False
7398,Li2NbAs,False
7399,ScAlCO,False
7400,V2NO,False
7401,TbSF,True
7402,NdAlH6,False
7403,Na2O,True
7404,BeP2Cl,False
7405,Ni2AsCl,False
7407,BeTl2Cr,False
7408,K2ReBr6,False
7410,K2PbS2O8,False
7411,Mo2WSe6,False
7412,Be2CrRh,False
7413,SbCl6O2,False
7416,BeCdCu2,True
7418,KMg6W,False
7421,ZrReAs,False
7423,ZrBe2Nb,False
7425,CaBe2In,False
7426,Be2NbTc2,False
7428,LiPtF6,False
7429,SrMnSbF,False
7430,PrRu2,False
7431,Be2GeW,False
7432,Ta2BeBr,False
7433,Na2BeCu,False
7434,CuMo2As,False
7435,Be2VBr,False
7436,TmCuSb2,False
7437,BeRe2Bi,False
7438,AsRuAu,False
7442,Y3Mg,False
7443,H2O,False
7445,AsIrW2,False
7446,ZrBeTe,False
7447,HfAsRu,False
7448,Pr3MnBi5,False
7449,Li2BeCd,False
7451,Zr2BeGe,False
7453,SiO2,False
7456,Be2ReP,False
7458,YScBe2,False
7459,KBeNb2,False
7460,Be2NbNi,False
7461,RbSbO2,False
7462,CdAsRu,False
7463,TiAsRu2,False
7464,BeGa2Cl,False
7465,Rb2CoO3,False
7466,BeCdSb,False
7467,Li4MnO2F3,False
7468,BeCuW2,False
7470,BeNbSi,False
7471,LaMg,False
7472,Ba3SnS4,False
7474,Be2VBi,False
7476,BeZnCr,False
7477,Ba2CaCu2HgO6,False
7478,Bi2Pt,False
7479,Ce2Fe17,False
7480,V2OF5,False
7481,RePbClO4,False
7482,BeNbRu,False
7483,K2AgAs,False
7484,Sc2BeIn,False
7485,Ni6Ge2B,False
7486,TaNbAs,False
7487,PrMgGa,True
7490,TaAsP2,False
7493,Be2FeOs,False
7494,Sc2BeCo,False
7495,LaMgNi4,False
7496,Sr2Ti2Sb2OF2,False
7497,BaHo2O4,False
7499,Mg7Cu,True
7500,TiBeOs,False
7502,LiBeBr,False
7504,Ti2AsW,False
7505,KBeRh2,False
7506,OsC,False
7507,Na4PtO4,False
7509,RbCdAg3C6N6,False
7510,EuSn,False
7512,LiBeSb,False
7513,TiSn2O4,False
7515,Mo2WS6,False
7516,AsOs2Pd,False
7517,MgNi2Sn,False
7518,ScBeW2,False
7519,Be2CrW,False
7520,BeGa4Sn,False
7521,CeCuSb2,False
7522,BeP2Br,False
7523,NdAlPt,False
7524,YbPPt,False
7526,K2OsNCl5,False
7527,CuF2,True
7529,K3NaH4,False
7530,TeF4,True
7531,Be2CoBi,False
7533,LiCo2OF3,False
7534,LaBAs,False
7536,CeAlNi,False
7537,Li2HN,False
7538,Si2H2O5,False
7539,YPdPb,False
7540,CeB2Ir2,False
7542,RbHfF5,False
7543,SiH4,False
7545,LiPrS2,False
7546,TiBe2Os2,False
7548,Be2TeMo,False
7549,Be2NiIr,False
7551,BeInPb2,False
7553,TaSe2,False
7554,LaCoAsO,False
7556,HgPt,False
7558,Al2CuIr,False
7560,Be2SnPt,False
7562,HoNiSn,False
7564,ZrBeFe4,False
7565,EuInPd,False
7566,NbAsP2,False
7567,ErCu2Ge2,False
7569,CaAlAu,False
7570,LiTi2As,False
7571,Be2PdPt,False
7572,YBe2Pb,False
7573,SmNi2Ge2,False
7575,NaCuO2,False
7578,Li4MnSb2WO12,False
7579,Tc2GeAs,False
7581,SrBeGe,False
7582,HfBe2In,False
7583,TbFeGe2,False
7584,NaMo2As,False
7585,ZrMo2O8,False
7586,HfFe2,False
7588,TeAsIr,False
7590,TiFeP,False
7591,ErSi,False
7592,BeCu2Br,False
7593,Li2NiO2F,False
7594,BePW,False
7595,NaBe2Pt,False
7596,BeCrIr2,False
7597,BeCoP,False
7598,Na2BeCl,False
7599,Sc2BeCl,False
7600,BeReBi,False
7601,CdAsOs,False
7602,LiH,False
7604,BeCdW2,False
7605,BeFePb2,False
7606,BeTl2Br,False
7607,B2Mo,False
7608,NdSi2Rh3,False
7609,Rb2Ni3S4,False
7610,Na2BeH4,False
7612,Nd2TeS2,False
7613,CaBeGa,False
7614,NaBH4,False
7616,Li2BeSiO4,False
7617,V2O3F,False
7618,Be2NbTc,False
7619,V2AsAu,False
7620,CoTe2,False
7622,Mo2AsW,False
7623,ThC2,False
7624,CaLaBe2,False
7625,BeCr2Cd,False
7626,Sr2NCl,False
7627,ScAsP,False
7628,Ba4Br6O,True
7629,BaAgSeF,True
7630,K3SmB2O6,False
7631,MnOF,False
7632,CaCeMg6,True
7633,TmRh2,False
7635,CaHfBe2,False
7636,MnGePd,False
7637,Ce2BiN,False
7638,BeGaBr,False
7639,LaFe2P2,False
7642,Mo2WSe2S4,False
7644,PuGaNi,False
7645,FeNiAs,False
7646,Li3MnOF4,False
7648,CrH8N2O4,False
7649,Be2CuRe,False
7650,SrBeBi,False
7651,CeP5,False
7653,CaZrBe,False
7654,Mn2Be2Zn,False
7655,AsPdSe,False
7656,DyGa2Pd,False
7657,BeFeNi2,False
7658,Li4Ti5Fe3O16,False
7660,KIn9Ni2,False
7661,HoPt2,False
7662,Zn2ReAs,False
7663,SmSi2Ru2,False
7666,YTcAs,False
7667,BeNiCl,False
7670,LaPd3,False
7673,BeCdTe2,False
7674,RbIO3,False
7675,MgMnAs,False
7676,Ba3Al3Ga2,False
7677,K3NbS4,False
7678,AsPtCl,False
7679,Mo2AsIr,False
7680,Tc2AsIr,False
7681,MnAsAu,False
7682,CoAsS,False
7683,Ho3Sb4Au3,False
7684,TbNiSb2,False
7685,Sr2BeCo,False
7686,BeZn2Cd,True
7689,TaCo3,False
7690,UGe2,False
7691,UCo2P2,False
7692,SiIr,False
7693,YbAlCu,False
7694,GaAsIr2,False
7695,BeTlAs,False
7696,YZrBe2,False
7698,KNaB2H8,False
7699,Ag3O,False
7700,Tc2MoAs,False
7701,Be2CdP,False
7702,BeNiSe2,False
7703,BeCuRe,False
7704,K2BeFe,False
7705,CrSi2As,False
7706,BeNb2In,False
7707,BeAsBr,False
7708,SiNi2,False
7709,Li2CoSiO4,False
7710,MnBe2Ni,False
7711,TiBe2Te,False
7712,MgAsAu,False
7713,AgGeO3,False
7715,Sr2BeSn,False
7720,HfBeSi,False
7721,Li2Ni3TeO8,False
7723,NaScBe,False
7725,SrTaBe,False
7726,HfReAs,False
7729,TaBe12,False
7731,KCrO2,False
7732,NaBeP2,False
7733,Li2VF6,False
7734,Na3AsO4,False
7735,SrBe2Te,False
7736,Re2MoAs,False
7737,FeO2F,False
7738,BeCrTc2,False
7739,NiAsPb,False
7740,LaSi2Ru2,False
7741,LiFeF3,False
7743,LiBe2Sb,False
7744,SiGeAs,False
7745,Er6CoTe2,False
7746,RbIn6Au4,True
7747,BaGe2Ru2,False
7749,BeGaHg,False
7751,Na2PHO4,False
7752,Zn2AsOs,False
7753,BePbSe2,False
7754,BeNbTe,False
7756,BeInTc2,False
7757,ReSnAs,False
7758,MgBeMo2,False
7759,CdIn2Se4,False
7760,ThAl3,False
7761,SrTiBe2,False
7762,LiTaF6,False
7765,SbAsRu,False
7766,Mn2BeCo,False
7767,AsRu2W,False
7769,ZrBe2Cl,False
7771,NaMnAs,False
7772,CoI2,False
7775,ScSi2,False
7776,Be2VCo,False
7778,BeOsPb2,False
7780,Be2OsCl,False
7781,V2NiO6,False
7782,NbGeAs,False
7783,Ba2CoAg2Se2O2,False
7785,YbGeIr,False
7786,K2SeBr6,True
7788,BeGaW,False
7792,ZnAsPd2,False
7794,BeInRu2,False
7795,Be2Ni2Ge,False
7796,Be13Sb,False
7797,SrBeCl,False
7799,AsPd2,False
7800,YbIn,False
7801,CeAl2Ge2,False
7802,AsS3N2F6,False
7803,TiBe2Bi,False
7804,BeGa2Bi,False
7806,BeAgW,False
7807,Na2P2PdO7,False
7808,CaBeSb,False
7809,Be2MoRh,False
7813,Li2CuBiO4,False
7815,BeFeRu2,False
7816,MgSiH2O4,False
7817,NaMoF6,False
7818,Dy2Tl,False
7819,CeZn3Cu2,True
7820,CdAsRh,False
7823,BeZnNi4,False
7824,YMn2Be2,False
7825,MnBeTe2,False
7826,Zn2FeAs,False
7829,ZrBeMo,False
7830,Tb2Al4NiGe2,False
7831,LaSb,False
7832,BeGa2Co,False
7833,YSiAg,False
7834,AuN5O14,False
7835,Ce2O3,False
7836,AsRh2W,False
7837,Na2MgPb,True
7838,BeCrRe2,False
7839,EuSb2,False
7842,LaHO2,False
7843,TiBe2Pt,False
7844,BeCo2Cl,False
7845,K3NaSe2O8,False
7846,BeGaP,False
7847,BeCoNi,False
7849,NaBiS2,False
7850,ZnRh,False
7851,BeSi2Ni,False
7853,LuNiGe2,False
7854,BeRe2Mo,False
7855,CaBePb2,False
7857,BeSiTe,False
7858,SrMg6Mo,False
7859,MgBe2Cu,False
7860,ScBeSe2,False
7861,SnAsRh,False
7864,Ga2HgTe4,False
7865,HfBeSe2,False
7867,MnBe2Tc,False
7868,Ba2SnO4,False
7872,ErAg2,False
7874,AsPW2,False
7875,YRh,False
7876,LiZnO2,False
7877,Mn3OF5,False
7878,ErCd2Cu,True
7880,BeCu2Br,False
7882,AsIr2Pt,False
7883,ZnRe2As,False
7884,BeCdPb,False
7885,BeV2Hg,False
7886,Ta2MnAs,False
7887,MgBeSi2,False
7888,HfBeRe2,False
7889,MnAsPd2,False
7891,BeHgW2,False
7892,MgBeGa,False
7894,Mn3OF5,False
7896,HCl,False
7897,RbTaO3,False
7898,MgBeOs,False
7899,Nb2CrAs,False
7900,Be2MoPd,False
7901,Be2CrBr,False
7902,BeCdCu2,False
7903,TmAgS2,False
7904,HfGeRu,False
7905,SnI2,True
7906,Lu2Si2O7,False
7907,Ni3Sn,False
7908,ErRu2,False
7910,NaNi2O3,False
7911,MgSiSb2,False
7912,DySi,False
7913,MnBeRe2,False
7915,Ta2CrO6,False
7916,Li2H2Pt,False
7919,Bi3O4F,False
7920,NaBeRu2,False
7921,Hg2SbAs,False
7924,LiBe2Cl,False
7925,LuSnPt,False
7926,BeNb2As,False
7927,YBePb,False
7929,Mn2GaAs,False
7932,Sc3IrC4,False
7933,NbAsOs2,False
7934,SiAsW2,False
7935,AsOs2W,False
7937,Y2BeBr,False
7939,Na2PtO2,False
7940,Sm2V2O7,False
7941,BeTlSi,False
7944,Be2TcP,False
7945,KBeTc2,False
7946,BeInRu2,False
7947,Mg3CO4,False
7948,Be2CoHg,False
7950,Li2NdAs2,False
7951,BC7,False
7953,CaMn2Be,False
7954,Ti2MoAs,False
7955,U4Ga12Fe,False
7957,Li4Fe2SiO7,False
7958,BeGaSi,False
7959,Mg11Mn2O13,False
7960,BeMoPd,False
7961,V2CoO6,False
7963,Li2PrGe,False
7964,LaInPd2,False
7965,Zr2BeSn,False
7966,NaBe2Mo,False
7967,Be2VRu,False
7968,HfBe2Tc,False
7970,Ca2PI,False
7971,LiGaAs,False
7972,BePBr,False
7973,K4UP2O10,False
7975,Li2BiF5,False
7978,Sr2LiCoN2,False
7979,KBe2Si,False
7980,Hf2TlC,False
7981,BH5CSN2,False
7982,Be2SiNi,False
7984,NaBeBr,False
7985,CaBeTl2,False
7988,LiMn2O3F,False
7993,PtN2O6,False
7994,BeV2Pb,False
7995,TaAsAu,False
7996,BeBiPb,False
7997,MgTaAs,False
7999,ScBeTe2,False
8000,GaFe3,False
8002,BeRe2Cl,False
8003,KBeIr,False
8004,BeSnOs4,False
8006,SbCl3F2,False
8007,Sc2MnAs,False
8008,NaNbO2,False
8009,Ce3SiPt5,False
8011,FeCu3S4,False
8013,Be2HgTe,False
8015,Pr3UCl3O6,False
8018,BeBiSe,False
8019,Nb2VAs,False
8021,BeNbV,False
8023,Ba3Ag2,True
8024,CaS,True
8025,HfBeSb2,False
8026,Ti2AsP,False
8027,AsIrPt2,False
8029,Be2CdCu,False
8032,Ca2Pt3O8,False
8033,ZrV2As,False
8034,Ho3InN,False
8035,Hf2N2O,False
8036,VSb4O12,False
8037,BePPb,False
8038,Na2CaBe,False
8039,BeNi2Ir,False
8040,BS2N2OF7,False
8041,SnAsRu,False
8043,BeFeSe,False
8044,CaGa4,True
8048,K4I2O,True
8049,BaBi4Br2O6,False
8053,LaMg2Ni9,False
8054,BeHgSe2,False
8055,BeInOs2,False
8056,Be2FeTc,False
8057,NbAsIr2,False
8059,GaSiAs,False
8060,BaEuFe2O5,False
8061,LaBeP2,False
8062,Mn2Au5,False
8063,KBeHg,False
8065,Y3Sc2Al3O12,False
8067,Be2TcRh,False
8069,TlCuAs,False
8070,TiRe2As,False
8071,CaMnBi2,False
8072,Ca3N2,False
8073,ZrBeGa,False
8074,KNiAu3C6N6,False
8075,HfBeBi,False
8077,LaIr2,False
8078,LiSi3Pd,False
8079,BeInBr,False
8080,BeCrCu2,False
8081,ScMnGe,False
8082,Be2NbP,False
8084,MgBeTc2,False
8085,ZrBe2Sb,False
8086,Li7IN2,False
8087,LiFeF4,False
8088,FeOF,False
8089,BeV2Pt,False
8090,BeCuPd2,False
8091,BeZn2Mo,False
8092,TiBeIr4,False
8093,SbAsIr,False
8094,Zr3Co,False
8095,PdCl2,False
8098,ZrGaPt,False
8100,Li4SnB2O6,False
8101,BeTl2Se,False
8102,K2CuCl4O2,False
8104,SmSiRu,False
8105,EuIO,False
8107,TaZnAs,False
8109,CaSn2Rh,False
8110,LaSb2Au,False
8111,AuBr,False
8112,K2MgCl4,True
8113,EuGe2Rh2,False
8114,HfMg6Cr,False
8115,CaBePb,False
8116,VOF,False
8117,Nb2NiAs,False
8118,SmAsRuO,False
8120,NaBe2Co,False
8121,Fe2AsAu,False
8122,NaBe2Bi,False
8123,BeTlTe,False
8124,Be2NbMo,False
8125,BeZnCo,False
8126,TcBr6O2,False
8128,ZrCoF6,False
8129,BeCdBr,False
8130,LiAsPt2,False
8132,Mn2BeHg,False
8133,AlVCo2,False
8134,Ga2AsRh5,False
8135,KCaBe2,False
8137,Be2ZnBr,False
8138,Y2BeGe,False
8139,Ti2BeSn,False
8140,DySn3,False
8141,CeCuGe2,False
8142,NdCo2B2,False
8144,NaBe2Os,False
8145,LiCdAs,False
8146,Ta2BAs,False
8147,Mg3MoO4,False
8149,Nb5Sb4,False
8152,BeGeRh2,False
8153,BeOsW,False
8154,K4SrSi3O9,False
8155,NaTl,False
8156,LiCuS,False
8157,BaSbAu,False
8158,Li3CoO2F,False
8162,SiPb2Se4,False
8163,Er5BiAu2,False
8164,Ba2MnReO6,False
8167,LiP,False
8169,TaAsBr,False
8170,Mn2OF3,False
8171,GeS,False
8174,BeIn2Cl,False
8175,LiBeIn,False
8176,Bi2Te2S,False
8177,CuF2,False
8178,KBeOs2,False
8179,Mg4BeMo,False
8181,ErSnPd2,False
8182,MnAsIr2,False
8183,Fe2AsSe,False
8184,Y3H2,False
8185,Be2Co2Se,False
8186,CaBe2Cu,False
8188,BeNiRu2,False
8189,ZrTlCuSe3,False
8190,BeSiW2,False
8191,Be2NbSe,False
8192,Nd2CuGe6,False
8193,InNiAs,False
8194,Be2SiRu,False
8195,Be2NiCl,False
8196,Zn2BAs,False
8198,LuFe2,False
8199,LiTiBe2,False
8202,H4CSN2O2,False
8203,BeCoGe2,False
8204,Ho2Ni2Pb,False
8205,BeSi2Ru,False
8206,Ce3Sb3Au2,False
8207,Mg7Ni,True
8209,CeGa6,True
8211,MnBe2In,False
8212,BePtW2,False
8214,Mg2CoH5,False
8216,V5SiB2,False
8217,MnFeAs,False
8218,Zn2AsIr,False
8219,NbAsAu,False
8220,InB2As,False
8221,ReAsW2,False
8223,TiBe2Tc,False
8224,Li2TeO3,False
8226,CaBeIn,False
8227,TiBe2Bi,False
8228,BeZnTe,False
8229,AsP2Pd,False
8231,SrBe2Mo,False
8232,MnBePb2,False
8236,B2SbAs,False
8238,BeNbRu2,False
8241,MoAsW2,False
8242,FeOF,False
8243,BeCoMo,False
8244,LiNiS2,False
8245,Hf2BeBi,False
8246,LiBeBr4,False
8247,YBeZn,False
8248,BeCdSb2,False
8251,GaAsRh2,False
8252,AsPd2W,False
8253,Na2LiBe,False
8254,BeCo4Cu,False
8255,NaNiPO4,False
8256,Zn2As2O7,False
8257,LiBePd2,False
8258,MnOF,False
8259,TeW2Se2S,False
8262,Mg6NbSi,False
8264,KBeTe2,False
8265,BeCdBi,False
8269,SiTc,False
8270,TiNbO4,False
8273,SrIF,True
8274,ReAsIr2,False
8275,P2Ru,False
8276,SrMg6V,False
8277,HoSi2Ni,False
8280,GeAsRh2,False
8281,Be2ZnGa,False
8282,Sc2BeRu,False
8285,BeCrGe,False
8286,Be2ReOs,False
8287,Li12Mg3Si4,False
8288,Li3Mg,False
8289,BeNbRe,False
8290,CeAl4Ge2Au,False
8291,ScPd,False
8292,CeTlSe2,False
8294,Ni21Sn2P6,False
8295,Sr2BeGe,False
8296,BaLi2Si,False
8297,LuSBr,False
8298,CeIr5,False
8300,BeNiMo,False
8302,MnBe2Bi,False
8304,SrBeTl,False
8305,TaBe2Ni,False
8308,MgBe2Tc,False
8310,MgSb3,False
8313,TlV5Se8,False
8314,Cu2GeSe4,False
8318,Be2TcIr,False
8319,CaNi2As,False
8320,Be2CuIr,False
8323,PrAgSb2,False
8324,BaCaC2O6,False
8325,MgCu2As,False
8326,BeV2Hg,False
8327,Be2CdRu,False
8329,Nd2Fe2Se2O3,False
8330,HfMg3O4,False
8331,KBeNi2,False
8332,LiMg6B,False
8334,Li3MnO2F2,False
8335,Y3Ni13B2,False
8336,LaH3C3O6,False
8337,KSnS2,False
8338,Be2TcRu,False
8339,Rb2MnS2,False
8341,SrBeTc2,False
8342,CdAsPd,False
8343,ZrBe2Br,False
8344,ZrBe2Cl,False
8345,BeNbTe2,False
8346,ScIr,False
8347,MgNbAs,False
8348,TiAsP2,False
8351,HgB2As,False
8354,MoW3Se2S6,False
8355,NdSi,False
8356,HfAlPt2,False
8357,MoAsPd2,False
8358,TaGeAs,False
8359,Re3P4,False
8361,CaB6,False
8364,TiNiO3,False
8365,HoSi2Au2,False
8366,Sr2DySbO6,False
8367,AsIrBr,False
8368,GaFe2Ni,False
8369,LaZnPO,False
8370,BeCo2Br,False
8371,Hf4BeRh,False
8372,TbGa2Co3,False
8374,Be2TlNi,False
8377,BePdPt2,False
8378,BeBiSe2,False
8379,BeV2Ir,False
8383,LiMnCo3O8,False
8384,LuSiAu,False
8385,LiMg6Co,True
8386,LiSmSn2,False
8388,YRu2,False
8389,NaInSe2,False
8391,FeCl3,False
8393,SrBeTe2,False
8394,Be2PPb,False
8395,GeTe,False
8396,SrAgTeF,True
8398,ThSe3,False
8399,BeOsW2,False
8400,SrZrBe2,False
8401,NaTh2F9,False
8402,LiBH4,False
8403,Be2PtRh,False
8404,TaBe2V,False
8405,MgBeRh2,False
8406,CrP2S7,False
8407,YH2,False
8410,BeGa2Fe,False
8411,TiBeHg,False
8414,Be2FeSb,False
8415,BeReSn2,False
8416,KMn2Be,False
8417,TcAsW2,False
8418,Rb2H6Pt,False
8424,BeCdRu2,False
8428,Mg6CdGa,False
8431,Be2CrFe,False
8432,BeV2Cr,False
8433,UGe2,False
8435,Be2SnSb,False
8436,BaZnAsF,True
8437,KSr2Be,False
8439,BeZn2Bi,False
8440,NaSn2O4,False
8441,SrBe2Sn,False
8442,HfSb,False
8443,NaCrAs,False
8445,BeSeBr,False
8446,AsPdRh2,False
8447,BeNiPb2,False
8449,HfAsPt,False
8450,MoWS4,False
8451,Yb2Ge6Pt,False
8452,Be2HgTe,False
8453,ReMo2As,False
8455,BeFeRh2,False
8456,Be2InRe,False
8457,Mg6VCr,False
8458,NbAsRh2,False
8460,YBeGe,False
8461,NiAsPd,False
8462,NaBe2Cu,False
8463,KBeBi,False
8464,Tl2HgGeTe4,False
8468,Be2ReGe,False
8469,ZrIN,False
8470,Cu2GeS4,False
8471,CeMg6Nb,False
8472,MgMnBe2,False
8474,CaSe,True
8478,LiVP4H4O14,False
8479,NaBe2Rh,False
8480,TiGaAs,False
8481,CaTa2O6,False
8483,BeSbAs,False
8486,Rb3Re,False
8487,Na2HfBe,False
8488,Na2TlSb,True
8489,YBe2Ge,False
8491,Be2ReBr,False
8492,CaFeSO,False
8493,LiMn2F5,False
8496,BeCoCu2,False
8497,MnBe2Bi,False
8498,ReTeAs,False
8499,TiBeCu,False
8500,Sr2BeP,False
8502,NaAsRh2,False
8504,Ti2BePb,False
8505,SrBeNi,False
8506,Mg6CuSi,True
8507,CaPt2O4,False
8508,K2MnSe2,False
8510,TmPd3,False
8511,Ca3AsBr3,True
8512,KCoAu3C6N6,False
8514,NaBeGe,False
8515,Be2NiBr,False
8516,ZrMn2As,False
8517,BeZn2As,False
8518,Ta2BeGe,False
8519,Be2ZnCr,False
8521,Mn2BeCo,False
8522,CeTlPd,False
8523,BaNi9P5,False
8524,LaMg3,False
8525,Na2TeO4,False
8526,BaPt,False
8527,ZrAlPt,False
8528,SrLiMg6,True
8529,NdCoSi2,False
8530,NaBe2Ir,False
8531,Hf2BeBr,False
8532,Mg3Bi2,False
8533,Li2FeP2O7,False
8534,NaNi2O3,False
8535,NaAsIr2,False
8536,LiCuS2,False
8538,Si2AsP,False
8540,BeCoRh2,False
8541,NaRe2As,False
8543,Be2NiBi,False
8544,AuCClO,False
8545,K2UO4,False
8547,LiLaBi2,False
8551,K2CdSn,True
8552,MgAsIr2,False
8556,Li4SbS4,False
8557,Mg6MoW,False
8558,YBe2P,False
8560,SrCaBe,False
8561,Li3P,False
8564,NdAl4Ge2Au,False
8565,RbMo3S3,False
8566,Li4ZrBe,False
8568,Be2GePt,False
8569,TeAsRu,False
8570,Be2SbPb,False
8571,KV2CrO7,False
8572,LiScGeO4,False
8573,LiBeNi,False
8574,MoAsIr2,False
8576,Be2CoSe,False
8577,BeHgSb2,False
8581,ReSbAs,False
8582,Be2NbBr,False
8583,CaBe2Tl,False
8584,MnBe2Cd,False
8585,KV5Se8,False
8587,Li2V3CrO8,False
8588,SiPd2,False
8589,MgMo2As,False
8590,BeZnP,False
8593,Be2InSb,False
8595,LiBeCo,False
8596,Be2CoCl,False
8597,Li2Mn3CoO8,False
8598,Be2BiTe,False
8599,BaCu2P4,False
8601,HgCSO3F3,False
8604,Be2ZnFe,False
8605,Be2TlP,False
8606,Be2InBi,False
8607,Cu2GeAs,False
8609,UGa6Fe6,False
8610,LiBeSe2,False
8611,Be2AsSe,False
8612,ScBeW,False
8614,CaBe2Ru,False
8615,YCu,False
8616,AsIrRu2,False
8618,Sr2BeTc2,False
8619,Nb2CoAs,False
8620,Mg6TiV,False
8622,BeTc2Ni,False
8624,ScBeZn,False
8625,BeV2Sn2,False
8626,BeNbCr,False
8627,TiBeTc,False
8629,Mg6FeSb,False
8631,Be2VPd,False
8632,ErNiO3,False
8634,K3Cu3As2,False
8635,Mg6BW,False
8637,Be2Cd2Sn,False
8638,Mg7Co,True
8640,Be2FeBi,False
8643,BeGeRu2,False
8644,Be2HgTe,False
8645,NaBeW2,False
8646,CaMg6Mn,True
8647,Be2SbIr,False
8648,SrMnBe2,False
8651,NaMnO4,False
8652,Be2GaP,False
8653,ZnMo2As,False
8654,GaAsAu,False
8655,HfBe2V,False
8657,NaBeRh2,False
8658,BaAlGeF,False
8660,TiAsW2,False
8661,CeMg6Cr,False
8662,BeV2Cu,False
8663,BaCrF6,False
8665,TiBe2Pb,False
8668,PrAu,False
8669,Mn3GaN,False
8670,K2MnCl6,False
8671,AgAsSe2,False
8672,BeIr2Br,False
8675,BeZnGa,False
8676,Ba3SrI8,True
8677,BePdW,False
8678,Li5Nb2V3O10,False
8679,BePCl,False
8680,PtN2,False
8682,CeSi2Au2,False
8684,K2BiAu,True
8686,Ba3Nb2CoO9,False
8687,PrHg3,True
8689,Li2TiNiO4,False
8690,U6Mn,False
8693,LiMg3O4,False
8694,RbYTe2,False
8695,EuGe,False
8696,LiMg6Si,True
8697,HfMg,False
8698,GeAsRu2,False
8699,AsOsBr,False
8700,AsIr2Ru,False
8701,As3Rh,False
8702,USnPd,False
8703,UCuSb2,False
8704,BaSrO2,False
8705,TeAsRh,False
8707,Be2GaPd,False
8708,BeCrW,False
8709,Be2ZnW,False
8710,Zn2CuAs,True
8711,MgVAs,False
8712,MoAsPt2,False
8713,NaLiBe2,False
8714,LiFe3O6,False
8715,Be2CoCu,False
8717,ScCuGe,False
8718,Be12Nb,False
8719,Li2CoSiO4,False
8720,BaMo6S8,False
8722,Be2CuNi,False
8724,LuGeAu,False
8725,K2H4Pd,False
8727,Be2WCl,False
8728,SrBePb4,False
8729,NaBe2Mo,False
8730,HoCoGe2,False
8731,Fe2O3F,False
8732,ErCrO3,False
8733,Dy5BiAu2,False
8735,Be2MoOs,False
8736,Hf2BeSi2,False
8737,BeFe2Si2,False
8740,RbN3,False
8742,SmCuSi,False
8744,NbB,False
8745,HoNi2Ge2,False
8747,Co2GeO4,False
8750,BeZn2Ge,True
8751,Be2CrBr,False
8753,AsWBr,False
8754,HfMoAs,False
8755,ScBeV2,False
8756,Fe3S4,False
8757,Be2SnGe,False
8758,SmCo2B2,False
8759,MnBe2V,False
8760,HCN,False
8762,VBiO3,False
8763,HPbIO,False
8764,Ca3B6Rh8,False
8765,LiMnF3,False
8766,Rb3Os,False
8767,LiNiPO4,False
8769,Be2PdSe,False
8770,Na2LiB5P2O14,False
8772,Be2SiPt,False
8773,Mn2AsSe,False
8774,KBeNi2,False
8775,KSrBe2,False
8778,UCuP2,False
8779,NaBeMo,False
8780,Be2InSn,False
8781,ZrBeW,False
8782,SrAl2H2,False
8783,YbPrO2,False
8784,SrMnO3,False
8785,Be2GaSe,False
8786,Be2InSn,False
8790,LiBe2Ga,False
8791,Mn2BeGa,False
8792,Be2PtSe,False
8794,ZrBe2Pd,False
8795,ReAsAu,False
8797,HfMg6Co,False
8798,Be2CrCd,False
8799,ScCu2As,False
8800,BeInRh2,False
8801,Sc2FeAs,False
8802,MnBeSe2,False
8804,HfBeP,False
8805,YBe2Cr,False
8807,Ti2AsRh,False
8808,Be2TlSb,False
8809,Be2BrCl,False
8810,Ca2BeBi,False
8811,NbSeOF7,False
8812,EuCuSn2,False
8814,Y2BeSn,False
8816,TiNiO6,False
8817,YBe2Nb,False
8818,Li4VTe3O12,False
8820,Mg2BeFe,False
8821,Ga2CoAs,False
8823,MgBe2Ru,False
8825,AsPtSe,False
8827,Be2TePt,False
8828,Li2MnP2O7,False
8829,BeCuSe2,False
8830,LiSc2Be,False
8831,CdAsIr,False
8832,TaAsIr2,False
8833,KMg6V,True
8834,K2Si2Pb2O,False
8839,Mg6VCu,False
8841,BeGa4Pt,False
8842,LuSnAu,False
8843,Be2NiGe,False
8845,Mg6BW,False
8847,NaBeTc2,False
8848,BeGaCu,False
8849,BeCrGe2,False
8850,TcAsCl,False
8852,Be2TlRe,False
8853,CaTiF6,False
8854,EuHg2,True
8855,Sc2BeCl,False
8856,BeRu2Pb,False
8857,Be2FeP,False
8858,NaBe2Ge,False
8860,HoCr2Si2,False
8861,DyIn2Ni,False
8864,Na2CaV4O12,False
8865,NaMgBe2,False
8867,K2WCl6,False
8868,ZrAsP,False
8869,BeNb2Cu,False
8873,BaCdAsF,True
8874,CeMg6Sb,True
8875,SmZnSn,True
8876,CaFeO2,False
8877,Rb2MnSe2,False
8878,Mg6AlCd,True
8879,NaTeO6,False
8880,SrBe2Cd,False
8881,Be2BiRu,False
8882,ZrBe2As,False
8883,ThAlNi,False
8884,LiBe2Ge,False
8885,Fe2O2F3,False
8886,YMnAs,False
8887,Ni2HgAs,False
8889,YBeZn2,False
8890,UGaCo,False
8891,Li2VO2F,False
8892,LiVF6,False
8895,BeSi2Ru2,False
8896,CaBeFe2,False
8898,Mg2BeHg,True
8899,Be2CrPt,False
8900,BeCu4Ge,False
8901,Ca2SnS4,False
8902,Co3O2F4,False
8903,Be2CoSe,False
8904,ZrBe2Cd,False
8905,Tb2InGe2,False
8906,CaBeSb2,False
8908,Be2ZnSb,False
8910,ScTaBe2,False
8913,BeSnAs,False
8914,RbYMg6,True
8915,BeCuNi2,False
8916,YBe2Cr,False
8919,Be2GaPb,False
8920,BeCrRu2,False
8922,NdClO,False
8923,CaYBe2,False
8925,CaBe2Cl,False
8926,Mn2BeBi,False
8927,NaBeGa,False
8928,CaBeMo2,False
8929,Li2FeF4,False
8931,RbLiMg6,True
8932,Er3CoSi3,False
8933,Li5FeO3F,False
8935,Li2FeB2O6,False
8936,YAgSb2,False
8937,RePCl9,False
8939,Y2BeBi,False
8940,Be2CuPt,False
8941,LiBeZn2,True
8943,Mg6NbC,False
8945,Nd2Fe17,False
8946,LiScVO4,False
8947,Ba2CoMoO6,False
8948,Li2EuGeS4,False
8949,SrCaBe2,False
8950,NaCu2As,False
8952,LaOF,False
8953,Be2VIn,False
8955,Li8Co5O10,False
8956,BeIr4Pt,False
8958,YSi2Ni2,False
8960,HfBeSe2,False
8961,UGe2Pd2,False
8963,ErTiGe,False
8964,Sm2Cr2Fe15,False
8965,Li4BeSn,False
8966,VMo2As,False
8967,LiFeSi2O6,False
8968,BeZn2Pd2,False
8970,Li2BeCo,False
8971,Be2NiPd,False
8972,RbCrO2,False
8974,Sr2CdWO6,False
8975,CaFeClO2,False
8976,Er5Ni2Te2,False
8977,MgAsW,False
8978,BeCr2Co,False
8980,MnBe2Cd,False
8982,SrCeN2,False
8983,PrTaO4,False
8985,Mg6CoW,False
8986,Be2InPd,False
8988,LiMnOF2,False
8989,TiMnP2O8,False
8990,NbOF3,False
8991,MgBe2Tc,False
8995,BeV2Os,False
8997,TiMo2As,False
8998,SrMgBe,False
8999,NbGaAs,False
9000,TiAsOs2,False
9002,Ni3OF5,False
9003,Be2BO5,False
9004,LiBeP2,False
9005,SbAsRh,False
9006,Zn2AsRh,False
9007,YCBr,False
9009,Sc2BeRh,False
9010,AlPt3,False
9011,ScAsRu2,False
9012,Na2BeCo,False
9013,BaMg4Ge3,True
9014,NaMn2O4,False
9015,TiGaFe2,False
9016,HfBeCu,False
9018,PtN,False
9019,H2O,False
9020,SiPd2,False
9021,Pt3O4,False
9022,LiBeGe,False
9024,Be2SnSb,False
9025,BeZn2Sn,True
9026,KRb2ScI6,True
9027,BeCdSe2,False
9028,ZnP2PbO7,False
9029,SiAsRh2,False
9030,CaSnF6,False
9031,AsP2Ir,False
9033,LiSc2Be,False
9034,BeGe2Te,False
9035,Be2PSe,False
9036,Be2InCu,False
9037,Sc2BeCo,False
9038,Mg6WC,False
9039,MnBe2Se,False
9040,NaBe2Cu,False
9041,Be2TlPd,False
9042,YBeNb,False
9043,BeV2Ge,False
9044,CaBePb,False
9046,HfMg3,False
9049,BeRh2Cl,False
9050,LaHfMg6,False
9052,BeIn2Bi,False
9054,YNiO3,False
9057,MnB2,False
9060,MnBeV2,False
9062,NdAsSe,False
9063,YBe2P,False
9064,HfMn2Be,False
9065,PAuClF3,False
9066,BeZn2Tc,False
9067,NiCl2,False
9069,KSbF6,True
9070,Ce2CuGe6,False
9071,CaBe2Cr,False
9072,HfMg6Al,False
9073,CdTcAs,False
9077,SmH2,False
9078,Re3P4,False
9079,Be2AsCl,False
9081,BeGeRh,False
9082,RbV3Se2O12,False
9084,Rb2SnCl6,True
9085,SmMnGe2,False
9086,CdFeAs,False
9087,HfBeNb2,False
9088,KBeRe2,False
9092,Mg2BeNi2,False
9093,BeGa2Co,False
9094,Mn2BeGe,False
9095,BeNi2Bi,False
9097,KBe2Rh,False
9098,TaBeV2,False
9099,Be2CoRh,False
9100,Be2HgSe,False
9101,BeCrHg,False
9104,CuSbAs,False
9107,LiFeF3,False
9108,CsCaH3,False
9109,BeZnCu4,True
9110,KInTe2,True
9112,Be2FeBr,False
9113,Be2CdSe,False
9114,Zr2BeP,False
9116,MoC,False
9118,Be2BiMo,False
9120,Li2CrS3,False
9121,PrB2Rh2C,False
9124,Mg6NbCr,False
9125,Ba3AlHO4,False
9126,Mg6VSn,False
9127,TlTcAs,False
9128,BeCo4Sb,False
9130,KBe2Re,False
9132,Be2CoRu,False
9133,CdO,False
9134,CaMgBe2,False
9135,BeZn2Se,False
9136,Be2RhW,False
9139,YbNaO2,False
9140,Sr2BeCo2,False
9142,Nb6Fe16Si7,False
9143,Be2PPb,False
9144,CaBeSb,False
9145,CaYBe2,False
9146,Cr2GeC,False
9147,CuSnF6,True
9150,SrCu3Ru4O12,False
9151,BeGaPb,False
9152,Fe3Pb4ClO8,False
9153,Li4Co2OF7,False
9154,SrBeTc,False
9155,TlPAuSe3,False
9156,BeBiSb2,False
9162,CaHfBe2,False
9163,MgRe2As,False
9164,CaBeIr2,False
9165,SrBe2Tc,False
9166,Be2HgSe,False
9167,BeSi2Os,False
9170,CeGa6,True
9171,DyErRh2,False
9172,LaGa2Ni,False
9173,K3MnH5,False
9175,K2MnTe2,False
9176,Mg3Mn,False
9177,NpCr2Ge2,False
9180,MnBeSi,False
9181,Be2SiTc,False
9184,BiPt,False
9185,KBe2Cr,False
9186,BeCoMo2,False
9187,Be2PCl,False
9188,Mn3OF5,False
9190,TiCuGeAs,False
9191,CuO2,False
9192,PrYMg2,False
9195,Be2CrFe,False
9196,VGeAs,False
9197,Zr2Al3Co,False
9198,Zr2Cu,False
9199,ScNiSn,False
9200,LiV3O8,False
9201,Be2CoPb,False
9202,Hf3Mg,False
9203,Be2InHg,False
9204,Mg6GaW,False
9205,RbHo2Cu3S5,False
9206,BeBi4Te,False
9207,NdSi2,False
9208,BeCoBr,False
9210,K2PdCl6,False
9213,RbAuSe2O8,False
9214,LiHS,False
9216,MgTaBe2,False
9220,Y2BeFe,False
9221,BeCuSb2,False
9222,Ba2MgWO6,False
9223,Li2CrFeO4,False
9224,BePBr,False
9225,KNaNdNbO5,False
9227,Be2NiRh,False
9228,NaBe2Pd,False
9229,Sr2MgH6,False
9230,Ti2AsIr,False
9232,Mg6NbNi,False
9234,CaNi2As2,False
9235,Be2CdCu,False
9236,BeRe2Ir,False
9239,BeSb2Cl,False
9240,FeCoBO4,False
9241,NaSrBe2,False
9245,Nd2WO6,False
9247,MgGe3,False
9248,Be2SnGe,False
9250,Be2BiCl,False
9253,Mg6CrBi,False
9254,BeCoCu,False
9255,BeTe2Rh,False
9257,Be2CrFe,False
9260,Li2AsAu,False
9261,BaMg6Al,True
9262,UH3,False
9263,BeHgRu2,False
9264,Li2BeGe,False
9265,Ni2SnAs,False
9266,MgBeNi2,False
9267,BP,False
9268,LaBeGa,False
9272,Fe2C,False
9274,TbPbAu,False
9276,GaAgS2,False
9278,Be2HgBr,False
9279,Cr3AgO8,False
9281,PrCuSn2,False
9283,MnSbPt,False
9284,CuMoF6,False
9285,Be2VGe,False
9286,KBe2Bi,False
9287,BeNbOs2,False
9288,SrTaNO2,False
9289,YMnBe2,False
9290,IrBr3,False
9291,TlCuHSO5,False
9292,Zr3N4,False
9293,Be2HgCl,False
9294,BeRuPb,False
9295,KBeMo2,False
9296,BeZn2W,False
9297,KBe2P,False
9298,Rb8Fe2O7,False
9300,Tb5SbAu2,False
9302,AsPd2Rh,False
9303,Ca3MgSi2O8,False
9304,CeSi2Ni,False
9306,ZrBe2Cd,False
9307,Be2MoOs,False
9309,Li6MnO6,False
9312,TaBeBi,False
9314,V3O5F,False
9315,Rb3Mn2Cl7,False
9318,BeOsRh2,False
9319,Sc2BeRu,False
9320,VSi2As,False
9321,Ta2BeCl,False
9322,BeNbRh2,False
9323,Ta6Fe16Si7,False
9324,Ba3Pb5,False
9328,MgBe2Nb,False
9329,MgAsOs2,False
9331,HfScBe2,False
9332,CrSb2,False
9333,SrH2,False
9335,YBe2Bi,False
9336,BeRe2Br,False
9338,Be2TlFe,False
9339,NdB2Rh2C,False
9340,MgBe2Tl,False
9341,LaAgGe,False
9342,Ba2H6Pt,False
9343,Th2MnN3,False
9344,ZrV2,False
9345,DyMg3,False
9346,MnBeRh2,False
9348,YBe2Mo,False
9350,BeCdGa2,False
9351,TiGeAs,False
9352,TiBe2Cr,False
9353,Pr3Tl,False
9355,Be2VPt,False
9356,HoSi2Os2,False
9357,BeInSb2,False
9358,MgCdTe2,False
9359,MoAsOs2,False
9361,LiAgF2,False
9362,Sr3MgPtO6,False
9363,H2O,False
9364,SrBe2In,False
9366,PH8C2NO4,False
9368,RbMnSe2,False
9369,NaAsRu2,False
9370,BeFePd2,False
9371,CaRhF6,True
9372,TiBe2Sn,False
9374,MgGePd2,False
9375,RhO2,False
9376,BeTcMo,False
9377,Be2CrRu,False
9378,BeNbCo4,False
9381,BeRe2Br,False
9382,BeCrSi2,False
9383,Mg6AlCr,False
9384,KMg6Sb,True
9385,Mg6NbCo,False
9388,KFeF3,False
9389,K2NaAuCl6,True
9390,ZrTaBe2,False
9391,TbFe2,False
9392,CeSi2Os2,False
9393,Ti5TlSe8,False
9394,Rb2MnTe2,False
9396,Be2CuOs,False
9397,ScBeIn,False
9398,YBe2Sb,False
9399,Ta2FeAs,False
9401,Na2BeFe,False
9402,Li3Ti4O8,False
9403,Fe3NiN,False
9404,Be2TcRh,False
9405,BeNiSe2,False
9406,HfAsIr,False
9409,BeFeIr2,False
9410,ScAsPt,False
9412,Li2FeCo3O8,False
9413,CaUO4,False
9414,FeWClO4,False
9415,BeTl2Pb,False
9417,NdBrO,False
9418,MgBe2Cl,False
9421,SrBeV,False
9422,KCd4As3,True
9423,Pr2Ni2I,False
9424,Zn2GeS3,False
9425,SrMg2As2,False
9428,BePPd2,False
9430,Li2MnSnO4,False
9431,BeCoPt2,False
9433,PrMg2,False
9436,Na2Si4Cu5O14,False
9438,CaBe2Cd,False
9440,Zr2BeIn,False
9441,TbCoGe2,False
9443,Li2V3SnO8,False
9446,ScInPd2,False
9448,MgBe2Bi,False
9449,YBe2Sb,False
9450,BeNiBr,False
9451,Be2IrPb,False
9453,LiBe2Sb,False
9454,BeCdSb,False
9455,BeMo4Pt,False
9456,ThSi2,False
9457,Y2H2C,False
9458,BeZnSn4,False
9460,La2Pd2O5,False
9461,Be2TlCu,False
9463,AsRhW2,False
9466,Sr2BeCd,False
9467,KBeTc,False
9468,TaBePt,False
9469,Be2HgBr,False
9471,KNaBe,False
9472,BePdW2,False
9474,Na2BeCo,False
9476,BeTc2Ru,False
9478,YbAuO3,False
9479,LaCoPO,False
9480,KTa2Be,False
9481,LaMg6Mo,False
9482,AsOsW2,False
9483,CrP2O6,False
9484,Sr4Cl6O,True
9485,LiTiNCl,False
9486,WSeS,False
9487,HfSi2,False
9488,ZrI3,False
9489,Be2SiCl,False
9490,TaBe2Sb,False
9491,NdSiRu,False
9492,KZrBe2,False
9494,MnBePd2,False
9497,MgBe2P,False
9498,GaFe2Co,False
9500,LaBe2Co,False
9502,Fe3PtN,False
9503,TiBeMo,False
9504,AsRhBr,False
9505,Ba2NdRuO6,False
9506,RbNa2NiO2,False
9509,Mn3CoO8,False
9510,BeSn2Se,False
9511,Be2ZnHg,False
9512,RbMg6Ga,True
9513,Nd3InN,False
9516,TcTeAs,False
9517,BeSi2Bi,False
9518,LiMoP2O7,False
9519,Mg6CrCo,False
9520,ZrAsPt,False
9521,NaBe2Fe,False
9522,Ti2MnBe,False
9523,CaCu3Sn4O12,False
9524,K3YCl6,True
9526,NdAsRuO,False
9527,Be2SiTe,False
9528,U2IrC2,False
9529,NaBiF6,True
9530,Ti2CuAs,False
9533,RbS,False
9534,CaGaN,False
9535,UCoC2,False
9536,VOF,False
9537,BeInGe,False
9538,Cu3Sb,False
9540,TiNiGe,False
9541,BeSb2Pb,False
9542,Be2OsCl,False
9544,Mg6CrGa,False
9545,LiBe2Br,False
9546,SrBe2V,False
9547,AsPd2Pt,False
9548,BeSn2Pd,False
9549,Mg6AlSb,True
9551,NaH4IO2,False
9553,Be2CrIr,False
9554,HfBeRh2,False
9555,Ta2BeCd,False
9556,NaTc2As,False
9557,Be2NbBi,False
9558,Be2FeBr,False
9559,Be2TlSe,False
9563,BeGa2Re,False
9564,YBe2Se,False
9566,Nd2Fe17,False
9568,Ho2Zr2O7,False
9569,TiAlCu2,False
9570,Be2ReGe,False
9571,Be2HgTe,False
9572,Be2SnP,False
9574,Pb4SeBr6,False
9575,LiSn6Pd2,False
9576,LiMn7O9F3,False
9578,BeZn2Co,False
9581,Be2InP,False
9582,Pb2WO5,False
9583,PrGaO3,False
9585,BaBrF,False
9586,LiNbO2,False
9588,BeCdHg2,True
9589,SrH4N2,False
9590,MgNb3,False
9592,La2AlNi9,False
9593,SrBeBi,False
9594,LaBe2Tl,False
9596,FeBiO3,False
9601,KBe2Hg,False
9602,Be2VCl,False
9604,Si4P4Ru,False
9607,Be2CoBr,False
9608,Be2CdBr,False
9609,TiAsAu,False
9610,Fe3O4F2,False
9613,NaMnBe2,False
9615,HfBe2Mo,False
9616,TbSi2Rh3,False
9617,Be2MoPt,False
9618,Li3SbS4,False
9619,Sr2NiMoO6,False
9621,YbTe,True
9622,Be2MoBr,False
9624,Ca2BeBi,False
9625,TiBeW2,False
9628,BePdRu2,False
9629,LaFeAs,False
9630,Hg2AsP,False
9633,LaMg6W,False
9636,Be2InCl,False
9637,BeGaW2,False
9638,TiV4CuO12,False
9639,LiAsP2,False
9640,KBe2Bi,False
9641,BePtSe2,False
9642,BeTe2Rh,False
9643,CaMgS2,False
9644,TiBeP,False
9645,AsF5,False
9649,NpO2F2,False
9650,CdCo2As,False
9651,Fe6O5F7,False
9652,Be2NiCl,False
9653,MgIn2,False
9656,KBe2Te,False
9659,BeReRh,False
9660,MnBe2Tl,False
9662,Be2CoRh,False
9663,B2AsBr,False
9664,Be2TlV,False
9665,TiBeNb,False
9666,BeGaP2,False
9667,Be2CdSn,False
9668,SbAsOs,False
9670,NaBeV2,False
9671,Li2BeCo,False
9672,TlAsRh,False
9674,LiBeSi2,False
9676,TbMgSn,False
9678,GaCu2,False
9679,BeRuRh2,False
9680,MgCd2,False
9681,Be2IrOs,False
9682,DyZn5,True
9683,Mg6CoSi,False
9684,YBeFe,False
9685,K3SmCl6,True
9687,Ca2AuN,False
9688,Be2InSb,False
9689,Mo2AsOs,False
9690,Mg2BeCd2,True
9691,Be2CoCu,False
9692,BeTc2Ge,False
9693,MgBr2O2,False
9694,BeSn2Ge,False
9695,Be2VRu,False
9697,Co6O7F5,False
9698,Zr2Sb3Pd,False
9699,Be2InNi,False
9700,TaBeIr,False
9701,YBiO3,False
9702,Be2ZnRe,False
9703,Sr3CaO4,False
9704,TbI3,True
9706,CaP2Ru2,False
9707,Mo2AsRh,False
9708,CaBe2Co,False
9709,NaMg6Co,True
9710,Be2RhBr,False
9711,GaHg3,False
9712,RbBiF6,True
9714,HfBe2Sn,False
9717,Zn3Ag,True
9718,BeGa2Se,False
9719,BeCoHg2,False
9720,SrMnBe2,False
9722,CaBe2Si,False
9724,KBe2P,False
9725,BeReSi,False
9726,HfAsPd,False
9727,BeFeNi,False
9728,MnBe2Ga,False
9729,SiAsP2,False
9730,Rb3DyCl6,True
9732,Be2ZnPb,False
9733,KBe2Pt,False
9734,BeNiPd2,False
9735,YBe2Fe,False
9736,YBe2Sb,False
9740,BeFe2Mo,False
9741,MgZrBe2,False
9742,BeZnSi,False
9744,CaBe2Os,False
9745,BeCrCo2,False
9747,Tc2AsCl,False
9748,Mg6GaBi,False
9749,HPbClO,False
9751,BeCoNi2,False
9753,SrCu2Sn2,True
9754,BeTl2Ge,False
9755,KBaMg6,True
9756,TbNi2Ge2,False
9759,Be2MoW,False
9760,HfBe2V,False
9762,BeCdSi2,False
9763,KCoAs,False
9764,Li2UMo2O10,False
9765,Be2TlTe,False
9766,Fe2AsCl,False
9769,BeZnRu4,False
9770,CaBe2Re,False
9771,MnS,False
9772,SiMo2As,False
9773,Be2CuOs,False
9775,MgBeW2,False
9776,SnB2As,False
9777,ScBeGe,False
9778,BeSe2Cl,False
9779,TiBe2Re,False
9780,LiBH2,False
9783,Er2GeRh3,False
9784,BePPd,False
9785,Ti3SnH,False
9786,BeTl2Ni,False
9789,MgAsRu2,False
9790,YBeCr,False
9792,Be2ZnTe,False
9793,Be2CrMo,False
9794,TbSbRh,False
9796,NaLiBe2,False
9797,AsPIr2,False
9798,Be2SbPb,False
9799,Be2CdTc,False
9800,CaBe2Sb,False
9802,PrSi2Os2,False
9803,BeGaIr2,False
9805,CaMnBe2,False
9809,BeCdSb2,False
9810,ZrGaCu,False
9811,ZrHg,False
9812,Ca2TlPb,True
9815,AuSe,False
9816,Na2BeBi,False
9818,CrGaCo2,False
9819,BeTc2Pt,False
9820,Be2VBr,False
9821,BeGa2Cl,False
9823,ZnAsRh2,False
9826,Be2HgP,False
9828,BaZn2As2,False
9829,Zr2TiBe,False
9830,Be2SbW,False
9832,VAgP2S6,False
9834,Li2BeIn,False
9835,MgBe2Te,False
9836,YBeTl,False
9837,Zr2TaBe,False
9838,Be2GaRu,False
9839,TaBe2Ni,False
9840,Fe13Ge3,False
9841,BeSbP4,False
9842,Be2SnBr,False
9843,MgBeCr,False
9844,SrBe2Pb,False
9845,TiBe2V,False
9846,Te2MoWSe2,False
9847,Sr2BeBi,False
9848,Mg3MnTe4,False
9849,BeBiW2,False
9850,SrBe2Br,False
9851,BeSn2Br,False
9853,Ca2Se3O8,False
9855,NaBe2Si,False
9856,LaPt5,False
9858,Na2BeGe,False
9859,USi2,False
9860,Mg6AlSi,False
9867,K2RbLuCl6,True
9868,YBe2Cu,False
9869,NaAsP,False
9870,Be2GaPb,False
9872,BeInTe2,False
9873,Ta2BeMo,False
9874,Mg6GaFe,True
9876,CaZrGeO5,False
9877,TiBeSi2,False
9878,MgCd,False
9879,Ba2Mg3F10,True
9881,Be2CrW,False
9882,BeGaCu2,False
9884,Mg6GaCu,True
9885,LuGa2Pd,False
9886,Rb3ErCl6,True
9887,TiBe2Ge,False
9888,PrBRh3,False
9889,Be2SeCl,False
9890,MgBe2Rh,False
9891,ScBe2Bi,False
9892,HoCuGe,False
9893,Be2BiCl,False
9894,Rb2Hg2PdCl8,False
9896,URe2,False
9898,YSi3Ir,False
9899,CaBePb2,False
9900,BeV2Pd2,False
9903,SrYBe2,False
9904,Be2NbTc,False
9905,Be2ZnIn,False
9906,BaSO2,False
9907,BeZnPb,False
9908,AlWO3,False
9909,TcAsIr2,False
9911,BePtCl2,False
9913,Li2BeCl,False
9916,Be2TcPb,False
9919,Be2HgSb,False
9921,BeCr2P,False
9922,Be2CuPt2,False
9923,BeZnTc,False
9924,CaUO4,False
9927,TeBr2,False
9930,Be2SeBr,False
9931,ErCl3,False
9933,ScBe2Zn,False
9934,SrZrBe2,False
9936,NaBe2Cr,False
9938,CuH4O2F2,False
9941,CdCuH8Cl4O4,False
9942,AsPdAu,False
9943,MnBe2Rh,False
9944,KBe2Pd,False
9945,BeTl2Os,False
9946,BeHg2Pd,False
9947,CoTeO4,False
9948,BeSnTe2,False
9951,SrBe2Cl,False
9952,Be2OsSe,False
9954,CoSbS,False
9955,CaBe2Tl,False
9956,BeGeW2,False
9957,Be2HgRh,False
9958,Mg2BeCl,True
9959,Sr2BeRu,False
9960,Be2TeRh,False
9961,Mg6GaBi,True
9965,BeVRh2,False
9966,NaTaBe2,False
9967,LiCrGe2O6,False
9968,Be2CrSi,False
9969,Fe2Sn,False
9970,BeV2Cu,False
9971,BeNb2Si,False
9973,KBe2Sb,False
9975,MgBe2Se,False
9976,YbS,True
9978,BeTlSi2,False
9979,GdP2Ru2,False
9980,Ce5Mg,False
9983,KMg6Ga,True
9984,TaBe2Pb,False
9986,MnBe2Zn,False
9988,Be2CrPt,False
9989,TmSn2,False
9990,BeBi2W,False
9991,CaBe2Cl,False
9992,MgBe2Se,False
9993,NaCaBe,False
9994,K2TeO3,False
9995,K2RbGaBr6,True
9996,Dy2ZnRh,False
9997,Hf2BeGa,False
9998,Li3MnAs2,False
9999,AlN,False
10000,BeTcIr,False
10001,MnBe2Cd,False
10002,Hg2AsSe,False
10003,YbCu4Ni,True
10005,YbNdS3,False
10007,BeTcP,False
10008,BeSi2Sb,False
10009,Be2NbPd,False
10010,Be2ZnGa,False
10011,MnBeBr,False
10012,Sr2ScBe,False
10014,Li4V2OF7,False
10015,CaNdCoO4,False
10017,Rb3InBr6,True
10018,BeCrPd2,False
10019,KSi2BO6,False
10020,NaLuCl4,True
10021,Rb2H4Pd,False
10022,Li2WS4,False
10024,Fe2PO5,False
10025,K2Ca2Be,True
10026,LiBe2Ni,False
10030,BeCo2Si,False
10032,TbNbO4,False
10033,DyNi2P2,False
10034,BeCuP2,False
10035,Sr2BeNi,False
10037,YScBe,False
10038,LiTiS2O2,False
10039,BeRe2Hg,False
10040,RbSnS4,False
10041,K2Hg2SCl4O3,False
10043,Zr3Be,False
10044,TmMgSn,False
10047,LiBe2Ru,False
10048,NaAsPd,False
10049,PaPt5,False
10050,CeSe2,False
10051,BeCoP2,False
10052,Mg6CoC,False
10053,BeRu2Pb,False
10054,LaMg6Mo,False
10055,ErInPt,False
10056,KBe2Fe,False
10057,CaBe2Tc,False
10059,Ti2BeCl,False
10061,Li4VCr3O8,False
10062,MnBe2Pd,False
10064,Mg6CdFe,True
10065,BeCd2Br,True
10066,KBe2Ga,False
10067,Be2ReGe,False
10071,Be2TlPd,False
10072,BeCuHg2,False
10073,BeMoP2,False
10076,HfBeBi,False
10078,Be2VRu,False
10079,BePdPt2,False
10080,Be2TcBr,False
10081,Be2BiMo,False
10082,Be2GaTc,False
10083,K2PdC2,False
10085,BeGaSb2,False
10086,BeGaPd,False
10088,ICl2,False
10089,ZrBe2Co,False
10090,LuCuAs2,False
10091,Re2GeAs,False
10092,YBeOs2,False
10093,MnOF,False
10094,BeCoBr4,False
10095,CeScSb,False
10096,MoSeS,False
10097,BeRu2Pb,False
10098,BeTc2Bi,False
10099,K2BeZn,True
10100,MnBe2Pd,False
10101,BeRe2Bi,False
10103,Y2BeOs,False
10104,Li2Fe2OF6,False
10107,Be2InRu,False
10108,Be2GaTc,False
10111,Sr2SbAu,False
10112,Mg6CdMo,False
10113,EuMn2Ge2,False
10114,BeBiF3,False
10115,ScBeRu2,False
10116,KH3C2O3,False
10117,InSb,False
10119,CaBePO4F,False
10120,BeCo2Pt,False
10121,BeCu2Os,False
10122,ZrBeCl2,False
10123,HfMn2Be,False
10124,TiBe2Cl,False
10128,HoPt3,False
10129,BeFeBi,False
10130,CaTe,True
10131,CaCd,False
10132,BeHgBr,False
10135,LiBePt2,False
10136,Be2HgPt,False
10137,BeTcHg2,False
10139,HfBeP2,False
10140,NaBe2Tc,False
10141,K2NaNdCl6,True
10142,Be2TlHg,False
10143,HfBeTl,False
10144,Ce2Mg,False
10145,BeSe2Br,False
10146,Mn2AlB2,False
10152,Be2FeBi,False
10153,MgBe2P,False
10154,Be2PdCl,False
10155,Be2SiW,False
10156,LiBe2Tc,False
10157,TbNi2,False
10158,Au3F8,False
10161,ZnNi3Sb2,False
10162,BeFe2Re,False
10163,TiBe2Cr,False
10165,Na2BeGe,False
10166,HfMg6Ga,True
10167,Mn2BeTc,False
10169,KBeNb,False
10171,AgHg,False
10172,TbSi3Ir,False
10173,NaBe2Se,False
10174,Mn2Be2Te,False
10175,KMg6Cr,False
10176,SmAsO4,False
10177,Sr2BeBi,False
10180,MnN,False
10181,Be2HgMo,False
10182,TiRu,False
10183,TiBeRe2,False
10184,BeNb2Ir,False
10185,TlCu2S2,False
10186,BeFePt2,False
10187,BeP2Rh,False
10188,Be2CuBi,False
10189,MnBeIr2,False
10191,TiBeHg,False
10193,BeNb2Fe,False
10195,MgBeV2,False
10196,CuAs2O4,False
10198,SrBe2V,False
10200,UPt4Au,False
10201,Be2FeRe,False
10202,YBe2Fe,False
10203,TiBe2Ge,False
10204,BeSn2Os,False
10206,LuSi2Rh2,False
10207,LiHfMg6,False
10208,Be2TcNi,False
10209,BeFeOs,False
10211,BePbCl2,False
10212,BeNi2Mo,False
10213,SrLiBe2,False
10214,NaBe2Ga,False
10215,Be2NbCo,False
10216,MgSn,False
10217,ScBe2Si,False
10218,Be2TlMo,False
10219,BeSn2P,False
10220,GePd2,False
10221,ErInPt4,False
10222,Ga2Te5,False
10223,Cr2AgBiO8,False
10224,BeFeP2,False
10225,BeCrIn2,False
10226,MgBe2Ge,False
10227,Ba2SnS4,False
10228,Zr3Mn,False
10229,TiBeRe,False
10232,Fe4O7F,False
10236,Be2SiP,False
10237,Be2NbSe,False
10238,PH3,False
10239,SrMo6S8,False
10240,Mg6CrFe,False
10241,Cr3B7BrO13,False
10242,CoO2,False
10243,TaBeIn4,False
10245,KBeCo4,False
10246,HfBe2Fe,False
10247,LiBe2Ge,False
10248,ZrBeCl,False
10249,CaLaVFeO6,False
10250,ZnSb2,False
10251,Be2BiBr,False
10253,CuS,False
10254,HfMg6Co,False
10256,TaTlS3,False
10257,Be2FeBr,False
10259,Y4BeZn,False
10260,TiBePt4,False
10261,Be2PtSe,False
10262,Rh3W,False
10263,SrBe2Cr,False
10264,HfBeGa2,False
10265,BeCrNi,False
10267,Be2ReGe,False
10269,YbCu4Au,False
10270,Sc2Se3O9,False
10272,Be2TlP,False
10273,NdAl3Cu,False
10274,Sm2InNi2,False
10275,Be2TlHg,False
10276,CaTlF3,False
10278,MgBeSn,False
10280,BeSiP,False
10281,YbS2,False
10282,Zr2BeCr,False
10283,Be2CrRh,False
10284,WSeS,False
10286,Be2FePd,False
10287,Pd3N,False
10288,CeMg5,False
10291,Be2HgSe,False
10292,KZrBe2,False
10293,KNi2Se2,False
10295,NaBe2Te,False
10296,BeGe2W,False
10297,NaBe2Pd,False
10298,BeHgSb,False
10299,Be2IrPt,False
10300,ZrBeSb4,False
10301,NaBe2Cr,False
10302,Be2NbGa,False
10303,SrBeIn2,False
10305,Be2CuTc,False
10306,Ba4YPt,False
10307,Be2CoTe,False
10308,Be2CoNi,False
10309,Be2BiPt,False
10310,K3VF6,True
10311,Dy2B4C,False
10312,Sr2BeCu,False
10313,ScBe2Pb,False
10314,Be2WSe,False
10315,BeOs2Cl,False
10318,Pr2AgRu,False
10319,BaP2Ru2,False
10320,LaBe2V,False
10322,Tm2Ga10Os3,False
10323,Pr3Ga10Ni,False
10324,Tm2Si2O7,False
10325,BeCrSb2,False
10326,CuPd3,False
10327,Be2HgBr,False
10328,Eu2PBr,False
10329,Be2NbNi,False
10330,LaBe2Cd,False
10331,Be2PbBr,False
10333,NbPd3,False
10335,Er2Mo2C3,False
10336,Sn2Ru,False
10338,Be2NbCr,False
10340,Be2CuRh,False
10342,BeCoHg2,False
10343,BeCoPd2,False
10344,BeZnFe2,False
10348,U2SbN2,False
10350,TbTaO4,False
10351,TiBeCl2,False
10352,LaY2Be,False
10354,Rb3ScI6,True
10356,LiBePd2,False
10357,MgTaBe2,False
10358,BeTcPt,False
10359,Be2TlCl,False
10360,ScBe2Sn,False
10361,Li2MoO3,False
10362,P2O5,False
10363,KZrBe2,False
10365,BeFeMo2,False
10367,Be2GePb,False
10368,Ce2Mg,False
10369,LiBeGe2,False
10370,BeMoRu2,False
10371,Fe6O7F5,False
10372,ScBe2Tc,False
10373,MgBeIr2,False
10375,HfBe2V,False
10376,Ba4InP,False
10377,NaBe2Si,False
10378,HfBeSb,False
10379,Be2CuIr,False
10380,CeInCu,False
10381,DyInCu4,True
10382,Sr2NiTeO6,False
10383,Pr2AlNi2,False
10385,TiSi2,False
10386,BeTeW,False
10388,Li3Fe4O8,False
10389,ZrTiTe4,False
10390,K2TiBe,False
10391,Be2ZnMo,False
10393,K2BeTc,False
10394,Be2CuGe,False
10395,Be2ZnRu,False
10397,KMgBe2,False
10398,YBe2Cl,False
10399,NaBe2V,False
10400,Be2TlPb,False
10401,Ti2BeCo,False
10405,LiMnBe2,False
10406,Be2HgGe,False
10407,LiBe2Co,False
10409,BePdSe2,False
10412,BeTcIr2,False
10414,Be2CoTc,False
10415,KB6,False
10416,BeTl2Cu,False
10418,Be2PtBr,False
10419,BeNbRu2,False
10420,Ba4MgMn,False
10422,NaBe2Tc,False
10423,Be2SnHg,False
10426,Be2ReSe,False
10428,NaBe2In,False
10431,BeIn2Hg,True
10432,Be2MoCl,False
10433,HfBeCl,False
10434,UTe3,False
10435,NbCl2O,False
10436,BeHgSb2,False
10437,NaBeMo4,False
10439,KMgH3,False
10440,BeCo2Os,False
10441,TiBe2Ru,False
10444,CoSe,False
10445,RbTe6,False
10446,Be2CrRu,False
10448,ScBeCu2,False
10451,Be2TlCr,False
10453,BeCdCl2,True
10454,Ba4CrMo,False
10456,BaBiO3,False
10457,Sr2Mg,False
10458,LiBi3I2O4,False
10459,Ti2BeGa,False
10461,YBe2Se,False
10466,CaMg5,False
10471,MnBeSb2,False
10472,MnAl2Tc,False
10473,Ag2F5,False
10474,SmGe5,False
10475,SrMg6Al,True
10476,BeGeIr2,False
10477,Be2PtCl,False
10478,RbMg6C,False
10479,YBeIn,False
10480,Mg6VFe,False
10483,CuPb3,False
10485,BeTc2Sb,False
10486,NaMgBe2,False
10487,Be2SnTe,False
10488,YBe2Co,False
10489,Be2FeBi,False
10490,YbSbAu,False
10491,MnVBiO5,False
10493,SrMg,False
10494,ZrTi2Be,False
10495,BeSb2Br,False
10496,Ba2TiHg,False
10497,TaBe2Pt,False
10498,Na2GaAuF6,True
10499,BeMoRh2,False
10500,MgPt3,False
10502,NaBe2Sn,False
10503,Hf2BeCl,False
10504,SrCa2Be,False
10506,Mg6MoC,False
10507,Ba2TiO4,False
10508,TaBeSi,False
10509,MnBeFe2,False
10510,TiBeTc2,False
10511,Mg4BePt,False
10512,YBe2Ga,False
10515,KRb2AsCl6,True
10516,LiFe3Sn2S8,False
10517,BeNbPt2,False
10518,Be2HgBi,False
10520,LaScSb,False
10522,UCr2Si2,False
10523,BeFeBr2,False
10524,LaRu2,False
10525,ScHCl,False
10528,BeCrCu,False
10530,BeV2Re,False
10531,HfBe2W,False
10532,Mn2SiSe4,False
10533,ZrBe2Sn,False
10537,LiP2WO7,False
10538,TaMnBe,False
10541,CaBe2V,False
10542,Be2VTe,False
10543,Ba4PCl,False
10544,MnBe2Tc,False
10545,TaBe2Se,False
10546,Ho2SbO2,False
10547,Dy2AlNi2,False
10548,ScBe2Re,False
10549,CeMg2,False
10550,Na4SrBe,True
10552,Mn4O7F,False
10553,TmB2Ir3,False
10554,Sr2BeMo,False
10555,DyCoSi2,False
10557,LaBeRh,False
10560,ZrTiBe2,False
10561,LiBe2Ga,False
10562,LiMg2Be,False
10565,HfBe2Sn,False
10566,YBe2Pt,False
10567,Be2TeOs,False
10568,BeZn2Bi,True
10569,Be2ZnRe,False
10571,Be2SnBi,False
10572,TiBe2V,False
10573,NaBe2Ru,False
10574,Fe3BO6,False
10575,Ba4ZrGe,False
10577,Li2H2SeO5,False
10578,LiNiO2,False
10579,Li2VO2F,False
10580,BePSe2,False
10582,Be2FeCl,False
10583,Mn3O2F4,False
10584,KBe2Mo,False
10585,Be2NbSi,False
10586,ScBe2Hg,False
10587,Na2BeBr,False
10590,Y2HfBe,False
10593,Sc2BeCu,False
10594,Be2NbMo,False
10596,Be2InW,False
10597,FeCu2GeS4,False
10598,BeGa2Br,False
10599,Be2CdOs,False
10600,LiIn2CuTe4,False
10601,BeHgMo,False
10602,TiTe,False
10603,BeFe2Ni,False
10604,Ba4HfP,False
10605,BeSe,False
10606,ErScRu2,False
10608,SrMg,False
10610,BeFeTc2,False
10612,K3Pd2O4,False
10614,TiH8N2F6,False
10615,BeGaPt2,False
10616,Be2InW,False
10617,Be2PtRh,False
10619,AlSiTc2,False
10620,FeN2Cl2,False
10621,Be2VFe,False
10622,HgIrO3,False
10623,Be2MoPb,False
10624,TbGe2Pd2,False
10625,BeCdIn,False
10626,CaBeSi,False
10627,Mn2SnS4,False
10629,Er2Ga10Os3,False
10630,B6Pb,False
10631,CeMg6B,False
10632,PrCo2P2,False
10633,TiW,False
10634,BeCrCd2,False
10637,BeTl2Se,False
10638,MnBe2Tl,False
10639,HfMg6Ti,False
10641,Be2TeSe,False
10642,Hf2BeFe,False
10643,BeP4Pt,False
10645,KBe2Cd,False
10646,VSe2,False
10647,CaC2,False
10649,BeMoPb2,False
10650,Be2CuMo,False
10651,Li2BeSi,False
10652,MgAl2Se4,False
10653,TmFeO3,False
10654,Li2BeNb,False
10655,ErCuSi,False
10657,Ba4NbGe,False
10658,Be2SnPb,False
10659,RbCaMg6,True
10660,Mg6FeC,False
10661,Na2BeHg,True
10662,BeHg2Ir,False
10663,Ba2NdTaO6,False
10664,Be2RePt,False
10666,Mn2OF3,False
10667,SbPt,False
10670,Zr2BeGa,False
10671,ThGeTe,False
10672,HfBe2Hg,False
10674,Mg3Si2H4O9,False
10675,NaHfBe2,False
10676,BeNiTe2,False
10677,KYBe2,False
10678,BeGa2Mo,False
10679,Be2CdTc,False
10680,CeMg2,False
10681,K2RbPrF6,True
10682,CaSi2Ni2,False
10684,SrBeV2,False
10687,LiBeSb2,False
10689,SrBeCd4,True
10690,LiMnAs,False
10692,LaCo5,False
10693,Ba4CuPd,False
10695,YBe2Tl,False
10697,BeCdGe2,False
10698,Be2FeNi,False
10699,YHfBe2,False
10702,Be2CuRh,False
10703,Sr2BBrN2,False
10704,Mg6CoSi,False
10705,NaLi2AlF6,False
10708,BeBiOs,False
10709,Mg6NiW,False
10710,Mg2FeH6,False
10711,TiRh,False
10712,Mg2SiO4,False
10713,HfSiS,False
10714,KBe2Br,False
10716,Be2RhSe,False
10717,Be2CuHg,False
10718,Be2ZnSe,False
10720,PuC,False
10721,MgBe2Sn,False
10724,SrBeW2,False
10726,KBe2Cu,False
10727,Be2VRh,False
10730,TaTeBr9,False
10731,Ba4FeCo,False
10732,Be2FeCl,False
10733,BeNiSb,False
10734,HfBe2V,False
10738,SrFe2As2,False
10739,CrH,False
10740,BeNi4Pd,False
10743,Mg2BeFe,False
10744,BeHgPd,False
10745,PrSiPt,False
10746,TiBe2Ge,False
10747,BeGePd2,False
10748,BeFe2Re,False
10749,BeBrCl2,False
10750,BeW2Cl,False
10752,Be2NiHg,False
10753,ThCr2B6,False
10754,Be2CrP,False
10755,BeZnIn,False
10756,Ba4HfNi,False
10757,MnBe2Br,False
10758,Be2NiP,False
10759,Li2BeCu,False
10761,Be2TeCl,False
10762,BeCo4Pt,False
10763,ErTmTl2,False
10764,BaPr2NiO5,False
10765,SrScBe2,False
10767,LiHO,False
10768,Be2CuGe,False
10770,LiAlSi2O6,False
10772,BaMg6Nb,False
10774,TaBe2Nb,False
10775,Be2InHg,False
10776,Li2H2Pd,False
10777,U2CS,False
10778,YMg,False
10781,BePb2S,False
10782,CaBe2Se,False
10783,CaZn2N2,False
10784,BeTlFe2,False
10785,LiBeSe2,False
10786,BeSiP2,False
10788,CaDyAl4,False
10789,Ba4GeTe,False
10790,BeZn2Ru,False
10791,ZnH2SeO4,False
10793,BeNi2W,False
10800,TiBeCo2,False
10801,TbCu,False
10802,Be2SiNi,False
10803,GaPd2,False
10805,Be2InSe,False
10806,MnNCl3,False
10809,YSiNi,False
10811,Be2CrRe,False
10812,Be2GaTe,False
10813,NiO2,False
10814,BeTcPb,False
10815,Y2HfBe,False
10816,BeHgPb2,False
10817,BeZnRe,False
10818,CaSi2Rh2,False
10819,LiBe2Re,False
10820,Be2TlNi,False
10822,CaBeNi2,False
10823,PrAg2Ge2,False
10825,BeTcGe2,False
10826,MnBeSn2,False
10827,LiCuPO4,False
10828,BaNa4O3,False
10830,La2Fe2I,False
10831,TiGeSb,False
10832,TmNi4Au,False
10833,BiB6,False
10834,Mg6CrFe,False
10835,YSi2Ir2,False
10837,Ta2CrNO5,False
10838,CeMg6Si,False
10839,InBiO3,False
10842,BeCo2Te,False
10846,Be2GaCu,False
10847,Ba4TcMo,False
10848,Li3Fe3O8,False
10849,Be2ZnPb,False
10851,BeSiTc,False
10852,Na2BeBr,False
10854,Nd2CdRh2,False
10857,CaBeCd,False
10859,K2RbAuF6,True
10860,Be2TcPb,False
10861,MgBeCu2,False
10862,BeGe2Pt,False
10863,YBePt2,False
10864,CeAlO3,False
10865,BeHgGe4,False
10866,K2MoCl6,False
10867,BaMg6Ni,True
10868,CaTiBe2,False
10869,MgBeP2,False
10871,BeCu2Ru,False
10872,BeSiIr2,False
10873,BeVSe,False
10874,Be2ZnP,False
10877,CeMg2,False
10878,Mg6AlMo,False
10879,Mg6SbMo,False
10881,BeTe2Ru,False
10882,DyCuPb,False
10883,BeCr4Pd,False
10884,HoNi2B2,False
10885,NaI3O8,False
10887,AlSiTe3,False
10890,Cu3OF5,False
10891,Sc2NCl2,False
10892,Be2CuCl,False
10893,ZrBe2Se,False
10896,MgBePb2,False
10897,NaBe2Tc,False
10898,Be2NbV,False
10899,BeCo2Se,False
10900,HfTiBe2,False
10901,CaBe2Tc,False
10903,SrBe2Hg,False
10904,NdGaO3,False
10905,SrBeBi2,False
10906,K2BeTl,True
10909,NaBeSi2,False
10910,Be2RuW,False
10911,MnNF3,False
10912,CaUO4,False
10913,MnSn2,False
10914,Mg6CdNi,True
10915,NaCaFe2Si4O12,False
10916,CaMn7O12,False
10917,GaPd3,False
10919,RbFeP2O7,False
10921,Be2FeIr,False
10922,K2Be2Si,False
10924,BaLiH3,False
10926,PuPt5,False
10927,BeFeOs2,False
10928,Ta2BeTl,False
10929,UTe2,False
10930,Ba2LiMg,False
10932,Ta2BeRu,False
10933,BeCuSi2,False
10934,NaMgBe2,False
10935,MnBe2In,False
10936,Be2FeTc,False
10937,KBeRh2,False
10939,Be2NiGe,False
10940,BaMg6Cr,True
10941,V2O5,False
10942,YMgBe2,False
10943,TbSnGe,False
10946,BaZn,False
10947,Be2InPt,False
10948,BeZnFe2,False
10949,LiV2OF5,False
10950,Li3Ag3Ge2,False
10951,BeIrW,False
10954,Be2GeP,False
10956,Be2SbMo,False
10957,KBeRe2,False
10958,Be2TcPt,False
10959,Be2InOs,False
10961,UMn2,False
10962,Be2FeIr,False
10963,Be2PdW,False
10965,Be2NiPb,False
10966,UF5,False
10968,ZrBe2Pb,False
10969,NbRu3,False
10970,BeSn2P,False
10971,BeCd2Pt,False
10972,Mn2BeHg,False
10974,BeSnSb,False
10978,Mn2Sb,False
10979,Mg2BePt,False
10981,Be2NbOs,False
10982,BeGaTe2,False
10984,Zr2AlC,False
10987,CrP2,False
10989,MnBePd2,False
10990,LiTaBe2,False
10991,YMg,False
10992,NbPS,False
10994,Ta2BeCo,False
10995,TiBeRh2,False
10997,Mg2BeIn,False
10998,Be2IrOs,False
10999,TbNi4Au,False
11000,Mg6FeW,False
11003,BeSi2Pb,False
11004,ErCuGe,False
11005,TlIO3,False
11006,LiNd2Si2,False
11007,Na2BeIr,False
11008,TiBe2Cd,False
11009,Be2NiPt,False
11010,Be2TeW,False
11011,Sr2BeIr,False
11014,Be4SiNi,False
11015,TaBe2Zn,False
11016,Mn2O3,False
11018,BeNb2Sn,False
11022,LiCa2Be,False
11023,MgBe2Re,False
11024,SrTiBe,False
11025,BeReBi,False
11030,Ba4SnGe,False
11032,BeNiSb2,False
11033,BeCrCo,False
11034,Mg6CoB,False
11035,TiAgHg2,False
11036,LiBe2Zn,False
11038,TbZrSb,False
11039,KBe2Tl,False
11040,Y2InNi2,False
11041,BeCuBi,False
11043,Ca2Mg,False
11044,Rb2MnF6,False
11045,LaGa3Pd2,False
11050,BeGa2Ru,False
11051,BeNbSn2,False
11055,Be2NbCu,False
11056,RbCdH2I3O,False
11059,HfBe2Ni,False
11061,TbSiNi4,False
11062,RbPO3,False
11063,Sm4Bi2O,False
11065,TaAlCo2,False
11067,Mg2BeW,False
11068,Mg6VMo,False
11069,TiC,False
11071,ZrTi2,False
11072,MgTa2Be,False
11073,BeSnGe4,False
11075,Na2WO2F4,False
11077,MgBeSe2,False
11078,NaBePd2,False
11079,YbCo2,False
11081,Be2PBr,False
11082,Be2TcRh,False
11083,Ba4NaOs,False
11084,Li8CoO6,False
11085,BeTlIn,False
11086,BeFe2Te,False
11087,Be2ZnBi,False
11088,Fe6O7F5,False
11089,BeNbPb2,False
11091,KMoO3,False
11092,TiH2,False
11093,NaAlSi4,False
11094,KBe2Co,False
11095,BeTe2Br,False
11096,SrBeMo2,False
11097,Ca5Sb3,False
11098,KBe2Pb,False
11099,ScBe2Cd,False
11100,Be2PdRu,False
11101,BeHg2Br,True
11102,TaTiBe2,False
11103,HfBe2Pd,False
11104,BaMg6Bi,True
11105,CeSbTe,False
11106,Te4Mo3WSe2S2,False
11107,BeGe2Bi,False
11108,SrBe2Se,False
11110,US2,False
11111,Li2CoOF3,False
11112,BeRhBr2,False
11113,Ca2BeCu,False
11114,Mg2Ni,False
11115,Mn3OF5,False
11116,Tm2InAg,False
11117,BaMg6B,True
11118,BeCuSn2,False
11119,MnBeFe2,False
11120,TaSiTc2,False
11121,BeRu2Pt,False
11122,BeCdSi,False
11123,CeGe2Rh2,False
11124,CdWO4,False
11125,ZrBePt,False
11128,BeCr2Se,False
11130,MgCd,False
11131,K2BeMo,False
11132,Be2PdRh,False
11133,K4YBe,False
11134,ScBeSn2,False
11135,NaHfBe,False
11138,Ca4BeNb,False
11140,Be2VPb,False
11141,KBeIn2,False
11142,SrTaBe2,False
11143,Be2CdBr,False
11144,ZrBe2Bi,False
11146,HfBe2Ir,False
11148,U2RuC2,False
11151,BeCuPb2,False
11152,Be2SiSe,False
11154,LiAlPHO5,False
11155,ScBe2Te,False
11156,SmSi3Ir,False
11158,Sc2BeNb,False
11159,Be2PPd,False
11160,BaZrBr,False
11161,HfBeSi2,False
11162,TiBe2Pb,False
11163,NaBeNi2,False
11164,Be2CrW,False
11165,BeCr2Pt,False
11166,Na3NiO2,False
11167,CaBe2Ga,False
11168,NaInTe2,False
11170,Na2BeHg,False
11171,K2NaMoI6,False
11173,Be2TlCl,False
11175,BeZn2Pb,False
11177,OsO4,False
11178,CaBePt2,False
11179,Be2InPt2,False
11180,Ti2BeFe,False
11181,MnBeGa,False
11182,Mg6GaFe,False
11183,Fe2PO5,False
11186,BePtPb2,False
11187,BeCo2W,False
11189,Ba4CoGe,False
11191,Be2VSn,False
11192,MgZn3,False
11197,CeAl3Au,False
11198,NaLiZnP2O7,False
11199,Te4Mo3WS4,False
11201,CaBeIn2,False
11203,ZrBe2Sn,False
11205,Sc2BeIr,False
11206,YBe2Cu,False
11207,Be2CdW,False
11208,TaMn2Be,False
11209,BeIn2Br,False
11210,CaBe2In,False
11211,CaHCl,False
11212,Ba2NdRuO6,False
11214,LaYBe2,False
11215,KMg6Cr,True
11217,LaMg6Sb,True
11219,BeCrPd2,False
11220,InNi3N,False
11221,Rb6Si10O23,False
11224,Be2CuNi,False
11225,BeZn2Ga,False
11228,Be2InBi,False
11229,ZrScZn2,False
11231,BeCoBi2,False
11232,BaNd2Ti3O10,False
11235,Mg2Cd,False
11238,BeCuRh2,False
11241,Sn2Bi2O7,False
11242,LiBe2Zn,False
11243,Be2PPd,False
11244,MoSe2,False
11245,BeFe2Te,False
11246,NaCu2H2Se2O10,False
11247,LuMnO3,False
11248,AlCo,False
11249,NaIO3,False
11250,LiBeCu4,False
11251,BeCuPd2,False
11252,TiBe2Nb,False
11253,LiBe2Rh,False
11254,BeTl2In,False
11255,ZnF2,True
11256,Mg6NbAl,False
11257,Mn2B4Mo,False
11258,CaAl2Si2H4O10,False
11259,NaNbO3,False
11261,Be2BiW,False
11262,LiCu2P2,False
11263,K2NaBe,True
11264,HfBe2Tc,False
11266,CaMnBe2,False
11267,Ba4GeSb,False
11268,Li2Fe3O6,False
11269,CaCl2,False
11270,Sr2BeSb,False
11271,Te6Cl2O11,False
11273,Yb2SO2,False
11274,ScBeCl,False
11276,BaMg6Ga,False
11277,Be2CrPt,False
11280,Nd3Ti,False
11282,NaLaBe2,False
11283,Li2Cr3CuO8,False
11285,CaYBe2,False
11286,Be2SiMo,False
11287,LiBePt2,False
11288,BeInGa,False
11289,BeNi2P,False
11290,CaBe2P,False
11291,Sr2BeNb,False
11292,Be2ZnCd,False
11294,ZrBRh3,False
11296,TaBeIn,False
11299,SrBe2Tc,False
11300,Na2CaBe,False
11301,NaBe2P,False
11303,Na2CaBe,False
11305,YBeMo4,False
11306,ScBePb2,False
11308,Mg6BMo,False
11310,BeCrTc,False
11311,KBeSi,False
11313,BeFeCl,False
11316,YbAs,False
11317,SrSi3Au,False
11318,NbO,False
11319,SnS2,False
11320,Be2TlIr,False
11321,HfV2,False
11323,BeTl2V,False
11325,Na3SbI6,True
11326,TaPS,False
11327,Mg6NbFe,False
11328,LiBeTc2,False
11330,TiBe2W,False
11331,BeNb2Fe,False
11332,BeZnOs2,False
11333,Be2FeSe,False
11334,CaHfBe2,False
11336,ScBe2Mo,False
11337,Be2CoNi,False
11338,ZrTe,False
11339,LiMg2Ga,False
11341,Y2BeCo,False
11342,Be2CdSi,False
11343,Be2FeSn,False
11344,CeAl3Pd2,False
11345,TlCo2S2,False
11346,Be2InTe,False
11347,BeCo2Ge,False
11350,TbCoO3,False
11351,ScBe2Pb,False
11352,MgBe2P,False
11353,Be2CuBr,False
11354,UBr4,False
11356,La2ZrBe,False
11357,BaTi4O9,False
11359,BeGa4Te,False
11360,KBe2Ge,False
11363,Mg2BeIn,True
11364,K2LaBe,False
11365,ScBe2Si,False
11366,K2YBe,False
11367,LaNi2P2,False
11368,BaHo2O4,False
11370,PrMg,False
11372,BeZnSb2,False
11373,KBe2W,False
11374,Be2GeRu,False
11376,KNa2Be,False
11378,Be2NbCo,False
11379,SrFe3P4O14,False
11380,BeCuTe2,False
11382,Ti2BeTl,False
11383,KTiBe2,False
11384,BN,False
11385,SrBeMo4,False
11386,ScBeHg2,False
11387,Li2BeFe,False
11388,K2TiBe,False
11390,Li5BiS4,False
11392,Sc3In,False
11393,ZnS,False
11394,Mg3Bi,False
11395,TiBeGa2,False
11396,LaB2Pt2C,False
11397,MnInF3,False
11398,Ti3Se4,False
11399,Fe2B,False
11401,ErMg3,False
11402,SrBeOs,False
11403,UO2F2,False
11405,KBe2Cd,False
11406,TaBeRu,False
11407,CuMoS4N,False
11409,BeZn2Cr,False
11410,ZrBeMo,False
11411,CoO2,False
11413,MnBe2Os,False
11414,BeCoBi2,False
11415,CaMg,False
11416,BeCd2Fe,False
11420,BeVBi4,False
11421,NaCaBe2,False
11423,BeZnIn4,True
11425,Na2MgBe,False
11427,Rb2LiNbS4,False
11428,Mg6NbMo,False
11429,LaCrO3,False
11430,BeMo4Os,False
11431,ThB2Rh2C,False
11432,Ca2CuO3,False
11433,BeSi2W,False
11434,BeCd2Si,False
11435,Be2CdIn,False
11436,CeMg6C,False
11437,Mg6AlW,False
11439,FeO,False
11441,RbTaP2O8,False
11442,NdAlAg2,False
11443,Be2CuSe,False
11444,Ce2Ni7P4,False
11445,Rb2VAgS4,False
11446,BeTl2Fe,False
11447,Na2BeP,False
11449,Mn2BeCl,False
11453,MnNF3,False
11454,NaLiSO4,False
11455,TaBe2Bi,False
11456,KBeIr2,False
11458,Mg6VB,False
11459,Y5Mg,False
11461,EuInPt4,False
11462,ZrScBe2,False
11463,BeTc2Ni,False
11464,Be2InCo,False
11466,K3Sb7S3O9,False
11468,Li6FeO5F,False
11470,Be2NiSe,False
11474,BeGe2Pb,False
11475,ZnTe,False
11476,CaH2CClO3,False
11477,Be2CuSn,False
11478,Cr3Si,False
11479,Li5Cu3Sb2O10,False
11481,Mg6CrMo,False
11482,Be2CrCu,False
11484,BeSnCl2,False
11486,Bi2PdPt,False
11488,BePSe2,False
11490,NaSn2Cl5,False
11491,LiCrO2,False
11492,K2BeSi,False
11496,Fe2Ge,False
11497,CrB,False
11498,Be2GeBr,False
11503,TaBeBr,False
11504,LaBe2Sn,False
11505,BeBi2Ir,False
11506,Y2Co2I,False
11508,Li3Mn8O4F12,False
11511,ZrBeGa2,False
11512,ScBeTl,False
11513,K2BeGe,False
11514,MnBePb2,False
11515,Li2BeTc,False
11516,K2TaCl6,False
11517,ZrBe2Co,False
11518,LuInCu2,True
11519,TaTiBe2,False
11520,CaBeCr2,False
11521,BeTc2Te2,False
11522,UGaCu,False
11523,ZrTe,False
11524,As2W,False
11525,KBe2Bi,False
11527,BeNiBr2,False
11531,NaBe2Pt,False
11533,Be2NbRu,False
11535,Be2CrSb,False
11537,Ta2BeCl,False
11539,Be2VGa,False
11540,RbWO3,False
11541,MnBeGe2,False
11542,Pm3Dy,False
11543,MgSb,False
11544,MgGa2,False
11546,AlP,False
11547,Li3BiO3,False
11548,Li2IBr,True
11549,Li2ZrF6,False
11552,BeZn2Fe,False
11554,NiTe,False
11555,RbInMo2O8,False
11556,HfMg6Ti,False
11557,AgPd2Pb,False
11559,NdCoO3,False
11560,HfScTc2,False
11561,BeCdGe2,False
11564,Be2SeCl,False
11565,K2BeMo,False
11566,Be2ZnP,False
11569,ZrBeCo2,False
11570,ThCoSi3,False
11571,BeF2,False
11572,LiCoSnO4,False
11573,BeCuP,False
11574,Sr2BeV,False
11575,K2LiAuCl6,True
11577,DyMn2O4,False
11578,CaBe2Pb,False
11579,ErCdNi4,False
11581,Be2TlCl,False
11582,BaMg6B,False
11584,BeZnHg4,True
11585,TaBeOs,False
11586,YMgBe,False
11587,Mg6TiCo,False
11588,Bi2SeO5,False
11590,GaSe,False
11591,Be2FeSi,False
11593,CaBe2Ni,False
11594,Mg6AlMo,False
11595,NaMoO3,False
11596,BaInGe,True
11597,Sc2BeIn,False
11598,Be2CuOs,False
11599,MgBi,False
11600,SrBe2W,False
11603,Ga2CuO4,False
11604,Ca2MgPt2,False
11605,CeHfMg6,False
11606,Zr2H3Pd,False
11607,ZrBeSi2,False
11608,Sr2Be2Bi,False
11610,Ta4FeS8,False
11611,SrBeSe2,False
11614,BaHCl,False
11615,BeOsBr,False
11616,BeCd2Co,False
11617,Mg6FeSn,True
11618,Be2CrGe,False
11619,YBe2Ir,False
11620,Be2NiMo,False
11621,ErCo2,False
11622,CaMnSn,False
11623,Co3B2O6,False
11624,Be2NbTc,False
11625,SrB2O4,False
11627,MgScSe3,False
11628,Li3V2Cr2O8,False
11630,PmPrMg2,False
11631,TlBiTe2,False
11633,ZrVF6,False
11634,BeGe2Se,False
11635,HfBe2Rh,False
11636,Na2LiBe,False
11638,SrBeBi2,False
11639,Sc2BeTc,False
11640,BaCaI4,False
11641,Ta2CN3,False
11643,SrHg2,False
11644,Zr2BeCl,False
11645,PrSi,False
11646,Ta2BeCr,False
11648,Ba2HgBi,True
11649,Be2OsPd,False
11650,BeNb2Pt,False
11651,Li2BeNi,False
11652,ScB2,False
11653,TiAl2Cr3C2,False
11654,BeGaHg,False
11655,BeGaIr2,False
11656,BeSiNi,False
11657,Be2NbOs,False
11658,BeRhSe,False
11659,NiO,False
11661,Mg6MoW,False
11662,Hf2MgBe,False
11663,TaBeGe2,False
11664,K2CuAs,True
11666,SmMg3,False
11667,Li5Co2O6,False
11668,Be2MoW,False
11669,BeTl2Co,False
11670,CeFe2,False
11672,MgCuAs,False
11673,BePtBr2,False
11674,Hf2OsRu,False
11675,K2BeRu,False
11677,ScBeP4,False
11679,Sr2InOsO6,False
11681,BeBiIr2,False
11683,Na2BeW,False
11684,Be2GaW,False
11685,Be2CdGa,False
11687,K3ScI6,True
11688,HfAlCo2,False
11690,Ca5P3ClO12,False
11691,VFe2Se4,False
11693,MgBe2Br,False
11694,YAgTe2,False
11695,LiTaBe,False
11697,La6P17Pd6,False
11698,ScBeCd2,False
11699,LiCu3O3,False
11700,LiTiSe2O2,False
11701,Be2GaPt,False
11703,KMg6Nb,True
11704,DySnGe,False
11705,ScBePt4,False
11706,RbAlF4,False
11708,SrH6C4O7,False
11710,Ti2Se,False
11711,CoGeO3,False
11712,CeMg3,False
11715,Be2Ga2Re,False
11717,Y2Mg,False
11718,Be2ZnBr,False
11719,Ga2Ir,False
11720,TlFeC3NO4,False
11721,Ti3Se,False
11722,Na3Fe5O9,False
11723,AlNi3,False
11725,BeCu2Se,False
11726,Cr2Co,False
11727,Mg6CoSb,True
11729,Sc2BeRe,False
11731,Li2CuS2,False
11732,BeSnCl2,False
11734,Be2CdNi,False
11735,CaPt2,False
11736,Li6FeO3F3,False
11740,Cu2P7,False
11741,TaBe2Cd,False
11742,MgCd3,False
11743,K2W2O7,False
11744,V3O4F2,False
11746,MnGa4,False
11747,Sr2AsAu,False
11751,Li2CuSnO4,False
11752,BeTlZn,False
11753,BeVPt2,False
11754,Be2ZnCu,False
11756,Ta2BeTl,False
11757,BaAsAu,False
11760,BeIn2Se,False
11761,Be2ZnHg,False
11764,BN,False
11765,HfMg6Ni,False
11766,Be2GeIr,False
11767,KBe2Pt,False
11769,TiGaNi,False
11770,Rb2Au3,False
11773,HfBe2Ge,False
11774,Tb3Pr,False
11775,YBeHg2,False
11776,ReCl6,False
11777,BeGePb2,False
11778,KNaBe2,False
11779,Sc2BeV,False
11780,BaHI,False
11781,GaAgO2,False
11783,Zr4Ni2O,False
11784,PrGe2,False
11785,BeZnIr,False
11787,NbTe2,False
11788,KOs2O6,False
11789,BeFeBi2,False
11790,NaBePb,False
11792,Be2TlTc,False
11793,LiTiBe,False
11794,KBeHg2,False
11795,Ca2BePt,False
11796,BeCu4Re,False
11797,TaNiB,False
11798,BeGa2Ru,False
11799,LaMg3,False
11800,TiBe2Pt,False
11801,KLiZnS2,False
11802,LiFe6P4,False
11803,PrAu2,False
11804,LaBe2Mo,False
11805,PrP,False
11806,TiBeCd2,False
11808,Ca2CoO3,False
11811,Ti2CuNi,False
11812,SrAg4Sb2,False
11813,NaMg6Ga,True
11816,BeHg2Mo,False
11817,LiBe2Ru,False
11818,BeBi2P,False
11819,YbAg2,False
11820,Sr2ZrBe,False
11821,LaNdN2,False
11822,Be2ZnFe,False
11823,BeTcRu,False
11824,HoCdAu,True
11825,Yb2Mg,False
11826,Ba5Er2ZrAl2O13,False
11827,ZnGaCu3Se4,False
11828,Cr2Fe,False
11829,HfMg6Mo,False
11830,ScBe2Sb,False
11831,CaBeBi2,False
11832,ErCo3B2,False
11833,BeIrOs2,False
11834,Co2B,False
11835,SrBeCu2,False
11836,Li2BeTl,False
11837,HfBe2Sb2,False
11838,KHfMg6,True
11839,ZrBeIr,False
11841,BeCu2Ni,False
11842,MnBe2Co,False
11844,BaPt2S3,False
11845,CaRu2N2,False
11846,Be2NbSb,False
11848,Ba3SrAg4,True
11849,Mg6CuSb,True
11850,Fe6O7F5,False
11853,BeFe2Ge,False
11854,Mg6AlCr,False
11855,NpN,False
11857,Cu2SiTe3,False
11858,SrCoO3,False
11859,MgSn,False
11860,AgClO3,False
11864,NaMg6Fe,True
11866,ScSi,False
11868,Rb2SnO3,False
11870,Li2BeRe,False
11871,Be2TlRe,False
11873,BeRuPb2,False
11874,NpSe3,False
11876,Cu3BiSe2ClO8,False
11877,BeCr2Tc,False
11878,CaCuP,False
11879,BeFe4Pb,False
11882,NaBeCl2,False
11884,ErAu2,False
11886,USnAu,False
11889,Be2NbFe,False
11890,Ta2Be2Pb,False
11892,LiTiVO4,False
11893,TiGaNi2,False
11895,Li2BiS2,False
11896,YTi2Ga4,False
11897,UIrPt4,False
11898,AlBPbO4,False
11899,LiBeGa,False
11900,MnBe2Hg,False
11904,CaZn3,False
11905,Ac2AgPb,False
11906,Ca4BeRh,False
11908,K2BeTc,False
11909,ScBe2Br,False
11910,Be2RhPb,False
11911,Ca2ScBe,False
11912,NaV6O11,False
11913,NaH,False
11915,LiTiBe2,False
11917,Si2Os,False
11918,KMoO3,False
11919,ScBe2Te,False
11920,Tc2P3,False
11923,Be2VZn,False
11926,K2Li3FeO4,False
11929,BeOsBr2,False
11930,FeS,False
11931,BeInBi,False
11932,Mg6VFe,False
11933,Be2SiP,False
11935,Cd3B2O6,False
11936,BaMg6C,False
11937,BaCuSe2O6,False
11938,V2C,False
11939,CeMnNi4,False
11942,LiCo3O6,False
11943,Pr2InAu2,False
11944,AlGaCl4,False
11945,CoTe2,False
11946,Ti4H3,False
11948,UMn2,False
11951,Nd2AlNi2,False
11952,EuAl2Cl8,False
11953,Nd3Al3Si3N2O12,False
11955,Ge3Au,False
11957,Ga2Te3,False
11958,YMnNi4,False
11960,Y2GaNi2,False
11962,SrNiO2,False
11963,YMg2,False
11965,Mn2BeV,False
11966,Pm2InSn,False
11967,ZrBe2Nb,False
11968,Be2CdCl,False
11970,La2MgNiO6,False
11971,TmSi2Ru2,False
11972,SrAlH3,False
11973,CaBeBr2,False
11974,Mg6NbSb,False
11976,LaBe2Pt,False
11977,K2IrAuF6,False
11978,Be2GaRh,False
11979,BeOs2Ru,False
11980,Mg6GaCo,True
11982,SrBeIn2,False
11983,BeCr2W,False
11985,Ta2CN,False
11987,MgHg5,False
11988,BeTc2Rh,False
11990,NaTaBe2,False
11991,BeCr2Cu,False
11995,K2Be2Se,False
11996,Li2YBe,False
11998,BeGaBi2,False
12000,Mg6CrNi,False
12002,PdN2Cl4,False
12003,Li2BePt,False
12005,B2Ru,False
12006,KCa2Be,False
12007,KZr2P3O12,False
12009,TaBe2Cd,False
12010,YFe2Si2,False
12011,Be2SnSe,False
12015,LiCrP2O7,False
12016,Be2BiBr,False
12017,Zr2MnBe,False
12018,Li6ZrBeF12,False
12019,Be2TcGe,False
12020,Ca2BeIr,False
12021,MgIn2,False
12022,Mn3O4F2,False
12023,BeSnBi,False
12027,HgBr,True
12029,YCl3,False
12030,VGaNi2,False
12031,Be2NbRe,False
12033,TiBe2Rh,False
12034,BeCu4Tc,False
12035,CeSi2Pd2,False
12036,SrNdFeO4,False
12037,CeMg6Mo,False
12038,DyCu2,False
12039,PtO2,False
12040,BaMg6C,False
12041,LiFeOF2,False
12042,Be2C,False
12044,BeTl2Rh,False
12047,Sc2CuRh,False
12049,BeSiRh,False
12050,LiMg6Nb,False
12051,Al3Cd,False
12052,Yb2TeO2,False
12054,BeSiSb2,False
12055,ScBeTe2,False
12056,SrTaBe,False
12057,Pr2AgIr,False
12058,BeGe4Se,False
12061,CeMg2,False
12062,Ce3Mg,False
12064,MnBe2Cr,False
12065,AlPdO3,False
12066,Mg6FeSi,False
12067,ThSi2Rh2,False
12068,Be2VFe,False
12070,SmFeO3,False
12073,VOF,False
12074,Sr2RhF7,True
12075,Sr2DyUO6,False
12076,BeBi2Cl,False
12077,BaAl2Cl8,False
12078,TbPd3,False
12079,CaH2O2,False
12082,Mg6CoSn,True
12083,K2AsAuCl6,False
12084,LaSi3Rh,False
12085,LiNbVO4,False
12086,BeCu2Pt,False
12087,Y2Mg,False
12089,PmAs3,False
12090,K3NO4,False
12091,RbMg6Al,False
12093,LaB2C2,False
12094,PdI2,False
12095,Be2TeSe,False
12096,In2Co3S2,False
12097,HoInAg2,True
12099,CrCl3,False
12100,ZrBe2In,False
12101,CeZn,False
12103,MgF2,True
12104,YbNaS2,False
12106,RbPPbS4,False
12107,Mg2TiBe,False
12108,Ba2CdHg,True
12109,BiI3O9,False
12110,Mn6O5F7,False
12111,Mg6NbBi,False
12112,Bi3Pt3O11,False
12113,NaMg6Cd,True
12114,Ca3Nb4O12F2,False
12115,TiBe2Os,False
12117,Be2CrNi,False
12119,Be2TlZn,False
12120,Mg6NbNi,False
12122,K2MgCuF6,False
12123,SrSi2Pd2,False
12124,ScAgO3,False
12125,V3As,False
12126,Be2PIr,False
12127,HoInPd,False
12128,CaFe2Si2,False
12129,Be2InOs,False
12130,BeCuCl,False
12131,MoO2,False
12132,BeVP2,False
12133,Hf2SeN2,False
12134,Ca3SbP,False
12135,SmMg2Bi2,False
12137,Be2CrBi,False
12138,Be2ZnCo,False
12139,BaMn4O8,False
12140,PrMgSn,False
12141,CdHgC4S4N4,False
12142,BeFe2Se,False
12145,Y2MnNiO6,False
12146,BeVBr2,False
12147,MnBe2Co,False
12149,BeGe2P,False
12150,HfTi3,False
12151,Be2BiSe,False
12152,NiB2W2,False
12153,CeAl3Cu,False
12154,Li4Mn5NbO12,False
12155,Be2InBi,False
12156,MgTiH4,False
12157,SrNd3,False
12158,HoB2Ir3,False
12160,Be2InIr,False
12161,PI3,False
12162,Be2PdPb,False
12163,CeHfMg6,False
12166,Be2HgW,False
12167,BaLiAlF6,True
12170,HfMg6Mo,False
12171,Li2NiO2,False
12172,NaSi3BO8,False
12174,HfMg6Zr,False
12176,BeIrBr,False
12178,K2InAuI6,True
12179,HfBe2Ru,False
12180,HoFe2Ge2,False
12181,RbMnP,False
12182,K2BeRe,False
12183,BaRh2,False
12185,YbRbS2,False
12186,SrLiMg6,False
12187,Be2ZnCr,False
12188,BePOs,False
12189,BaV2CdO7,False
12191,KCuF3,True
12192,NaMg6Cr,True
12193,Mg6CoSn,False
12194,Co3Sn2S2,False
12196,CaAg3,True
12197,Mg6NbCr,False
12198,ErCo2B2,False
12200,Sr2IrO4,False
12201,Be2VTe,False
12202,Zr2SeN2,False
12203,Ca2BeCr,False
12206,PmBi3,False
12209,NaInBr4,True
12211,HfV2,False
12212,SrBe2Ge,False
12213,Ba2VP2O9,False
12215,KTiO3,False
12216,La4Se3O4,False
12217,CaMg6Zn,True
12218,ScBeCl2,False
12219,Mg6CrNi,False
12220,BeReMo2,False
12221,CeAs,False
12224,Tl2CO3,False
12226,BeCoPd,False
12228,TiZnPt2,False
12229,Nb6AlGe,False
12230,Na2SnC4O8,False
12231,NdInPt4,False
12233,UBC,False
12234,Mg2ZrBe,False
12235,TiBeOs4,False
12236,Be2OsCl,False
12237,YbAl2Ni,False
12238,KBeBr2,False
12239,BeV2Si,False
12241,BeZnCd2,False
12243,MnBe2Fe,False
12244,Sr2BeW,False
12245,BeCu2Mo,False
12246,Y3Al2Ni6,False
12248,EuZn2Sn2,False
12249,YTe2,False
12251,TaIr3,False
12252,SrBeCd2,False
12254,YFe5,False
12255,LiO2,False
12256,CeMg6Mo,False
12257,TaFe2Ge,False
12259,NiSe,False
12260,Li4Be3As3ClO12,False
12263,Hf2BeMo,False
12264,KFeS2,False
12265,MgCoGe,False
12266,Ba3ScCO3F7,False
12270,LiSbTe3O12,False
12272,BeSeBr,False
12273,Sr2CoBr2O2,False
12274,RbMnAs,False
12275,Ca2MgBe,False
12276,Mn2B4W,False
12277,BeCu2Ge,False
12278,YbBa2MoO6,False
12280,NdO2,False
12282,TbCaPd2,False
12283,LiFe2O3,False
12285,CaZn,False
12286,K2AgAuCl6,True
12287,YbCr2Si2,False
12288,Ba2GaP4HO14,False
12289,BeCo2P,False
12290,USnPd,False
12291,LiTiMnF6,False
12292,U2Re2C3,False
12293,CeMnNi4,False
12294,H6CN2O3,False
12299,CuAg2O2,False
12300,Be2NbHg,False
12302,Na2BeRe,False
12305,Mg6TiGa,True
12307,Mg6GaMo,False
12308,In2Te3,False
12312,U2TiH3,False
12313,HfMg6Si,False
12314,Be2CrMo,False
12315,LiFeO3,False
12318,HoAlGa,False
12319,ZrScBe2,False
12320,CaCo2As2,False
12322,Be2IrW,False
12323,CrAu4,False
12324,Al2ZnS4,False
12325,Mg6NbGa,False
12326,BaMnP2O7,False
12327,AlNi6Ge,False
12329,W3O,False
12331,Mg6NbCu,False
12332,TaBeCd,False
12333,SiO2,False
12334,Ca2ScBe,False
12335,TiBeGa,False
12336,BeInCl2,False
12337,Ge4PbO9,False
12338,GeH4,False
12339,MnGa2S4,False
12342,TmCuSi,False
12343,SrZnSi,False
12344,MnBe2In,False
12345,BeHg2Ir,False
12349,BeZnSe2,False
12350,YSi2Ru2,False
12351,KCaBi,True
12355,Mg6ZrBi,False
12358,InTe,True
12359,NpSi,False
12360,Ce2Mg,False
12361,Li8FeO5F,False
12364,NdIr5,False
12365,Be2WSe,False
12366,PmHo3,False
12367,KBeIn2,False
12368,TiPbO3,False
12370,NaCeMg6,True
12372,CaGe2,False
12373,LiMg2,False
12374,Ba2Sc2O5,False
12375,YBeCd2,False
12376,BeZnPt2,False
12378,Be2GaSi,False
12379,Be2POs,False
12381,Er3P6Pd20,False
12383,BeGaCu2,False
12384,NaMg6Cr,False
12386,Ca2MgPd2,False
12387,Sb2MoSe,False
12388,Nd3CuGeSe7,False
12389,Be2SnPb,False
12390,Ce2Zn2Cu5,False
12391,BaO2,False
12394,Ce3InC,False
12396,Be2InTc,False
12397,Be2PbCl,False
12398,SrBeCd2,False
12399,SrBePb2,False
12401,Be2PbSe,False
12402,Mg6CrB,False
12403,SmP3H5NO10,False
12404,BeOsBr4,False
12407,LuAu4,False
12410,K2MgH4,False
12412,NaCaBe2,False
12413,Be2CuNi,False
12414,Na2BeGe2O6,False
12415,ScBeBi,False
12416,Mg6TiB,False
12417,BeTlCl2,False
12418,ThBiAu2,False
12420,BeCr2Cu,False
12422,K3NO3,False
12423,MgZn5,False
12424,SrY2S4,False
12425,YbPb,True
12426,HoSnAu,False
12429,CaZn,False
12431,BaSm2NiO5,False
12432,HfMg6Nb,False
12433,U5Ge4,False
12434,MgAl2Si2,False
12435,La2BeZn,False
12436,CaBe2Bi,False
12437,CaZn3,False
12438,Nb4CoPt3,False
12440,BeCr4W,False
12441,NdCu2Si2,False
12442,PmNdGa2,False
12443,HoAs,False
12444,Be2WCl,False
12445,DyIn5Co,False
12446,MnVCuO4,False
12447,MnBeMo,False
12448,BeGeSb,False
12449,Be2CdSe,False
12451,ScZnPt,False
12452,LiBe2Cr,False
12453,Sr2TiBe,False
12455,SrZrBe,False
12456,Mg6CuMo,False
12457,CeMg6W,False
12458,RbHfCu3Se4,False
12459,K2ScAuF6,True
12460,BeGaBr2,False
12461,SrP2Os2,False
12462,BeCu2P,False
12463,Fe2O3F,False
12464,Co3OF5,False
12467,NaMnBi,False
12468,BiAu2,False
12470,LaCuO2,False
12471,MgTaBe2,False
12472,ZrBeNb,False
12473,Be2PdBr,False
12474,Sm2Sb,False
12475,Ta3Sn,False
12476,YbCaPd2,False
12477,Nd3Au4,False
12478,BeMo2Ru,False
12479,MoW2S6,False
12481,SrMg2As2,False
12482,TbSn2,False
12483,EuI2,True
12484,HfBeCd2,False
12485,ZrBe2Te,False
12488,KBe2Br,False
12489,Be2CoSi,False
12490,ZrBe2Hg,False
12491,RbNbO3,False
12492,ScTlO2,False
12495,MnBeCu2,False
12496,LiFeF4,False
12497,BaIn,True
12498,BeCd2Ga,False
12499,LiCo3OF5,False
12500,BeBi2Ir,False
12501,AgBiTe3Pb,False
12502,ErNi5,False
12503,SnO2,False
12504,BeCo2Sb,False
12505,Hg3SO6,False
12507,ZrCr2,False
12508,K2BeW,False
12509,Zr2Cu,False
12510,Ba2CaV2CuF14,False
12511,BeSiPd,False
12512,PrNi2Sb2,False
12515,BeZnPd,False
12516,HoMgAg2,True
12517,Cr3SbP4O16,False
12518,HfFe2,False
12521,BeReBi2,False
12522,NaLaBe,False
12524,KCoF3,False
12525,Li3As,False
12527,Be2CoSi,False
12528,BeCrBi2,False
12530,Pb2IO2,False
12531,TaVH4,False
12532,AgPdF6,True
12534,In2Ag2GeS6,False
12536,SrCuSO,False
12538,BeSbPb2,False
12539,PmNdIn2,False
12540,CaMg2,False
12541,BaMg6Mo,False
12542,MnCrNi4Sn2,False
12544,YbBeF4,True
12546,CeErIn2,False
12547,HfTaB2,False
12550,CsK2Bi,True
12551,CrPbO3,False
12553,HfGeSe,False
12554,BeTcBi2,False
12555,ThCu2Si2,False
12557,BeReOs2,False
12558,Na3CoN6O12,False
12559,MgZn,False
12561,Er2Mg2Ru,False
12562,Dy3CuGeS7,False
12563,Be2GePt,False
12564,Hf2SN2,False
12565,ScBe2In,False
12566,Ac2O3,False
12567,SiSnPd5,False
12570,Mg6NiC,False
12571,Mg6CoMo,False
12573,Be2SbSe,False
12575,YBe2Ir,False
12576,Na3CrBAsO7,False
12577,BeCdBi2,False
12579,NaBeBr2,False
12580,K2MnP2S6,False
12581,Mg5Sn,False
12582,SrNiO3,False
12583,BaS3,False
12584,Be2Ag,False
12585,LaSi2Ni2,False
12586,NaBeV,False
12587,Tl4SiSe4,False
12588,Sr2MnWO6,False
12591,KUCrO6,False
12592,SnSb2Te4,False
12593,BaSb3,False
12595,CeMg6W,False
12597,CaZn,False
12598,Rb2MnO4,False
12599,SmAgO3,False
12600,BeCoBr2,False
12601,Be2MoSe,False
12603,Bi3ClO4,False
12604,DyPa3,False
12605,TaBeCl2,False
12607,Be2InRh,False
12608,Be2FeOs,False
12609,Be2CrCd,False
12610,LiV3O8,False
12611,KBeGe2,False
12612,Li4Mn3SbP4O16,False
12613,BeNb4Rh,False
12614,SmBRh3,False
12615,NaMn2O4,False
12616,MgBeFe2,False
12618,PdBr4N2,False
12619,InAgAu2,True
12620,LiCuPO4,False
12621,Ti3TeO8,False
12622,BeGe4Sb,False
12624,NbGaPb2O6,False
12625,BaLaCrMoO6,False
12626,Ca2BeTl,False
12627,FeAs2,False
12628,V3S4,False
12632,Ce2SeN2,False
12633,TiSnSb,False
12634,NaHF2,False
12635,Be2CrIn,False
12636,HoZrSb,False
12638,Rb2CuAsF6,True
12640,Be2PPd,False
12641,LaNi2Ge2,False
12642,FeSb2,False
12644,Ba2U2O7,False
12646,Mg6NbBi,False
12648,BeSbBr2,False
12649,AlCuO3,False
12650,LuTaO4,False
12651,Hf3N2,False
12652,LiCo2O4,False
12653,Be2NiRh,False
12654,TaBe2Hg,False
12656,CeTmIn2,False
12660,Mg2Zn,False
12661,LiMg6W,False
12662,ZrBe2Pd,False
12665,Cu2SeO4,False
12667,CaBe2Ir,False
12669,BPt2,False
12670,CrRh2Se4,False
12671,SnP,False
12672,YAgSe2,False
12674,LiFeS2,False
12675,Be2SiPd,False
12676,YbAlB4,False
12677,LaMg6Si,True
12678,BeZnCr2,False
12679,UAsP,False
12681,BeNbSb,False
12682,HfGe2,False
12683,SrZrO3,False
12684,NaMg6W,False
12685,ErMnO3,False
12688,KNa2Sb,True
12689,BeCo2Rh,False
12690,FeNi3P4O16,False
12691,NaVF3,False
12692,YbMg2Bi2,True
12693,MnCo3O8,False
12694,DyS,False
12697,HfMg6Cu,False
12698,LiMg2Pb,True
12699,SmFeO3,False
12701,Ba2CaMgAl2F14,True
12702,LaP3,False
12703,MgAl3,False
12704,SnPPt5,False
12706,Zr2Si,False
12707,Li2VO2F,False
12708,CaBe2Fe,False
12709,BaSi3Pd,False
12710,Mn2BeNi,False
12711,Be2Ni2Mo,False
12712,Be2TcGe,False
12713,LiCo2OF3,False
12715,SmMnO3,False
12716,SmSi2,False
12717,BeReCl2,False
12718,YP2Ru2,False
12720,SrMoO3,False
12722,Ca2TaBe,False
12724,NbO2,False
12725,Be2ReRu,False
12726,BeVRe,False
12727,KH3Se2O6,False
12728,MgBe2Os,False
12729,Fe4O5F3,False
12730,ThMn4Cu3O12,False
12731,Ho2Ni12P7,False
12732,SrBeHg2,True
12733,Na2NiH8S2O12,False
12734,SmTe,False
12735,H10C3NClO,False
12736,Be2CrBi,False
12737,TmCo2,False
12738,InAg3,False
12739,TlRh3,False
12741,Na2NiO2,False
12743,Be2PPd,False
12744,Mg6NbC,False
12745,K2PdS2,False
12747,Li9Co2O8,False
12749,Be2MoP,False
12750,CeTiGe,False
12753,Mg2Sn,False
12756,SrLi2Be,False
12757,BeCo2Ir,False
12758,LaZnO3,False
12759,LiMg2Ir,False
12760,Na2LiLuCl6,True
12761,Be2TlPt,False
12763,CeRu2,False
12764,LaMnBe2,False
12765,NaS,False
12766,UPt5,False
12767,CeMnSi2,False
12768,OsO2,False
12771,NaVO3,False
12772,Mg6TiSb,False
12774,Cu3P,False
12777,K2BePd,False
12778,Mg6VNi,False
12779,BeCuOs,False
12780,MgZn2,False
12783,SmSi3Os,False
12784,DyMn2Si2,False
12785,Ce2FeSe2O2,False
12787,CaMn2P2,False
12788,Na4CO4,False
12793,Ga2S3,False
12794,NdSiGe,False
12795,FeBiO3,False
12796,Rb2NiF4,True
12797,ScBeBr2,False
12798,BeIn2Sb,False
12799,La3AlN,False
12800,HfMg6Cu,False
12801,TlPH2O4,False
12802,LuSn2,False
12803,MgAl2O4,False
12804,MnCr2S4,False
12806,TaBeCu2,False
12807,BeSbMo,False
12808,LiZnAg2,True
12810,Zr2V6Sb9,False
12811,HgAs2O6,False
12814,TiCu2,False
12815,ZnTe6O13,False
12816,Mg6CrCd,False
12818,SrSnO3,False
12819,SrBe2Cu,False
12820,TaBeGa2,False
12821,PrB2Rh3,False
12823,K6NaAu2IO8,False
12824,LaAgO3,False
12826,NaMg6C,False
12827,Fe7S8,False
12829,RbMnF3,False
12830,Na2Li3FeO4,False
12831,MnNiGe,False
12835,NiH,False
12836,LiMg6Bi,False
12838,SmVO3,False
12839,HfBeBi2,False
12841,ThCr2Si2,False
12842,DySi3Ir,False
12843,PtO2,False
12844,Pr3Mg,False
12848,MnBe2Os,False
12849,Mg6NbGa,False
12850,YbMnO3,False
12851,NbBr5,False
12852,FeAs,False
12853,BeMo2Pt,False
12854,K2OsBr6,False
12855,VPbO3,False
12857,MgBe2Nb,False
12858,Li2AgGe,False
12859,Mn3O2F4,False
12860,BeGa2W,False
12862,Cr3NiP4O16,False
12864,BaSn3Au,False
12865,Ti3N2,False
12866,BeZnIr2,False
12867,HoCo2B2,False
12868,Sc4BeTc,False
12869,Mg2Zn,False
12870,CaV3O7,False
12871,SmCuPb,False
12873,CrS2,False
12874,Mg2Sn,False
12875,Li4FeO3F,False
12876,Be2SiW,False
12879,AcBr3,True
12880,Be2GeW,False
12881,CaMg6C,False
12884,MnGa2Se4,False
12885,BeCrSi,False
12886,BaHfP2O8,False
12887,K2Pd,False
12890,VFeSb,False
12892,Be2HgW,False
12893,Mg6NiBi,True
12895,Be2FeCo,False
12898,Rb2ScAgCl6,True
12901,PuH2,False
12902,Tb3KF12,False
12903,Mg3HgAu2,True
12905,SiO2,False
12907,BePdPb2,False
12908,HoNi5,False
12909,SrSi2,False
12911,CeGe3Rh,False
12912,TaBeP2,False
12913,TaBe2Cl,False
12914,LaCuO3,False
12915,YbNdMg2,True
12916,Mg2B2O5,False
12918,KBeCd2,True
12920,NdCdNi4,False
12921,Mo3WSe4S4,False
12923,La2BeOs,False
12924,UCoGe,False
12925,LaSi3Ru,False
12926,ErP,False
12927,Li4NO,False
12928,Hg4Pt,True
12929,BeGe2Se,False
12930,LuCl3O12,False
12931,Cr2CoSe4,False
12932,LiBeCd,False
12933,SrB6,False
12934,YbMn2Si2,False
12935,Ga2Ru,False
12936,Li2CuF4,False
12939,SrMg2As2,False
12940,MgBeBr2,False
12941,Li2Co3WO8,False
12942,CuO,False
12945,MnGa2Se4,False
12946,BeFeCu2,False
12947,Be2ReOs,False
12950,MnBe2Cd,False
12951,CdN2Cl2,False
12954,YSi,False
12956,CaMg6V,False
12957,YMg2,False
12958,CaMnSi,False
12959,SrCeN2,False
12963,Mg6TiNi,False
12964,PrBPd3,False
12965,CeSe2,False
12966,YBeCd2,False
12967,Na3PSe4,False
12968,BeCr2W,False
12969,Y2CI2,False
12970,Al4CoB2O10,False
12971,MnPbO3,False
12972,La3Zn,False
12974,SiRu,False
12975,PrN,False
12976,Ca2BeW,False
12977,ErMgTl2,True
12978,TaBePt2,False
12982,Be2SeCl,False
12983,HfMg6Nb,False
12984,LiBeFe2,False
12985,BeNbMo,False
12989,YbSnHg,True
12990,Tm2GaCu,False
12991,MoO2,False
12992,Hf2BeW,False
12995,BeBi4Sb,False
12996,SmInPt4,False
12998,Ga3SiNi4,False
12999,CaCoO3,False
13002,MnBeCr2,False
13003,SmMg2Sb2,False
13005,Be2NbGe,False
13006,Te4Mo3S2,False
13007,MgCuO3,False
13011,K3AuSe13,False
13015,MnNiP2O8,False
13019,LiLaTi2O6,False
13022,K6CoSe4,False
13023,Be2PtBr,False
13024,Pr3Sm,False
13025,MgSn,False
13026,Rh3Pb2Se2,False
13027,Nb2TlPS10,False
13028,MnSbRh2,False
13029,Na4MnO4,False
13030,CeSiPt,False
13031,TiNiO6,False
13033,ZnAgN,False
13034,Mg6SiMo,False
13035,BePCl2,False
13037,Mg3B2O6,False
13038,TiBeGe,False
13042,K2LiBe,False
13043,RbV3O8,False
13044,Nd2AlCo2,False
13045,ErTmHg2,True
13047,TiFeH,False
13049,Mn2BePt,False
13050,BeCoRu,False
13051,KCa3,False
13053,LiCaMg6,True
13054,LiMg6Cr,False
13055,Ba2MnZn2As2O2,False
13056,MnBe2Se,False
13057,Ca3AuN,False
13058,SrHClO,False
13059,BeCuTe,False
13060,Mg7V,True
13062,NdBr3,True
13064,KFe2Te2,False
13065,H5CSN2ClO4,False
13066,CeZn2,False
13067,Zr2CuH2,False
13068,Be2InTc,False
13069,BeIr2Se,False
13070,VIr3,False
13071,YBeCo2,False
13072,Mg6NbCd,True
13073,LiMgBe2,False
13074,Pu2O3,False
13075,CaBeBi2,False
13078,DyGa5Co,False
13079,Yb2AgSb,True
13082,Mg2B24C,False
13083,Rb6Te2O9,False
13084,SrMnSn,False
13085,Be2ZnSi,False
13086,TiB2,False
13087,KFe2S2,False
13088,ScBe2Cl,False
13090,KNaS2O7,False
13091,LiCu2O2,False
13092,Bi2TeO2,False
13093,KSrBe2,False
13094,FeSb2O4,False
13096,Hf2BeTc,False
13097,Ta2FeRu,False
13098,LuB2,False
13100,LiBeCu2,False
13101,LiTa2CuO6,False
13102,TbB2Rh3,False
13104,MnBe2Ir,False
13105,TeMoS,False
13106,Rb2CuSbCl6,True
13108,ZnIn2Se4,False
13110,Dy2AlCo2,False
13111,TmAlZn,False
13114,Li5VCr3O8,False
13116,PrNi2As2,False
13117,MgBe2Co,False
13118,VSb2,False
13120,Fe4O7F,False
13121,Mg2Ga2S5,False
13123,Be2GaFe,False
13124,NdAgSn,False
13125,Sr2ZrBe,False
13126,NaCa2Be,False
13127,RbVF3,False
13129,Ca2AgPd2,False
13130,BePSe,False
13131,Mg6CrSi,False
13132,YMg5,False
13134,YbCu4Pd,True
13135,Li2CdIn,False
13136,AgSbPbS3,False
13137,LiBiO3,False
13138,HfMg6W,False
13139,Sr4SeS3,False
13140,CO2,False
13141,Na2SrBe,False
13143,SrMnGe,False
13148,Mn2BeRh,False
13149,Hf2Mg,False
13151,MgBe2Bi,False
13152,FeRh2Se4,False
13154,BaMg6Sb,True
13155,Mg6TiCo,False
13157,Ti4Cu2O,False
13159,SmAsSe,False
13160,KH,False
13162,Be2SbCl,False
13164,SrV4O9,False
13167,Ca2ThSi8O20,False
13169,HfAu3,False
13170,Mg6TiNb,False
13171,Be2FeRu,False
13173,BeFe4Mo,False
13176,NpB2,False
13177,MnNbSi,False
13179,YbPt3,False
13182,MoS2,False
13183,Hf2N2O,False
13184,SmP,False
13185,CeB6,False
13186,LiMg6Cd,False
13187,K3MnO4,False
13188,BePBr2,False
13190,NaCa4B3O9,False
13192,SmBr3,True
13193,LiFe2Cl2O2,False
13194,Cr2CuO4,False
13195,Ba2NiN2,False
13196,Sn2S3,False
13197,BeSb2Te,False
13198,CeSi2,False
13199,LiInSi2O6,False
13200,Be2MoW,False
13201,Tb3CuSiSe7,False
13202,ThSi3Rh,False
13204,DyP2Ru2,False
13205,NpH16C4N8ClO6,False
13206,MgFeO3,False
13207,SmB2Ir3,False
13208,Rb2Se,True
13209,Rb2AlHgBr6,True
13210,WSe2,False
13211,HC2,False
13212,TbLaC4,False
13213,NaBe2Pd,False
13214,Ce3Ag4Sn4,False
13215,Dy6MnBi2,False
13216,Li2InAg,False
13218,NiNF3,False
13219,Be2OsCl,False
13220,Mg6SiNi,True
13221,HfB,False
13222,Tb2AlCo2,False
13223,VOF,False
13224,TbCu4Au,True
13227,SrCaI4,False
13229,KCdCl3,True
13230,YPt2,False
13231,V4Cu3S8,False
13232,AlO2,False
13233,HfBe2Ru,False
13234,Be2TePt,False
13235,MgMnGe,False
13236,NdNi2Ge2,False
13237,Na2TaBe,False
13238,Th2Al,False
13239,LiTl3,True
13241,YMgGa,False
13244,SbSBr,False
13245,NaBeCl2,False
13247,BeVOs2,False
13248,Yb3Sn,True
13249,Mg6CrW,False
13250,Be2CrW,False
13252,Be2PIr,False
13254,CrF5,False
13257,YMg2,False
13258,Ba3Sc4,False
13259,HgNCl,False
13261,ZnCu2SnTe4,False
13262,SnSe2O6,False
13263,ScN,False
13264,BeBi2Ru,False
13265,Mg6SiMo,False
13266,BeTlHg2,True
13268,Mg6GaW,False
13269,CaMg6Sn,True
13270,BeCuW,False
13271,Li2BeMo,False
13272,K2BePd,False
13273,CaClO,True
13274,TaSe2,False
13275,Er2Al3Ga,False
13278,CeAl2Ge2,False
13279,SiO2,False
13280,LiFe2F5,False
13281,TmCuGe,False
13282,KRbMnF6,True
13284,BeMoSe,False
13285,Hg3Pt,False
13286,YbFe2O4,False
13287,MnTlI3,False
13288,Be2CdFe,False
13289,Yb3Nd,True
13292,NaHO,False
13293,LaCoGe3,False
13294,CeMgNi4,False
13295,Sr2CdPt2,False
13297,CeMg6Co,False
13299,SrMnBi2,False
13300,Na2Be2Sn,False
13303,LiMg6Sb,True
13304,Al3Ru2,False
13305,UO,False
13306,Mg6CrSb,False
13308,Dy5Si4,False
13309,HoAgTe2,False
13310,Li2S,False
13311,Be2SbW,False
13313,RbTaO3,False
13314,Mg6VCu,True
13315,BaSn,True
13316,LiFeF4,False
13317,Ba2ZnO3,False
13318,BeVRh,False
13323,ThSe2O7,False
13324,GeO2,False
13326,NaBe2Ru,False
13329,Mn3CuN,False
13332,BeSnPb2,False
13333,Co2SiO4,False
13334,BeTcPt2,False
13337,BeSnPb2,False
13338,Be2TcPt,False
13339,Mn3OF5,False
13341,KBeGa4,True
13342,UGaCu,False
13343,Rb2AgMoI6,False
13344,ScRh3,False
13345,DyAlNi,False
13346,UNi2Ge2,False
13348,Li2HgBi,False
13349,Mg2Zn,False
13350,LiMgSb,False
13352,Mg6SbW,False
13353,LaRh2,False
13354,K2Te2Pd,False
13355,NaSrMg6,True
13356,LiGaSi2O6,False
13357,UOs2,False
13358,TiBe2V,False
13359,CrTe,False
13362,Mg6CoSb,False
13363,PrMg3,True
13365,NaNiO2,False
13366,TaH2,False
13367,Li3CuF4,False
13368,MnBe2P,False
13370,KO2F,False
13372,Yb3Ba,False
13374,Sr2Al7Ge,False
13375,YSi2Pd2,False
13376,NbGaNi2,False
13377,BeTlSb2,False
13378,Mg4BeTl,True
13379,Mn2OF3,False
13380,Tm2AlNi2,False
13381,NaFeN,False
13382,BaNb2Bi2O9,False
13383,Mg6CrMo,False
13384,YbSr,False
13385,NdTlZn,True
13389,Na2BePt,False
13391,ZrBe2Te,False
13392,Mg6VSb,False
13395,LaCo2As2,False
13396,BaFeO3,False
13397,NaMg2Be,True
13398,LiMg6Ga,True
13399,Rb2AgSbBr6,True
13400,Tl4PbI6,True
13401,H3NO4,False
13403,WN2,False
13405,MoRh3,False
13406,TmFe2O4,False
13407,VAs2,False
13408,Ca2BeMo,False
13409,Li2Ga,False
13410,UNi2Ge2,False
13411,GaSb,False
13413,Bi2Ru2O7,False
13414,LiAcO3,False
13416,Te2MoWSe2,False
13420,Sr2BeTl,False
13421,BeFeW,False
13422,U2IrC2,False
13423,K2BeSe,False
13424,Mg6BiW,False
13425,Ba2Sb,False
13426,BeSnBi2,False
13427,Be2CrSi,False
13428,CeGe2Rh2,False
13430,Ac2TlSn,False
13431,CeAlIr,False
13432,SiO2,False
13434,Mg6CrCd,True
13436,Li2SnPb,False
13438,Mg6SiC,False
13440,K2NaNbO2F4,False
13441,TiBeCo2,False
13442,Ca3CuIrO6,False
13443,Mg5Zn,False
13444,Mn2BePd,False
13445,SrZnSe2O6,False
13446,BeTlIn2,False
13448,TiBeSi,False
13449,CeSi2Rh2,False
13451,BaSrI4,False
13452,Co3SbO8,False
13453,LaBeCu2,False
13454,NdGa2,False
13456,Si3P3Rh,False
13458,MoWSe2S2,False
13459,HgSeO3,False
13460,CaHI,False
13461,Te6Mo3WS2,False
13463,K2BeTe,False
13464,CaCo2Si2,False
13466,Na2LiBiBr6,True
13467,Mg6VBi,False
13468,LiBe2Ga,False
13470,Ce3AlN,False
13472,PuB2Ir3,False
13473,TaBe2Re,False
13475,Mg6CuW,False
13476,ScBe2Cd,False
13477,BaGe3Rh,False
13478,Rb2Pd3S4,False
13479,InI,False
13481,NaCl7,False
13482,LiMg6C,False
13483,Ca2CO3F2,False
13485,H6C3N4O3,False
13486,TbSi3Rh,False
13488,YCuSi,False
13489,BeGe2Te,False
13490,TbCo2,False
13496,V3Te4,False
13497,LaCdO3,False
13498,Be2CrOs,False
13499,Li4UF8,False
13501,Pr2Bi,False
13502,ZnNi,False
13503,Ho5Si4,False
13504,Mg2Sn,False
13506,Li2SiO3,False
13507,LaAl2,False
13508,UNi2Ge2,False
13509,Zr3Si6Cu4,False
13511,Be2CuPd,False
13512,HfGeS,False
13513,SrFeO3,False
13515,Mg6CdGa,True
13516,Mg6SiW,False
13517,H3NO4,False
13518,Sc3Te4,False
13519,Fe2CoSi,False
13521,Ba2ErMoO6,False
13522,K2BeRh,False
13525,BaMg2As2,False
13526,SrMg2,False
13529,HfBeGa,False
13534,HfMg6V,False
13535,CN2,False
13536,CaTl,True
13537,MnBe2Ge,False
13539,YSnO3,False
13540,KNa2GaF6,True
13541,LiBe2Ru,False
13542,Li4TiTe3O12,False
13543,FeNiPt2,False
13544,K2YBe,False
13545,RbH4SNO4,False
13546,Ti2H,False
13547,Sr2RhO4,False
13548,Mg6AlSb,False
13551,CdCu2SnTe4,False
13552,Dy2O3,False
13553,Mg6CuMo,False
13556,Li3FeO4,False
13557,LiMg6Bi,True
13558,Al5Co2,False
13559,GeIr,False
13560,CuS2,False
13561,LiAl2Au,False
13563,K2BeSb,False
13564,YbAc2Mg,False
13565,RbMoO3,False
13566,Ti2NiP5,False
13567,BeGa2Tc,False
13571,Li3Co2Ge2O8,False
13573,LaAl2Zn2,False
13575,SrHI,False
13576,NiC2S2N2,False
13577,TaBeTl,False
13578,BeMo4W,False
13579,TiBeP4,False
13580,MnGe2,False
13581,La3AlC,False
13582,Te6Mo3WSe2,False
13584,Yb3Si5,False
13586,Be2VCl,False
13588,MnBe2Cl,False
13591,BeVSe2,False
13592,NbSb,False
13593,Li3B5H2O10,False
13594,RbTh2P3O12,False
13597,DyHo,False
13598,Be2MoOs,False
13599,SmCuO3,False
13601,Ba2LaUO6,False
13605,Zr2GaP3O12,False
13608,Li2FeF5,False
13609,Th2BiN2,False
13610,MgSn5,False
13611,SmZn2,False
13612,Li3Rh,False
13613,Mg6CdCo,False
13614,NaMg6V,True
13615,PrCl3,True
13617,K2BeSe,False
13618,TlF,False
13622,As2Pb3O8,False
13623,LiBeCo2,False
13624,CuBi2Se4O12,False
13625,Na2LiYBr6,False
13626,CeIr5,False
13628,Cu6GeWS8,False
13630,Fe2O3,False
13638,HfMg6W,False
13639,Tb2Nb2O7,False
13640,KSbS2,False
13642,Mg6VCo,False
13643,SrMg,False
13645,YbSi2,False
13647,TmTe2,False
13648,CaFe2P2,False
13649,USbPd2,False
13650,Ac3Dy,False
13653,BaMg2H8Os,False
13655,BeNbTl,False
13656,SmPd,False
13657,BeVRu,False
13659,YbMnSb2,False
13660,NaLiMg6,False
13661,Sm2BiO2,False
13664,SrMg2Bi2,True
13665,SrCr2As2,False
13666,SrCa3,False
13667,TeMoSe,False
13668,Dy2Si3,False
13669,NbFe2,False
13670,In2Rh3S2,False
13671,Cr3Te4,False
13673,Mg2Ni,False
13674,MgSiO3,False
13675,LiCa3,True
13676,HoB2Ru3,False
13677,Na2BePt,False
13678,BeGaCu,False
13680,Ba2ScTaO6,False
13681,ErCd3,True
13684,Mg6NbMo,False
13686,Mg6VNi,False
13688,SmO2,False
13690,CaNi5H,False
13691,SrIn4Ni,True
13692,BeTcSn2,False
13693,YCu2,False
13694,InAgO2,False
13696,Ta2Si,False
13697,Li2BeW,False
13698,TbLi4F8,False
13701,K4GeH4N2O3,False
13703,SrMg,False
13704,SnP3,False
13705,ScAgP2Se6,False
13707,Li2MgMn3O8,False
13708,MgSn2,False
13710,HoSb2,False
13711,KCa12Si4S2O26F,False
13713,Be2GeOs,False
13714,ScAgSe2,False
13715,TaBe2Cr,False
13716,NdPH5CO7,False
13719,TiOF,False
13720,NpSO,False
13721,SrLiAl3N4,False
13722,Sr2H6Ru,False
13723,NpNi2Ge2,False
13724,Tl2VF6,False
13725,SrGe2Pd2,False
13726,CaCeMg6,False
13727,ScB2Ir3,False
13728,K2AgBi,True
13729,Dy2InAg,False
13730,Rb3ClO,True
13731,MgHg5,False
13732,CrNi2,False
13734,MgZn2,False
13736,MnO2,False
13738,Te2AuCl,False
13740,BaZn2Si2,False
13742,SrH2Br2O,False
13743,Mg6CrSb,False
13745,Na2HfN2,False
13748,Er3Pb,False
13749,LiSc2Pd,False
13751,V2CdO6,False
13752,UPt5,False
13753,La6Ti2S8O5,False
13756,USi2Ru2,False
13758,NaLiMg6,True
13759,NaPO,False
13760,Fe4Bi2O9,False
13761,BaFe2Se4,False
13762,Er2Cr2C3,False
13763,PHSF2,False
13764,NaCrF6,False
13765,Mg6VW,False
13766,CeSi2Ag2,False
13767,Rb2NbCl6,False
13769,Th2Ag,False
13772,BeMo2W,False
13773,NbRu,False
13774,BaMg6Fe,True
13775,TbNi2,False
13776,ZnNiF6,False
13777,CeMg6Co,False
13778,GeP3,False
13779,Mg17Al12,False
13781,ZnGa3N3O,False
13782,Mg6SiW,False
13787,Mg7Si4H2O16,False
13788,Mg6CdB,True
13789,Pr2CuIr,False
13790,TiH2,False
13791,AlPb3,False
13792,Zr2Rh,False
13793,Ta5Sb4,False
13794,TaBe2,False
13795,CaCuSb,True
13796,LaGeOs,False
13797,NaNb3O8,False
13798,RbCo2Se2,False
13801,ZrP2O7,False
13802,Ho2SiSeO4,False
13803,LaAl3Pd2,False
13804,CaMg,False
13805,Ni6SbTe2,False
13806,Na2ZrN2,False
13809,HgCN2,False
13810,BaCu2As2,False
13811,TeO3,False
13816,Na2Si2O5,False
13817,SrMg2In2,True
13818,Mg6BiMo,False
13819,CoNiSe2,False
13821,ThAg2,False
13822,YCu2,False
13823,Mg6VCr,False
13824,Zr2H2Pd,False
13825,UGa3Ni,False
13826,CuH12N2Cl4O2,False
13829,PrCd,False
13831,LiMg6Si,False
13832,VAu4,False
13833,LiMg,False
13834,Li2FeF4,False
13835,KCN,False
13837,Li4NbFe5O12,False
13838,NbSe2,False
13839,SrCeHg2,True
13840,Li2Nb2Fe3O10,False
13842,HoSi2Pt2,False
13843,MgFeO3,False
13844,KMg6Sn,True
13846,Mg6FeBi,True
13849,Mg6CrSi,False
13852,TiNCl,False
13853,BaCoO3,False
13858,SrMgP3N5O2,False
13860,Pd3N2,False
13861,Na5Fe3F14,False
13862,BaLaCo2O5,False
13863,K2Zr,False
13865,LaF3,False
13866,CaHBr,False
13867,LuTe,False
13871,KC10,False
13872,SrGe3Ir,False
13873,ThSi3Ir,False
13875,H3ClO5,False
13877,Dy2In3Sn3,False
13880,V2CoSe4,False
13881,IrC2,False
13882,Ga3Sb,False
13883,LiVNiO4,False
13884,Li2CrSiO4,False
13886,Rb2SnH12N6,False
13888,GaFeCo2,False
13889,TbNi5,False
13890,CaPmMg2,True
13891,Be2CuBi,False
13892,AlNi3,False
13894,H2C2S3N2O6F6,False
13895,ZnS,False
13896,Ce2Mg,False
13897,Mg5Hg,True
13898,Ca5Sn2As6,False
13899,CrP2W,False
13900,RbAs2Rh2,False
13901,AlB2,False
13902,CaMg2,False
13903,Li6CoOF6,False
13904,TaO2,False
13905,MgURu2,False
13906,SrPuO4,False
13908,K2RbMoCl6,False
13910,NbSe2Br2,False
13911,CaAs2Ru2,False
13912,K2PdSe2,False
13913,Y2HgO4,False
13914,LiMg6Nb,False
13915,BaCuO3,False
13916,TiBe2,False
13917,ThSiNi,False
13919,LiH2NO3,False
13921,Ba2PdN2,False
13922,Li4FeN2,False
13923,Ta3Pt,False
13924,BaBr3,False
13925,Li2TlSb,False
13926,CoCO3,False
13927,Zr2Sn,False
13928,LiVS2,False
13929,Na2Bi5AuO11,False
13930,BeIn2Sb,False
13931,LaVO3,False
13932,LuCdPt2,False
13933,Mg2Zn,False
13935,Er2SiRh3,False
13936,Na3Bi,True
13939,LaCl3O3,False
13940,ErPS4,False
13941,YbAl2Ga2,False
13942,KNdTe2,False
13943,MnO2,False
13947,Pr2Ga5Cu3,True
13948,Ca3SnO,True
13950,HfFeO3,False
13951,Na6CoO4,False
13952,MnRePt,False
13953,BW,False
13954,NdCu4Ag,True
13955,ZnCdS2,False
13956,SmAu3,False
13957,Zr3Ta,False
13959,ScCl,False
13960,K3SbO3,False
13961,KPdF3,False
13962,K2BiMoPO8,False
13963,Be2CoP,False
13964,Rb2InSbBr6,True
13965,UCuSn,False
13967,CdPb2Cl2O2,False
13968,VCuO3,False
13969,V2O3F,False
13971,TaN,False
13972,NpSi2Ru2,False
13973,Pr2InPd2,False
13974,CeCd3,True
13975,FeF3,False
13976,Sr2InHg,True
13980,LiFeOF,False
13981,CeSi3Ir,False
13982,PuB2Ru3,False
13984,Zr5Sn,False
13985,Na4Li5B3O9,False
13986,Cr2Ni,False
13987,RbPH4O5,False
13989,BaGe3Ir,False
13990,Ca5MnSi9Pb9O33,False
13991,SmCo2P2,False
13992,Li3AlSiO5,False
13993,MgAs,False
13994,TaBe2Cl,False
13997,Cr2FeS4,False
13998,VPH5NO6,False
13999,NdSi3Rh,False
14001,NbCuTe2,False
14003,Nd2Ge5Rh3,False
14004,Te2Mo,False
14006,Mg2Cd,False
14010,NdN,False
14011,TbCdNi4,False
14013,ErPaO4,False
14014,MnCo3C,False
14015,MgNi2,False
14016,K2LiAlF6,False
14017,PrBr3,True
14018,MgHgPd2,False
14019,ThMgHg2,True
14020,ScF3,False
14021,TmH2,False
14022,TaTe5Pt,False
14024,Ba3Sm,False
14025,ZrSc2,False
14026,Rb2MgH4,False
14027,CrCoSi2,False
14028,Ho2ZnHg,True
14029,SrLiBO3,False
14031,Rb2NaPrF6,True
14032,SrGe3Pt,False
14036,Ho5Rh3,False
14037,FeB2W2,False
14038,AlSeBr3N,False
14039,NiTeO4,False
14040,Mg5Ti,False
14041,Mn3SnC,False
14042,Nb2Cr,False
14044,Ce2MgZn,False
14045,Ba3Ta2NiO9,False
14046,GaTe4Mo4Se4,False
14049,K3Cu8S6,False
14050,VO2F,False
14053,UTeN,False
14054,MgCdPd2,True
14055,USnAu2,False
14056,Mg3Os,False
14057,PrHo,False
14058,RbUO3,False
14059,MnNiSe2,False
14061,Er2Se3,False
14063,PrCdNi4,False
14064,Li5Mg,False
14065,NbNi2,False
14066,UGa5Rh,False
14067,Li2AgPb,False
14068,Sr3Li2,False
14069,HoSi2Cu2,False
14071,CaZnPb,True
14072,BaTeMo2O9,False
14073,Sr2Mg,False
14074,CeGe2Au2,False
14078,RbFeS2,False
14079,SiO2,False
14080,TiS,False
14081,K2ScTlCl6,True
14082,RbAsOF4,False
14084,LiMoN2,False
14085,NaCdPO4,False
14094,Ca3PN,False
14096,LaInPt4,False
14098,Ce2Co17,False
14099,KZrCuSe3,False
14100,Ca3SiBr2,False
14101,CrP2O7,False
14105,PdW,False
14107,Mg6NbSi,False
14108,CrP2H15N2O11,False
14109,PrSi2Au2,False
14110,MgCd2,False
14113,CrNiAs,False
14114,Na3CoF6,True
14115,TiB,False
14116,CoRh2Se4,False
14117,Ca4GaSi3,False
14119,DyErMn4,False
14120,Na2TeO3,False
14121,Sm2Se3O9,False
14122,TbCu5,False
14123,VH2,False
14124,Ta2Se,False
14125,Ba3Pm,False
14126,CoCl2,False
14127,Fe3PtN,False
14128,ThGeS,False
14129,BaHBr,False
14130,MgAu5,False
14131,Rb2AlInI6,True
14135,MgTi2P2O10,False
14137,SmSnAu,False
14138,ThS,False
14139,EuBrO,False
14141,YAgO3,False
14142,CoHO2,False
14144,DySe,False
14146,K2CuSbI6,True
14147,RbLi7Si2O8,False
14148,SrLiFeF6,False
14149,CuAgS,False
14150,BaSnF4,True
14152,Mg5Ti,False
14153,NdScSb,False
14154,NbC,False
14156,EuF3,True
14157,HgP2Se,False
14159,Rb2AgAsF6,True
14160,ZrNbCo4,False
14161,MgCo,False
14162,Na5P3H2O11,False
14163,NaPF3,False
14164,Fe4C,False
14166,Na3Ca,False
14167,NiTeSe,False
14168,AlBiO3,False
14169,UGa5Os,False
14170,ThSn2,False
14171,NbSbO4,False
14174,Ba3Li,False
14176,NbCrF6,False
14177,Mg2Sb,False
14178,Sr2InSbO6,False
14179,SrZrSi2O7,False
14181,LiPr2Rh,False
14182,VO2,False
14183,CaAlBO4,False
14185,Ho2BiO2,False
14186,Sm2Cr2C3,False
14187,KMnF3,False
14188,KIn2Ga2,True
14189,Nb2ZnO6,False
14190,ErAlZn,False
14191,ErSe2,False
14192,BaSrTl2,True
14193,K2DyCuCl6,True
14194,CeSi2Ir2,False
14195,Pu2W2C3,False
14196,Sr2ZnIn,True
14197,CaV2O5,False
14198,SrZrP2O8,False
14199,Li3Fe2Si2O8,False
14200,Tb2BiO2,False
14205,K2CuMoI6,False
14206,K3B12H12Br,False
14207,LiMnF4,False
14209,CuBS2,False
14211,KBr,True
14212,UCu2As2,False
14213,Bi2O3,False
14215,NdAs,False
14217,SrC2S2N2,False
14218,TlFeO3,False
14219,Li4Fe3CoO8,False
14221,CeCoGe3,False
14222,YSb,False
14223,MgAl2,False
14226,SrMg2,False
14227,FeP3H6O9,False
14228,LiPaO3,False
14229,SmAl2Si2,False
14230,KLiS,False
14231,NaHNO2,False
14232,Ni2SbTe,False
14233,LaPd5,False
14238,Mg2Sc,False
14240,VNi3,False
14241,Fe4OF7,False
14242,Ti3AgS6,False
14244,MnCoP,False
14245,BaLaMn2O6,False
14246,C2SO4F4,False
14247,TlFeS2,False
14248,NClO4,False
14249,NaVO3,False
14250,Mg2Sn,False
14251,SmNiO3,False
14252,KTeAu,True
14253,Nb3CrSe6,False
14254,ErHCl,False
14255,MnPbO3,False
14257,NaSbTe2,False
14258,K2InSbBr6,True
14260,RbMnO2,False
14261,AgHgPd2,False
14262,NbAlNi2,False
14263,YbBa3,False
14265,Er2InNi2,False
14266,K2YAgI6,True
14267,Li2LaTa2O7,False
14269,ReN2,False
14271,K2PrCuI6,True
14273,Ga2HgS4,False
14276,AlH4NF4,False
14277,MgAl2Cu,False
14279,MnAlO3,False
14281,KCrO2,False
14282,CuHgSI,False
14283,TbIn5Co,False
14284,ReOsRu,False
14286,LiUPH8O10,False
14287,USi3Ir,False
14288,CeBPt4,False
14289,CaZnSn,False
14290,BaAl2O4,False
14293,PdN2Cl2,False
14294,MgSe,False
14295,Na3AuF6,True
14296,Li7CuO4,False
14297,NdCo2P2,False
14298,Tb3Te,False
14300,Pr3AlN,False
14302,TlInF6,True
14303,Mn3SnN,False
14306,SnCCl3,False
14307,YCrO3,False
14309,CoCu2SnSe4,False
14311,CoH6Cl2,False
14312,NdNiC2,False
14313,LiH3CO3,False
14314,Ba3NiO4,False
14315,BaNaFe4As4,False
14317,Li3H6Rh,False
14318,KAuCl3,True
14319,KInBr3,False
14320,Ti2Cu3,False
14321,Li3Sm,False
14324,Mg2Sb,False
14325,TiGe2,False
14327,Ca2Mg,False
14328,KMnCl,False
14329,LiCuSbO4,False
14330,PrMnCoGe2,False
14333,YbZnPb,True
14334,Tl2Au,False
14335,YbGa4,False
14336,MgCrF6,False
14339,LaSc3B4O12,False
14341,HgAsPd5,False
14343,MnCo3,False
14344,UGa5Ru,False
14345,Mo3Pt,False
14346,YbSi2Ni2,False
14347,TeO2,False
14349,YAg,False
14350,Mn4N,False
14351,NaNdS2,False
14352,SnMo3,False
14353,Li2SbPt,False
14356,NdDyZn2,True
14357,NaZnAs,True
14358,SiH8C2NClO,False
14360,DyYFe4,False
14364,Al2ZnSe2S2,False
14365,BaCrO4,False
14366,NiIr3,False
14367,CoReO4,False
14368,Na2GaHgF6,True
14371,RbHSeO4,False
14374,Sr2Mg,False
14375,CeFe2P2,False
14376,K4CO4,False
14377,CrSbO4,False
14378,K2CuSbCl6,True
14379,MgZn2N2,False
14382,LuCuSn,False
14383,Er2S2O,False
14385,K2LaAuCl6,True
14386,Tb2InNi2,False
14388,RbTlF3,False
14390,Ni4O,False
14391,Co2Sn,False
14392,ZrAlNi2,False
14393,Ca2CdPd2,False
14394,LiAlSiH2O5,False
14397,Y3Co8Sn4,False
14398,Pr2GeRh3,False
14399,HfMoSe,False
14402,Mg5Sb,False
14403,Pr2Ga7Ni,False
14404,Pr2Os3,False
14408,Ba2ZnSi2O7,False
14409,Nd3Tm,False
14410,KHI2F12,True
14411,NbO2,False
14412,TaS2,False
14413,Sr2CuS2Cl2,False
14414,UPb2,False
14416,Ca2InPb,True
14418,Sr2Mg,False
14419,KDyS2,False
14420,MgS,True
14421,TiAlCo2,False
14422,Li3Y,False
14425,V3Fe,False
14427,Sr2TcO4,False
14428,MnCdF5,True
14429,Rb2CuSbI6,True
14430,BaZn2N2,False
14432,NaNdH2S2O9,False
14433,YCu2Ge2,False
14434,Rb2AlInF6,True
14435,ZrNbB2,False
14436,Li2GaRh,False
14437,SmTiGe,False
14438,KRb2InI6,True
14440,Al2O3,False
14441,Bi2O3,False
14442,LiFeSiO4,False
14444,NaCoPO4,False
14445,Tm2S2O,False
14446,Li2CuO2,False
14447,NdSi3Ru,False
14449,Zr4FeNi,False
14450,LaScGe,False
14451,Al2CoNi,False
14453,CaB2H8,False
14456,BiI3,True
14457,PmMg2,False
14459,Mg2Sb,False
14460,PrRh2,False
14461,TaV2,False
14462,Pm3Sm,False
14463,MgAlBO4,False
14464,TaTlO3,False
14465,SrPuO4,False
14466,HfCuGe,False
14468,HgO,False
14469,LiAc2Sn,False
14470,K2AlAuCl6,True
14471,Y2AgHg,False
14472,Rb2InCuF6,True
14473,PrIr2,False
14474,Rb2InSbF6,True
14475,MnO2,False
14477,VPd3,False
14478,TbRh2Pb,False
14480,RbSiBiS4,False
14481,BeRu3,False
14482,DyCuSn,False
14483,Cr3GaFe3As2,False
14484,Na2UO4,False
14485,La2CoO4,False
14486,Sm2O,False
14487,Tl2Rh3S2,False
14489,KMnF3,False
14490,Li7VO5F,False
14492,PrZnPO,False
14496,Ba2SrUO6,False
14497,Ce2Mg,False
14498,CrO3,False
14503,MnAl2Cu,False
14504,Na3SrB5O10,False
14505,NbVCN,False
14506,Tb3Dy,False
14511,SmSi3Rh,False
14513,MnGa2Se4,False
14514,Zr3Se4,False
14515,LuFe2B2,False
14516,Sr2Zn3Cd,True
14517,Sr5Mg,False
14519,EuPPt,False
14524,Ta2Si,False
14525,K2NdAgF6,True
14527,Y2B3C2,False
14529,K2RbNdBr6,True
14530,PuB2Os3,False
14531,Tl10Hg3Cl16,True
14532,FeB2W2,False
14533,LaCo9Si4,False
14536,SmBrO,False
14537,Y2MgHg,False
14538,CuO2,False
14539,DyHo3,False
14541,P3H11N4O9,False
14546,Na5Sn2,True
14547,Ba3PbO,False
14548,YbTe2,False
14549,CeUN2,False
14550,WO2,False
14551,KLaCu2O4,False
14552,Cr5S8,False
14555,CaCd3,True
14556,USeO6,False
14558,Zr2VCo3,False
14560,SmRhC2,False
14561,MnP2WO8,False
14563,BiRhO3,False
14564,TiS2,False
14566,Rb2TaAgBr6,False
14567,DyAl2Si2,False
14568,SrMg,False
14570,TbCoSi3,False
14571,Li2Ca2Ta3O10,False
14572,Rb2LiScCl6,False
14573,Li2AgSn,False
14574,YbLi3,False
14575,SmAg,False
14576,Mg2BO3F,False
14577,DyNi4Au,False
14579,Ba2CoF6,True
14580,NaSrP,False
14581,NbVO4,False
14583,FeAgO2,False
14585,RbZrCu3Se4,False
14586,NpCo2,False
14588,Mn2As,False
14590,Y2CdHg,False
14591,PbClF,False
14592,YRh2Pb,False
14594,Er2AlNi2,False
14596,Ca3Nd,False
14597,IrO2,False
14598,SrEr2O4,False
14600,Rb2PdSe2,False
14601,CeSi3Rh,False
14602,NbCrO4,False
14603,EuCo2SiGe,False
14604,K3SbTe3,False
14607,Zn2FeS3,False
14608,MnAl2Cr3,False
14610,LiMg2,False
14612,BePO4,False
14613,Rb2SbAuCl6,True
14615,MnSnRh2,False
14617,DyInIr,False
14621,Sc2Ti2O7,False
14622,CrO2,False
14623,LiCa2Pb,True
14624,ErCuPb,False
14625,NaV6O11,False
14626,NbIrS4,False
14627,FeN2Cl2,False
14628,RbCuCl3,False
14629,LiNbGeO5,False
14631,CeYNi4,False
14632,CaScO3,False
14633,ThGe2Au2,False
14635,TiIr3,False
14638,TlSb,False
14639,Ca3PCl3,False
14640,CaZrO3,False
14643,Y2ZnAu,False
14646,Sm2Si3Pt,False
14647,Dy5P12Ru19,False
14648,MoP,False
14650,Tm3In,False
14654,NaInS2,False
14656,Y2Si2O7,False
14658,NbSeN,False
14659,BeSO4,False
14660,Rb2SmAgCl6,True
14663,Li5Ti2Cu3O10,False
14664,AlNF4,False
14665,SmSiPt,False
14666,Zn2CuRh,True
14667,CeRu2,False
14668,Mg3Hg,False
14670,Ba2Nd2Ti2Cu2O11,False
14672,CuBr2N2,False
14673,Na3AlP3NO9,False
14675,CaNb2O6,False
14676,CrBrO,False
14678,ScCrC2,False
14679,CaCd2Au4,True
14682,CaPrRh2,False
14684,LaB2Pd2C,False
14685,Li2Mg,False
14686,Te4MoW,False
14687,Pr3BWO9,False
14689,Ni3P2O8,False
14690,KHfNi,False
14691,Y2ZnHg,False
14693,Li2Se,False
14694,LaB2Rh3,False
14695,ScPaO4,False
14699,SrLiP,False
14702,CaBi2,False
14703,K2SnBr6,False
14704,CdAg,False
14707,Th2Au,False
14709,Bi10Mo3O24,False
14710,YbMnGe,False
14711,LiEr2Au,False
14712,InAs,False
14713,TbSnPd2,False
14714,La2MgTiO6,False
14715,NaZnAs,False
14716,LiFe3O6,False
14722,BaNi2As2,False
14723,RbTh3F13,False
14724,Rb2NbCl6,False
14725,CeGaNi4,False
14726,Mn3O2F4,False
14728,EuGa4Au3,False
14729,SrMg5,False
14730,TmGeAu,False
14731,CaAg3,False
14732,NiPt3,False
14734,Ca4Fe9O17,False
14735,Ce2BiO2,False
14737,ErSi2Cu2,False
14738,TbGe2Ru2,False
14742,U2Mo,False
14743,RbP2Ir2,False
14744,Li2Mg,False
14745,Na2Cl,False
14746,YLuRu2,False
14747,Tm2InNi2,False
14751,PAuCl8,False
14752,Y2RuAu,False
14753,Ba3MgSi2O8,False
14755,Re2Cl5O4,False
14756,Eu2As2O5,False
14757,ScCo2,False
14758,NaPrS2,False
14759,K2ZnH4,False
14761,SrCo2Si2,False
14762,RbNa3Li12Si4O16,False
14763,SrAu2,True
14764,Rb2LiMoI6,False
14765,Sr2NiSe2Cl2O6,False
14766,LiLaO3,False
14767,CrBiO3,False
14768,Zr3Cu4Si2,False
14770,YAlFe,False
14772,CaPm3,False
14773,Li2Mn2SbO6,False
14774,SrCrRh2,False
14777,UGa5Pt,False
14778,As2Os,False
14779,WN,False
14783,NdCo2,False
14784,LiAg2Ge,False
14785,EuGe2Ru2,False
14786,SrIn2Hg2,True
14787,InP,False
14788,LaBrO,False
14791,Na2LiSmCl6,True
14792,ScCu4Sn,False
14793,Co6O5F7,False
14797,NbO2,False
14798,Te2W3Se2S2,False
14799,CeSi2Ru2,False
14800,Na6Fe2C4SO16,False
14805,LiMg,False
14806,Y3Er,False
14809,CrN2,False
14810,Rb2NaScBr6,True
14811,CaMn3O4,False
14812,CaNiGe,False
14813,TbCo2B2C,False
14814,Li5Cr2Co3O10,False
14815,PrFe2Si2,False
14817,Ti2Sn,False
14818,TlCoCl3,False
14819,GaBi3,False
14820,TaMn2B4,False
14821,H10C3IN,False
14822,CrFeCoSi,False
14823,NbP2,False
14825,Cr3Fe2Sb3O16,False
14826,LiPmGa2,False
14827,Hf6CoBi2,False
14829,ThSb2,False
14830,MnSi2Ni,False
14832,CePrHg2,False
14833,LiMnP2O7,False
14834,U2RhC2,False
14835,MgTi5,False
14836,RbF2,False
14838,ZrCo2,False
14839,FeOF,False
14841,CoReO4,False
14842,NdZr,False
14843,Y2Mn3Fe,False
14844,FeCuO2,False
14845,CaFe2As2,False
14846,Li3AsS3,False
14847,ZnHgTe2,False
14851,PtPbF6,False
14854,Na2PrO3,False
14855,VP2,False
14857,Mn2SiP4O14,False
14858,Ca2IrPtO6,False
14859,MnCl2O2,False
14861,PdCl2,False
14862,KEuPdO3,False
14863,Dy2Si3Ni,False
14865,NaNbO2F,False
14866,CeSe2,False
14867,Rb3RuF6,True
14868,TbGe5,False
14869,YbBiAu,False
14871,RbH,False
14873,Mg2Si,False
14875,LiAlSiH2O5,False
14876,Ag2S,False
14877,Ba4Pt,False
14878,ZrSiRu,False
14879,Lu3Cd,False
14880,Y5Bi3,False
14881,Nb2P3O12,False
14882,YbAlGa,True
14883,CaSi,False
14884,LiHoS2,False
14886,BaCd2Sb2,False
14887,LaB6,False
14888,PrTe,False
14890,TmFe2SiC,False
14891,YbZn3,True
14892,PaTi3,False
14893,CrIrO4,False
14895,LiMg2,False
14896,Ga3Hg,False
14897,TeW2S3,False
14898,TbK2AuCl6,True
14900,UAlAu,False
14902,Cr3Pt,False
14904,SiNi2P4O14,False
14905,YCd,False
14906,CaAlSi,False
14907,UGe3,False
14909,Tl2Ge2O7,False
14911,Y2Ni2Sn,False
14913,VCl2,False
14917,VO2,False
14918,TiSn6F16,False
14919,WSCl4,False
14920,BaLi2Ti6O14,False
14921,HgB6,False
14922,CoB2Mo2,False
14926,USiS,False
14927,Li3V4FeO12,False
14928,In3Pd,False
14929,NpF5,False
14930,Na2Cu3Si4O12,False
14932,TbLiIn2,False
14933,ScAl2,False
14935,Be3N2,False
14936,TiBr4,False
14937,ZnWF6,False
14938,CdBr2N2,False
14939,CeSe2,False
14940,Ga3Sn,False
14941,YbAlAg2,False
14943,LiHO,False
14944,LiMnF3,False
14945,VOF3,False
14946,Mo2SeS3,False
14947,MnNiSnPd,False
14948,V2CoS4,False
14951,BaAgBi,False
14953,CrAg3,False
14954,CrGaO4,False
14955,Rb2GaHgF6,True
14956,DyAlCo4,False
14957,Sr2FeWO6,False
14959,CdI2,False
14960,PrGaCo2,False
14961,K5CuSb2,True
14962,Mg3InAg4,True
14963,K2YAgBr6,True
14965,Na2SrAl4Si4O16,False
14966,Dy2Al3Fe,False
14967,TbMgAu,False
14968,NaFeO2,False
14969,CoSi2Se4,False
14972,Zr5Te4,False
14973,La2O3,False
14974,Na7AlH2C4O12F4,False
14975,Lu2TlIn,False
14976,ZnAs2,False
14977,Mg2TiO4,False
14978,Pr2CrSe4,False
14981,Li5Ti6FeO16,False
14982,NbCu3Se4,False
14983,Sr2TaAlO6,False
14984,Nb3I8,False
14985,SrUO4,False
14986,RbLiZnS2,False
14987,Ho2AlNi2,False
14989,Er2Ge2Ru,False
14991,Pr2SO2,False
14992,LiErS2,False
14993,PrCoP,False
14995,Zr2Ir,False
14997,Ca3As2,False
14999,DyLu3,False
15000,Rb2TaHgF6,False
15001,GaCu3,False
15002,RbSF5,True
15004,Fe3RhN,False
15005,Th2Pd,False
15007,LaFeO3,False
15009,USbTe,False
15010,YbCaAl4,False
15013,LiAg5F12,True
15017,VCrN2,False
15018,Mg5Ag,False
15020,Pr3S3N,False
15021,KMnP,False
15022,CdI2,False
15024,VAu2,False
15025,SbSeI,False
15026,Li2V3FeO8,False
15027,TiSiRh,False
15028,LaBPd3,False
15029,Lu2GaOs,False
15031,Na3AlSiTe4,False
15034,NdSi2Ru,False
15035,KHg3,False
15036,AgPPd5,False
15037,ZnMoF6,False
15038,YbZn2Sb2,True
15039,TiH2,False
15040,Mn8O13F3,False
15041,AlTlBr4,True
15042,Y2MgNi2,False
15043,PrDy3,False
15044,RbCuPdSe5,False
15045,SiC,False
15046,Li2CuSnO4,False
15047,Yb3Pb,False
15048,Rb2LiBiF6,True
15049,HoCdNi4,False
15050,ThSiSe,False
15051,Pr2NiGe3,False
15052,CeSe2,False
15054,CaCrF6,False
15055,K2CaN4O8,False
15056,PmSm3,False
15059,SrTcO3,False
15060,TaAu,False
15062,KPrTe2,False
15063,Li2Co3SnO8,False
15064,DyHoMn4,False
15065,K2PrCuCl6,True
15066,TiS2,False
15067,Na6Be8O11,False
15068,Cr2OF2,False
15069,DyThCN,False
15071,Al2ZnS4,False
15074,HfTa2N3,False
15075,NaTiS2,False
15076,GaSb,False
15077,Rb2TeSe4,False
15078,Mn2SnS4,False
15080,TbCu2Ge2,False
15081,TlBiSe2,False
15084,ErMgIn,True
15085,BaCuS2,False
15087,KAsOF4,False
15088,Cu3Rh,False
15089,Rb2TlGaI6,True
15090,InCN2,False
15092,CeVO3,False
15094,BaSi3Pt,False
15097,CaB3H3O7,False
15098,Y2MgCu2,False
15099,Eu2HgSb,False
15100,TaOs3,False
15101,NaH3C2O5,False
15102,Li6Br3N,False
15104,ZnIn3,False
15106,VGaO3,False
15108,MnHgS2,False
15109,La3Ho,False
15110,NaCo2O4,False
15111,SrAl2Ge2,False
15112,ZrTiCo4,False
15114,S7N6O8,False
15115,Mg5Hg,False
15121,ZrZnPd2,False
15122,DyMnFe,False
15123,NaErP4O12,False
15124,K2CuF4,False
15126,Pr5C2Cl9,False
15127,ErTlS2,False
15128,Dy2TlZn,False
15129,ErPt5,False
15130,Rb3TiF6,True
15131,LiP2WO8,False
15132,Eu2MgTl,False
15133,SrH16O10,False
15136,PmLuIn2,False
15137,Yb3Er,True
15139,Li2TiCrO4,False
15141,ErMnNi4,False
15143,LiFeF4,False
15145,GaFe3N,False
15146,CuO,False
15147,Na2MgH8S2O12,False
15148,TaCrO4,False
15149,CoCu2GeS4,False
15150,SiAg2P2,False
15151,Rb2PdBr6,True
15152,Eu2Co5Ge3,False
15153,LiBPt3,False
15156,NbOsPb,False
15157,ZrSc,False
15158,SrCa3,False
15159,Cd3Bi,True
15160,Mg3Cr,False
15161,Cr2HO4,False
15162,CaCu2Ge2,True
15164,Al2ZnS4,False
15165,Ac2MgTl,False
15166,Na2AlInF6,True
15168,SmBPd3,False
15171,CdHCl3,False
15172,Ho10Si17,False
15174,VCr2Te4,False
15175,NdTa2O6,False
15176,Ho2Cr2C3,False
15177,BaB2Rh2,False
15178,SrCl2O6,False
15179,Ag2S,False
15182,MnCd2Te3,False
15183,NbSi2,False
15184,BaFeO3,False
15185,Ba3SnO,False
15187,In3Pt2,False
15190,Li2Si2WO7,False
15191,CeSe2,False
15193,Rb2Te2Pt,False
15195,Ho2S3,False
15196,ErCl3,True
15198,MgIn2Se4,False
15199,Eu2CdGe,False
15200,CuNi,False
15201,LaAgPb,False
15204,HgPd5Se,False
15205,Cu3Ge,False
15206,TePb3,False
15207,LiCd2Ni,True
15208,BaH2O2,False
15209,ZrTiNi2H6,False
15210,ZrTiPb2O6,False
15212,MgSnO3,False
15213,LiVF3,False
15214,Rb2YHgBr6,True
15216,ErAgP2Se6,False
15217,Rb2TlBiF6,True
15218,LaMn2Ni3,False
15219,CaCuP2O7,False
15220,In2Ni3Se2,False
15221,GaFe2,False
15222,ErSi2Rh2,False
15223,Mg5Ag,True
15225,ThAlCo,False
15226,Zr3Cd,False
15227,LuZn2,True
15228,ThIr5,False
15229,Tl3VO4,False
15230,Y3Mn3Ga2Ge,False
15231,CeSi3Os,False
15232,NaUO4,False
15233,NbCrO4,False
15236,H3ClO5,False
15237,MnCoSn4,False
15239,In3Sb5O12,False
15244,NbPd,False
15246,Rb2LiNdCl6,True
15248,PmRh3,False
15249,TmAlCo4,False
15254,FeMo3As4,False
15255,Tl2Pd3S2,False
15256,Tb3La,False
15257,TaSiRu2,False
15258,MnPd2Au,False
15260,DySiNi4,False
15261,GaGe3,False
15262,Ba2UInO6,False
15263,ThSn3,False
15266,TbGa2,False
15267,WSe2,False
15268,AlTeCl7,False
15269,NaZnN,False
15271,U2PS,False
15272,SmAgGe,False
15274,CdCu2Se2,True
15278,CeSe2,False
15280,EuCl2,True
15281,ZnBiF6,True
15282,BaNi2P2,False
15283,CeAl8Cu4,False
15285,Sr2ScOsO6,False
15286,La2B4Rh5,False
15287,ScNi2,False
15288,LiMgSnAu,False
15289,Li5Mn3Cr2O10,False
15290,TmB2Rh3,False
15291,Li2BiS2,False
15292,BaLiP,False
15295,HS,False
15297,Ba3P4O13,False
15299,ZrInAu2,False
15300,MoSe2,False
15301,DyMn2,False
15302,TbAgAs2,False
15303,Rb2NaLuCl6,True
15304,HfNbB4,False
15307,ThSiAu,False
15308,PrTe,False
15309,Tm2TiO5,False
15310,LiFe2Cl2O2,False
15311,Co4H,False
15312,SmYCo2Ni2,False
15313,MnMoO4,False
15314,Li2TiTe3O12,False
15315,NaAc3,False
15318,Rb2TlHgBr6,True
15319,CuGeI3,False
15320,NbCrCo,False
15321,FeBr2,False
15322,RbPd2F5,False
15323,RbMnCl3,False
15324,K2LiTiF6,True
15325,LaGe3Ru,False
15326,Ca2Mg,False
15328,Ba2HoUO6,False
15329,MnTeO4,False
15330,YC2,False
15331,HoHg,False
15333,CeNi,False
15334,NbAlVC,False
15336,DyRh,False
15337,CaSi3Ir,False
15339,CoNiAs2,False
15340,Sm2HgPb,False
15341,ThZr2F12,False
15342,Yb3Dy,True
15343,Yb4SmS5,False
15344,LaAl2Ag3,False
15345,Eu2ZnGa,False
15346,Rb2HgRuF6,True
15348,TaGaCo2,False
15349,ZrGeS,False
15350,ErAgS2,False
15352,CuNiO2,False
15353,Be2CoSi,False
15354,Hf3Ag,False
15355,TiZnNi2,False
15356,Zr2TaN3,False
15358,MnI2,False
15359,SmIn5Rh,False
15360,YbAgS2,False
15361,SmErMn4,False
15362,YSi2Pd2,False
15363,Mn6O5F7,False
15364,CaNi5H,False
15368,KUO3,False
15369,ZnPd2,False
15370,NiAg2O2,False
15371,NbO2,False
15372,Ga3Te,True
15373,KPtN,False
15375,Ca2SiIr2,False
15376,USiAu,False
15377,LiCoO2,False
15378,Ca2Mg,False
15380,NbCoPb2O6,False
15381,NdCoSi3,False
15382,Mg9CuO10,False
15383,TaNi2,False
15384,Cr5NiAs3,False
15387,KPPbS4,False
15388,Fe3O2F4,False
15389,CrNi,False
15390,MnFeAs,False
15391,Sm2InPd2,False
15392,Nb6GePt,False
15393,RbSrCO3F,False
15394,Y2BiO2,False
15396,Y2GaAg,False
15397,NdCdHg2,True
15402,H4SO5,False
15403,ZnPb2F6,True
15404,Na3Ag,False
15405,NaAsH4O5,False
15406,YScO3,False
15407,DySe,False
15408,DyUN2,False
15409,DyBRh3,False
15411,PrSiGe,False
15413,AgAsO3,False
15414,Mn2CuNiSb2,False
15415,YThN2,False
15416,CdCl2,True
15417,TbBRh3,False
15418,K3RhF6,True
15421,Zr2Te3,False
15422,ZrMnO3,False
15424,Cr3Se4,False
15425,Rb3BiO3,False
15426,Ca2CdPt2,False
15427,CaCuO2,False
15429,LiSiBiO4,False
15430,TiO2,False
15431,CoNi,False
15433,CrRh,False
15434,Mg3Si2,False
15437,Fe3Cu,False
15438,MgCd,False
15439,NdMgAg,False
15440,Th3Ti,False
15442,HfB2O5,False
15443,UGa5Fe,False
15445,SrH4O3,False
15446,U2AsS,False
15449,Li2NbCo3O8,False
15450,CrAgO2,False
15451,Ce3PbC,False
15453,ErPd,False
15455,FeBiO3,False
15456,NaPm2Sn,False
15457,HgNCl3,False
15458,P3IrO9,False
15459,HoAgSn,False
15460,AuF3,True
15462,Ga2NiS4,False
15463,Rb3AsF6,True
15464,Sc2Se3,False
15465,Ho2NiRu,False
15466,Al2SiO5,False
15469,V2Ga5,False
15470,MgSc2Ir,False
15471,YbNbPb2O6,False
15472,NdMg,False
15475,MnCuNiSn,False
15477,CePaO4,False
15479,Rb3GaI6,True
15481,TbBa2TaO6,False
15482,DyY3,False
15483,Er2PdPt,False
15484,Pr3Ho,False
15488,CrFe3As2,False
15489,NaSnP,False
15490,Sr2FeClO3,False
15491,Yb2LiIn,True
15492,EuAu3,False
15494,Rb2InAsF6,True
15495,Ti2CuSb3,False
15496,CaMg5,False
15497,CrGa4,False
15499,SrH2,False
15501,BaMgP2O7,False
15502,CdFeO3,False
15503,ZrFeCo,False
15504,NaLaSe2,False
15506,Ga3Pt,False
15507,DyMn2SiGe,False
15508,Mn6GaGe,False
15509,LaCeAl2O6,False
15510,KAuS,False
15511,TiIN,False
15512,ScAu4,False
15513,ZrHBr,False
15514,Ti2SnC,False
15515,Ca3SiBr2,False
15516,LiMnF3,False
15517,PrAl3Cu,False
15518,Mn2OF2,False
15519,NiH6Cl2,False
15520,MnV,False
15523,CdHgS4,False
15524,ZrMo3,False
15525,Sm2In3Cu,False
15526,LiHo2In,False
15527,SrEuIn2,True
15528,Er2AgAu,False
15529,Ba2MgMoO6,False
15531,Na2GaAgF6,True
15532,BaFe2As2,False
15533,MnAgO3,False
15534,SnO2,False
15536,CeYAl4,False
15538,PrYMg4,False
15539,TiMnSb,False
15540,ErTmPd2,False
15541,LiCuO2,False
15542,CeMg5,False
15543,Co3Ni,False
15544,FePt3,False
15546,ZnTe,False
15547,LiMgSnPd,False
15549,ThGe,False
15550,TiAlFe2,False
15551,Cr2Te4O11,False
15552,MgCu3NiSe4,False
15555,SN,False
15556,MnCo2Sb,False
15559,Rb2NaLaCl6,True
15563,CdHg3Te4,True
15564,RbO,False
15565,Eu2SbAu,False
15567,ErAgSe2,False
15569,CeCo2Si2,False
15570,Co3P2O8,False
15571,CdPPd5,False
15572,LiLaAu2,False
15573,Rb2ScInI6,True
15574,BaSrCo2O6,False
15575,Co2Ge,False
15577,K2Mg2O3,False
15578,Ta2Tl4S11,False
15579,MgPb3,False
15580,ZnNi3N,False
15581,MgCdS2,True
15582,Eu2TlCd,False
15583,CoTeSe,False
15584,NdHoMg2,False
15585,Zn4Ni5Ge,True
15586,YbBr2,False
15587,CrB2Mo,False
15588,FeCoO4,False
15589,GaAgTe2,False
15591,Ac3Zr,False
15592,MgCd2,False
15594,Nd2Mn3FeGe4,False
15595,Ag2O,False
15596,TbMgTl,False
15597,TaSN,False
15598,AlNi3C,False
15600,TiCo2,False
15603,NdCoC2,False
15604,U3Al3CoRu2,False
15605,Eu2ZnRh,False
15608,HoSi2Ni2,False
15609,TbInAu,False
15610,Nb2B2Mo,False
15611,SrNi2As2,False
15612,SrTa2Mn,False
15613,V2N3,False
15614,CeSiBIr3,False
15615,Tl3FeCl5,False
15616,DyYIn2,False
15618,Li2VF4,False
15619,CaFe2As2,False
15621,NdGe2Au2,False
15623,HoSi2,False
15626,Zr3Pb,False
15627,Sc2NiPd,False
15628,Rb2ReF6,False
15629,BaGe3Pd,False
15630,Nb2PC,False
15633,ZnSiNi2,False
15634,CuBiSe2,False
15637,Y3Mn3Ga2Si,False
15638,Mg5MnSb4,False
15641,Nb6PtAu,False
15642,Co3Pt,False
15643,K2Mo2O7,False
15646,ThSi3Os,False
15647,KMgSb,False
15649,V3O5F,False
15650,Th3In,False
15651,Ba2In2O5,False
15653,SmZn2Ga2,True
15654,TiB2W,False
15659,CrIn2S4,False
15660,Hf3Hg,False
15661,AuCl,False
15662,K2LiInF6,True
15663,YUSb2,False
15664,Nd2CdCu2,False
15665,K2NaLaCl6,True
15666,HoThRu2,False
15667,K5Bi4,False
15668,RhF3,False
15669,CrIr,False
15670,Rb3AlI6,True
15671,LaCoSi2,False
15672,NbBr2O,False
15673,PrTh,False
15675,DyO2,False
15676,Ta2CrNO5,False
15678,Li2VO2F,False
15680,ErTmMg2,False
15681,TbTh,False
15683,ZrGa2,False
15685,UCoNiGe2,False
15686,CaNdAlO4,False
15687,TmCl3,True
15688,Na4CrO4,False
15689,XeF2,True
15690,MnCdS2,False
15691,LaSi2Pt2,False
15692,Ac2ZnHg,True
15693,SbOF3,False
15695,Li3Co4O8,False
15696,Ho3Er,False
15699,RbPaO3,False
15701,Tm2S3,False
15703,NbCo,False
15704,HoErHg2,True
15705,LiMnP,False
15706,Pr2Ni2Sn,False
15708,Sr3Ca,False
15709,NdCuGe,False
15710,LaAl3Cu,False
15711,LiNdZn2,True
15712,NpScRu2,False
15714,La2FeAs2RuO2,False
15715,TmTe,False
15717,Yb2TiCuO6,False
15718,V2SN2,False
15721,K2YHgBr6,True
15722,HgPd,False
15726,Er2Pt2O7,False
15727,K2TlAsI6,True
15729,Zn3FeS4,False
15730,DyRu3C,False
15732,TbRb3Cl6,True
15733,CeLuAl4,False
15735,Rb2NaGaCl6,True
15736,Ti2HC,False
15741,MnFe4,False
15742,Rb2InAsBr6,True
15743,Mn3Ni4Sb,False
15744,NaMgSb,True
15745,NdS2,False
15746,Eu2TlSn,False
15747,MgSbF6,False
15748,H4CN5Cl,False
15749,NaSm2Se3,False
15750,K2O,False
15751,VH4C2O6,False
15752,Nb6SiSn,False
15753,Rb2YCuI6,True
15755,YbGa4,True
15756,Er2ZnAg,False
15758,ThNCl,False
15759,FeBiO3,False
15760,VCu3Te2Se2,False
15762,K3Ge,True
15763,TiAl6Mo,False
15764,MgAu,True
15765,LiCd2Cu,True
15767,K2RbSbBr6,True
15768,Lu2CoIr,False
15769,DyPt2,False
15770,Na3AlCl6,True
15771,CaFeAsF,False
15772,FeAg3F6,False
15773,CN2,False
15774,TmGaAu,False
15775,K3Li,False
15776,HoRh2Pb,False
15777,AgPt3,False
15778,Li2VFeO4,False
15779,K2SbAu,True
15780,VBrO,False
15781,VNiO3,False
15784,LiCoC2O6,False
15788,Na2LuCuCl6,True
15789,Tl4Br3Cl,True
15790,TmInCo4,False
15793,UPSe,False
15794,Te2AuI,False
15796,Mn3Ga,False
15797,CeAl2Cu3,False
15798,Zn3P2,False
15799,CdGeAsP,False
15800,Rb3AuF6,True
15802,K2LiLaCl6,True
15804,KCu2GeS4,False
15805,LaSi3Os,False
15806,La2NiPt,False
15807,NdCo2Ge2,False
15809,NbNi6Mo,False
15811,MgNi,False
15812,CeAl3Pt,False
15813,Pa3Al,False
15814,CaFeF6,False
15815,VO2,False
15816,NaPr2Cl6,False
15817,ThBrN,False
15818,NdGe5,False
15819,ZrO2,False
15820,NaCd2Rh,True
15822,HfNi2Sn,False
15823,V2NiP,False
15824,CeMnCrSi2,False
15825,CdH2SeO4,False
15826,AlFeIr2,False
15828,CaBr2,False
15829,HoCuO2,False
15830,Ba2DyMoO6,False
15831,DyFe2O4,False
15832,FeSnRh2,False
15833,K3GaBr6,True
15834,NaO2,False
15835,Ni2SnP,False
15836,TbHo,False
15837,TiIn,False
15838,ThUC2,False
15839,YbInNi4,False
15841,NdSnAu,False
15843,Ac2CuRu,False
15844,Sr5Mn5O13,False
15845,KRbAu2,True
15846,NbSnRh,False
15847,NaSbS2,False
15848,NbRhO4,False
15849,Mn2AlCu3,False
15851,Ba2PrNbO6,False
15852,CaBiAu4,False
15855,Te2Mo2WSe2S2,False
15857,NaNpCO5,False
15858,Al2HgS4,False
15859,CrFeAs,False
15861,K2RbAlI6,True
15862,NdB2Rh3,False
15863,V6O11F,False
15864,PrNdIr2,False
15865,MnCuO3,False
15869,LiSm2Ga,False
15870,Tc3Rh,False
15871,Al3Ni2,False
15872,Tb3Hg,False
15874,ZnInRh2,False
15875,CeAs2Au,False
15876,NbRh2,False
15877,LaGe3Os,False
15878,AlFe2Ge,False
15880,Ti3ZnHg4,False
15882,LiVF4,False
15883,Nb3Cu,False
15885,LiGaO2,False
15886,ThIN,False
15887,SmCoP,False
15890,Be5Pd,False
15891,Cd5TeS4,True
15892,AgBO3,False
15893,Hf2RePd,False
15894,ZrTiN2,False
15895,Mg2IrAu,False
15896,Al3Ru2,False
15899,Ta3Ru,False
15900,LiCuS,False
15901,Lu2SnAu2,False
15902,Pd3I,False
15904,CeAlCu2Ni2,False
15905,MgIn,False
15906,KNaMg2F6,False
15907,KRb2RuF6,True
15908,UMnAl,False
15909,AlCoO3,False
15914,CaInI3,True
15915,Co2RhS4,False
15916,Tb3Li,False
15918,MnPt2,False
15919,Ba2ZnMoO6,False
15920,SrTl2,False
15921,PaInNi2,False
15922,BaAs2Ru2,False
15923,BaAgAs,False
15924,TaOF3,False
15925,MnZnSe2,False
15926,AuCl,False
15927,YbCd2As2,True
15928,AlGe3,False
15929,TlBiPbS3,False
15931,SrCrPd2,False
15933,TbAlNi4,False
15934,LiMnF3,False
15935,VTc,False
15937,Nb2NiO6,False
15938,LiUI6,False
15940,YbMn2Sb2,False
15943,Ho2CF2,False
15944,SiCl2O,False
15946,Na4SrCaSi2,False
15947,Cd4Te3Se,False
15948,K4HgAs2,True
15950,K2RbAsCl6,True
15951,Mg5Ag,False
15952,LiAg2Sn,False
15953,RbAs2Ir2,False
15955,LiTiO2,False
15956,SmI3,True
15957,NbGaOs2,False
15958,Tb3Zr,False
15959,U2TeSe,False
15960,NdPPd,False
15961,UC2,False
15962,ReSi,False
15964,CaSm2S3,False
15965,Mn3TeO8,False
15966,NaBiSe2,False
15968,GaHgO2,False
15970,Pm2GaCu,False
15972,Na2LiAsF6,True
15973,Li2Ti2Sb2O,False
15975,IrC2,False
15977,Te3Mo2Se,False
15978,SrLaMnO4,False
15979,LiCaSb,False
15981,LiDy2Pt,False
15982,Al2CO,False
15983,In3Ga,True
15984,Al3Sn,False
15985,Pm2MgGe,False
15987,ZrMnCu2Se4,False
15990,ErAu4,False
15991,HgPRh,False
15992,Rb2RhAuF6,True
15993,Ho2AgHg,False
15994,Zr3Si,False
15996,K2TlGaI6,True
15997,CdCoCu3Se4,False
15999,CdSnAu,False
16000,FeTe,False
16001,BaYBr5,False
16002,Al2ZnSe4,False
16003,K2YAuBr6,True
16004,TbSiOs2C,False
16006,TbGaAu2,False
16007,Sr2ZnP2,False
16008,Rb2TmAgCl6,True
16009,Y2Al3Si2,False
16010,LaHg3,True
16012,GaAgS2,False
16013,KI,True
16014,MgZrPt2,False
16015,K2PrAgCl6,True
16016,TbBaO3,False
16017,HfAlZn,False
16018,NaHO,False
16019,NbSiRu2,False
16020,SmPaO4,False
16021,CeSi2Ni2,False
16022,K2RbBiF6,True
16023,VSnRh2,False
16025,Mn3Os,False
16027,ZrNb,False
16028,TiCrS2,False
16029,Ba2InHg,True
16030,Ho2AgAu,False
16032,K2ErCuCl6,True
16033,SrCo2Ge2,False
16034,NiO2,False
16035,Nb3CuO8,False
16037,SrCeAlO4,False
16038,CaLaGaO4,False
16039,CaCuAs,False
16040,TbZr3,False
16041,MoPt,False
16043,KAs2Ir2,False
16044,KCuH3,False
16045,BaGe2,False
16046,AcMg3,False
16047,La2TlAg,False
16048,MnCrSi2,False
16050,PmHf,False
16051,CrFeAs4,False
16052,Rb2Pd,True
16054,CdHgSe2,True
16055,NbNi3,False
16056,TiBi2O4F2,False
16058,KBiS2,False
16059,Pm3Nd,False
16061,As2S,False
16062,BaPdO3,False
16063,TbHoHg2,True
16064,TlSnI3,True
16065,Ba2SrI6,False
16066,NdIn,False
16068,GeSb,False
16072,LiZnCu2,True
16074,SnH8N2Cl6,False
16075,Na2LiSbCl6,False
16077,LiTiPd2,False
16078,TlCu4S3,False
16079,RbTeAu,False
16080,LaMn2CdO6,False
16081,MnGaPd2,False
16082,KMg3,False
16084,K3Mg,False
16086,YbAlCu4,False
16087,Cr3O,False
16088,Li3AsF6,False
16089,Ho2ZnGa,False
16090,Ca2Ti6N2O11,False
16093,Dy2V2O7,False
16094,ScVFe,False
16095,RbI,True
16096,K2RbDyCl6,True
16097,CaEuH6Ru,False
16098,YbZn2Ga2,True
16100,Na3Li3N2,False
16102,LaSmS2,False
16103,Zr2Al3Ni,False
16104,K2HgAsBr6,True
16108,SnTe2Pd6,False
16110,Yb3Ba,True
16112,PmPrHg2,True
16113,CdInAsSe,False
16114,Cr3SbO8,False
16115,Al2ZnTe4,False
16116,MoW3Se6S2,False
16117,CdAg2SnSe4,False
16118,Ti2Si6Mo,False
16120,Dy2Fe3Ni,False
16121,Zr2Fe,False
16122,LiCoNiO4,False
16123,MgAlCu3Se4,False
16124,LaMnNi4,False
16126,AsNO2F6,False
16128,V2CoO6,False
16129,Lu3InC,False
16131,TbMg3,False
16132,CaMg3,False
16133,BaSrBiSbO6,False
16134,Ca2Mg,False
16136,Ag3Au,False
16138,HoGa3,True
16139,Ce2In3Sn3,False
16140,LiLuRh2,False
16142,Zr2Cu3Sb3,False
16143,SrZn2Ge2,True
16144,ScCo2Si2,False
16146,MgTa2N3,False
16148,Mo2AsP3,False
16149,K3GaCl6,True
16152,K5Sb4,False
16154,Pm2AgHg,False
16155,Mg6SiSn2,True
16156,TbBa2MoO6,False
16157,ZnGa2S4,False
16158,BaZnBi2,False
16159,Hf3Sc,False
16161,USbSe,False
16162,Rb2ErAuCl6,True
16163,K2NaTaI6,False
16164,SnTePbSe,False
16165,Zr2AlC,False
16169,Tb2PbS4,False
16170,KFeSeS,False
16171,LiSc2Ga,False
16172,HoPd2Pb,False
16173,RbAuS,False
16176,In3Pb,False
16177,Sc2CoPt,False
16179,Cd3FeS4,False
16180,Li2CuPO4,False
16181,CoPt,False
16182,Rb5Bi4,False
16183,K2YAuF6,True
16184,LaMnAlNi3,False
16185,PmDy3,False
16186,SbPbS2,False
16187,Ti2AlCr,False
16188,BaEuO3,False
16189,CrClO,False
16190,Sc2C,False
16191,SrSb2Pd2,False
16192,K3SbI6,True
16193,YbHo2Se4,False
16195,ZnCl2,False
16196,KU2P3O12,False
16197,GaH3O3,False
16200,Th3Hg,False
16201,SmSi2Ir2,False
16202,AgIO3,False
16205,DyCu5,False
16206,Tb2Co3Ni,False
16208,Er2MgTc,False
16209,Mg13Al14,False
16210,Te2MoW3Se6,False
16213,MgAg5,True
16214,CoB2W2,False
16215,YbZn2Si2,False
16216,KNa2AlF6,True
16217,CaCdO2,False
16218,Ba2SmTaO6,False
16219,K2LiSmCl6,True
16221,NiI2O6,False
16223,HoGePd,False
16224,SmEuS2,False
16227,BaIrO3,False
16228,CuBr,True
16230,Pm2AgOs,False
16231,GeAu3,False
16232,SmHO2,False
16233,NaSn3,False
16234,Mn2NiO3,False
16235,Al2CdTe4,False
16239,Li4MnFe3O8,False
16240,Yb2NiSb2,False
16245,ZrGa3,False
16246,MnAu3,False
16247,YSi2Rh2,False
16248,YAgSe2,False
16249,YPRu2C,False
16250,TiCr2Si6,False
16252,Rb2PtI6,True
16253,Ag3Ge,False
16254,Mg2Sc,False
16258,UC,False
16259,Na3Ga,False
16260,Dy2NiAs2,False
16261,BaSrI4,False
16263,Ba3La,False
16264,HoCoRu,False
16265,Mo3C2,False
16267,NbCoSn,False
16268,Ni3Se,False
16269,U2AsSe,False
16270,ThFe5,False
16271,Mn2O3F,False
16272,BiSbPd2,False
16274,Eu2TlIn,False
16275,AlWO4,False
16277,ZrTaCo4,False
16278,KSb2F7,False
16279,Na2EuCuCl6,True
16280,Hg2TeSe,False
16281,KYO3,False
16283,HoGaAu,False
16284,LiMg,False
16286,Li3GaF6,True
16287,YbSb2,False
16288,W2C,False
16289,Ga3Co4Ge,False
16290,CeAsS,False
16291,BaErO3,False
16292,RbAuCl3,True
16293,HoErMg2,False
16294,Ca4P2O,False
16295,Nd3Lu,False
16296,NaLuS2,False
16297,TeSe,False
16299,K2LiEuCl6,True
16300,Na3CuO3,False
16301,TiAlCo2,False
16302,Ce2SbTe,False
16303,Ti2RuRh,False
16304,V4Zn5,False
16305,Rb2AlCuF6,True
16306,TePb2S,False
16308,K2TlCuBr6,True
16309,K2RbBiI6,True
16310,Rb2PdCl6,False
16311,Sm3Cd,False
16312,ClF,True
16314,Pm3Ho,False
16315,PmYIr2,False
16316,LaFeGe,False
16317,V6GeOs,False
16318,Sr3Mn4O12,False
16319,ReRuCl2,False
16320,NaAg2Sn,True
16323,DyMnGa,False
16324,Na2LiTlCl6,True
16325,NdFeGe,False
16327,HfZr2UC4,False
16328,Ta3N,False
16329,Sr2PrNbO6,False
16330,AcHgTe2,False
16332,HoTmRu2,False
16333,CeTh,False
16334,ZrNbN2,False
16335,HoMn2Ge2,False
16336,InSn3,False
16337,Ca2GaAg,True
16338,HoCo4Cu,False
16339,Na2AgAuBr6,True
16341,BiPbIO2,False
16343,NbNi3,False
16344,SiPN3,False
16345,Cd2RhAu,True
16346,Be4FeGe,False
16348,MnF3,False
16349,LiH3Se2O6,False
16350,Pa3Hg,False
16353,ScOF,False
16354,Nb2CS,False
16355,BaP3Pt2,False
16357,SiIr2,False
16359,YbPtO3,False
16360,Sc2Co,False
16362,HfAl3,False
16364,LaSe,False
16365,Na3Zn,False
16366,MoPbO3,False
16367,Th2Si3Ru,False
16368,Yb3Ba,False
16373,Na2IrAuF6,False
16374,GaCuGeSe4,False
16375,Ce2UO6,False
16376,PrB3,False
16378,Li2CeGa,False
16379,KRb2WO3F3,False
16380,Pm3Tm,False
16381,Nb2CS2,False
16382,LiHoS2,False
16383,Ac3Zn,False
16384,VW2C3,False
16385,Nd2FeSb4,False
16387,CrAuS2,False
16388,ThUMn4Si4,False
16389,YZn5,False
16390,CeSi2Re4,False
16391,Pm2AlGa,False
16392,Li3AlF6,False
16393,Ba2CaN2,False
16394,La2FeSi3,False
16395,NaBr,True
16399,K2LiSbI6,True
16400,Li2FeO2,False
16401,Hf5ScSi4,False
16402,MgGe3,False
16403,Rb2AlHgF6,True
16404,LiFeAs,False
16405,ScBiPd,False
16406,K3PdF6,True
16407,YNiGe,False
16408,Pr2Mg,False
16409,LiCa2Ge,False
16410,TaVC2,False
16411,TcNi,False
16414,Yb3K,True
16415,HfNb4CN4,False
16416,ScAg4,False
16417,SrCd2P2,False
16421,Na2LuAgCl6,True
16424,Na2CuBiF6,True
16425,Ca2HgGe,True
16426,Cr4CuO12,False
16427,AlNi,False
16430,Tb2RuRh,False
16431,InGa3N4,False
16433,BaAlSn,False
16438,Li5CuF6,False
16440,VCrGeC,False
16441,K3TaCl6,False
16443,Sr2Fe2Se2OF2,False
16444,NpO2,False
16445,K2NaSbCl6,True
16446,Ce2ThO6,False
16448,CaHg11,True
16450,HfGaCo2,False
16452,TlCu2Se2,False
16453,InSb,False
16454,K2AgSbBr6,True
16456,ErSe,False
16457,ErP2Pd2,False
16458,SmDyO3,False
16459,K2NaTaCl6,False
16460,YbNa3,False
16464,NaU2Cl6,False
16465,LiDy2Tl,False
16467,Pr3In,False
16469,Pr2MgAl,False
16470,CaTi2S4,False
16472,NaScO2,False
16473,MgFeGe,False
16475,V2Cr3Sb3O16,False
16476,LuNi2B2C,False
16480,K2PdF4,True
16481,NdScGe,False
16482,KNa2RhF6,True
16483,MgCrCu3Se4,False
16484,K3LaCl6,True
16488,KCa3,False
16490,LaPrIr2,False
16491,Mn3ZnC,False
16492,Nd3Y,False
16493,ErNiBi,False
16495,Ba2TlSbO6,False
16496,CeThS2,False
16497,Rb3TlCl6,True
16502,RbBiO2,False
16503,HoMnIn,False
16504,BeAsRu2,False
16505,Cr4Cu3Se8,False
16506,BaMg2P2,False
16507,NdSi2Pd2,False
16508,K2PrAgF6,True
16509,Y4S3N2,False
16510,LuMg2Sc,False
16512,TbSmO3,False
16514,W2N3,False
16515,Ta4N3,False
16516,HoCo4Ni,False
16519,LiSbTe2,False
16521,Cr2Ir2C,False
16522,PrGa3Pt,False
16523,AcAlO3,False
16524,LiMnTe2,False
16525,UAlRh,False
16526,SrPAu,False
16527,LiNdSe2,False
16528,ErScB2O6,False
16531,SrEu3,False
16532,YbSmCd2,True
16533,Sr2PdPt,False
16534,MgBi3,False
16535,Li2Ti2FeO6,False
16536,Tm2MgNi2,False
16537,Rb2LiTaBr6,False
16538,TiInPd2,False
16539,BaInO3,False
16540,Na3InBr6,True
16541,Na3La,False
16543,Li2VO2F2,False
16544,Ca3Eu,False
16545,PrB2Ru3,False
16547,K2RbAuBr6,True
16548,CaMg,False
16549,Cr2AgS4,False
16550,Pr3Sc,False
16551,NaCrSe2,False
16552,YbLaTl2,True
16554,GaCuSe2,False
16555,PrEuHg2,True
16556,K2InAgCl6,True
16557,Er2In,False
16559,La2ZnHg,False
16560,HoBiTe3,False
16561,Rb2AlAuCl6,True
16562,K3CeI6,True
16563,Rb2AlTlCl6,True
16565,TbDyAl4,False
16567,V3NiO6,False
16568,NaNO3,False
16571,TbBr,True
16572,Tb2O3,False
16573,Sm2MgIn,False
16574,SrCaI4,True
16575,RbMnF3,False
16577,Pm2NiPt,False
16578,TaB2Mo3C2,False
16579,InAg2SbSe4,False
16580,In3GaN4,False
16581,Tb3Eu,False
16582,LiCoPO4,False
16583,MgNi,False
16584,NaFeAs,False
16586,Th2PNO,False
16587,YCo3B2,False
16590,Sr2LaNbO6,False
16591,PrIn2Ir,False
16592,GaNi3,False
16593,Tl3S,False
16594,LiZnAs,False
16595,UGeSe,False
16596,YbLi2In,False
16597,RbPrO2,False
16599,Sr2LiCd,True
16600,Rb3AuCl6,True
16601,PrEuZn2,True
16602,K2LiAsF6,True
16603,DyZnCuAs2,False
16604,Na3In,True
16605,BaCd3Ga,True
16606,AgCl,True
16607,Nb3Au,False
16609,SbSI,False
16610,Pd3W,False
16612,KBa3,True
16614,PmYRh2,False
16615,Rb2Mg,False
16617,Ba2TaMnO6,False
16619,Li2VCrO4,False
16622,K2InAsI6,True
16623,K2YAuCl6,False
16624,TiO2,False
16625,K3AuCl6,True
16628,Ta2ReW,False
16629,Yb4Mg4Fe3H22,False
16630,ErThRu2,False
16631,Cd3Ag,True
16632,K2RbAlF6,True
16633,Pm3Th,False
16636,AlFe3,False
16638,Al2Os,False
16639,Nd2InHg,False
16641,HfWC2,False
16642,SmErO3,False
16644,AlCu3HgSe4,False
16645,SrPb3S4,False
16647,TbSnAu,False
16648,Yb3Ca,False
16649,Mn3Sb,False
16650,CeSmZn2,False
16651,YbAgS2,False
16653,Rb3SbI6,True
16654,Rb2CuMoCl6,False
16655,CrS2,False
16656,CoSi4Ni,False
16658,K2RbTlBr6,True
16659,HfU3S3,False
16660,LiCe2Os,False
16661,DyCdAu,True
16662,K4BeAs2,False
16663,NdSm3,False
16664,Li2Cu3Ge,False
16666,Na2HgAsCl6,True
16667,PbF4,False
16668,MgInS3,False
16669,K2ScHgBr6,True
16671,ScCu,False
16672,TbCu2Ni3,False
16675,Fe3Si4Ir,False
16679,MgAg,False
16680,MgFeF6,False
16682,Rb2TlInBr6,True
16683,Tb3Pr,False
16684,Pu3Th,False
16685,K2NaTmCl6,True
16686,YbPr3,False
16687,AgI,False
16690,Rb2InGaI6,True
16691,MgPdF6,True
16692,AgN3O4,False
16693,UF3,False
16694,LiSiAg2,False
16695,PmNdHg2,True
16696,Ti2AlMo,False
16697,SrLaCuO4,False
16698,YbAc3,False
16700,AlZnCu2,True
16701,InCuTeSe,False
16702,In2Te3,False
16704,Li3Ho,False
16705,K2EuAuCl6,True
16708,Tb3Sc,False
16709,PmHoAl2,False
16710,Ce4Ni3Pt,False
16711,AlInSb2,False
16712,SrCaS2,False
16714,Th4AlGe,False
16715,U2AsN2,False
16719,ScSn,False
16721,K2LiRuF6,False
16722,Na2Mn3Te4,False
16723,BaAs2Pd2,False
16724,CeGaCu4,True
16725,AlNi3,False
16727,H3C3O,False
16728,CeCr2B6,False
16729,SrFe2As2,False
16731,Na2RuAuF6,False
16732,K2ScInBr6,True
16733,RbFe2Se3,False
16734,Na2TlAgF6,True
16735,SrSiNi,False
16736,Se2Cl2O5,False
16737,Rb2InAuCl6,True
16738,K2NaLuCl6,True
16739,CrFeS2,False
16740,Sm2IrAu,False
16741,RbOs2O6,False
16742,DyB3Mo,False
16745,YbHfO3,False
16747,NpSn3,False
16748,H7BrO3,False
16749,Hf2Si,False
16750,MgAu2,False
16751,BSbO3,False
16752,MnCoB,False
16753,Tl3As,False
16754,DyLuTl2,False
16755,TbMgTl2,True
16757,K2LiTaCl6,False
16762,NaCd2In,True
16763,Zr3Ga,False
16764,AcNdMg2,False
16765,LaMnFeGe2,False
16766,RbCaH6N3,False
16767,SrLaCo2O6,False
16769,ScTlS2,False
16770,Li3Eu,False
16772,SrCaSi4,False
16773,TlZn3,True
16774,TmAs,False
16775,HfZrCN,False
16777,K2ScHgI6,True
16779,AlSb,False
16780,LiY2Hg,False
16784,K2InGaBr6,True
16786,HCF,False
16787,Ac3Eu,False
16788,Rb2InAuBr6,True
16789,TaGe2,False
16790,TmFeCu,False
16791,SiSnN2,False
16792,PmZr,False
16793,Lu3PbC,False
16794,SmTl,False
16795,LaThPb6,False
16797,Rb2YHgI6,True
16798,SrRhO3,False
16799,K2VO2F3,False
16800,Ho2CuO4,False
16801,TbAg2,False
16802,K2PtCl4,True
16806,MnCu2GeTe4,False
16808,TiNF,False
16809,SmPa,False
16810,YbHoPd2,False
16812,Ta3B4W3,False
16813,BaGeAu3,False
16814,DyAg2,False
16815,DyErTl2,False
16816,AcScO3,False
16817,CeHgAu2,False
16818,CaSi2,False
16820,Pr3Zn,False
16821,LiCe2Al,False
16822,CrFe3Sb4,False
16823,InReGe,False
16824,Li2FeS2,False
16825,Li2GeAu,False
16826,Fe3Co3Ge2,False
16827,Ba2Mn2As2O,False
16828,SmPOs2C,False
16829,PrYO2,False
16832,ThAl2Ni3,False
16833,Ho2TlZn,False
16834,CrSi,False
16835,TlF,False
16837,K2CuMoBr6,False
16838,NdI2,True
16839,Rb2NaErCl6,True
16841,BaSr2N2,False
16842,Na2PrCuCl6,True
16843,TiCu2Sn,False
16844,SnPbSe2,False
16845,PmMg2Sc,False
16846,CaTiS2,False
16848,Na3IrF6,True
16849,Rb2LiPrCl6,True
16850,K2InHgCl6,True
16851,InPb,False
16852,U2Al3Ga,False
16853,TbRb2CuCl6,True
16854,MnCl2,False
16855,TbCr2Si2,False
16856,PmSmIn2,False
16859,LiTa2O6,False
16862,Li2CoCuO4,False
16865,TiH10C6O4,False
16866,Dy2PdPt,False
16867,CdAu,False
16869,CaBC,False
16870,YAl3Ni2,False
16871,Th2CN,False
16872,La2FeSn4,False
16873,FeSbRh2,False
16874,Ti2FeTc,False
16875,SrFeAsF,False
16876,CaNdCrO4,False
16878,PuPbO3,False
16879,NaHg3,False
16880,CoW3,False
16882,Sm3AlC,False
16883,K2MnSO4F3,False
16885,SrPd3,False
16887,CaFeSi2Rh,False
16888,Rb3SbF6,True
16890,Ba2FeN2,False
16892,AgSbTeSe,False
16893,LaMgCu,False
16894,NaBC,False
16895,ErNi2P2,False
16896,HfAl2Zn,False
16897,K2ErAgCl6,True
16899,U3Ge,False
16900,CaH2,False
16901,PrNdIn2,False
16902,InGaCuAgSe4,False
16905,CeIrPt,False
16906,Rb2GeF6,True
16907,Li3CrCo2O6,False
16908,SrNdAlO4,False
16909,Pr3Tm,False
16910,SrScO3,False
16915,Ho2SnAu2,False
16916,AuCl3,False
16917,SrCo2P2,False
16918,LiNi2Sb,False
16920,ErBPtRh2,False
16922,TmAgP2Se6,False
16923,TiB2Mo,False
16926,Pu3Ru,False
16928,K2NaGaCl6,True
16930,SmGa3Pd,False
16931,Co6O7F5,False
16932,Mg2NiRh,False
16933,CeRh2,False
16934,CaMg2Sb2,False
16935,TiH22C12O4,False
16937,H7C8SN,False
16938,Na3DyCl6,False
16939,TmAsO4,False
16940,Rb2NdCuCl6,True
16941,ScAg3,False
16942,HoFe2Si2,False
16943,KNbO3,False
16944,RbNiO2,False
16945,Ca2NCl,False
16946,SnO2,False
16949,CoSi,False
16950,BaHgPb,False
16951,NaCo2BiO6,False
16952,U2As3Se,False
16953,Li2MgZn,False
16954,ScNiSb,False
16955,K2InBiF6,True
16957,TbNiGe,False
16958,Ca3Mn2O7,False
16959,Cd2AgPt,True
16960,LiV3O6,False
16961,Sc2CoCu,False
16962,CuNiO2,False
16965,HfNi2,False
16966,HoCuGe,False
16967,CdSn,True
16968,LiAg3,False
16969,AlNi2As,False
16970,ZrTiB4,False
16971,CuSnPd2,False
16976,Be4AlFe,False
16977,Be2NiRu,False
16978,VAu3,False
16979,K2NaTlBr6,True
16980,ZnGaCo2,False
16981,CeCuSi2Pd,False
16982,MgCdTe2,False
16983,Rb2AgAsBr6,True
16984,TaB2,False
16986,Sm2ZnSb4,False
16987,MgSc,False
16988,TmTl3,True
16989,K2TlSbBr6,True
16990,SrPb2N2,False
16991,Rb3AuBr6,True
16992,LiLaSO,False
16994,TbBiPd,False
16995,CaRe2Si,False
16999,Ba2UCrO6,False
17001,K2TiCuF6,True
17002,Na2LiN,False
17003,SrSnP,False
17004,Sc2GaPd,False
17005,LuNpRu2,False
17006,Ta2O5,False
17007,ZrH6C5O4,False
17008,CoAgO2,False
17009,ThBi3,False
17010,CeHoZn2,False
17011,RbLiBr2,True
17012,Tb3SmNi4,False
17013,ErSi2Ru2,False
17014,H4C2SN2,False
17015,SrFeO2F,False
17016,ScAu3,False
17018,YRh2,False
17019,ZrScRu2,False
17020,YSb,False
17023,CdTe,False
17024,CrAgS2,False
17025,Hf4AlSi,False
17027,CdHgO2,False
17028,KIO3,False
17031,CaMnS2,False
17032,ErAgSn2,False
17033,ZrNiP,False
17034,HoCdIn,True
17035,Mn6O5F7,False
17036,AlCuPd2,False
17037,Ca2InHg,True
17039,CaAgN,False
17040,NpC,False
17043,DyP2Pd2,False
17044,Sc2CoRh,False
17045,NaZn3,False
17047,Li2GaSi,False
17048,MgCuPb,True
17050,Cu3RhN,False
17052,Sr2Zn5Si3,False
17053,Ce2SeF4,False
17054,Ti4O3,False
17055,Li3ScF6,False
17057,Ce3Cd,False
17058,Sr2UCrO6,False
17059,Sm2Ga3Cu,False
17060,Rb3LuCl6,True
17062,HoBO3,False
17063,H6C7N2O,False
17064,SrCeN2,False
17065,Nd2ZnIn,False
17066,LiO8,False
17069,NdMnSi2,False
17070,HoSi2Rh2,False
17071,Ni3C,False
17072,ZnH6C5O4,False
17073,ZrH8C6O4,False
17074,CaH2C3O4,False
17075,Cu3As,False
17078,HoBi3,False
17080,CrNi3Sb4,False
17081,Sr2TlZn,True
17082,UGeAu,False
17083,Te2AuCl,False
17084,Nb5Te4,False
17086,Rb2HgAsCl6,True
17087,Li8TiS6,False
17089,AlCu3,False
17090,K2NaIrF6,True
17091,FeCo2Se4,False
17092,CdPb3Se4,False
17093,UHgO3,False
17096,ZnCu2GeSe4,False
17097,YbLiTl2,True
17098,LiGa2Ir,False
17099,Er3S3OF,False
17102,CeH3,False
17103,TaZn3,False
17105,H2CO,False
17107,MgVRu2,False
17108,Pr2CdRh2,False
17109,CeB2Ru3,False
17110,H16PbC10O4,False
17111,LiZr2S4,False
17112,CaCeCd2,True
17113,TbK3Cl6,True
17114,NbN,False
17115,Tb2AlCu,False
17117,NiIr,False
17118,H10C18S3,False
17120,Ti3Te,False
17121,Rb2PuO4,False
17122,SmBiPd,False
17123,Pb2ClO2,False
17124,BiSbPt2,False
17125,SmCo2Ge2,False
17127,InGaAg2Se4,False
17128,NaH3SO5,False
17130,Er2TlIn,False
17131,K3Ca,True
17133,AlInAg2Se4,False
17134,Sn2Pd3Pt3,False
17135,ScTlF6,True
17137,CoNi3,False
17138,LiVO3,False
17140,CaPdF6,True
17141,BaNaTl2,True
17142,CeZrO4,False
17144,Y6FeBi2,False
17145,LaSi2Ir2,False
17150,ErNi5,False
17151,Tb3Ag,False
17153,CeAl2Si2,False
17155,AgBrO3,False
17158,YbPmCd2,True
17159,CaB2C6,False
17161,Mg3Tl,False
17162,SnSbO4,False
17163,LiCrS2,False
17165,TmAg2,False
17167,H3CNO2,False
17168,H6C10S,False
17169,MgReO4,False
17170,Sr3Sc,False
17172,SrTiMnBiO6,False
17173,CaReN2,False
17174,Mg5Sc,False
17176,BaSr2Ca,True
17177,SmTh,False
17178,TbAl2,False
17180,SrIr2,False
17181,K2PtS2,False
17183,Sm3Pu,False
17185,HfH2C3O4,False
17186,TiMo2W,False
17187,Dy2SbO2,False
17188,TiAlCu2,False
17189,K2AlAuBr6,True
17190,GeP,False
17191,Sr5ZnCd4,True
17193,NdRhC2,False
17194,Na2CeF6,True
17196,LaYMg6,True
17197,Nd2TlAg,False
17198,NClO3,False
17199,FeSb,False
17200,MnSiP2,False
17201,H4C3SO,False
17202,TaTiC2,False
17203,Na3YCl6,False
17204,TbAl3Cu2,False
17206,MnSbPt,False
17207,Li2FeCo3O8,False
17208,BaSb2Pd2,False
17209,YbBiRh2,False
17210,TbAl3,False
17211,LiCoN,False
17212,Rb3GaBr6,True
17213,K4NaCl5,False
17214,Rb2GaAuBr6,True
17215,AgSbS2,False
17216,La2CoSb4,False
17218,TbMnGa,False
17222,SrCd3,False
17224,ScTlSe2,False
17225,Mg5Pd,True
17226,Nd2CdAg,False
17227,BaLaFe2O6,False
17228,CeNd3,False
17230,ZnH8C6O4,False
17231,CaOsN2,False
17233,Ba3Er,False
17234,H6C9SO,False
17235,BeS,False
17236,TmFe2Si2,False
17237,BaTl2,True
17238,Nb3Al,False
17240,Li2MnCr2O6,False
17242,In3Co,False
17243,SmHg2,True
17245,Ti3S2,False
17248,SmAlCu4,False
17249,CdH10C7O4,False
17250,ZrSbRh,False
17252,Nd2TeO2,False
17253,RbSrCl3,True
17254,Sm2MgSi2,False
17255,Rb2WO2F4,False
17256,H2C3,False
17257,Ti2MoPd,False
17258,Tb3In,False
17259,HfTiSe4,False
17261,Rb2InAgBr6,True
17263,K3BiI6,True
17264,AcDy3,False
17266,RbPbF3,True
17269,Al3BC,False
17270,CaH10C7O4,False
17272,Sr2TaMnO6,False
17273,DyScZn2,False
17275,Rb2CuPdF6,True
17276,USb2,False
17277,HoBiRh,False
17278,NdMnAsO,False
17281,SrMgO3,False
17282,TaFe2,False
17283,TbBiRh,False
17285,Rb3EuF6,True
17286,NdTmIn2,False
17287,La2In3Sn3,False
17288,In3S,False
17289,Ta2FeS4,False
17290,GeAs,False
17291,BaGa2GeS6,False
17292,TaSnS2,False
17293,SnGeO3,False
17294,CdGeN2,False
17295,Ce2Mg,False
17296,BaPaO3,False
17298,MnGaO3,False
17299,DySnAu,False
17300,ScSi2Ni2,False
17301,BiO,False
17302,NbAl6Mo,False
17305,NdSi2Cu2,False
17306,AlCl3,False
17307,Tm2AlRu,False
17308,In2CuTe3Cl,False
17309,HoAgTe2,False
17310,Rb2PtS2,False
17311,YHoIr2,False
17312,TaP,False
17314,H8PbC6O4,False
17315,SmBeCu4,False
17316,LiFe2P2,False
17318,Sm2Tl,False
17319,Rb2TmAuCl6,True
17320,HfTiMo4,False
17321,K2RbScBr6,True
17322,MgCN2,False
17324,Co3ReB4,False
17325,CaYZn2,True
17326,AcCdAu2,True
17327,LiFeF4,False
17329,TbSi2Cu2,False
17332,HoGa5Co,False
17335,AlH16C10ClO4,False
17336,Ti3Cd,False
17337,SnPb4Se5,False
17338,H7BrO3,False
17341,Sr2PdN2,False
17342,SrLiSi,False
17343,Li2IrN2,False
17344,BaNa2Sn,True
17345,KNa2ScF6,True
17346,K3CeBr6,True
17347,TbYbPd2,False
17348,ScO2,False
17349,BeH2O2,False
17352,MgSc2Hg,False
17353,CeAgSn,False
17354,Bi4Te3S3,False
17356,TiMnAs,False
17357,H3C4O,False
17358,Sn2IF2,False
17359,LaNdCuO4,False
17360,Sc2CrN3,False
17361,CaAcTl2,True
17362,ZrNbCN,False
17365,LiHoO2,False
17366,La2ZnFeO6,False
17367,RbCeTe2,False
17368,PrSiOs2C,False
17369,CeCoSi3,False
17370,KMnO3,False
17372,SmDyNi2,False
17373,P2Pd,False
17374,ScSi2Cu2,False
17376,Sr2CdGa,True
17377,PmDyZn2,True
17378,Ba2CuHgO4,False
17379,SrZnF4,True
17380,TaTc2Ge,False
17382,YTmCd2,False
17383,HfSc,False
17384,PtSeS,False
17385,Cu3As,False
17388,Te2W,False
17389,MoPt2,False
17391,Hf2Ge,False
17392,K3BiCl6,True
17393,ZnCo3,False
17395,SmNi2B2C,False
17397,Th2Si3Os,False
17398,Rb2HgAuF6,True
17399,H5C7NO2,False
17402,SiTe2Os,False
17403,TiZn2Pd,False
17404,TmMgPd2,False
17405,HfH6C5O4,False
17406,Ba2LuMoO6,False
17407,Tb3NbO7,False
17408,AgF,True
17409,AcCeMg2,False
17410,Tb5Mg,False
17412,Te2W,False
17413,SrCu2As2,False
17414,Nd2MnFe3Ge4,False
17415,BaNaTiNbO6,False
17416,Ba4Pd,False
17417,Ti3Zn,False
17419,H7C6SN,False
17420,K2LiRhF6,True
17421,LaCuGe,False
17425,Ba2CoWO6,False
17427,YbPd,False
17429,TbSm3,False
17430,Hg2TeS,True
17431,AgBiPbS3,False
17433,H2C4S,False
17436,YIr2,False
17437,ZrMo2,False
17438,La3Zr,False
17440,LaCo5H4,False
17443,Eu3Mg,False
17444,SnBi,False
17445,SnPbN2,False
17446,K3ScCl6,True
17447,ZnCu2SiSe4,False
17448,Ca2AgRh,False
17451,Pu2SnHg,False
17452,PuIn,False
17453,ZnH8C6O4,False
17454,Ag8S,False
17455,Na2GaCuF6,True
17456,TmMgAg,False
17457,Cu3As,False
17459,BeCrFe2,False
17460,Al6C3N2,False
17462,CdH12C8O4,False
17463,BaMg2Sb2,False
17464,BaGa2SiSe6,False
17465,TiTc2Sn,False
17466,MnNiO2,False
17468,Ba2CaBiO6,False
17469,Pr4CoI5,False
17470,PaMn2Ga,False
17471,BaCd2As2,True
17472,Mg2PdN2,False
17474,LiIn2Rh,False
17475,FeO,False
17476,NdIr2,False
17477,LuS,False
17478,TmRh3,False
17479,Ce2ZnSb4,False
17480,H8C13O2,False
17483,BaCuSeF,True
17484,Nd3SbO7,False
17485,CrGeRu2,False
17487,ZnAgAs,False
17488,HC2S2NO,False
17490,NdCo2,False
17491,Li2FeO2F,False
17493,AcInAg2,True
17494,CdAg3,False
17495,K2LiTaBr6,False
17496,LaPr3,False
17497,H2C4S,False
17498,NaBi3I2O4,False
17500,Tl3Sn,True
17501,K5Sb4,False
17502,TiCrTc2,False
17503,GeTe2Pb,False
17505,Te2Mo3WSe6,False
17506,Ba2LuReO6,False
17508,HfZrRu2,False
17509,Ho2TeS2,False
17510,Li2CoN2,False
17511,HfTeSe,False
17512,Sn3Sb,False
17513,ZrInPd2,False
17517,DyPd3,False
17518,KCrF6,False
17519,NbGe2,False
17520,SmCr2Si2C,False
17522,Zr2TcOs,False
17523,H7C8SN,False
17524,K2TlAsF6,True
17525,Tl3Zn,False
17526,PrTl2InTe4,False
17527,La2Al3Sn,False
17531,Co3O2F4,False
17533,HfNbRu2,False
17534,Li5Ni5Sn2O12,False
17536,BaInGa,True
17539,SrInAu5,False
17540,Pb2SeS,False
17542,B6P,False
17543,H3C7NO,False
17545,Sc2CdGa,False
17546,H4C8SO2,False
17547,VCr3,False
17548,K2InGaCl6,True
17549,Rb2YAgF6,True
17550,FeSi4P4,False
17551,BaO,False
17552,Y2AlCd,False
17554,SbAu3,False
17555,VOF3,False
17556,CaCrN2,False
17557,HoNiGe,False
17558,ZrPbN2,False
17559,Zr2CS,False
17561,SbTePd2,False
17562,ZnPb3,True
17563,CoH2O2,False
17564,Ca2Ga7Ag,True
17566,Hg2IBr3,True
17567,Ba2IBrF2,True
17568,Si2Ir,False
17569,K2AlTlCl6,True
17570,Ho2GaAg,False
17571,NiI2,False
17573,CaMn3O4,False
17575,Dy3Bi,False
17579,ZnH10C7O4,False
17580,YbMn2BiSb,False
17581,Y2In3Pb3,False
17582,CaZn2P2,False
17584,YbCaHg2,True
17585,HfH6C5O4,False
17586,Pu2TeO2,False
17588,Al2CuMo,False
17589,Ba4IrO6,False
17590,KTlCo4Se4,False
17591,Tl3S,False
17593,Na2CaSi,False
17596,Te4As2I2O,False
17597,NaFeN,False
17599,Sc3GaC,False
17600,TbSi2Os2,False
17601,DySi2,False
17602,PuAs,False
17604,ZrScFe4,False
17607,K4CdAs2,True
17608,HfZrC2,False
17610,TiAu3,False
17611,Zr2TcRu,False
17612,Y2AlAg,False
17613,Zn2SeS,True
17614,SmB2Rh3,False
17616,Na2LiCeCl6,False
17617,ZrNbAl6,False
17618,Hf4AgPd,False
17619,CdH12C8O4,False
17620,K2NdCuI6,True
17621,Hf2CoOs,False
17622,SrCa2N2,False
17623,SiCN,False
17624,Nb3N5,False
17625,LiCuPO4,False
17626,Sc2CdAu,False
17627,Tb2CoGe2,False
17628,K2RbAsI6,True
17629,KErS2,False
17631,ZnH4C4O4,False
17632,Bi2TeSe2,False
17633,CdBi3,False
17634,MnHg2S3,False
17637,La2Al3Ge,False
17638,H6C10SO2,False
17639,TmLuCu2,False
17640,CeHo3,False
17641,SrAg2Sn2,True
17642,Nd2Si3Ni,False
17643,AlRh,False
17645,NiF2,True
17647,Ta2SnO7,False
17648,PuB,False
17649,H9C8N,False
17650,PdAu3,False
17651,YbEu3,False
17652,K2TiAgF6,True
17653,K2NaMoBr6,False
17654,CaTm2O4,False
17655,K2NaBiF6,True
17656,KSnAs,False
17657,KRb2InF6,True
17658,GeAsW,False
17659,K2NaMoO3F3,False
17662,YbSr3,False
17663,Sm2SbS,False
17665,ErBi3,False
17666,KRbCl2,True
17667,ZnSnAs2,False
17668,H6C7SN2,False
17669,H5C9S2NO,False
17670,LuB2Os3,False
17671,Tl3GaF6,True
17673,CrO2,False
17676,ZrAlCo2,False
17680,TePb3,False
17681,BaTiF6,True
17683,DyGe2Rh2,False
17686,Li3RhF6,False
17687,K2MnF4,True
17688,Li2CoNiO4,False
17690,HfZrFe4,False
17696,HCO,False
17697,CrMoF6,False
17698,H7BrO3,False
17699,BaFe2N2,False
17701,FeCo2Si,False
17702,TbAlPd,False
17704,SrIn3Hg,True
17705,TbBiPt,False
17706,Fe3NiP4,False
17707,Na4TeSe,True
17708,Li2MnF4,False
17709,GaCo3,False
17712,Mn3FeAs4,False
17713,Li2Mn2CrO6,False
17714,TaCl4,False
17715,YbGa2,False
17717,AgGe3,False
17718,ZnP2,False
17721,Pm3Ag,False
17722,TmSnAu,False
17723,Sr2MnGaO5F,False
17725,K2AgSbI6,True
17726,Ba2InCuO4,False
17727,Bi3Au,False
17728,InGaP2,False
17729,NaScTl2F6,True
17730,H10C13O,False
17732,ZnH10C7O4,False
17733,Al4Ni3Pt,False
17734,YbTmPd2,False
17735,Er2TlCd,True
17736,ZnCdTe2,True
17737,HfH3,False
17738,Te4MoW3Se2S2,False
17741,Na2ScCuF6,True
17742,H9C12NO,False
17745,ZrCoSn,False
17746,Zr3Sn4Sb2,False
17748,TiZnBi2O6,False
17749,CuSiBr,False
17751,ZrNbFe4,False
17752,K2NaYCl6,True
17753,Tb4MgIr,False
17754,Na2AgSb,True
17755,HoCu2Ge2,False
17756,ZrZnCo2,False
17757,BaSr2I6,False
17758,Ba3Na,False
17762,Si3P3Ir,False
17763,SmZnCuP2,False
17764,HfTiPb2O6,False
17765,Pm2ZnIn,False
17766,ZnIn2GeAs4,False
17767,Ba2Ge3,False
17768,BeCrO4,False
17772,MgPb,False
17773,ZnPbF6,True
17774,MnCdO2,False
17775,KSrI3,True
17776,Pr2Ni3P4,False
17777,TmSbRh2,False
17778,Mn4Te3Se,False
17780,Yb3Ce,False
17781,Sn3Au,False
17782,HfZrV4,False
17784,Ti2IrRu,False
17785,Sc3Te,False
17786,CuPb3,False
17787,LiCuAu2,False
17789,Hf3N4,False
17790,Na2InAgCl6,True
17791,Zr2Al3Zn,False
17792,ThSi2Cu2,False
17793,GaCuPd2,False
17794,GaAgTe2,False
17795,H5C2NO,False
17796,K2TaAgCl6,False
17798,CoO2,False
17799,Dy5Mg,False
17800,VO,False
17802,Al4Ge2W3,False
17803,YHoIn2,False
17804,K2InHgF6,True
17805,K2ScInF6,True
17808,HS7N,False
17809,Sr2FeCoO6,False
17810,Li3Au,False
17812,TmAg3,False
17813,H6C7N2O,False
17814,Cu2Se,False
17815,ZnNi4,False
17816,Dy5Mg,False
17818,Rb2LiCeCl6,True
17819,H4C5S,False
17821,ThSiRu2C,False
17822,Pm3Pr,False
17823,V2O3F3,False
17824,K2NaCeCl6,True
17825,MoWC2,False
17826,YbHoPt2,False
17827,YbEuCd2,True
17828,ZrSiRu2,False
17829,InSb,False
17830,PrAlCu4,False
17831,ErB2Ru3,False
17832,Ca2ZnIn,True
17833,ZnH10C7O4,False
17834,Rb2NaTlI6,True
17836,FeNiPt6,False
17838,MnBeRu2,False
17839,Ho3Th,False
17840,LiNbS2,False
17841,HfZrN2,False
17842,TmBi3,False
17844,KAuBr3,True
17845,AsPd4,False
17846,CeMnNi4,False
17847,MnPt3,False
17848,FePS3,False
17849,RuRh,False
17850,Sr2MgIn,True
17851,Li4Fe3CuO8,False
17852,BaFe2S4,False
17853,CeCu5,True
17854,SiRh,False
17855,UGaAu,False
17856,Sn2GeTe3,False
17857,RbMgF3,True
17858,HfH8C6O4,False
17859,BaYCo2O5,False
17861,Sr2HgGe,True
17862,VAg3F6,False
17863,K2RuAuF6,False
17865,ThSi2Ni2,False
17871,Yb2TlIn,True
17872,Sn3BiTe4,False
17873,GaPb3,False
17874,NaNO2,False
17875,K2HgAsI6,True
17876,Rb2TeI6,True
17877,KHg2,False
17878,Er2TcAg,False
17879,YbRb2LiCl6,True
17880,Zn2NiO3,False
17881,DyTmCu2,False
17882,Ce2Si3Ni,False
17883,LiPb3,False
17885,KRb2AsBr6,True
17886,PdPb4Au,False
17887,Zr3Ag,False
17889,K2RbYF6,True
17890,DyAs,False
17891,Na2AgRhF6,True
17894,LiCr2CoO6,False
17895,H9C13NO,False
17896,ZrC,False
17897,MoAs,False
17899,Zr2CN,False
17900,MnAlFe2,False
17902,PmSe2,False
17905,GaCuNi2,False
17907,V5Te4,False
17908,Sr4As2O,False
17909,KRb2InBr6,True
17910,HfNbC2,False
17911,FeCoSn4,False
17912,AlV6Ge,False
17913,Na2YCuCl6,False
17914,SrO,False
17915,ZnSnSb2,False
17916,Rb2HgSbCl6,True
17917,Eu2AgGe,False
17919,Rb2TlAgCl6,True
17920,HCF,False
17921,K2CdAu,True
17922,Er3Ga,False
17923,Sm2AsSe,False
17924,TlSbS2,False
17926,GaAgSnSe4,False
17928,In2Bi,False
17929,Li2MnO2,False
17930,LiEu3,False
17931,Te2Mo3WSe6,False
17932,H7C8,False
17933,Ni2P2Se3S3,False
17935,HfH8C6O4,False
17936,K2LiNdF6,True
17937,ZnH10C7O4,False
17938,VCu3Se2S2,False
17939,TbMg3,True
17940,Tm2ZnPd,False
17942,K2CeAgCl6,True
17943,Sb2S3,False
17944,SrLaPt2,False
17946,CdH14C9O4,False
17947,Ce2TeO2,False
17948,Ac2ZnAu,False
17950,H6C6SO,False
17951,MnSnF6,False
17953,PrSiRu2C,False
17954,Mn2InSbPd4,False
17955,K3AuO,True
17956,CuBr2,False
17957,K3HoCl6,True
17960,YZr4O9,False
17963,Rb2AgAuCl6,True
17964,FeNiP2S6,False
17965,KNa2TiF6,True
17967,MgB2,False
17969,Li3Sb,False
17970,HfMgPt2,False
17971,MnZnAu2,False
17972,HoRe2SiC,False
17974,PmS,False
17977,ErHfRu2,False
17979,YP,False
17980,ThSiOs2C,False
17982,Ni6SnSe2,False
17983,Mg2Sb3,False
17984,LiIn3,True
17985,Zr2HN2Cl2,False
17987,Rb2ScHgF6,True
17990,HoScAl2,False
17992,RbNaCd3O4,False
17993,HfZrOs2,False
17996,PdCl2,False
17997,K2TlAuCl6,True
17998,Al2Ni3,False
18000,CaMn2Sb2,False
18001,BW2,False
18003,PrDyC4,False
18005,Mg3WO6,False
18006,YAgSe2,False
18010,H4C7S2O,False
18011,Ni4GePt5,False
18012,Li2NiSnO4,False
18013,Yb2AgPd,True
18014,SrLi2In,False
18015,FeClO,False
18017,Na2CuPdF6,True
18020,NdPt2,False
18021,Fe3Ge2,False
18022,Rb2NbAuF6,False
18024,LiInTe2,False
18027,Sc3InC,False
18029,CeCo5,False
18030,In2SnPb,True
18032,Li6Mn5SbO12,False
18033,PmGePd2,False
18035,Rb2NiAs2,False
18036,Ac3La,False
18037,TaPbBr,False
18038,Te2W,False
18040,K3TlF6,True
18041,Yb2Mg,False
18043,La2GaAg,False
18044,InS2,False
18045,H3C6S2NO,False
18046,Rb2HgRhF6,True
18049,SrPmPt2,False
18050,PrCo4Si,False
18053,SnH24C13O4,False
18054,Nb2Pb2O7,False
18055,Ho2ZnAu,False
18056,HCF,False
18059,PrMnIn,False
18060,PrGaSi,False
18062,Li2SnIr,False
18063,ErMgRh2,False
18067,CsCu3O2,False
18068,Na6MnO4,False
18070,Na2LiTiF6,True
18071,HfTaRu2,False
18073,V6CoIr,False
18074,BaBiBrO2,False
18075,LiVF3,False
18077,BaNdMn2O6,False
18078,Ta2VIr,False
18079,Fe4Se3Br,False
18080,ZnCu2SnSe4,False
18081,Y2AlRu,False
18082,SrNi2Ge2,False
18083,YBiTe3,False
18085,ZnCdAg2,True
18086,GaGe3,False
18087,Zr2V3Fe,False
18088,K3Ba,False
18089,Rb2YAuBr6,True
18091,Lu6MnSb2,False
18093,Li4Cr5SbO12,False
18094,Yb2TlHg,True
18096,Na2CuSbF6,True
18097,TmAg,False
18099,OsPt4,False
18100,NaHCO3,False
18101,Te2MoW3Se4S2,False
18102,BaGe2Au2,False
18104,SmSi2Ru3,False
18105,CdH14C9O4,False
18107,KRb2AsF6,True
18108,Na2LiNdCl6,True
18109,Sb4S3N2,False
18110,NaCo3O6,False
18113,V6O7F5,False
18114,KThTi2O6,False
18115,VPt3,False
18116,LaCuNi4,False
18118,SrLa3,False
18119,PrMnNi4,False
18120,ZnCdO2,False
18121,InAgS2,False
18122,BaBiClO2,False
18125,Ce2O3,False
18126,BaLu2O4,False
18127,Na2AgAsF6,True
18129,HfInPt2,False
18131,K2HgSbI6,True
18133,Nd3Mg,False
18134,TaRhO4,False
18135,LaZnAgP2,False
18137,Cu3Ag,True
18138,CrO2,False
18139,PrHoAl4,False
18140,H2C2O,False
18141,VP,False
18142,YbUTe6,False
18143,ErPd2Pb,False
18144,ZnH6C5O4,False
18145,InPS4,False
18146,La3TlC,False
18147,TiGa,False
18148,CdH4C4O4,False
18149,Na2LiDyCl6,True
18151,TbK2AgCl6,True
18152,BaBi2O5,False
18154,Li4Ti3O8,False
18155,Zr2FeTc,False
18156,Ba2ZnHg,True
18157,Na2LiInF6,True
18159,SnH8C5O4,False
18160,VOs,False
18161,LiO8,False
18162,H9C5,False
18163,CrCu3HgSe4,False
18164,AlInN2,False
18165,ErNbO4,False
18167,HoLuCu2,False
18168,H4C5O2,False
18169,Ho2RuPt,False
18170,NdCuNi4,False
18171,CeB2Pd2C,False
18172,K2NaInCl6,True
18173,HC2SNO2,False
18176,K2InCuCl6,True
18177,B2S2O9,False
18178,BaCaI4,True
18179,H4C6S2O,False
18181,ErZrRu2,False
18182,Ba2UHgO6,False
18183,YbTm2Se4,False
18184,TaSiAs,False
18186,Rb2GaAuI6,True
18187,FeTc2Ge,False
18188,K2AgRuF6,True
18189,Pr3Si3Ni,False
18190,MgHg3,False
18191,Li2InBi,False
18193,Na2LiInCl6,True
18194,CaZn2As2,False
18198,Zr3S4,False
18199,Rb2SbCl6,False
18200,HoBr2,True
18201,NdHgAu2,False
18202,RuPt,False
18203,Nb6AlSi,False
18205,CrB2,False
18206,TmBRh3,False
18207,Rb2ScAuBr6,True
18208,K2RbErCl6,True
18210,Zr2TcNi,False
18212,YbZn2,True
18213,KBaLiZnF6,True
18214,HfFeF6,False
18216,NaMnN,False
18217,GaAgSe2,False
18218,ErPa3,False
18220,Sr2LaTaO6,False
18221,SrMn2As2,False
18222,Cr3Pt,False
18223,HC2SNO2,False
18224,MnNiTe2,False
18226,PmPrIr2,False
18228,Dy2Co2I,False
18231,EuGaAu2,False
18232,YCu5,False
18233,ZnH14C9O4,False
18235,RbCoO2,False
18236,CaAsAu,False
18237,Li2MnCoO4,False
18238,YTiGe,False
18239,Rb3SbF6,False
18240,TbErHg2,True
18241,Rb2PrAgI6,True
18243,Tb3Y,False
18245,Rb3YF6,True
18246,VCr,False
18247,PrAgSn,False
18248,Sr2CaN2,False
18249,DyH3,False
18250,Rb2ScInF6,True
18252,TeWS,False
18253,LiCo5O3F5,False
18256,Th2CuTc,False
18257,BaGa3Sn,True
18258,Mn6PtRh,False
18259,BaCa2I6,False
18260,CeTl,False
18261,Rb2TlAuF6,True
18263,H4C6S,False
18264,CrMoO4,False
18265,Nb3Pd,False
18267,Pm2CoRu,False
18268,Al3Sn,False
18269,Na2ScCuCl6,False
18270,Er3Mg,False
18271,CdH4C4O4,False
18272,VCl2O,False
18273,C3N4,False
18275,Y2Mg3Zn3,False
18276,HC3S2NO,False
18277,DyMgGa,True
18278,MgNbOs2,False
18280,ReW2Br,False
18281,LaAl2Pt3,False
18282,Li3Tl,False
18284,NbS3,False
18285,Pr2Tl3In3,True
18286,Y2USe3,False
18287,ErTmCd2,True
18289,H4C5,False
18290,InSb,False
18291,HfNbB4,False
18293,PrCo2P2,False
18294,NdTlPd,False
18295,NaSnS2,False
18297,CrFeSb4,False
18298,Li2V3SbO8,False
18299,Sr2CoN2,False
18300,K2RbRhF6,True
18301,YbSm3S4,False
18303,ErFe2Si2,False
18304,Rb2AgMoCl6,False
18306,CSN3,False
18308,Li3FeF6,False
18311,HfSiTe,False
18312,TlBiSe2,False
18314,TeRuPb,False
18315,MgCuBi,False
18316,ScHO2,False
18317,KRb2AuCl6,True
18318,AlZnCu3Se4,False
18319,HfTc2Mo,False
18320,CdH16C10O4,False
18321,TbGe2Rh2,False
18322,Ta2Se,False
18324,H8C8O,False
18325,Te2MoW3Se4S2,False
18326,Ba2DyUO6,False
18327,K4NaCl5,False
18328,DyCo2,False
18329,NaBeAs,False
18330,Pb2BrOF,False
18331,NiSe,False
18332,Nd2Ga7Pd,False
18333,HoErIr2,False
18334,FeRh,False
18335,PuBrO,False
18336,TbPm3,False
18337,Li2PrO3,False
18338,SnH10C6O4,False
18339,Li2TlHg,False
18340,UAl3Pd2,False
18341,Tl6S,True
18342,Pm2AlIn,False
18344,Ni2Mo,False
18345,ErLuZn2,True
18346,HC2SNO2,False
18347,PmSmAl2,False
18349,Fe2CuN2,False
18350,VCuP2S6,False
18353,AgPdAu2,False
18355,YbGaO3,False
18356,InSn2Te3,False
18357,TbErIr2,False
18359,Na2LiErCl6,True
18360,V6SiGe,False
18361,Mn3Re,False
18364,Al2CrB2Mo,False
18366,Ti2Co,False
18367,Zn2GaCuSe4,False
18369,MnO2,False
18371,Tb2NiAs2,False
18372,HfCr2,False
18373,FeCuTe2,False
18374,Hg2TeSe,True
18375,K4CdP2,True
18376,CeSi3Pt,False
18377,K2ScHgF6,True
18378,Hf2CuTc,False
18379,V3O5F,False
18381,Tm2C,False
18382,CoBi2O6,False
18383,Na3BiF6,True
18384,GeSb2Te4,False
18385,CaCl2O6,False
18386,KErTe2,False
18387,LiV2OF5,False
18388,Rb2NaYCl6,True
18390,PuAs3,False
18391,LiY2Tl,False
18392,Tb3Ce,False
18393,Pr2ZnAs4,False
18394,NdTe2,False
18395,Ac2MgGa,True
18396,MgZrN2,False
18398,H3C3N,False
18399,Rb2TlRhF6,True
18401,Mn3Ga,False
18402,CrB4Mo,False
18403,H4C3O2,False
18404,LiSnS2,False
18405,ZnCuAu2,False
18406,KSnSb,False
18407,EuSnRh2,False
18409,CaP2Rh2,False
18410,TbDyRh2,False
18413,Ho4Si3Ge,False
18416,Nb6GaGe,False
18417,HCSN,False
18422,SmZnCuAs2,False
18423,TiP,False
18424,H10C12S,False
18425,HgBr3,False
18426,MgS,False
18427,K2InGaI6,True
18429,LaHoTl2,False
18430,CrCN2,False
18431,VPt3,False
18432,ZnH14C9O4,False
18433,V3MoO6,False
18434,MnCuF6,False
18435,GaAg3,False
18436,Na2InHgBr6,True
18437,Rb2ErAgCl6,True
18439,NaCeO2,False
18440,Fe2SbTe3,False
18441,Te2W3Se4,False
18444,YZnCuP2,False
18446,V2ZnO6,False
18447,VSiGe,False
18448,AlCuO3,False
18449,TmAu,False
18450,ScGeRu,False
18451,ErFe2Ge2,False
18452,K2RbTaBr6,False
18453,ErAlO3,False
18455,TeMoWSe2S,False
18456,Ba3Ho,False
18458,Na2LiBiCl6,True
18460,Yb2ZnHg,True
18462,FeCoPt2,False
18464,TmPd2Pb,False
18465,K2CuF4,False
18466,NbVC2,False
18467,GaAgSe2,False
18469,NbN,False
18471,In2GaS4,False
18472,TiNb,False
18473,LaLuTl2,False
18474,NaNbS2,False
18475,Ge3Te2Se,False
18477,ZnH6C5O4,False
18478,Ba2SrN2,False
18480,Dy3Hg,False
18481,CeFeCo,False
18482,NdAl2Si2,False
18483,H2C4SO2,False
18486,ZrIr2,False
18487,Pu3Np,False
18489,YMgSe3,False
18490,U3Si2C2,False
18491,In2Bi,False
18492,NdFeCoSi2,False
18493,PrAl2Ni,False
18494,Rb2AgAuBr6,True
18495,AcPrMg2,False
18497,Rb2LiSmCl6,True
18498,VAg3HgO4,False
18499,Ba2Bi2O5,False
18500,KRb2AlF6,True
18501,Y2AsS,False
18502,TbAc3,False
18503,LiDy2Rh,False
18504,PrSn3,False
18505,Ca2TlSn,True
18507,SnH18C10O4,False
18508,CdH4C4O4,False
18510,LaNdMg2,False
18513,Ce3B2N4,False
18515,CdH16C10O4,False
18516,TbTmIn2,False
18519,TiSnIr,False
18520,Ca4Sb2O,False
18521,SmB2Ru3,False
18523,MnH,False
18525,TcSnSe,False
18526,Ba2SbAu,False
18527,HfNbN2,False
18530,TiTe,False
18531,NaBiS2,False
18532,Sc2TlZn,False
18533,ZrGeSe,False
18534,Cr2OF2,False
18535,YZrFe4,False
18536,H3C2NO,False
18537,Rb3Bi2,False
18539,Rb2WBr6,False
18540,Rb3AsBr6,True
18541,Rb2GaCuF6,True
18542,ThI2,False
18543,K3Sb2Au3,False
18545,Na2CuAuF6,True
18546,CoN,False
18547,TbHoIn2,False
18548,Ti3NbCu3O12,False
18549,Ga2CoNi,False
18550,Lu2CoCu,False
18551,H2C2S,False
18552,HfTaCN,False
18553,ThGeS,False
18554,LiSnN,False
18557,NaWCl2O2,False
18559,Er2CuTc,False
18560,V6CoNi,False
18561,Er2CuNi,False
18562,Rb3AuO,True
18564,AlV6Sn,False
18565,YMn2SiGe,False
18566,Np2SO2,False
18567,USi3,False
18568,K2RhF6,False
18569,CdAu,False
18570,MgNiO2,False
18571,Na3TlI6,True
18574,CrS2,False
18576,CeSi2Cu2,False
18577,NbPt4,False
18578,MnBr2,False
18579,KIn3,True
18580,LiTaF6,False
18581,Rb3BiCl6,True
18582,Ba4As2O,False
18586,Ti2FeRu,False
18590,Sm2SO2,False
18591,HC,False
18592,Ti3TlC,False
18594,Fe2Si,False
18595,Nb2AlB6,False
18596,Ba2CdN2,False
18598,SiGe,False
18599,K3Ca,False
18600,Rb2ScInBr6,True
18601,V6FeNi,False
18602,Ho2In3Cu,False
18604,BaCr4O8,False
18607,Ti2CuIr,False
18611,FeBiO3,False
18612,ZrGeTe,False
18613,Tl2GaCu3Se4,False
18614,TaNi3,False
18616,Rb2AgBiF6,True
18617,BaAg2GeS4,False
18618,InSn3,False
18619,YbPrSe3,False
18620,YbDyCd2,True
18621,K2Ag,False
18622,Cd2SnGeAs4,False
18624,CoHO2,False
18628,DyCl3,True
18630,TmMn2SiC,False
18631,K3Ba,True
18632,H12C14SN2,False
18634,CoPt3,False
18635,Tb3Mg,False
18636,LaPmMg2,False
18637,Li2VF4,False
18638,DyMgAu,False
18640,KTlCl3,True
18641,Rb2LiMoBr6,False
18642,K3Na,True
18643,Ce2InAu2,False
18644,ZnH8C6O4,False
18645,BaAu5,False
18646,H8C9S,False
18647,InAg2BiSe4,False
18649,TiCu2Sn,False
18650,LaCoO3,False
18651,Rb2NaDyCl6,True
18652,CaHF,True
18654,SmErIr2,False
18655,V6GaGe,False
18657,Bi2Te2Se,False
18658,UFeCo,False
18659,NaNd2Se3,False
18660,TiGaTc2,False
18661,Dy2CuAg3,False
18662,VO2,False
18663,Ge2TeSe,False
18664,YU2O6,False
18667,ScCoNiSn,False
18668,Sr2CuO3,False
18670,HfRu,False
18671,CaZn,False
18672,ThCu2P2,False
18674,Ho2MgNi2,False
18676,BaY2F8,False
18677,TlPb,False
18678,HoMg2,False
18680,TaWSe4,False
18681,Li3La,False
18683,In3Sn,True
18684,CaY2O4,False
18686,CdHg3,True
18687,TlNi2Se2,False
18690,ZnH18C11O4,False
18691,PrCuO2,False
18692,ScBC,False
18693,LiPmIn2,False
18694,CuCO3,False
18695,Rb3Br2Cl,True
18697,ScFe3,False
18698,LiVF6,False
18699,Li8BiO6,False
18700,Sr2HN,False
18701,TiMnIr2,False
18702,NaCoO2,False
18704,Rb2NaMoI6,False
18705,Mn3Fe3Ge2,False
18706,Hg2TeO3,False
18707,TiZnCu2,False
18708,K3AsF6,True
18709,Tl2FeCu3Te4,False
18710,H6C4S,False
18714,BiSb,False
18717,ErFeNi,False
18718,CuCl2,False
18719,LiV2CrO6,False
18720,YO2,False
18721,TiAl3Ge,False
18723,Ce2Si3,False
18724,CaNi2Ge2,False
18725,ThIn,False
18727,FeO2,False
18728,CdGa2S4,False
18729,ScPt,False
18731,YbF3,False
18732,TiO2,False
18734,Tm2TeS2,False
18736,ZrCu2P2,False
18738,Hf3Te2,False
18739,LaFeNi4,False
18740,MoPd,False
18741,YAgSe2,False
18742,H7C8NO,False
18743,Rb2NaNdI6,True
18744,SiSbOs2,False
18745,TiMoO4,False
18746,TiNbAlC,False
18748,CaSi2Cu2,False
18749,HoPu3,False
18750,SrP2Rh2,False
18751,AlAu4,False
18753,CaCo2P2,False
18754,Dy2In3Cu,False
18755,Si3NiP4,False
18756,H7C7NO,False
18757,ErSeI,False
18758,GaSb3,False
18760,KLiTe,True
18761,ErSiPd,False
18762,H5C6S2N,False
18763,LiAlZn2,True
18764,K2NaSbF6,True
18765,AgPd,False
18767,CaI2,True
18770,CaY2O4,False
18771,Sr2Mn3Bi2O2,False
18772,Nd2Fe2Si2C,False
18773,CdH6C5O4,False
18774,YFeNi4,False
18775,H11C5,False
18776,Li2InPb,False
18777,TbAs,False
18778,NaMnO2,False
18779,MoSeS,False
18780,Fe6O5F7,False
18782,Li2MnF4,False
18784,In3Ge,True
18785,SmPd2Pb,False
18786,LiMgIn2,False
18787,ZrSeO,False
18788,Mg2As,False
18790,V2FeTe4,False
18791,Nb6OsAu,False
18792,TiVN2,False
18794,ThCo2Ge2,False
18795,ScHg3,True
18796,BaLa3,False
18797,Th2CoSi3,False
18798,UTiFe,False
18799,SmCuO2,False
18801,TlSbF6,True
18802,V4O5F7,False
18803,LaB2Ir2C,False
18804,Sn3Te,False
18805,TbSb,False
18806,Fe2CoGe,False
18807,UPt2Au3,False
18808,TiInNi2,False
18809,Rb2TlAsCl6,True
18810,ErB2Rh2C,False
18811,SnH24C13O4,False
18814,Ti3In,False
18815,H6C7N2O,False
18816,CdH18C11O4,False
18819,Fe6O11F,False
18821,TmCu2O4,False
18824,YbSr2UO6,False
18826,ErSi,False
18827,UCuSi,False
18828,MnNi3O4,False
18829,RbCr2S4,False
18830,CrSi2,False
18832,NbCo2Sn,False
18833,LaThCN,False
18834,Dy2TlHg,False
18837,Ce2Si2NiPt,False
18838,Na2ScAgF6,True
18839,TbSbPd,False
18840,BaCu2As2,False
18841,YAgGe,False
18843,AlRh3,False
18844,PtRh,False
18845,Sr3Er,True
18847,H3C7NO,False
18848,LaCoO3,False
18849,MoPd2Rh,False
18850,V4Os,False
18851,MgBr2,True
18853,Rb3Sb2Au3,False
18854,RbTlF3,True
18855,TaNbMo,False
18857,Tl3Ag,False
18858,TiNbN2,False
18859,RbInCl3,True
18860,Ba2As,False
18862,Er2SbO2,False
18863,Zn3PBr3,True
18865,Sb2Te2Se,False
18867,TiAlPd2,False
18869,Rb2LiTlBr6,True
18871,LaNdTl2,False
18872,Ba3Nd,False
18873,NdOF,True
18875,WO2F2,False
18876,NbGaCo2,False
18877,La2CoSi3,False
18878,KPrO2,False
18880,SO4,False
18882,Sr2CuPt,False
18883,CaHoCd2,True
18884,Y2ZnAg,False
18885,USeO,False
18886,BeAu,False
18887,Mn4Hg3Au,False
18888,CdH6C5O4,False
18889,Hf2Ni7,False
18891,BaB6,False
18892,TaCu3Te4,False
18894,ErTmRu2,False
18896,Yb3Ge5,False
18897,NbB2,False
18898,K2ScAgBr6,True
18900,UCuNiGe2,False
18902,H7C3N,False
18903,Sr2MgMoO6,False
18904,AlV2,False
18906,CdAg,False
18907,Ti2VTe4,False
18909,LiRuN2,False
18910,YbZnO3,False
18911,U2MnAl3,False
18912,DySi2Ni,False
18913,ThI4,False
18914,LiHg3,True
18918,ZnH18C11O4,False
18919,H6C6SO,False
18920,YbZn2P2,False
18921,Li2FeCoO4,False
18922,SnO2,False
18923,CrH3,False
18924,Rb3YBr6,True
18925,KHgAs,True
18926,Ag3Sb,False
18927,Mn4Sb3As,False
18929,PdAu,False
18931,VN,False
18933,Sr2ZnN2,False
18934,H5C8NO2,False
18935,AgSe,False
18936,FeO2,False
18937,SmSi2Ni2,False
18938,CaCd2Sb2,True
18939,CoSnF6,False
18941,V6GaSn,False
18942,TiBi2O6,False
18944,H6C5SN2,False
18945,KBaFe4As4,False
18946,SrFeO2,False
18947,Li3Tm,False
18948,Li4VO4F,False
18949,SnH10C6O4,False
18950,Ti3Cu4,False
18951,SrPtO3,False
18952,Na6MgO4,False
18953,MgAlAu2,False
18954,Na5SnAs3,False
18956,TiCrP2,False
18957,FeAgS2,False
18958,Ce3Mg2Rh4,False
18960,Ce2MgIn,False
18961,U3H2O10,False
18962,LiLaTl2,False
18963,K2HgBiCl6,True
18964,ZnCu2SnSe3S,False
18965,CoNiP,False
18967,H6C13S4,False
18968,Ba2RuN2,False
18970,CrGaRh2,False
18971,MnAlAu2,False
18973,RbTlCl3,True
18975,K2RbYI6,True
18976,CuO2,False
18977,Ta3W,False
18978,ThHg,False
18979,VOF,False
18981,AlAgO3,False
18983,LiAl2Cu,False
18985,BaSi2,False
18987,Ga2Se3,False
18988,YbCaGa2,True
18989,CuNi2Sb,False
18990,Rb3GdCl6,False
18991,NaHoS2,False
18992,TaTiAl,False
18993,Pr3TlC,False
18994,WS2,False
18995,Be3Cu,False
18996,HoMn2,False
18998,Li3SiNiO5,False
18999,PaInO4,False
19000,MgPd3,False
19003,DyBiPt,False
19004,CaCu2P2,False
19009,Tm2IrPt,False
19011,LaMn2Si2,False
19012,ZnH12C8O4,False
19013,K2Fe2SeS3,False
19014,TlCuIr,False
19017,CrSnRh2,False
19018,ZnGeP2,False
19019,Na3VO4,False
19020,KNiIO6,False
19021,LiMg2Ge,True
19024,Ba2CuN2,False
19025,K2RbPrI6,True
19026,FeN,False
19027,CdH6C5O4,False
19029,V3ReB4,False
19031,K2TaAgBr6,False
19033,GaCo4,False
19036,SmFeGe2,False
19037,Tl3SbS3,False
19039,Li5Cu2Ge2,False
19041,CdH20C12O4,False
19042,Mn3V2Ga2Co,False
19044,SrPrScO4,False
19046,In3Si,False
19047,U3Al3CoRh2,False
19050,ScFeO3,False
19051,SiRu,False
19052,LiPmO3,False
19053,LiAc2Tl,False
19054,Ac2TlCd,True
19056,DyCo5,False
19057,P3Ru,False
19062,CrNi2,False
19063,Tb3NbO7,False
19064,Mg2CdN2,False
19067,Rb2LiAlF6,True
19068,Li2CoNiO4,False
19069,Li2VO2F,False
19070,TbCoC2,False
19071,NdGe,False
19072,ErPaOs2,False
19073,SbSI,False
19074,LiAuS,False
19075,SrLa3,False
19076,SrZnSi,False
19077,Y2Mn3Co,False
19078,WOF4,False
19079,NaSrN,False
19081,K2ScCuCl6,True
19084,Rb2NaSmCl6,True
19085,LaNdIr2,False
19087,H6C12S3O,False
19088,TlIn3,True
19090,Mn3AlC,False
19092,Ca4CN4,False
19093,CaPbSe2,False
19094,InPd3,False
19095,TlIn,False
19096,Rb2TlHgI6,True
19097,HfBi3,False
19098,Ta3Cu,False
19099,KTlI3,True
19101,U5P4S,False
19103,AcZn2In,True
19104,H8C7S,False
19105,LiPm2Sn,False
19106,ThMn3Ni2,False
19107,In2AgTe3I,False
19108,AlAgS2,False
19110,TmAl3,False
19111,Cr3NiSb4,False
19112,Cu2NiSn,False
19114,ZrScTc2,False
19115,FePb2C6N6,False
19116,SnH10C10O4,False
19117,SrBeSi,False
19118,LaGaSb2,False
19119,CeSb,False
19120,MgZnS2,False
19121,YNi2Ge2,False
19123,Nb3Al2Mo3,False
19125,K2TeSe3,False
19126,Ga2CuAgSe4,False
19128,K3I2Br,True
19131,LiGa3,True
19132,Tb3Bi,False
19133,TeMo2Se3,False
19134,CoReGe2,False
19136,CaMg2N2,False
19138,Na2O,False
19139,SnH18C10O4,False
19140,CeSmMg2,False
19142,Ba2CdSn,True
19143,BaRhF6,True
19145,PuNi2,False
19146,Cu3SbS4,False
19148,ZnH12C8O4,False
19149,KNbS2,False
19152,NaFeO3,False
19157,Ti2Si6W,False
19160,TmPaO4,False
19161,KZnP,True
19162,Bi3Au,False
19164,SrTiO3,False
19166,RbScCl3,False
19170,Li2MnCoO4,False
19172,MgIn2Te4,False
19173,CrB4,False
19174,SnH2C2O6,False
19175,La2Al6CuAu,False
19177,TlBi,False
19178,VS2,False
19179,BaP2Rh2,False
19180,TeWSe,False
19181,Ca4GaSn3,True
19182,K2AlHgF6,True
19184,TmGaCu2,True
19185,TaWC2,False
19187,MnNbO4,False
19188,AlAgO2,False
19189,Mg2Sb,False
19190,Rb3YCl6,True
19191,H6C7SO,False
19193,MgAg5,False
19194,Ti2VSe4,False
19197,LiCo5O5F,False
19198,LiPr2Ir,False
19200,NaMnO2,False
19201,H2C5S2O2,False
19202,SrCuSeF,True
19203,K3Cu3P2,False
19207,Ta2MnV3,False
19209,LaCeSn6,False
19210,HoRu3C,False
19211,In3SbTe2,False
19212,AlGa3,False
19213,TbPa,False
19215,RbFeO2,False
19216,H4C3O2,False
19218,HfBe2,False
19221,LuGaCoO4,False
19222,Pr3GaO6,False
19224,HfMnN2,False
19225,Tm3Tl,False
19227,TaTi,False
19228,TbIr2,False
19230,RbCuO2,False
19231,CoSb,False
19232,TbNa2LiCl6,True
19233,VBO4,False
19235,Er2CuPd,False
19238,HoFeNi,False
19239,Rb3PrCl6,True
19241,SmFe2O4,False
19242,SrCd4S5,False
19243,DyInAu2,False
19244,Cr4Cu3Te8,False
19245,RbNdTe2,False
19247,TiCrO4,False
19248,Ge2Bi2Te5,False
19249,TbTh3,False
19251,TmSnPd2,False
19252,CeRu2,False
19253,BaNi2P4,False
19254,Tl3Ag,True
19255,BaSrHg2,True
19257,SmB6,False
19258,RbBH4,False
19259,CdPb3,False
19260,NaSbSe2,False
19261,In3SbTe2,False
19262,Sr4Ti3O10,False
19264,K2TmCuCl6,True
19265,DyCd,False
19266,RbAuO2,False
19269,K2CoF6,False
19270,H5C3SN,False
19273,Na2GeF6,False
19276,Rb2LiTiF6,True
19277,InCuTe2,False
19279,Mn2CuN2,False
19282,Na3Hg,False
19286,AlCoF5,False
19287,Ti2GaRe,False
19289,TiFe2Se4,False
19290,SnH4C2Cl2,False
19291,LiNpRh2,False
19292,TcW,False
19293,LiAs3,False
19294,CuPbO3,False
19295,Li2Mn2CoO6,False
19296,SrCa2Si6,False
19297,CdPtF6,True
19298,AcBrO,True
19299,BaFe2P2,False
19301,SnH6C4O4,False
19302,Rb3ScF6,True
19303,Ca3SiO,False
19304,H8C15S3,False
19306,CdSiP2,False
19307,Cr6BC3,False
19308,LiMnOF2,False
19309,KMnAg3C6N6,False
19312,RbTlO,True
19313,ZnH12C8O4,False
19314,VOF2,False
19316,Na3CoO3,False
19320,TiOF2,False
19321,LiMnF3,False
19322,Zr3Rh,False
19323,AlCr2B2,False
19324,Li6MnS4,False
19325,H4C4SO,False
19326,CePrMg2,False
19327,DyPd2Pb,False
19328,DyZr,False
19330,Lu3Sn,False
19331,Tb4Se3N2,False
19332,Ho3Mn3Ga2Si,False
19334,NbCo3,False
19335,Th3N4,False
19337,Rb2LiTaF6,False
19338,H6C10S2O,False
19339,Rb2GaHgBr6,True
19340,SmTmS2,False
19341,Rb2AsAuCl6,False
19343,LiMg,False
19344,CrAgSe2,False
19345,La3SnC,False
19346,HfH2,False
19347,InCuSeS,False
19348,Y3Cd,False
19349,Nb2Pd,False
19350,AlCrF5,False
19352,SrLaGaO4,False
19353,CaYCd2,True
19356,Ca2TlCd,True
19357,TlCoW,False
19358,Al2O,False
19359,NaLiMnS2,False
19360,YbPmCu2,True
19361,IF3,True
19362,Mn3O5F,False
19363,Mg3Hg,False
19364,MnAl,False
19365,MgZn3S4,False
19367,Ba2ZnN2,False
19368,Ca3BN3,False
19369,H9C11,False
19371,Ba2PuZnO6,False
19372,VCr2Si6,False
19373,LuAlO3,False
19374,Ho2CdHg,False
19375,SmRh3C,False
19376,Tl2Au,False
19379,ZrSi,False
19380,Ho2CuPt,False
19383,SnH12C7O6,False
19384,MoWSe3S,False
19385,SnH14C8O4,False
19386,BaAl2Ge2,False
19387,Na3BrCl2,True
19388,Tc3Pt,False
19390,Rb2DyCuCl6,True
19391,Na2LaCuCl6,True
19392,SrMn2BiO6,False
19393,UPd2Pb,False
19394,TmBiPt,False
19395,HoBiPt,False
19396,K2InAgF6,True
19397,NdSnAu,False
19398,BPd2,False
19399,RbDyO2,False
19400,CuPb2O2F2,False
19401,InGaSe2,False
19402,InGa3,True
19404,LiNd2Rh,False
19405,YbSmAu2,False
19406,PrZn,False
19407,Pr4Se3N2,False
19408,Nd2MgSi2,False
19410,K2HgO2,False
19413,BeCo,False
19414,InRh3,False
19415,SmFeAsO,False
19416,Hf2Te3,False
19417,MgH2C3O4,False
19418,In2Ni6C,False
19419,YbSn,True
19420,CeAsPd,False
19421,Tb4CuPt3,False
19423,SrCa,False
19424,RbSrCl3,False
19425,H8C12SO,False
19426,LiCo3OF5,False
19427,MgSc2Ga,False
19428,TmAl2,False
19429,SrAs2Pd2,False
19430,TmMnIn,False
19432,Hf4CuSi3,False
19433,CdH10C7O4,False
19435,GaNi4Ge3,False
19436,Ce2YSi2,False
19437,AlO,False
19438,CrCuO2,False
19439,HoNi2B2C,False
19443,LiErS2,False
19448,TmCo3B2,False
19449,MnGaCu2Se4,False
19450,BaSrHf2O6,False
19451,HoNpRu2,False
19452,H7C8NO,False
19453,Tm2PtRh,False
19454,KDyO3,False
19455,Al3Ni,False
19456,YbCaCd2,True
19460,CdGa2Te4,False
19462,MoWSe3S,False
19463,Li2MnFe3O8,False
19467,RbAu,True
19468,LiPrS2,False
19469,Tb2SiGe,False
19470,Yb2PbAu2,True
19472,SrH4O3,False
19473,KRb2CoF6,True
19474,Tl2FeCu3Se4,False
19476,Li2Mn3SnO8,False
19477,Mg2NiIr,False
19479,TmAlNi4,False
19481,ScP,False
19482,Ce2ZnIn,False
19484,ErAl3,False
19485,TaMn2FeO6,False
19486,MnVCr2Te4,False
19487,H8C12SO,False
19488,NaTeAu,False
19489,Li2InSi,False
19490,MgAgAs,False
19491,LaCeGe4Pt4,False
19492,SnH22C12O4,False
19493,YbSnO3,False
19494,TmSi2,False
19495,HfP,False
19496,Tm2CuRh,False
19497,BaSiAu,False
19498,TiTl2W,False
19499,Na2YF6,True
19500,CeTh3O8,False
19501,ZrAlNi2,False
19502,UMn2SiC,False
19503,K2AgAuF6,True
19505,Nd2CuSi3Rh2,False
19506,Tb2CI,False
19507,ZnO,True
19508,HoHO2,False
19509,Rb2YAgI6,True
19511,La2MgAl,False
19516,Tb3Ce,False
19517,LiAgF2,True
19519,Na2GaHgBr6,True
19520,CaTlBr3,True
19521,KCd3,True
19523,CaAl2Sn2,False
19525,RbErO2,False
19526,CdCu3NiSe4,False
19528,H3Pd4,False
19530,YBi3,False
19532,MgH2C3O4,False
19533,ThSi2Pt2,False
19534,UMn3,False
19536,SrCaPb6,False
19537,CoH2O2,False
19538,Na3VO4,False
19539,GaFe3,False
19540,NbCo2,False
19542,Nd2Ge2Ru,False
19543,SrAl4,False
19544,Mn6O7F5,False
19545,K2Mg2Si2O7,False
19546,H6C7SO,False
19547,VO2F,False
19548,BaSrFe4O8,False
19549,HgTe,True
19550,YbCuGe,False
19553,MgTi3,False
19554,HoEr,False
19555,H7C4,False
19557,BaScO2F,False
19558,HfTi,False
19559,HfCu3,False
19560,FePtO2,False
19561,Na2AlHgBr6,True
19562,SrPrVO4,False
19563,TiAlV2,False
19564,TiCl2,False
19565,CaCeZn2,True
19566,HoZrRu2,False
19567,Fe3CoN,False
19568,Tb3GaC,False
19569,La2AgHg,False
19570,H3C3SNO,False
19573,Fe3O5F,False
19575,Cr6C3N,False
19576,Nd2SeO2,False
19577,K2AgAsF6,True
19578,MoWSeS3,False
19579,TaInSe2,False
19580,Li2MnF4,False
19581,K2NaPrF6,True
19582,TmScB2O6,False
19583,BaCd,False
19585,SmMn2SiC,False
19586,Na2ThF6,False
19587,SnH4C2F2,False
19589,NiH2O2,False
19590,BeF2,True
19592,Nb3AlSnMo3,False
19593,DySi2Rh2,False
19594,ThB2Ru3,False
19596,Al2HgSe4,False
19597,YbMg2,False
19598,SnBr2,True
19600,VCl3,False
19601,ZnH12C8O4,False
19603,MoO2,False
19604,NbV3O8,False
19606,NbZn3Ga3,True
19607,BiPd2Au,False
19608,H2C3SO2,False
19609,K3Zn,True
19610,SnH18C10O6,False
19611,Li2SnPt,False
19614,Ga2TeSe2,False
19616,Li3Pm,False
19619,DySi2Pt2,False
19621,ThUCu4Si4,False
19624,YHo3,False
19627,BaGa2SiS6,False
19629,CoSnO3,False
19631,Sr2NbGaO6,False
19633,Tb2SeO2,False
19635,Ti3Si,False
19636,K2RbSbCl6,True
19638,KFe2As2,False
19639,NiS2,False
19640,MnTc2Sb,False
19641,NiP2O7,False
19642,SrIn3Au,True
19643,IrOsW,False
19645,ZrMo,False
19646,Sm2SCl4,False
19647,ZrTi3,False
19648,TmPPt,False
19650,InPd3,False
19651,Na2Ti3O7,False
19652,HoErIn2,False
19653,PrGa2,False
19654,MgH2C3O4,False
19655,ThGe2Rh2,False
19657,K3Rb,True
19658,La2MgSi2,False
19659,PrSi2Ni,False
19660,Fe2P,False
19661,RbTmO2,False
19663,YGe2Rh2,False
19664,Li2Fe3CoO8,False
19665,U2Cu3Si4Ni,False
19666,Ho2Ga3Cu,False
19667,MoIr4,False
19669,ErPRu2C,False
19670,Rb2TlGaCl6,True
19671,FeCoSe2,False
19673,CoH4Cl2O2,False
19674,LiVBO3,False
19675,DyAl2,False
19677,Li3Pm,False
19678,Rb2O,True
19679,K2HgAu,True
19682,Nb3Os,False
19684,Al2O3,False
19685,ZrTi2Al,False
19687,Na2HgAuF6,True
19688,H10C17S2,False
19689,TaCu3Se3S,False
19690,NiRuBr2,False
19691,GaF3,True
19692,K2LiPrI6,True
19693,Na3Ga,True
19694,NaHF2,False
19695,ZnFe4O8,False
19696,SrSbPt,False
19697,Rb2TlAuI6,True
19698,MnZnTe2,False
19700,TmMg3,False
19701,Cr3Os,False
19702,SiPAu,False
19704,LiMnF3,False
19705,Ac3Au,False
19706,HoSi2,False
19708,YbMg3,False
19711,K3Na,False
19712,NdS2,False
19714,Li2P2WO8,False
19715,NaSb3O8,False
19716,LiThHg2,False
19718,UAl2,False
19719,BiTePd,False
19720,Zr2Al,False
19721,Ho3Er3MnBi2,False
19723,BaZn2P2,False
19724,Nb6Co7,False
19725,TiCo2Ge,False
19726,K2LiPrCl6,True
19728,VHgO3,False
19729,CdAs2,False
19731,GaFe,False
19732,K2RbAlCl6,True
19733,Na3Zn,False
19734,TiGa3,False
19735,SrCaCu2O4,False
19736,Na2AgAs,False
19738,Li2CrNiO4,False
19739,MgPd3,False
19740,Ca2TlHg,True
19741,Fe3Co3Si2,False
19742,Mn9CdO10,False
19743,HoSi2Ru2,False
19744,HoFe5,False
19746,NdFe2Si2,False
19750,K2RbNdF6,True
19752,ZrCoH3,False
19753,Li2PrGa,False
19754,LaTiAlPbO6,False
19755,CoO2,False
19756,GaNi4Ge3,False
19757,LiMnF3,False
19758,Rb2TlSbCl6,True
19759,Ga4Bi3As,False
19761,Li2VOF4,False
19762,PrMgIn,True
19763,SnH12C7O4,False
19764,NaMoF6,False
19765,CeMgNi4H4,False
19767,LiMg,False
19768,H6C4O3,False
19769,Sr2MnRuO6,False
19770,Te3MoWSe,False
19771,Na3SbCl6,True
19772,Tc3Ru,False
19773,K3InI6,True
19774,Hf2Ga,False
19775,NdAsPd,False
19776,Tl2AgI3,True
19777,BaSi2,False
19779,UTeP,False
19780,NbOs3,False
19781,Ba2CaNbO6,False
19782,H4C6SO2,False
19783,NaNbSe2,False
19784,TaFePb2O6,False
19785,Ac3Y,False
19786,HoLu3,False
19788,Fe4Te3Se,False
19789,ErAgTe2,False
19790,Li2TlIn,True
19793,K2Se,False
19794,LuAgSn,False
19796,CdH12C8O4,False
19797,MgS2,False
19798,Na2CoO3,False
19799,Rb2PrAgF6,True
19800,H10C16SO,False
19802,Rb3SmCl6,True
19803,TbSi2IrRh,False
19804,RbH2N,False
19805,H7C8NO,False
19806,Tm2CuO4,False
19808,ZnH14C9O4,False
19809,RbTaO3,False
19810,LaY,False
19811,Ca2CuRh,False
19812,DyAlGa,False
19813,Si2NiP3,False
19814,SnH14C8O4,False
19815,SmMn2Ni3,False
19816,CeUN2,False
19817,PrCo2Si2,False
19819,YErNi2,False
19820,Al2CdS4,False
19821,YbBiPd,False
19824,KTl2CrF6,True
19825,LiUN2,False
19826,CeMo6S8,False
19827,Li2CdIn,False
19828,Ho2C,False
19830,YbCo3B2,False
19831,MgHg5,True
19832,Mo2CN,False
19833,LiB,False
19834,Zr6Te2Pt,False
19836,Te2MoWSeS,False
19838,V2PC,False
19839,ZrNbB4,False
19840,P3BrCl14,False
19844,YbLaPd2,False
19845,LaYZn2,False
19846,MnF4,False
19848,Nd2Tl,False
19849,Ti3Al5,False
19851,PaTa,False
19852,RbHgF3,True
19853,LiTe3,False
19854,FeCoB2,False
19855,TiS2,False
19856,Ca3Ac,True
19857,Rb2NaCeCl6,True
19859,H2C3SO2,False
19860,ZrScMnNi3,False
19861,Yb2AgAu,True
19862,LiAgO2,False
19863,V3Cr,False
19864,BaSbPt,False
19866,KAlO3,False
19868,SnH16C9O6,False
19869,H3C2SNO,False
19870,CeUSi4,False
19872,Na3ScCl6,True
19873,TmP,False
19875,Rb2InAuF6,True
19876,LaLuAl4,False
19878,TlIn2GaSe4,False
19879,Al2CuPd,False
19882,Na2Zn3GeAs4,False
19883,Be2CdP,False
19884,SrBi2O4,False
19886,NaAl3,False
19889,NaTlO2,False
19890,YCo,False
19892,ZrNiSn,False
19893,ErCo2Si2,False
19894,ZrCrFe,False
19895,Ba2HfS4,False
19897,PRh2,False
19899,AlFeF5,False
19900,Yb3La,True
19901,CaAl2Si2,False
19902,La2CdHg,True
19903,TbBa2NbO6,False
19904,MgH6C5O4,False
19905,KRb2AlCl6,True
19906,PrSi2,False
19907,ZrTiAs,False
19908,Dy2Zr2O7,False
19909,TbCu4Pd,False
19910,CoCu2GeSe4,False
19911,ZrAsRu,False
19912,MnSb,False
19913,Rb2NaTaBr6,False
19914,ErAlGa,False
19915,LiClO2,False
19916,SnH18C10O4,False
19918,LaCeOs4,False
19919,H4C,False
19920,YbCeCu2,False
19924,BaSmCo2O6,False
19925,ErFe2,False
19926,ThBi,False
19927,GaCl3,False
19928,NaNiO2,False
19929,MnAlCuPd,False
19930,CaInPd2,False
19931,CeNdN2,False
19934,ErNi2B2C,False
19935,PuO,False
19937,CeSiBRh3,False
19938,LaGaSi,False
19939,LiHfAu2,False
19942,NbFeB,False
19943,U3Si,False
19944,Na2LiGdCl6,False
19945,MnVCo4Si2,False
19946,H4C6S2O,False
19947,DySbTe3,False
19948,LaCeHg2,False
19950,TbScGe,False
19951,H3C3O2,False
19952,PaFe3,False
19954,K2HgBiBr6,True
19955,Rb3ScBr6,True
19957,BaO,False
19958,ErGa2Cu3,True
19960,ZrNb2VC4,False
19961,K2LiSbF6,True
19962,RbInF3,True
19963,TbCuNi4,False
19964,Li2MnBAsO7,False
19965,CuS2,False
19966,K2PAu,False
19969,Ho2TeO6,False
19970,TiMo2S4,False
19971,Nd3Sc,False
19974,ZnH14C9O4,False
19975,ErCo2Ge2,False
19976,MnHO2,False
19978,In4SnS8,False
19979,Sn2SeS,False
19981,CaZn2Sb2,True
19983,NbCo2,False
19984,KCaI3,True
19985,Ba2MnNbO6,False
19986,H2C2SO2,False
19987,Mn3O5F,False
19988,Ba4P2O,False
19989,InP2Pb,False
19990,MoH2O4,False
19991,H4C3SO,False
19993,LiZnPt2,False
19994,Tl2WCl6,False
19996,Tl2Cl3,False
19997,Ce2HgPb,False
19998,GaGe3,False
20000,ZnOs,False
20001,LaCo2P2,False
20002,ErFe2SiC,False
20003,TbLi3,False
20004,Rb3ScCl6,True
20006,CrRe5B2,False
20007,Ba2TlFe2O7,False
20008,Li2Fe3WO8,False
20009,CaPr3,False
20010,PbClF,False
20011,RbPrS2,False
20012,Li2Ni3WO8,False
20013,MnCo2Si,False
20017,TiH14C9O6,False
20019,Dy2S3,False
20020,Tl2Au4S3,False
20021,SrCu2Ge2,False
20022,Li2AgF3,False
20023,TmNiGe,False
20024,NdSmIn2,False
20027,MnNi2Sb,False
20029,LiAcRh2,False
20030,MnAlPd2,False
20034,SnH22C12O4,False
20035,CdTe2Pb,False
20036,K2GaHgF6,True
20037,NaTiO2,False
20038,UBrN,False
20039,LiMgIn2,True
20040,K2O,False
20041,PBr,False
20043,PaZnNi2,False
20045,LiCl,True
20046,SrZrO3,False
20047,Ba2H6Ru,False
20049,CrFeB2,False
20051,PrBrCl2,True
20052,Ca2PbAu,True
20054,DyErTe2,False
20057,Li2TlCd,True
20058,KNa2RuF6,True
20060,NaMgAs,True
20063,Mn3N2,False
20065,Tb5O9,False
20066,CeU2O6,False
20069,H2C4S2O,False
20070,SbO2,False
20073,ThAl2Co3,False
20074,ZnPt,False
20075,K2TlAuF6,True
20076,SnH4C3O6,False
20077,TlBi2,False
20078,MnSnF6,False
20079,H6PbCNCl3,False
20080,TbAgTe2,False
20081,MgPd3,False
20082,InTe,False
20083,H6C11S2O,False
20085,SiPd,False
20086,CeZnAgP2,False
20088,ZnHgTe2,True
20089,SnH12C6F2,False
20090,Yb2ZnGe,True
20091,H3C2NO2,False
20092,Ho2CoSi2,False
20093,ZnH2O2,False
20094,Mn3CoAs2,False
20097,Dy2TeO6,False
20099,TaSnO3,False
20102,LiNi4O5,False
20103,NaO,False
20104,NaBO2,False
20105,CeGePd,False
20106,MnCr3Te4,False
20107,La2MgAl3,False
20109,SnP,False
20112,CdAsP,False
20113,ZnH14C9O4,False
20115,NaV3O6,False
20116,LiPm2Pb,False
20117,SrZnIn3,True
20118,CaSn,True
20119,ErInAu,False
20120,K2HgBiF6,True
20121,Cd3Ni,True
20122,SnSb,False
20128,Er2Ga3Ni,False
20130,TiCoSb,False
20131,K2NaRuF6,True
20132,CeMnAl,False
20133,KBiO2,False
20134,H4C6SO2,False
20135,Er2ZnOs,False
20137,Pm2AgAu,False
20138,Pa3Cd,False
20140,LiMgCd2,True
20141,Y2MgMn2S2O5,False
20144,MgScZn2,True
20145,SnH8C5O6,False
20148,CeGa3Pd2,False
20152,UIN,False
20153,CrO2,False
20154,TmAlGa,False
20156,Na2CuI2Cl2,True
20157,KPb3,False
20158,CdPS3,False
20159,Al2CoO4,False
20160,CePPd,False
20161,Co2SiGe,False
20162,NaCr2O4,False
20164,CePrAl4,False
20165,As2Se3,False
20166,ThSeO,False
20168,RbAuSe,False
20169,CdH14C9O4,False
20170,TaV,False
20171,DyCu5,True
20172,NpTe,False
20173,SmCo4Cu,False
20174,YGe2,False
20175,YbErSe2,False
20176,ZrH6C5O4,False
20177,BaMg2Si2,False
20178,FeBiO3,False
20179,NaErCl4,True
20183,Yb2CdPd2,True
20184,InHgW2,False
20185,Ba2AgIO6,False
20186,K2NaErCl6,True
20188,Mn4Hg3Au,False
20189,Cd4Te5Pb,True
20190,CeUFe4,False
20192,Y3Sb,False
20193,FeCuS2,False
20194,NdAl3Ni2,False
20196,NdNi2B2C,False
20197,Cd2GeO4,False
20200,AcNiO3,False
20201,Ni6SnSb,False
20202,Ta2CuO6,False
20203,LiScRh2,False
20204,Ce2PrO6,False
20205,SrMn2Si,False
20206,Mn2GaCu3,False
20207,TeMoWS3,False
20209,Dy3Er,False
20211,MnF4,False
20212,CeU4N5,False
20214,K2CeAgBr6,True
20215,H2C3O3,False
20216,Li2VF4,False
20217,Rb2NaIrF6,True
20218,Sr2CuO4,False
20219,Tm2SO2,False
20221,HoMgAg,False
20223,RbSmS2,False
20224,Nd5AgSe8,False
20225,NaSbCl6,False
20227,K3SbBr6,True
20228,BaTiO3,False
20229,Y2TlIn,False
20230,H10C5O2,False
20231,TiMo2,False
20232,BaCaTi4O8,False
20233,LiMg2In,True
20234,BaSrN,False
20239,ZrSi2Ni2,False
20240,CoNi2S4,False
20243,SnH4C3O6,False
20244,InPt,False
20245,BaNbTc2,False
20246,Te2MoW3Se2S4,False
20247,Ce3GeS2,False
20249,CeNdS2,False
20250,SrHfO3,False
20251,TiH18C10O4,False
20252,SnH12C6F2,False
20253,LiMg2Au,True
20254,ZnCu2GeS4,False
20255,AgBiS2,False
20257,BaSe2,False
20258,K2LaCuCl6,True
20259,ZnH16C10O4,False
20260,ZnCu3,True
20261,CaMn2As2,False
20262,MgAu3,False
20264,Cu2GeS4,False
20265,ZnSiAs2,False
20268,Rb2NaTlBr6,True
20270,K3InCl6,True
20272,LiTiO2,False
20275,Ce2CdSb4,False
20277,Ga2HgSe4,False
20278,HfCrO4,False
20279,LaCePd6,False
20280,Li2FeP4O12,False
20281,SmSi2Pt2,False
20282,ThHg3,True
20283,Cd3Ir,False
20284,Rb2HgAsI6,True
20286,Zr2SnC,False
20287,Yb2MgTl,True
20289,Y3Si,False
20290,Sm2Si3Pd,False
20291,TaNbAl6,False
20293,ThSiIr,False
20295,TaNbV,False
20296,TlPdPb,False
20297,CeGa3Ni,False
20298,K2SnF6,True
20299,Ir4W,False
20301,ErCuO3,False
20302,Mn3B4Mo3,False
20303,Pm2RuPt,False
20305,PaInPd2,False
20306,IO2F,False
20307,LiNbTe3O12,False
20308,Na2PdAuF6,True
20309,Rb2NdAgI6,True
20310,Al2FeRh,False
20311,CeThCN,False
20312,ErInAu2,False
20313,MgPb2,False
20314,Rb3BiBr6,True
20315,Sm2P3Pt4,False
20316,NpHgO3,False
20317,K3AsBr6,True
20318,ZrH10C7O4,False
20319,Nd2CdSe4,False
20323,BaP2Pd2,False
20324,NaHg3,False
20325,MoW2Se6,False
20326,Na4HgP2,False
20327,LiPrO3,False
20328,SrNbO3,False
20329,DyCo2B2,False
20330,Ce3SiS2,False
20331,Yb3Mg,False
20332,Rb2ScAuCl6,False
20333,Li2FeBPO7,False
20334,SrCa,False
20335,BaTi2O5,False
20337,TlCdS2,False
20338,TiAlNi2,False
20340,H3C3S2N,False
20341,ZnSiNi2,False
20342,FeS2,False
20343,TbRbS2,False
20344,SrAs2Ru2,False
20345,MgH6N2Cl2,False
20346,CdH14C9O4,False
20348,Pm3Ti,False
20350,LiSi,False
20351,Ga2Au,True
20352,Rb3NdF6,True
20354,InSnTe2,False
20355,Li2Ni2BiO6,False
20356,Pm2CdPb,False
20357,Li2TiO3,False
20358,Mn2CuSb2Pd,False
20362,ZrAlNi,False
20363,OsN2,False
20364,BaTi4O8,False
20368,K2BiAuBr6,True
20369,Ti2GeC,False
20370,SnH20C11O6,False
20372,H2C4O3,False
20373,ZnCu2SnSe2S2,False
20376,ReRuBr,False
20377,Rb2AlAuBr6,True
20379,GaTeI7,True
20380,Cr2GaN,False
20383,H6C12S2O,False
20384,Li3FeO4,False
20387,Tm2Ga3Ni,False
20388,MgV2O6,False
20389,Ce2Ge3Rh,False
20390,Dy6FeSb2,False
20391,Sr3FeN3,False
20392,NaO2,False
20394,Cu2S,False
20395,LiThPt2,False
20396,Tl2F3,False
20397,LiCo2CuO6,False
20400,Rb2LiBiI6,True
20401,Ba2Cd,True
20402,BaMgCo4O8,False
20403,YTmTe2,False
20404,HoSiOs2C,False
20406,CuSnPd2,False
20407,TiH6C4O4,False
20408,TmCo2Si2,False
20409,NaErS2,False
20410,Pm3Er,False
20411,Rb2AlAgF6,True
20413,Co4N,False
20414,NdCu4Pd,False
20416,TeWS,False
20417,BaCo4O8,False
20418,NdBO3,False
20419,LiSn3,False
20420,K2AgAsBr6,True
20421,Be4CoGe,False
20422,H2C3S2O,False
20423,K3GaI6,True
20424,BaVSe2S,False
20425,MnAs,False
20426,ZnSiP2,False
20427,KLiS,False
20428,H8C13SO,False
20430,LiFeF3,False
20431,Sc2Te3,False
20432,Yb3P,False
20433,ErCdPt2,False
20434,LiThRh2,False
20435,TiH10C6O4,False
20436,ZnCuMo,False
20437,Sm2Ga3Ni,False
20438,NaGeO3,False
20442,LuScCo2,False
20443,Rb2NaNdCl6,True
20444,NaTlHg2,True
20447,YScN2,False
20448,TbYb2PrS6,False
20449,PmPrZn2,True
20451,RbHoS2,False
20452,RhI3,False
20453,CePt4Rh,False
20454,YbY2Se4,False
20455,GaAgP2Se6,False
20457,Cd2TeSe,True
20458,NdAsPd,False
20459,BiPbBrO2,False
20462,TbRb2NaCl6,True
20463,SiO2,False
20464,LiZnN,False
20466,Ag2O,False
20468,Er2Sn2O7,False
20471,TiAl,False
20473,K2CuP,False
20474,BaMg2Ge2,False
20477,DyCr2Si2C,False
20478,ZrMnO3,False
20480,CoAgO3,False
20481,Li2Co3NiO8,False
20484,Ba2CoNiS4,False
20485,AlFe3H,False
20487,KNbO3,False
20488,TiH8C5O4,False
20490,Yb3Ag,True
20491,DyTlRh2,False
20492,Pr2CdAu2,False
20494,MgBi5,False
20495,YEr3,False
20496,VCr2S4,False
20497,Li3TlF6,True
20498,Rb2NaPrBr6,True
20499,H4C8S2O,False
20500,Rb2TlAsI6,True
20501,PPb3,False
20503,IrW,False
20506,Sn3F8,False
20507,CdNiO2,False
20509,ThAl3Ni2,False
20510,MgOs,False
20513,H10C17SO,False
20514,Pr2CdS4,False
20515,HgSe,False
20516,Fe3W,False
20517,BNF8,False
20519,SrCO3,False
20520,ZnH16C10O4,False
20521,TiBr2,False
20522,NbInPb2O6,False
20523,CaTm2Te4,False
20524,AcCe3,False
20525,Rb2LiNdF6,True
20526,Mn2AsP,False
20527,Pr2SeO2,False
20528,TbNi5,False
20529,Ce2Ga7Pd,False
20531,TiH8C5O4,False
20533,PrNdAl4,False
20534,Er3GaS6,False
20537,Ti4Pd,False
20538,YOF,False
20540,Ge2N2O,False
20541,ZrH12C8O4,False
20542,LiCr2O4,False
20543,La2CoNiO6,False
20544,Pr3B2N4,False
20545,LiVSe2,False
20547,Cr2HgS4,False
20548,SnH12C6F2,False
20549,Na3ClO,False
20551,K3NdCl6,True
20552,Al3Cu,False
20555,Y2V2O7,False
20560,BaS2,False
20561,ErInCu,False
20563,Bi4Te3,False
20566,SrCuSi,False
20568,K6Fe2O5,False
20569,Ga2HgS4,False
20571,AlPd,False
20572,CeB2Ir2Rh,False
20573,NaTl2Sn,True
20574,CrB2W,False
20575,CeZn5,True
20577,ScCuO2,False
20578,NaLiS,False
20579,CaCd3O4,False
20580,PrLuS3,False
20582,Rb2LiAsF6,True
20586,Rb2NaTaI6,False
20587,U5SiS4,False
20589,K3SO4F,False
20590,Na3Sb,True
20591,Nb6SnGe,False
20593,Ca2CoO3,False
20595,NaZnP,False
20596,Ba2Hg,True
20597,Ca2Zn3Ga,True
20599,Sr2ZnAs2,False
20600,ErCu5,True
20602,MgPaPt2,False
20603,AsPRh4,False
20604,Li2B4O7,False
20605,Na2AgRuF6,False
20607,SiO2,False
20608,MgHg2,False
20609,TiVB4,False
20610,CdH16C10O4,False
20612,ZrCo2,False
20613,TlCo2S2,False
20615,Mn2VIn,False
20616,AlBi3,False
20619,LiBH4,False
20622,TiCo,False
20624,LaTiNO2,False
20625,SrHgO2,False
20626,Rb2ScAgI6,True
20627,Li2PdO2,False
20628,Sm2CdNi2,False
20629,TmHO2,False
20630,Pd3Rh,False
20633,TmSi2Cu2,False
20635,BaF3,False
20637,KLiZn3O4,False
20638,TbSi2Ag2,False
20639,VIn3S4,False
20640,AgF2,False
20641,CaCdC2O6,False
20644,Ti3PO2,False
20645,KLaO2,False
20646,ErPt2,False
20647,V4HC3,False
20648,H4C2O,False
20650,LiV6O7F5,False
20651,H9C11SN,False
20652,Hf2Al3Ni,False
20655,CrSe,False
20656,K4Br2O,True
20657,DyMnGa,False
20658,RbTmS2,False
20659,Te2MoWSe2,False
20660,PrPaO4,False
20661,LiMnF4,False
20663,TmSe,False
20664,Sr2ZrMoO6,False
20665,Bi2SO2,False
20668,CrB2Mo2,False
20669,Co3Os,False
20670,Li2Co2OF6,False
20671,CdS,False
20672,Li2CoO2,False
20673,K2RbTiF6,True
20674,LiCuS,False
20675,Pr3Ag,False
20676,Ba2H6Os,False
20678,H8PbC6SO4,False
20679,Al2Fe3Si3,False
20680,AsPt3,False
20681,CrB2Ru,False
20682,MgAu5,False
20683,NdTlS2,False
20684,ErHSe,False
20685,AlVFe2,False
20686,SrHf2Mo,False
20687,Sc6Te2Rh,False
20688,MnZnNi2,False
20690,NaTaO3,False
20691,Ba2ZnIn,True
20692,PmBeO3,False
20694,H6C11S2O,False
20696,MgInSe3,False
20697,TbOF,False
20699,NaPrO2,False
20702,CaMnSe2,False
20703,YbSe,True
20704,TmNi2B2C,False
20705,ZrCdN2,False
20706,H2CO,False
20707,HfH6C5O4,False
20708,V4C3,False
20709,ZnReO4,False
20710,ZrP,False
20711,Er2AgPt,False
20712,YbAl4Mo2,False
20713,SrCu2GeS4,False
20714,Sm2TlIn,False
20719,SrCd2Sb2,True
20720,CaH2,False
20721,TiH16C9O4,False
20723,SnPd3,False
20724,As2O5,False
20726,LiCaSn,True
20727,Rb2NbAgF6,False
20728,BaScIr,False
20729,LiTaSe2,False
20730,U2TeN2,False
20731,AgBiPd2,False
20734,BaNdFe2O6,False
20739,Pr5Mg,False
20740,PrNdSb,False
20741,SmAsPd,False
20744,H6C11SO2,False
20745,Nd2ZnRu,False
20746,PrNiC2,False
20747,TiI2,False
20748,ErSi2Os2,False
20749,HoInAu,False
20750,RbTeAu,False
20752,H5C6SNO,False
20753,BaMn2Sb2,False
20754,Tb3Mn3Ga2Ge,False
20755,MgRe3,False
20756,AgPd,False
20758,CuAg2O2,False
20759,TiB4Mo,False
20760,MgNi2,False
20761,CrGaO4,False
20762,CrCo2Ge,False
20763,Na2CuAsF6,True
20764,Mn3Co,False
20766,MgPd3,False
20767,YMnO3,False
20771,YAgSn,False
20772,HC,False
20775,K2TaNbO6,False
20776,Rb2AlAgBr6,True
20777,Dy2ZnAg,False
20778,V2Cr2Fe,False
20779,UH2O4,False
20781,Yb3CaIn2Ge4,True
20782,YbRb3,True
20783,SrCa3Br2N2,False
20784,Sm2MgCu2,False
20785,Sc2V2O7,False
20786,NbSiGe,False
20788,BaPdS2,False
20789,NdTmZn2,True
20793,ZrAl5Ni2,False
20794,Na3Cd,True
20797,CeSmTl2,False
20799,UAl3Ni2,False
20800,Hf2Cu,False
20801,SiO2,False
20804,Na2CuP,False
20807,Ta2VC2,False
20810,H8C13S3,False
20812,Mn2CoN2,False
20813,SnB4O7,False
20814,CaBPd3,False
20815,FeCo2N2,False
20816,LaClO2,False
20817,Sr2PtAu,False
20818,NdMnFeGe2,False
20819,BaBe2Te,False
20821,Rb2CeAgBr6,True
20822,HoAlNi4,False
20823,Sr2LiN,False
20824,H4C9SO2,False
20825,LiFeF4,False
20826,Cu3NF3,False
20827,Ta3Ir,False
20829,HfH6C5O4,False
20830,PmSmRu2,False
20832,NaCa3,True
20833,Li2VCrS4,False
20834,ThP,False
20835,AlSiCN,False
20836,KIO2F2,False
20838,ErBiPd,False
20839,Ce3Hf,False
20840,Li2VCo3O8,False
20842,PrYNi4,False
20843,K2NaMoCl6,False
20846,Ce2SO2,False
20848,LiO,False
20849,KTaPt,False
20850,Tl2Co3NiSe4,False
20851,Ce2CuN2O2,False
20853,ZrW2,False
20854,CaRuN2,False
20856,CaAg2Ge2,False
20857,Ce3SnN,False
20859,Rb2NaAsCl6,True
20860,TeRuSe,False
20861,VOsCl,False
20862,Nb2CuS4,False
20864,RuO2,False
20865,HoUTe4,False
20866,UGa3Ni,False
20867,FeRe3,False
20868,ThNi2Ge2,False
20870,Tb2InHg,False
20872,V2ZnO6,False
20873,MnV2Ru,False
20874,ScNi3,False
20875,CrO3,False
20876,Nb2ReRu,False
20878,NdO2,False
20880,Ca3Pb,False
20881,NaCd3,True
20882,Li5FeS4,False
20883,ZrSiSe,False
20884,Mn3AuN,False
20885,TaSeN,False
20886,Ag3As,False
20887,HfCrCuS4,False
20888,Ni4W,False
20889,BiSe,False
20890,Pb3SeO5,False
20891,BaZrN2,False
20892,K2AgMoBr6,False
20893,TiVO3,False
20894,Nb6SiGe,False
20895,Ca6MnN5,False
20898,RbNdO2,False
20899,TiH24C13O4,False
20900,MnBO3,False
20903,PtS,False
20904,Tm6FeBi2,False
20905,ZrAl3,False
20906,Ca2CeO4,False
20909,Zr2SbP,False
20911,CaFe2BiO6,False
20913,Tm2Sb2O7,False
20914,SmHf,False
20915,LaTi2O6,False
20916,U2SN2,False
20917,YFe2Bi2Se2O4,False
20918,SrCdGa,False
20919,Sr2RuN2,False
20920,Rb2YTlCl6,True
20921,La2CuN2F2,False
20922,H5C5SNO,False
20923,Ho3Er3MnBi2,False
20924,Np3Al,False
20925,YCoO3,False
20926,NdMn2Si2,False
20927,YAlSi,False
20928,Ti2CuNi,False
20929,Zn3Au,True
20930,K2AlAgBr6,True
20931,Sr2CoRuO6,False
20933,VCu3HgSe4,False
20936,U2GaCo2,False
20937,YbZn2Ge2,True
20938,Li2AlPd,False
20940,YMgCu,False
20941,NdHoZn2,True
20942,KSiH3,False
20943,PdPtF6,False
20944,Nb3In,False
20946,Ni3Rh,False
20947,La3InC,False
20948,YHg3,True
20950,TbDyIr2,False
20953,YSbO3,False
20954,CoO2,False
20956,Nb2CS2,False
20958,Rb3AsCl6,True
20960,YMgZn,False
20961,TmMn2Ge2,False
20962,Fe3O5F,False
20963,ScGa3,False
20964,Ce2FeRu3,False
20965,MgAg2,False
20966,Sm2O,False
20967,Li2MnFeO4,False
20968,In4S3N2,False
20971,V2NiS4,False
20974,VCdCu3Se4,False
20975,Ba4Sb2O,False
20977,GaFeRu2,False
20978,SiP,False
20979,NaCu4S4,False
20980,Nb4C3,False
20981,HfCuHg2,False
20982,HfZnPd2,False
20983,BiTeIr,False
20984,K2SrCl4,True
20985,SrZrN2,False
20986,BeW2Cl,False
20987,LaPdO4,False
20988,Pu3Ta,False
20991,DyHSe,False
20993,H20PbC12O4,False
20994,Li2GaSb,False
20996,InF3,True
20997,Ti3N2O3,False
20998,ZnH20C12O4,False
20999,DyTlS2,False
21001,Ti2N,False
21003,HoTh,False
21004,SbPbIO2,False
21005,Tl2Co3NiSe4,False
21006,ZrCdAg2,False
21007,RbSmO2,False
21009,NaSrAs,True
21010,Si2Hg6O7,False
21011,HfH8C6O4,False
21013,Be4AlCr,False
21014,HoCo2Ge2,False
21016,Rb2PrCuI6,True
21017,Dy3Ho,False
21018,TlBSe3,False
21019,MgO2,False
21021,BeZnS2,False
21022,Sr2VMoO6,False
21023,CaH2C3O4,False
21024,TbPmIr2,False
21025,H6C11SO2,False
21028,NbSnS2,False
21029,Dy2InAg,False
21030,LaCeIn6,False
21031,Sc2InHg,False
21033,H14C8O5,False
21035,Si2Rh3,False
21036,NaAsSe2,False
21037,Cd3Ir,True
21038,Rb2Hf2O5,False
21039,NpPt3,False
21040,TlFeO2,False
21041,DySBr,False
21042,USi2Au2,False
21046,Pm2CoNi,False
21049,BaMn2N2,False
21051,Li2UO4,False
21053,TiInPt2,False
21054,NbAlCo2,False
21056,SmSbPd,False
21057,CaSmAg2,False
21058,SbN9,False
21059,DySiOs2C,False
21060,RbCdF3,True
21061,Er5Mg,False
21062,ZrCoBi,False
21063,Li3Cu2F8,False
21064,LiFeF3,False
21065,H10C15S2,False
21066,SiNi3,False
21068,NdPu3,False
21069,TaBi3O7,False
21070,Pr2Ga5Au3,False
21071,RbHgN3O6,False
21072,ScInP2,False
21073,SrAg2Ge2,False
21076,La2AlGe,False
21077,Hf2TcIr,False
21078,PtS2Cl8,False
21080,MgCo3,False
21083,MgH2C3O4,False
21084,H7C8NO,False
21086,Ti4Fe,False
21088,HfAlNi2,False
21089,PS,False
21090,CePa3,False
21091,KCdF3,True
21092,Pr5CuSe8,False
21093,Li2MnV3O8,False
21096,TmCo2Sn,False
21097,Ba2S2O3F2,False
21098,Sr2CuCO5,False
21099,YbSi2Pd2,False
21100,Sr2MgTl,True
21101,Rb2HgBiI6,True
21102,U2Pd3Rh3,False
21103,K2AgSb,True
21104,TaV3N4,False
21105,Pm2CdGa,False
21106,TiVO4,False
21108,Pm3Er,False
21112,PuGaO3,False
21114,YbB2Ru3,False
21115,Li4ZrGe2,False
21118,K2PdF6,True
21120,ZrMo2O8,False
21121,AlNiO3,False
21122,BaYSc,False
21123,K2Zn3GeAs4,False
21124,H12PbC8O4,False
21125,HoIn,False
21126,Ti3Al5,False
21128,CaInAg2,True
21129,NaIrPb,False
21130,CaBe3O4,False
21131,ZrH,False
21132,CaH2C3O4,False
21134,CdH18C11O4,False
21135,La2Bi2S4OF,False
21137,HfH10C7O4,False
21138,CdGeP2,False
21139,CaPt5,False
21140,CaMn2Bi2,False
21142,AlPd,False
21144,Li2AlPt,False
21145,Tm2TlZn,False
21147,LiAgSe,False
21149,SrHfN2,False
21150,Pr4OsI5,False
21151,NaTiVS4,False
21152,MgPt5,False
21154,Ca3MnO4,False
21155,HfUNb2C4,False
21156,K2AgP,False
21157,Sr2Bi,True
21158,ErCdAu2,True
21159,SnO2,False
21162,PmZnHg2,True
21163,KNa4Cl5,True
21164,NbCo3,False
21165,YZrSb,False
21166,RbHoO2,False
21167,TaSbRu,False
21168,Na2H4Pt,False
21169,Co2GeO4,False
21170,DySI,False
21171,SnSb,False
21172,Ho2OsRh,False
21173,MnOF,False
21174,AlGaN2,False
21176,ErPd3,False
21177,Ag3Au,True
21178,HoNi2P2,False
21179,Ag3Sn,True
21180,Rb2TaAgCl6,False
21183,LiMnPO4,False
21184,ThFeNi4,False
21186,ThCo5,False
21187,CuAsSe2,False
21188,ZnGaPSe,False
21189,PmDyTl2,False
21190,Tb2TlHg,False
21196,BaMgMn4O8,False
21198,Pr2Si3Ni,False
21199,YbNdPd2,False
21200,HfInCu2,False
21202,Ti2Co3Te3O16,False
21204,Mn2Sb,False
21205,TiVS2,False
21207,LiGePd2,False
21209,InGaCuO4,False
21210,AgN,False
21212,Li2TiCo3O8,False
21213,RbScO2,False
21215,Dy2PdRh,False
21217,W3N4,False
21219,TbUTe4,False
21220,HfMoP,False
21221,PuUN2,False
21224,Tm2CoSi2,False
21225,RbAu3Se2,False
21226,DyCoO3,False
21227,Be4CuSi,False
21228,CaH3Pd,False
21229,SrNd2S4,False
21230,CuMoF6,False
21233,UTeO,False
21234,YbMgGa4,True
21237,H3C5SNO2,False
21238,MgScIr2,False
21239,LiAl2Pt,False
21242,BiTeCl,False
21246,NaSn2Pd3,False
21247,RbRhO3,False
21249,H8C11SO,False
21250,MgH2C3O4,False
21252,VPO5,False
21253,TiCoNiSn,False
21254,SrSi2Ag2,False
21255,TiO2,False
21258,MnCrRe,False
21259,PbCO3,False
21260,H8C7N2,False
21262,Rb2InAuI6,True
21263,SnO2,False
21265,SnPb3,False
21266,Rb2Zn3GeAs4,False
21268,H12PbC8O4,False
21269,MgSc3,False
21271,HoCuP2,False
21273,FeCoBi2O6,False
21274,PtO2,False
21276,TaMoN,False
21277,HoP,False
21278,Al2CdSe4,False
21279,AlPb3,False
21280,KOsF6,False
21281,Li7Si2Ni3O12,False
21283,BiPO4,False
21284,MnZn3,False
21285,PmMg3,True
21286,HoBeCu4,False
21289,TbGaFe,False
21294,SbI2F6,True
21295,Sr3UO6,False
21297,Te2Pt,False
21298,ThMn2Co3,False
21300,YTiO3,False
21302,Ca3Tl,False
21304,HoPaO4,False
21305,Al2Si4O11,False
21306,KRuF6,False
21308,CaH8C6O4,False
21309,TmSb3,False
21310,AcSnPd2,False
21314,SrDyO3,False
21315,K2NaPdF6,True
21317,PrY,False
21318,FeAgTe2,False
21319,CeTh3,False
21321,Rb2BiAuCl6,True
21322,BaAg2S2,False
21323,NbFeSb,False
21324,Yb4As2O,False
21325,TbErTe2,False
21326,CrO,False
21327,In2S3,False
21328,HfH12C8O4,False
21329,YCuP2,False
21330,ErSi2Pt2,False
21331,Ga3Ag,True
21333,PmPr3,False
21335,ScSnAu,False
21336,Na2PtO3,False
21337,K4BaU3O12,False
21338,Ho2InOs,False
21339,Na3BS3,False
21340,H4N2O3,False
21341,BaCu3O4,False
21342,KBIr2,False
21343,CaGa,True
21345,BeInBi,False
21347,SrGa4Au3,True
21348,NaMnO2,False
21352,Ba2CeZrO6,False
21353,NiO2,False
21356,CeHoIn2,False
21357,USb2Pd,False
21358,LiCo2OF3,False
21363,In2TeAs,False
21364,TmMg2,False
21365,ZnRe2O8,False
21366,Ti3B4Mo,False
21367,Sc3Nb,False
21370,LaTiTeO6,False
21371,LiCrSnO4,False
21372,Sr3Sm,True
21374,ErTmIn2,False
21376,SrCaCu2O4,False
21377,Li6WN4,False
21378,BeSiNi2,False
21379,HoCu5,False
21380,BeReB,False
21381,MgH2C3O4,False
21382,ThTeO,False
21383,BaCa3,True
21386,LiMnSiO4,False
21390,H7C11S2N,False
21391,HoFeRu,False
21392,PrSi2Ru,False
21393,Au2S,False
21394,MnAlFeCo,False
21396,PrGePd,False
21397,SrH4O3,False
21398,GaAgTe2,False
21399,Li4Mn3V3Sn2O16,False
21400,SmCoO3,False
21401,Cr3Rh,False
21403,Tm2CdPd2,False
21404,H4N2O3,False
21408,Pr2FeSi2Ru,False
21409,Ba6HfO8,False
21410,Na3VO3,False
21411,Y3Bi,False
21412,NaNbN2,False
21413,PrAgAu2,False
21421,Hf2Au,False
21422,TeMoSe,False
21423,Sr3Al2Si2,False
21424,Sr2VW,False
21425,CdH2C3O4,False
21426,Ta2TiW,False
21427,DyRh2Pb,False
21429,ZrNi3,False
21430,Rb2FeI4,False
21431,Rh2S3,False
21432,OsPt3,False
21433,AlGaCo2,False
21435,Sr4N3,False
21436,LiAsH2OF6,False
21437,Pb2O3,False
21439,RbCaAs,True
21440,CaH4C4O4,False
21441,MnGaPd2,False
21442,KMnF3,False
21443,MnRh2Pb,False
21444,CaZn,False
21445,H10C11O3,False
21446,LiLuGe,False
21448,ErInPt2,False
21449,ThMg2,False
21450,SbPt3,False
21451,H7C7NO,False
21453,Ba3Ca,False
21454,HoBO3,False
21458,Mn3SnH,False
21460,AgBiTe2,False
21461,H3C5S2NO,False
21462,H6C10S3,False
21463,As2Ru,False
21464,MoP2O7,False
21465,NaBrO3,False
21466,NiPtF6,False
21468,Te4W3Se2,False
21469,Pb4Se3S,False
21470,FeOF,False
21472,Ho6FeSb2,False
21473,Nd2CdS4,False
21475,Sm2MgCd,False
21478,PrBeO3,False
21479,K3Li,False
21480,As2PdO6,False
21481,Rb2CdO2,True
21483,MnNi,False
21484,LiTiRe,False
21485,Li2InRh,False
21487,Ba2AgBi,True
21489,WO2,False
21490,In2NiS4,False
21491,Na2HgO2,False
21493,Na2PdCl4,True
21494,ErMgAu,False
21496,NiGePd,False
21498,DyGaO3,False
21500,Sr2GaSi,False
21502,Yb2TlZn,True
21503,KVCl3,False
21504,LiMnCo3O8,False
21505,PrNi2B2C,False
21506,K2PtSe2,False
21509,Ba2BeGa,False
21510,NdAl2,False
21511,FeF3,False
21512,RbCaSb,True
21514,VO2F,False
21516,GaHO2,False
21517,UV2O6,False
21518,CaHgO2,False
21519,Nd2FeSi2Ru,False
21520,DyThRu2,False
21521,Mo3O8,False
21522,CuB2O4,False
21524,SmOF,True
21526,Be2IrRu,False
21527,MgH2C3O4,False
21528,TaAgF6,False
21529,Tb3Pr,False
21530,HoInCu2,True
21531,H4C6S2O,False
21532,NbNi3,False
21534,Na3AuO2,False
21535,Na3Pd,False
21536,Rb3BS3,False
21537,PrHoTl2,False
21538,Sm2CuO4,False
21539,BaMg2In2,True
21540,Li3CuF6,False
21541,BiPt3,False
21542,BaMgOs2,False
21545,Si2P4Rh,False
21547,CeMn2Si2,False
21549,PrNiSb,False
21551,Ba3Cr2O8,False
21554,ThMnAl,False
21555,B2Mo,False
21556,AlVO3,False
21557,Er2Si3Ni,False
21558,CeGeAu,False
21562,Zr2AlN,False
21563,YSbPt,False
21564,Nd2Mn2CuSi3,False
21565,CeSi2Ir2,False
21566,InGe3,False
21567,H4C5S2N2,False
21568,Ta5As4,False
21569,K3Ga,False
21570,SrTmO3,False
21571,BrF5,True
21572,BaPrMn2O5,False
21573,AlCoN2,False
21575,CdH2C3O4,False
21577,La2Co2I,False
21578,Fe6O11F,False
21580,K2TeSe3,False
21581,AlCuSe2,False
21584,PrUS2,False
21585,BeO,False
21586,Si3Ir,False
21587,Zr3S2,False
21589,CdHg2,False
21590,Rb2PtSe2,False
21593,ScI3O9,False
21594,H3C2O,False
21595,U3H2O10,False
21596,SrAcIn2,True
21597,YSi2Ir2,False
21598,H7C6SN,False
21599,Nd2SbO2,False
21600,TiCrAg,False
21601,V2CuBr,False
21602,TaI2O,False
21604,Mg2NiH4,False
21606,FeBiAsO,False
21607,K3Ga,True
21610,NbAgO3,False
21611,TlFe2Se2,False
21613,BaB2S4,False
21615,K4BeP2,False
21616,RhF3,False
21617,Sb5IO7,False
21618,CaNd2Te4,False
21621,AlFeO3,False
21623,YbAg3,False
21624,Sb3Au,False
21625,PdS2,False
21626,LiTiS2,False
21627,AlH16C10ClO4,False
21628,KTmO3,False
21629,PrCuGe,False
21630,YbTiO3,False
21631,NdGa3Pd,False
21633,ZnGeP2,False
21634,Sr2Mg,False
21635,Li2FeCuO4,False
21636,Mn2GeRu,False
21637,Li3Cu4O4,False
21638,Ga3Hg,False
21639,BiBCl,False
21640,SrTiN2,False
21641,Rb6Br4O,True
21643,Pd2O,False
21644,Fe2O3F,False
21645,LiSiB,False
21646,NiSnH12O6F6,False
21647,Ca2PbN2,False
21648,TmI2,False
21649,NaPrS2,False
21650,ThCo2Si2,False
21652,CeCu2Si,False
21653,CeSiRu2C,False
21654,CdH20C12O4,False
21655,NaMnO2,False
21657,CaTmZn2,True
21658,KMg3,False
21662,NdZnPO,False
21665,Li3IrF6,False
21666,Nb3Ni,False
21667,Nd3NbO7,False
21669,Ba2Fe4AsP3,False
21670,SmScSi,False
21671,HoTlPd,False
21672,CdH4C4O4,False
21673,Na2SiF6,False
21674,Hg2GeSe4,False
21676,BaHfMg2,False
21678,MnCuPt6,False
21679,Y2HgO4,False
21680,LiBeAs,False
21681,Pr2FeSn4,False
21682,ZrUS2,False
21684,Zn2TeSe,True
21685,DyLuCu2,False
21687,FeSn,False
21688,Mg3H2O6,False
21689,MgC4N6,False
21691,AlCoO3,False
21692,Y2MgSi2,False
21693,TmFe2Ge2,False
21694,SnRuW,False
21695,HfThTc2,False
21697,CuO,False
21699,TaTiB4,False
21700,NbRh3,False
21701,NdCo2Si2,False
21702,TbB2,False
21704,Pu3Th,False
21705,DyHoTl2,False
21706,Yb4Y,True
21708,Li2InHg,False
21710,Tl6SBr4,True
21711,CrPSe3,False
21713,Al5HO8,False
21715,Nb6AlSn,False
21716,Sr2Pb3,False
21719,Li7NbO6,False
21720,Rb2S,True
21723,H5C5SNO,False
21724,CrNi2Hg,False
21725,SmTe3,False
21726,ZrTi2O,False
21727,TaMoS4,False
21728,Rb2ZnH4,False
21731,Rb3InO3,False
21732,Sr2UInO6,False
21733,FeP4,False
21734,LiCu2F6,False
21737,MoPt2Br,False
21738,Li2MnF4,False
21739,SmS,False
21740,AcFeO3,False
21741,LiNbO3,False
21743,YbBRh3,False
21746,CaAl2Ga2,False
21748,ThTaN3,False
21749,MgInCu4,True
21750,KInBr3,True
21751,RbCrO2,False
21752,NbVH4,False
21754,CaMg2As2,False
21755,TcIrOs,False
21756,Li4Mn3Co3Sn2O16,False
21757,K3MoBr6,False
21758,Ag2Se,False
21759,AgSbPb2S4,False
21760,PrSi2Ni2,False
21761,H5C7NO2,False
21763,DyTmCd2,True
21766,CrPt,False
21767,ZnNi4O5,False
21768,Tl3AsSe3,False
21771,TiZnBi2O6,False
21772,NdSi2Pt2,False
21773,RbDyS2,False
21774,YTe3,False
21775,MgAg2O4,False
21777,K2Te2Pt,False
21779,ZrCl2,False
21780,TmRu3,False
21781,Tm2TeO2,False
21782,Th2In3Sn3,False
21784,YbLaPt2,False
21786,MgAl2Sn2,False
21787,SiH3I,False
21788,Mg2CoIrO6,False
21790,Na2TiF6,False
21791,Rb2Mg,False
21792,YAgTe2,False
21793,YbAl2,False
21795,CoS2,False
21796,LiCuO,False
21798,ZrTiNi2H2,False
21799,H7C5,False
21800,Li2CuSn,False
21802,H8C5O2,False
21804,Br3N,False
21806,KCa3,True
21807,CrNiSb2,False
21809,AlH16C10ClO4,False
21810,LiMgN,False
21811,Sr2FeBrO3,False
21812,MnGeRh2,False
21813,Nb3SBr7,False
21814,K3CeCl6,True
21815,Tl2SiF6,True
21817,SmSe,False
21818,LiVO2F2,False
21819,Mn6O5F7,False
21821,YTi4Cu3O12,False
21823,DyBO3,False
21825,Rb2HgIrF6,True
21827,LuUTe6,False
21829,NbB2W,False
21831,LaF3,False
21832,MgH2O2,False
21833,Sr3SbN,False
21834,CaCu2Ge2,True
21835,LiGeN,False
21837,CO2,False
21838,V2O5,False
21839,KSb2,False
21840,AuBrF6,True
21841,TaCo6Mo,False
21842,NbB4Mo3,False
21843,NiBTe,False
21845,Al5CuSe8,False
21846,Rb2CoSe2,False
21847,Er2CdOs,False
21849,DyMn2SiC,False
21851,Na3SbSe4,False
21852,K3Rb,False
21853,AlCuO2,False
21854,K3AsCl6,True
21855,CdH6C5O4,False
21856,NaAlH2CO5,False
21857,H5C7SNO,False
21858,Cr4Te3S,False
21859,ZnBi3,False
21860,NbVCr,False
21861,BiTe2Br4,False
21864,RbCuCl3,True
21865,Nb3Ni,False
21866,NiRh2O4,False
21867,GeSe,False
21868,KHg3,False
21869,Rb3CuO2,False
21870,FeTe,False
21871,NdAg2Ge2,False
21873,Li2InCuCl6,False
21874,Na3BP2,False
21875,HoPd,False
21877,Er2CdPd2,False
21878,NdYIn2,False
21879,K2ScTlBr6,True
21880,BeGeB,False
21881,FeS2,False
21882,Dy3TaO7,False
21885,Te2W3Se2S2,False
21886,BaCaI4,False
21888,NaMn2O4,False
21889,Mg3Cd,False
21891,CrNi3,False
21892,Mn3Sn,False
21893,Ca2TiIrO6,False
21894,Zr2Zn3Ga3,False
21897,In4Bi2S9,False
21898,UO3,False
21899,La5Mg,False
21901,Sm2Pt2O7,False
21902,La2RuAu,False
21903,K2PdBr6,True
21904,HoBPd3,False
21905,Np2InNi2,False
21908,Nb6RuRh,False
21909,Sm2TeO6,False
21911,ZrAlW,False
21912,AgXeF9,True
21913,DyTmIn2,False
21914,SrMg3O4,False
21916,Th2SeN2,False
21918,HoAu3,False
21919,K2NaTaBr6,False
21920,BeSbAs2,False
21923,BaAgP,False
21925,Na3Mn4O8,False
21926,Sc2AgPt,False
21927,Na2PtO6,False
21928,NaCr2S4,False
21930,RbLiS,False
21932,SiC2N4,False
21935,BiN,False
21936,CuNi2Sn,False
21938,YbTlPd,True
21939,LuTiO3,False
21940,Li2CeAs2,False
21941,LiMnF6,False
21942,H4C6O,False
21943,Pr2TlIn,False
21944,NbMoSe4,False
21946,LaZn2Ag,True
21947,KY2Ti2S2O5,False
21949,Li2AlGa,False
21950,K2NaAsBr6,True
21951,NaLi2Sb,False
21952,SiO2,False
21953,TaF3,False
21954,Ho2CdPd2,False
21956,SmNi5,False
21957,K2NaAuBr6,True
21962,NdSi2Ni2,False
21963,Si2CN4,False
21964,SrAlSi,False
21965,BaTe,False
21967,VFeN2,False
21968,K3BiTe3,False
21969,Ca3GeO,False
21973,CeInAu2,False
21974,Cr3NiB6,False
21975,VCu3S4,False
21976,Rb2WCl6,False
21980,Al2B2Ru3,False
21981,Sc2ZnHg,False
21983,NdZnAsO,False
21984,Pr3Y,False
21985,K2TlInCl6,True
21986,H10C15S2,False
21989,Ba3UO6,False
21990,ThTa2O7,False
21993,K3PrCl6,True
21994,Sc3TlC,False
21995,CaB2H4O6,False
21996,ZnCo2,False
21997,LaYMg2,False
21998,SiO2,False
21999,PrFeSi2,False
22000,Th2SN2,False
22001,MgSe,False
22002,LaSiI,False
22004,BaC4O4,False
22005,LiSbN2,False
22006,Tb4CdRh,False
22007,PbS,False
22008,LaCeC4,False
22010,Na2GaAgI6,True
22012,FeRh2S4,False
22014,NaMnP,False
22016,La3Nd,False
22017,TbMgAg,True
22018,BaMgTi4O8,False
22020,Rb3Na,True
22021,Nd2NiO4,False
22022,La3Sn,False
22023,K2NaNdI6,True
22024,BaCaMn4O8,False
22025,SbCl3F2,False
22026,CaCrGe2O6,False
22028,TiPt,False
22029,Nb3SnH,False
22031,TbSe,False
22035,K2NaCrCl6,False
22036,LiY3,False
22037,BaFe4O8,False
22040,Li2CeP2,False
22041,TaSe2,False
22042,Y2CoRu3,False
22047,CdNi3C,False
22048,Te3MoWS,False
22049,LiBeP,False
22050,NaInO2,False
22051,K2LiSbCl6,True
22052,K2NaInI6,True
22055,NaAlTe2,False
22056,Er6FeSb2,False
22057,Ge2Te5As2,False
22058,YbZnCuAs2,False
22060,GeBr2F10,True
22061,YbLi2Tl,False
22065,Sc2PtRh,False
22067,KBH4,False
22068,Dy3AlC,False
22071,CdGa2Se4,False
22072,NdTa3O9,False
22074,LiNiOF2,False
22075,Zr2AlN,False
22077,ZrNiBi,False
22078,PbI2,False
22080,KTlO2,False
22081,SrFe2N2,False
22082,BaSiTc2,False
22084,V3Pb,False
22085,AlCr2,False
22086,H4C6S,False
22087,NaCaAs,False
22088,HPbClO,False
22089,Mn4S3N2,False
22091,Sm4U2O11,False
22092,SrSc2S4,False
22094,MnNiSb2,False
22095,Li2VF4,False
22096,K2LiCeI6,True
22097,K2NaCeBr6,True
22098,SiWCl2,False
22099,H5C8SNO,False
22100,Cd2P3I,False
22102,MgCuSn,False
22103,HgBrO3,False
22104,Te4Mo3WS4,False
22106,CeGe2Pt2,False
22107,Sc2TlHg,False
22108,TbBPd3,False
22109,VCrB2,False
22110,Ag5SbS4,False
22111,Sr2FeSnO6,False
22112,TmI2,False
22113,AlInB,False
22116,NiF2,False
22117,Y2GeO5,False
22118,YSn3,False
22119,RbFeSe2,False
22121,AlH6C5ClO4,False
22123,Na4S2O5,False
22125,Li3MnP2HO8,False
22127,VSnO4,False
22130,ThNiGe2,False
22131,Y2SO2,False
22132,Cd2P3Br,False
22134,LiAcHg2,True
22135,MgAl2,False
22136,InTeClO3,False
22138,LaCeMn2O6,False
22139,CdH20C12O4,False
22140,K2LiCeCl6,True
22141,LiCuCO3,False
22142,H12C17S,False
22143,HgMo6S8,False
22144,Ho3AlC,False
22145,SmCrO3,False
22146,PrSi2Pd2,False
22147,TlCoNiSe2,False
22148,Nd2GaCo2,False
22149,Li5MnOF5,False
22150,Sc2S3,False
22151,CuSnRh2,False
22152,Nd2CoO4,False
22153,H23C15,False
22154,MgBi2O6,False
22155,Sc2AlSi2,False
22156,HoSnPt,False
22157,NbSbRh,False
22160,K2RbAsBr6,True
22162,BaVS3,False
22163,UP,False
22165,ThMn2Si2,False
22167,LiZnP,False
22168,ScZnAu2,False
22169,Rb2ZrO3,False
22170,BaSiB,False
22172,BaCa2I6,True
22173,HoAu4,False
22174,Rb3FeF6,True
22175,YbLi3,False
22176,Bi4O3F7,False
22177,Mg5H2O6,False
22179,MoRu,False
22180,HgF,False
22181,TmBiO3,False
22182,InNi,False
22183,LiCuF2,True
22184,ZnH2C3O4,False
22185,Sc2ZnPd,False
22187,Zr6NiSn2,False
22188,USe3,False
22190,AlN,False
22191,Sm3S3N,False
22193,Y3CuSnS7,False
22195,P2PdO6,False
22196,SrZrZn,False
22199,VAsRh,False
22200,KHgSb,True
22202,Na2AsAu,False
22203,BaTiO3,False
22204,MnCoSn,False
22205,Tl2Te3O7,False
22206,RbTlO2,False
22207,V2CrTe4,False
22208,MgCd3,False
22209,KMnSb,False
22211,LiCrPO4,False
22212,BaAg5,True
22214,Sr3Ca,True
22215,CrHgF6,False
22216,SnH4C2Cl2,False
22217,ZrHCl,False
22218,ZnO,False
22219,MgTePb2O6,False
22221,K2ScAgI6,True
22224,DySi2Ni2,False
22225,Li2VF4,False
22227,RbPbF3,False
22228,AlCl3,False
22229,BaC2,False
22230,HfSbRu,False
22231,ZrH6C5O4,False
22232,MgS,False
22233,Sr6Rh5O15,False
22234,Nd3SiAgSe7,False
22235,NaErO2,False
22236,Co3SnO8,False
22237,Ti2Cu3,False
22240,V2CdO4,False
22241,Li2Fe2S3,False
22244,Li2CrS4,False
22245,NaYS2,False
22246,Ta2CdBi,False
22247,HgOsPb2,False
22248,Li2CuF4,False
22249,Li2RhN2,False
22250,YIn5Rh,False
22252,H10C14S,False
22253,MnCoSe2,False
22255,U3As2Se,False
22257,ZnH4C4O4,False
22258,TbGaI,True
22259,HgF2,True
22260,TbCo2Ge2,False
22263,Zr3Si2,False
22264,Sr3SmRhO6,False
22266,Li2MnO2,False
22268,HoInAu2,False
22269,H3C2F,False
22270,VBr2,False
22273,SrMn2Sb2,False
22274,Li2CeN2,False
22277,LiSbSe2,False
22281,RbCeSe2,False
22282,CdIBr,True
22283,K2AgBiCl6,True
22284,UFe2,False
22287,InHO2,False
22288,TlCl,True
22291,Br2O,False
22293,Nb2SnC,False
22295,H7C8,False
22296,ZrUAl4,False
22297,InAgS2,False
22298,RuC,False
22299,Ca6GaN5,False
22301,TbSi2Ni2,False
22302,TlCNO,False
22303,CaMnN2,False
22305,MnGa2Tc,False
22306,La2YC6,False
22308,La2GaNiO6,False
22310,K4HgP2,False
22311,BeBiOs2,False
22315,LuIn2,False
22316,Na5Mn7O16,False
22317,SrAl2,False
22319,MgAlF5,True
22320,K2LaAgCl6,True
22321,Ba5Bi3O11,False
22324,Sb2S2O,False
22325,Ca2CdN2,False
22328,HoPbAu,False
22329,B2IrCl,False
22330,OsCl2O,False
22331,CdH8C6O4,False
22334,SnH4C2Cl2,False
22335,Ta3SeI7,False
22341,CaSc2O4,False
22342,Ag2S,False
22343,KScO2,False
22344,LiInSe2,False
22346,Rb2YCuCl6,True
22349,CePrO2,False
22351,PtS2Cl8,False
22353,GaCuS2,False
22355,Ir4Os,False
22356,H4N2O3,False
22358,Cd3Cl2O2,True
22359,HgI2,False
22360,HoBRh3,False
22361,Ta2InCuTe4,False
22362,Ti2CuRe,False
22363,KLiSe,True
22365,MnSe,False
22366,Mg2SnIrO6,False
22367,LiCuTeO4,False
22368,RbYO3,False
22369,ScHO2,False
22370,YbZn2As2,False
22372,Y2O3,False
22374,LiMn5O5F,False
22377,GeSb,False
22378,ZrAl2Zn,False
22380,LaReB,False
22381,Na5Co2S5,False
22382,InCo2N2,False
22383,Zr6CoCl15,False
22384,TeMoWSe3,False
22385,TlCoBi,False
22386,Li7SbO6,False
22387,Rb2ScAuI6,True
22388,Sr3LiTa4O12F2,False
22389,TlI,False
22396,TlGaTe2,False
22397,U2Al3Os,False
22398,TaCoSb,False
22400,Al2Ru,False
22401,Li4NbTe3O12,False
22402,LiAgF4,False
22403,La2Cu3Ni,False
22404,TaCoTe2,False
22405,NbRu3C,False
22406,LaNi2Sn2,False
22407,CuSe3Br,False
22408,Ba2CaI6,False
22410,K2PtF6,True
22411,SrCa2I6,False
22415,CdInS2,False
22416,H6C7,False
22417,Nd3GaN,False
22418,Sr2CoBr2O2,False
22419,Rb2PtF6,True
22420,Li2HfO3,False
22421,Li4CuF7,False
22422,H9C5,False
22423,YNi2O4,False
22424,TmMg,False
22426,LiFePO4,False
22427,BaZrO3,False
22429,AlVF5,False
22432,H5C7NO,False
22433,Ca4As2O,False
22434,VGa,False
22436,Cu3PdN,False
22437,Li3Bi,False
22438,DyBiRh,False
22439,ZnH4C4O4,False
22440,NaMnSe2,False
22441,ZnCl2,True
22442,TbCo3B2,False
22443,ThInCu2,False
22444,InTeI,True
22446,ThNF,False
22447,CaZrPd,False
22448,TeW2Se3,False
22449,PuSi,False
22450,ZrBeCd,False
22451,Te2MoW3Se2S4,False
22455,SbSCl9,False
22456,BaHfN2,False
22458,V4C3,False
22459,MoBr2,False
22460,YbFe2O4,False
22462,Rb2PdC2,False
22463,KBiS2,False
22464,Na2CdSn,True
22466,NbCoSb,False
22467,Mg2TiIrO6,False
22468,KZnSb,False
22469,NaY3,False
22470,LiSbO2,False
22471,YMgAg,False
22472,GaCuCl4,True
22473,CdH8C6O4,False
22475,U2PS,False
22476,YCl,False
22477,Li5FeS4,False
22478,CuBr,False
22479,Ca2N,False
22480,BaMn4ZnO8,False
22481,RuF6,False
22483,Li3VO3F2,False
22484,Fe4P,False
22486,RbNaS,True
22487,Sr4LiCuC2O10,False
22488,MnFeAs,False
22489,BaYF5,False
22490,MgTe,False
22491,BH9C3O3,False
22493,Fe2CuGe2,False
22496,Er2Co3Ge5,False
22498,Co5O8,False
22499,V3O2F6,False
22501,Li3Ti4O8,False
22502,NbCrW,False
22503,Li8ZrO6,False
22505,Nd5AgS8,False
22506,Yb5Au3,False
22507,Te2MoWSe2,False
22508,H4C9S3O,False
22510,HfBe2Bi,False
22511,InSn3Se4,False
22514,YB2,False
22515,SrVO3,False
22518,CaTaTc,False
22521,KRhO3,False
22523,ZnH6C5O4,False
22527,Al2FeS4,False
22528,KMnF3,False
22529,Bi2Pt2O7,False
22530,DyGa,False
22532,SrBiAu,False
22533,ZnFeO3,False
22534,KCaNi2,False
22535,Ag2Te,False
22536,In2AsSe,False
22538,H10C14O,False
22539,KFeTc2,False
22540,LiAgF3,False
22541,Ho2O3,False
22543,SrMn2Ge2,False
22544,Ba2In2O5,False
22545,PaIr3,False
22546,NaRhO2,False
22547,FeRh,False
22548,Si3Bi2O9,False
22549,CdH10C7O4,False
22550,LiCoS2,False
22551,YbRb4I6,True
22553,BiBTe,False
22554,Zr2NiP,False
22555,RhF6,False
22556,VPt3,False
22557,H4IN,False
22558,ZnCdPt2,False
22559,Rb2HgF4,True
22560,Na2UO4,False
22561,Rb3Sb2Br9,True
22562,ZnFe2S4,False
22564,Li6CuF8,False
22565,Co2CuO4,False
22566,Sm2Ge2O7,False
22567,B4CCl6O,False
22569,Ni3Se4,False
22570,TiTl4Se4,False
22571,Ag6Mo2ClO7F3,False
22572,CuI,False
22574,HfSi2Br,False
22575,H8C14S2O,False
22576,ErSF,True
22577,BaCaRu2,False
22578,LiTeO3,False
22579,WO3,False
22580,CdSnO3,False
22581,ZnH6C5O4,False
22582,Ti2ZnO4,False
22585,Nb2CuS4,False
22586,Sm2Se2O,False
22587,Tb2SbO2,False
22589,LaMnSbO,False
22591,YbAlO3,False
22593,UI3,False
22594,YbBiAu,False
22595,YbSmSe3,False
22596,Er2O3,False
22597,Na2GeS3,False
22599,Li2TiB2O6,False
22600,KAuSe2,False
22602,Li5SbO5,False
22603,LaCoTc2,False
22604,Ga2CoS4,False
22605,DyInPd2,False
22606,TmIr2,False
22608,KCl,False
22610,K2PtBr4,True
22611,Rb3ErO3,False
22613,TeOsCl2,False
22614,YHg2,False
22615,SmCd2,False
22617,Li5BiO5,False
22618,YCuO2,False
22620,AgAuO3,False
22622,NbCrSe5,False
22625,HoN,False
22627,HgAsO3,False
22629,ScHgW2,False
22630,CaCu2N2,False
22631,NdSb2Pd,False
22632,ZnH6C5O4,False
22633,Tm2O3,False
22634,Y2Mn2O7,False
22635,NaTaO3,False
22636,BaY2NiO5,False
22638,Li2FePO5,False
22639,Hf2CoIr,False
22640,Sr2GeSe4,False
22641,HoTiO3,False
22642,Lu2O3,False
22643,RbFe2As2,False
22644,Tl2SiNi,False
22645,BaVClO3,False
22646,H6C11S2O,False
22651,K2ReF6,False
22653,AuCN,False
22655,Na6SbO5,False
22656,Na3As,False
22657,CuCl4,False
22658,Li3Nb3TeO12,False
22659,CaReBi,False
22660,Li5NCl2,False
22663,SrMoO3,False
22664,Ag3AuS2,False
22665,Sr2SnS4,False
22666,IrW,False
22668,Ni3Au,False
22670,Li4NCl,False
22672,CaMoN3,False
22673,MgCr2N2,False
22674,H12C5O4,False
22675,TbCl3,True
22678,AlFe3,False
22680,KBa2Re,False
22681,Te4Mo2WSe2,False
22682,NaGaTe2,False
22683,GaCuTe2,False
22684,AlP,False
22686,OsPtCl2,False
22687,Hf2CoP,False
22688,SmFeAsO,False
22689,SrCrO3,False
22690,HgB2C8N8,False
22692,Sr2Hf7O16,False
22695,CuSeO4,False
22696,Cr5Sb3O16,False
22697,HfSe3,False
22701,SnO,False
22702,YTi2S4,False
22703,YbSnRh,False
22704,SmSI,False
22705,TbCd2,False
22706,PrZnBi2O6,False
22710,Li2HN,False
22712,VTe2,False
22713,V3Pt,False
22714,TaCoSn2,False
22715,AlAs,False
22717,K2CoSe2,False
22718,TiO,False
22721,Li2CoNiO4,False
22723,CaPrFe2O6,False
22724,H4C7SO2,False
22726,CeCrO3,False
22727,Ba2DyBiO6,False
22730,CaPr2Te4,False
22732,ZrO2,False
22733,BaHgO2,False
22734,Rb2NbF6,False
22735,KMoRu2,False
22736,NdGe2,False
22738,LiMoO2,False
22741,CaMg2Bi2,True
22742,DyInPt,False
22743,Te2MoWSeS,False
22745,GaP,False
22746,Al2NiO4,False
22747,AlB2Pb,False
22748,ZrAlPt2,False
22749,Ba2PdO3,False
22750,PrZnFe2O6,False
22751,YV2S4,False
22752,CaBiB,False
22753,UGe2Rh2,False
22754,ZnGa2S4,False
22755,LaCd,False
22756,Li5BiS4,False
22758,CdAu,False
22759,Ca3Fe2Cl2O5,False
22760,CdO,False
22761,ZrMn2,False
22762,RbBr,False
22763,KO2,False
22764,YbPO4,False
22765,BaCu2S2,False
22766,Ca3SiO5,False
22768,TlSbS2,False
22769,Ca3SbN,False
22770,Cu3N,False
22772,LiVSiO4,False
22773,CdPOs2,False
22777,Al2Si2H4O9,False
22778,SmSF,True
22779,YCo2S4,False
22782,CaHoTi2O6,False
22784,NaAlSe2,False
22785,NaSe,False
22786,SrBiB,False
22787,HoHO2,False
22790,NdSF,True
22792,LaVCrO6,False
22793,Ta2FeOs,False
22794,Yb2BaNiO5,False
22797,AlCrF5,False
22798,SrZn2As2,False
22799,Al2Fe2O7,False
22800,Rb2TeBr6,False
22801,Mg2PbW,False
22802,Ca3N2,False
22803,LiSmS2,False
22806,MgV2N2,False
22807,BaTm2NiO5,False
22809,SrCu5,True
22810,NpMn2Ge2,False
22811,ZnTe,False
22812,Ir3W,False
22815,BaMg2Bi2,False
22817,LiPt7,False
22818,U3Si2C3,False
22819,KAsF6,True
22820,PrIO,False
22821,NaH2Pd3,False
22822,Rb2O,False
22823,H16C9O3,False
22826,YIr,False
22827,K2TiF6,True
22829,WO3,False
22832,SmEr3S6,False
22833,Al5HO8,False
22834,SrPr2Se4,False
22835,YMnO3,False
22836,CrIrRu,False
22837,KCuO2,False
22839,Na4ReN3,False
22840,Dy2Fe2Si2C,False
22841,SrCd2As2,True
22842,H7C9S2N,False
22844,ErTlPd,False
22845,BaYTiCuO5,False
22850,CaFe2O4,False
22851,TbYb2PrS6,False
22852,SmAl2Cl8,False
22853,AlNiF5,False
22854,Rb2CO3,False
22855,UB2O6,False
22856,As2Pb4S6ICl,False
22857,SrAl4O7,False
22859,BiOF,False
22860,K2H6Pt,False
22862,LiTaW2,False
22863,LiFePO4,False
22864,BN,False
22865,CaZnSn,True
22866,MoN2,False
22867,Sb2O3,False
22869,YOF,False
22870,AlAs,False
22872,CaHfZn,False
22873,InFe2O4,False
22874,LiBiB2O6,False
22875,Sm5AgS8,False
22876,Ca2Nb2O7,False
22878,PbI2,False
22879,MnIr,False
22880,YH3O3,False
22881,BiOF,False
22882,Li2AlAg,False
22885,TlCuPO4,False
22886,Mo3WSe6S2,False
22887,BaTiO3,False
22888,Co3W,False
22889,Na2TiAu,False
22890,Li2Ti2CoO6,False
22891,CrCdF6,False
22893,CsPbF3,True
22895,ZrTcCl,False
22897,AgBiS2,False
22898,KBePt,False
22900,MoW3Se4S4,False
22901,TlPd2Se3,False
22902,LaF3,False
22903,VFe2Sn,False
22904,DyTmO3,False
22906,ZrS2,False
22907,LiCuS,False
22908,Al5CuS8,False
22911,Ca3Ti2O7,False
22912,MnAsRh,False
22913,H8C8O,False
22914,ThPd,False
22915,RbSnS2,False
22917,TmAgP2Se6,False
22919,NaZnF3,True
22921,SnHg2Se4,False
22923,PrTlPd,False
22924,SrCrF6,False
22925,MoF5,False
22927,NaTmO2,False
22928,Ta2CuO6,False
22929,Li4MnSi2O7,False
22930,CaTiO3,False
22931,Sb3Pb,False
22933,UTe2,False
22934,AlCuO2,False
22935,Na2PtC2,False
22936,SrS3,False
22937,Ti3Zn2O8,False
22938,Yb5Pb3,False
22939,ScAlAg2,False
22941,MgNiBi,False
22943,VO2F,False
22945,FeBiO3,False
22946,WF5,False
22947,ThNi5,False
22948,Fe2O3,False
22949,Al2GeH2O6,False
22952,SrSO4,False
22953,Li2CdCl4,True
22954,TbCd3,True
22955,Sb2Pb2O7,False
22956,SmAlGe,False
22958,VAg3O4,False
22959,Li5Sn2,False
22961,LiMgSnPt,False
22963,Ag2S,False
22964,RbCuC2,False
22966,Li5VSi2O8,False
22967,LiInSe2,False
22968,Ca2Al2O5,False
22969,DyNiSb,False
22971,NiCN2,False
22972,Yb2Ge2Ir,False
22973,MgCoO3,False
22974,TlClO3,False
22975,KZnAs,False
22976,Cd2AgAu,True
22977,InAgTe2,False
22978,Zr2Au,False
22981,AlSnO3,False
22982,Ga3Fe,False
22983,BaYCuAgO5,False
22984,YRhW2,False
22987,Y2FeB,False
22988,CaFeO2,False
22989,CeP,False
22990,LiPt,False
22992,CoRe2O8,False
22993,Na4CO4,False
22994,BaBeGa,False
22996,FePt,False
22999,Sm2CdS4,False
23001,SrHIO,False
23003,Li2BiO3,False
23004,YCuF5,True
23005,LiMg2Tl,True
23007,Na2MgH4S2O8,False
23008,LiFeO2,False
23011,VOF3,False
23012,AsF3,True
23015,YCuO2,False
23016,AgCNO,False
23019,H14C3NF5,False
23021,Ca2TaAgO6,False
23022,K2SnCl6,False
23023,MnVNi,False
23024,LiFeO2,False
23026,CoAs3,False
23027,CoCl2O8,False
23028,Li3MnCo2O6,False
23029,Sb3O2F5,False
23030,PbIBr,True
23031,LiMnF3,False
23033,NaCuO2,False
23034,FeCoO4,False
23035,Si2Mo,False
23036,AlAgS2,False
23037,MgSiN2,False
23038,SmSnAu,False
23039,ZrBTe,False
23040,NiO2,False
23041,USnPt,False
23042,TmSi2,False
23043,YbClO,True
23044,CaSiO3,False
23046,GeO2,False
23047,Te2MoW2Se4,False
23048,UCO5,False
23051,Sr2B5H2O11,False
23054,TlPt2Se3,False
23055,Ga2Ge4Pb3O14,False
23057,Y2Pb2O7,False
23058,SrHfO3,False
23060,Te4MoW2S2,False
23061,NaBe4SbO7,False
23062,ZnS,False
23063,CaMnSn,False
23064,Ag2S,False
23067,MgTaZn,False
23069,ErSnPt2,False
23070,BN,False
23071,Li3ZrNbTe2O12,False
23074,BeInSi2,False
23075,CdI2,False
23077,BiO2,False
23078,Cd3PCl3,True
23079,CoGe,False
23080,H4C2O,False
23081,Mn2H2SO6,False
23082,NaO3,False
23083,Li2MnCrP2O8,False
23084,Au2Se2O7,False
23085,Na3SbO3,False
23087,BaTiAlCuO5,False
23088,CdSiAs2,False
23094,SiO2,False
23095,NaBeH3,False
23096,CaPbO3,False
23097,ZrO2,False
23098,MgCN2,False
23099,TlBrO3,False
23100,BaCO3,False
23101,NaNb6O15F,False
23102,BaLu2O4,False
23103,Cs2PdI6,False
23105,Li5ReN4,False
23106,SiAs3,False
23107,HoHO2,False
23108,CaH2O2,False
23109,RbPt2Se3,False
23110,BaPdS2,False
23111,RbO,False
23112,MoS2,False
23113,CdCu2GeSe4,False
23114,BaSnHg,True
23115,BaGe2B,False
23116,NbVF6,False
23118,CaTiF6,True
23119,ZnSe,True
23120,LiSbTe3O12,False
23121,TlBCl2,False
23124,YPb3,False
23125,Si2W,False
23126,CaMoF6,False
23128,Cu2H3ClO3,False
23129,BaC2,False
23131,Rb3AlO3,False
23133,TaCrO4,False
23135,SrScBe,False
23136,NaLuO2,False
23137,TiCdHg2,True
23138,InI3,True
23140,AgCNO,False
23141,TaPd3,False
23142,Ca2SiO4,False
23145,TbNbO4,False
23146,AlCo2O4,False
23147,B4C,False
23148,LiAuC2,False
23152,CdI2,False
23153,V2O3F2,False
23154,LiCeSn,False
23155,AgN3,False
23156,SbAsO3,False
23157,NaAsSe2,False
23161,BeSiN2,False
23162,Cr3HO8,False
23164,Li2FeCo2O6,False
23165,YScBe,False
23167,FeO2,False
23168,Ag3As2O8,False
23169,H12C10O3,False
23170,Ho2Sn2O7,False
23171,K3P,True
23172,TiCo3,False
23174,InCoSi2,False
23175,TiSnPt,False
23177,NaInH8N2F6,False
23178,TlSbTe2,False
23179,BaYFe2O5,False
23180,Rb2CdCl4,True
23181,SiCu2Se3,False
23182,SmNbO4,False
23184,Rb3Sb,True
23185,HfPbO3,False
23186,NiO2,False
23187,BaAlCuAgO5,False
23188,CaBiF6,True
23189,Na2Be2O3,False
23190,Li2SnO3,False
23191,CuH4O2F2,False
23194,CrF6,False
23196,RbMnP,False
23199,PrPt5,False
23200,Sr3Sc2Cu2S2O5,False
23201,LiP2WO7,False
23202,Sn2BSe,False
23203,NiN,False
23207,Yb5Ge3,False
23208,Ca2GeO4,False
23211,KPH2O4,False
23212,NiC2S2N2,False
23214,SrAl2B2O7,False
23215,TiCuHg2,False
23216,Pb3SO6,False
23217,LiBiP2O7,False
23218,Ca2CuBr2O2,False
23219,Li2CrCo2O6,False
23220,CuSe3Br,False
23221,SbS2NCl6,False
23222,Pr2NiO4,False
23224,ScRu,False
23225,Na2LiTa,False
23226,TlTcIr2,False
23227,BaErCuS3,False
23232,Zn2SnO4,False
23233,CaV2N2,False
23234,YbSbPd,False
23235,Nd2O3,False
23236,Li2Mn2F7,False
23237,TaV2,False
23240,HoMg,False
23242,CdI2,False
23243,TaS2,False
23244,Y6CoBi2,False
23245,AlPO4,False
23246,NdFe4Sb12,False
23247,NaLi5N2,False
23248,H8PdN2Cl6,False
23249,LuGaO3,False
23250,TiBi2O6,False
23251,Li2Fe5O10,False
23252,BaSb2F12,True
23253,K3N,False
23255,Ba2NdNbO6,False
23256,FeHO2,False
23257,ScCuO2,False
23258,HCl,False
23259,K3NbO8,False
23262,Hg3AsS4Br,False
23263,CaNiN,False
23265,YFeO3,False
23266,K2CuSb,True
23267,YbC2,False
23268,Fe2SiO4,False
23269,NbNO,False
23270,InAgO2,False
23271,BaAgSb,False
23274,FeGe,False
23275,HgS,False
23276,Sc5Si3,False
23277,Ba3FeN3,False
23278,GaHO2,False
23279,BaSO4,False
23280,Li4CoP2O8,False
23281,Ca3AsN,False
23282,HfTe4Cl6,False
23283,Cu2WS4,False
23284,CdNiP,False
23285,H14C9O3,False
23288,SbO2,False
23289,MnTcPd,False
23290,BaAlCu2O5,False
23291,RbAuC2,False
23293,Ba2DyNbO6,False
23294,InFeAs,False
23295,KRbS,True
23296,Li3In2,False
23298,AgB2,False
23299,NiPbF6,True
23300,SrSi6N8,False
23302,PrMnSi,False
23305,DyAgTe2,False
23306,CdI2,False
23308,HBr,False
23310,Na5LiN2,False
23311,K2TiS3,False
23312,YMnGe,False
23315,Ca3SbN,False
23316,TiS2,False
23317,Dy5AgS8,False
23318,ScH3O3,False
23319,SnS,False
23320,Ho2CdS4,False
23323,Nb4Tl4O13,False
23324,BiF5,False
23325,KMnF3,False
23326,BaBOF3,False
23327,Li2Ti3CoO8,False
23328,NaHO,False
23330,WSeS,False
23331,Rb2CuH4Cl4O2,False
23332,BaHfMo,False
23334,Rb2IrF6,False
23336,BaTiO3,False
23338,TaPt3,False
23340,CeCoGe,False
23341,TlCoMo2,False
23342,CaGeO3,False
23345,YbLiF4,True
23346,KAuC2,False
23347,Si3H,False
23348,Li5CuP2O8,False
23349,ReSnGe,False
23352,NaOsSe2,False
23353,KNO2,False
23354,Yb2CaS4,False
23355,CoBi2O6,False
23356,ZrPbO3,False
23357,Ca3BiN,False
23358,BaAl4S7,False
23359,ScAuO2,False
23360,CaTa2Tl,False
23362,LiFeSiO4,False
23363,Cd2H2SO6,False
23364,YNi2O4,False
23365,C3N4,False
23366,NaMnO2,False
23367,Li4Mn3NiP4O16,False
23368,BaAlCuBiO5,False
23370,Rb4Br2O,False
23371,CdI2,False
23372,CeNiSb2,False
23373,Dy2S2O,False
23375,Tl2O,False
23379,PbS,False
23381,Ba2TmNbO6,False
23382,ZnSnF6,True
23383,Tl2SiSe3,False
23384,Na4SnSe4,False
23385,Li4MoO5,False
23387,RbHS,False
23388,H12C11O2,False
23389,BaYI5,True
23390,Tb2Fe2Si2C,False
23391,LiMn4O8,False
23393,NaAlSiO4,False
23395,SrGe2Ru2,False
23396,LaAgSO,False
23397,SbSCl9,False
23398,MgGeP2,False
23399,RbCaH3,False
23401,RbLiCl2,True
23403,KCoO2,False
23405,Na3UF7,False
23406,WO2,False
23407,MnSbSe2Br,False
23409,Nb2O5,False
23410,Na6ZnS4,False
23411,Sr2ZnCu2S2O2,False
23412,SrMnRe2,False
23413,NdMnPO,False
23415,YUO4,False
23416,CrCl3,False
23417,Ba2LuNbO6,False
23419,BaTi4O7,False
23420,Fe2NiO4,False
23421,Ho6CoBi2,False
23422,RbAg3Se2,False
23424,Hg3AsSe4Br,False
23426,KTi2Bi,False
23427,CeOF,False
23428,CeAl3Ni2,False
23430,Ba2MnTeO6,False
23431,MgFe2N2,False
23432,Rb2Pt3S4,False
23433,Li3Sb,False
23434,H10C7O6,False
23435,TcNiW,False
23437,KZr2Nb,False
23438,K2Mn2O3,False
23440,NpCr2Si2,False
23441,MnO2,False
23442,CdSnF6,True
23443,HfMn2,False
23445,Nb2O5,False
23447,CuI4,True
23448,TlInS2,False
23450,AlCuSe2,False
23451,Li2ZnCl4,True
23452,NdMnAsO,False
23453,NbSe2Br2,False
23454,SiO2,False
23455,AgCNO,False
23456,BaAlCuSnO5,False
23457,Na2SrFe,False
23458,LiNi2Sn,False
23459,MoH4O5,False
23460,Na3PS4,False
23461,K2TeBr6,True
23463,ZnSnSb2,False
23465,K3WF6,False
23466,Ni3TeO6,False
23467,CrO2,False
23468,SbHO3,False
23469,LiBi3O6,False
23471,BiSb2Os,False
23472,UBrO2,False
23473,Li2CuSb,False
23474,Rb6AlSb3,False
23475,BTe2As,False
23477,Ge5Te8As2,False
23478,CaGe2Ru2,False
23479,YbMnSi,False
23480,ZnIn2S4,False
23481,Rb2O,False
23484,NaAuO2,False
23486,NaClO2,False
23487,LiNd2HO3,False
23488,LaNiO2,False
23489,Na5NiSO2,False
23492,Ca2SiB2O7,False
23493,CaP,False
23494,TiZn2,False
23496,LuVO4,False
23497,MnN,False
23498,KAg2AsO4,False
23500,CeAg,False
23503,ZnS,False
23504,AlCuS2,False
23505,InAsF6,True
23511,Nd5Fe2B6,False
23512,CdIn2O4,False
23514,P2Rh,False
23515,Na3Cl2,False
23516,Na2Cl,False
23517,TlFe2S2,False
23518,Ba2N,False
23519,ZnCu2N2,False
23520,NiO2,False
23522,RbO2,False
23523,Zn3As2H16O16,False
23524,Ca3N2,False
23525,MgSbF5,True
23526,NdSeO,False
23527,LiHoO2,False
23528,CaMn2N2,False
23529,SrNiIr2,False
23530,FeN,False
23532,KNaO,True
23533,MnHO2,False
23534,Ag3Pt,False
23535,ZrSnPd,False
23536,AlCrO3,False
23538,Nd5Si3,False
23539,SrZrO3,False
23540,ZrAgMo,False
23541,CaMnGe2O6,False
23545,ScSbPd,False
23546,TcSO6F,False
23547,LiHoSe2,False
23549,InSe,False
23554,VPbO3,False
23555,Mn4As3,False
23558,Sr5Au2O8,False
23559,IrF3,False
23560,Bi2B2O7,False
23561,LiTa2CuO6,False
23562,CuHgSeCl,True
23563,UAu2,False
23564,Ta2PdSe6,False
23565,LiFeSiO4,False
23567,HfV2,False
23568,BN,False
23569,SiBAu,False
23570,GaS,False
23571,PdO,False
23573,ZnNi2O4,False
23574,TlZn2Tc,False
23575,HoInRh,False
23576,B6O,False
23578,In2CoS4,False
23579,VPO5,False
23582,ZnI2O6,False
23584,VO2F,False
23585,SrLiH3,False
23586,Ga2HgO4,False
23587,BaSn2,False
23589,SnPS3,False
23591,ErSi2,False
23592,C3N4,False
23593,BaMnO3,False
23594,CeAl5Ni2,False
23596,YCuO2,False
23597,Te2Mo3WSe2S4,False
23599,YCrO3,False
23603,HoZnBi2O6,False
23606,ErTe3,False
23608,Zr2N2O,False
23611,FePbW2,False
23612,Ca2CoO3,False
23613,LaMnO3,False
23614,Er2Zr2O7,False
23615,Li2CuSiO4,False
23616,LiV2O5,False
23619,Rb3BrO,True
23622,UV2O6,False
23623,TaPbSe2,False
23624,TiZn2IrO6,False
23625,LiGaO2,False
23626,ZnCo2N2,False
23627,SrC2,False
23628,AgH4WS4N,False
23630,SrP2Ir2,False
23631,Li3MnV3O8,False
23632,K2Se5,False
23633,Ba2CdS3,False
23635,Cu8O,False
23636,HgPb2Cl2O2,False
23637,SiC,False
23643,MgSiO3,False
23644,MgBe2B,False
23646,V2MoO8,False
23647,CeAl3,False
23648,SrP3,False
23649,NdSb,False
23650,NaBiSe2,False
23651,Sr4Zn3F14,False
23652,K2RbPt,True
23654,UNiSn,False
23655,MnSbIr,False
23658,Na2PdC2,False
23659,SmVO3,False
23662,Tl2NiC4N4,False
23663,KH2N,False
23664,Dy3InN,False
23665,SiBPb,False
23669,ZnAgF3,False
23670,SrBr2,True
23673,CeInNi,False
23675,Li5CrCl8,False
23676,CaCrF6,False
23677,Li3P2WO8,False
23678,RuO4,False
23679,BaNiO2,False
23680,CaFeO2,False
23681,SiC,False
23682,Li2MnF4,False
23683,UGe2Pt2,False
23684,NiH2O2,False
23685,PrVO4,False
23687,NiH2SO5,False
23689,Mn2RuC6N6,False
23690,MoW2Se6,False
23692,TmAsO4,False
23693,Sr3BiN,False
23694,GaAs2W,False
23696,Hg2ClO,True
23697,TbH2Br,False
23698,MnSe,False
23699,NaMnSe2,False
23700,TaRu,False
23701,LiTiTe2,False
23702,ZnSb2Xe6F24,True
23703,YTiF5,False
23704,Na5CuSO2,False
23705,Rb2CaH4,False
23706,MgSn2N2,False
23707,AlTlO2,False
23708,CoTeMoO6,False
23709,UMnSe3,False
23710,LiFeSiO4,False
23711,GaCuSe2,False
23712,NaSbSe2,False
23713,Er3InN,False
23715,Li2MgIn,False
23718,IrPbBr,False
23721,Ca2CuIrO6,False
23722,NaPdO2,False
23723,BaLiP,False
23724,ZnB2H8,False
23725,CuN,False
23726,Mg2MnIrO6,False
23727,Li3Fe2C4O12,False
23728,RbPH2O4,False
23729,NdP2Ru2,False
23730,InCuS2,False
23731,Sr2H5Rh,False
23732,DyN,False
23733,TaAuBr,False
23735,Y2Fe2O7,False
23736,SnOs2Ru,False
23738,Rb2SnI6,True
23739,Ni2B,False
23741,NpCo2Ge2,False
23742,TeN2,False
23743,MgCrF6,False
23744,Ca3AsN,False
23745,Dy3CuSiSe7,False
23747,SrTeO4,False
23749,CaHfBe,False
23750,As2Rh,False
23751,Na2CS3,False
23753,BC2N,False
23754,BaYCuBiO5,False
23755,Li2Ti3O7,False
23756,Ba2TmRuO6,False
23757,CrSi2,False
23758,ThSO,False
23760,CuHO2,False
23761,LuInPd2,False
23762,ZnCu2O4,False
23763,BaNa2O2,False
23764,Te2MoW3Se6,False
23765,RbMnTe2,False
23766,VS,False
23767,Te4W3Se2,False
23768,LiYS2,False
23769,RbVCu2S4,False
23771,CeCuSn,False
23772,MoWSe3S,False
23773,BaTe2,False
23774,FeAgO2,False
23775,NiP2,False
23776,Ce2SbO2,False
23777,ZnS,False
23778,MgPS3,False
23779,ZnBSe2,False
23781,YMoO3,False
23782,Ni2Ag3O4,False
23783,TaFeO4,False
23785,NdAu,False
23786,LiMnSe2,False
23787,LiFeSiO4,False
23788,TlF,False
23789,ZrAl3,False
23791,BSe2Cl,False
23792,CeGaO3,False
23793,VTe,False
23794,LiInSe2,False
23795,TaF5,False
23797,Cr3O8,False
23800,HoSi2Ir2,False
23801,Te4W3S2,False
23803,CeFeAsO,False
23804,PNO,False
23805,RbScO2,False
23806,MnO2,False
23807,NbO2F,False
23808,InNi3,False
23809,Sr2ScIrO6,False
23811,SrS,False
23812,Te2MoWSeS,False
23813,AgAsRu2,False
23816,Co3Sn2S2,False
23817,ErH3O3,False
23818,ScSnPd2,False
23819,CrHO2,False
23820,BaYCl5,False
23821,CrSi2,False
23822,YSi2Os2,False
23823,HgI2O6,False
23825,HgTe,False
23826,PrCu5,True
23827,InPF3,False
23828,Li3Ti2Fe3O10,False
23829,YbPr2S4,False
23831,InSe,False
23832,BeAlH5,False
23833,LiSnPd2,False
23834,ZrIr3,False
23835,ZnCo3C,False
23838,AgSnO3,False
23841,LiMgH3,False
23843,Sm4Cl6O,False
23844,SrTe,False
23848,VRu3C,False
23850,LiErSe2,False
23852,GaHO2,False
23854,ZnNiF6,True
23855,CdS,True
23857,BaYBr5,False
23858,BaAlFeCuO5,False
23859,SbRhO4,False
23860,CoCN2,False
23861,ZnCr2S4,False
23862,BiOF,False
23863,Sr2MnO4,False
23864,LiCo2O4,False
23865,ThSnI6,False
23866,Li2NiC2O6,False
23867,USnRu,False
23868,Co2B,False
23869,NbBr3O,False
23871,YbFe2Ge2,False
23873,LiMnO2,False
23874,Ti2O,False
23875,PbS,False
23877,Cr2GaN,False
23880,YMn2S4,False
23881,CaC2,False
23882,NaO,False
23883,Mg2H2O3,False
23885,YAgO3,False
23886,TbSbPt,False
23887,Li3FeSiO5,False
23888,NiMoO4,False
23889,ZnCrF6,False
23891,LiBiB2O5,False
23892,MnO,False
23893,SmFe5,False
23895,CoSb2Br2O3,False
23897,LiTlO2,False
23899,Li2Cu2F5,False
23900,Li3BiS3,False
23901,BiSeBr,False
23902,ZnWO4,False
23903,TaZn2CuO6,False
23905,Pb2SO5,False
23906,TiAlF5,False
23907,LiDy2Br5,False
23908,HgO2,False
23910,ZrI2,False
23911,SrLu2O4,False
23913,Li7MnO3F3,False
23914,TiAu,False
23916,Ga4GeO8,False
23917,YbN,False
23920,Li2CoSi2O6,False
23921,TmSbPt,False
23922,CoAs,False
23924,MnH2O2,False
23925,Mn4ZnO8,False
23926,Te2Au,False
23929,MgSiO3,False
23930,InI4,True
23931,AgNO3,False
23932,CaCo2N2,False
23934,H5CNO2,False
23935,MnAl2S4,False
23936,NaCuSe,True
23937,CdI2,False
23938,Li2CuSnO4,False
23939,NaSrNb2,False
23940,Li2MoF6,False
23941,CdAg2O4,False
23942,LiMn2O4,False
23944,YAuO2,False
23945,CaTiSi2O6,False
23946,AlAgB,False
23947,CoPH6O6F,False
23948,V4GeS8,False
23949,TlPd3,False
23950,Mg2SnO4,False
23951,Ce3Pb,False
23953,Sc2TiO5,False
23954,Rb2FeCuC6N6,False
23955,TiCl3,False
23956,K2B2S7,False
23957,ZnH8C2S2N6,False
23958,ErSiRh,False
23959,MoWSe2S2,False
23962,LiNdTi2O6,False
23963,Pd3Pb2S2,False
23964,BaHf2As,False
23965,Sn2OF2,False
23966,K2CoPbN6O12,False
23967,V2Pb3O8,False
23968,Li2FeSiO4,False
23970,PrH3O3,False
23971,MnO2,False
23973,K2TeBr6,False
23974,CaCuSi2O6,False
23975,CoTePb2O6,False
23976,Sc2O3,False
23977,Cs2SnI6,True
23978,Na5CoSO2,False
23979,VInO4,False
23980,Ca5MnPb3,False
23983,MgCu2N2,False
23984,Rb2IN3,False
23985,DyCoO3,False
23986,Zn2Hg2OF6,True
23987,AlPNCl5,False
23988,Tm3InN,False
23989,LaVO3,False
23990,MnCoSb,False
23991,BaYCoCuO5,False
23993,ZrI2,False
23995,V2PbO6,False
23996,Li4Mn2Ni3O10,False
23998,BaH4Br2O2,False
24001,BaTaB,False
24002,CoO2,False
24003,YH3O3,False
24004,ZrTiSe4,False
24008,HOF,False
24009,BiMoRh,False
24012,ZnCr2N2,False
24014,Ba2HgS3,False
24015,Nd2O3,False
24016,Sr2CoCl2O2,False
24017,LiCuF3,False
24019,GeMo3,False
24020,AgI,False
24022,LiZnGe,True
24023,NdCrO3,False
24024,CaCr2N2,False
24026,BaMnV2Ag2O8,False
24028,Pr2CdSe4,False
24030,NaSmO2,False
24031,Ca2Pb,True
24033,LuBi,False
24034,MgFe2O4,False
24036,Ta3SeI7,False
24037,MgSi2SnO6,False
24038,TiO2,False
24039,Th3P4,False
24041,InSn2I5,True
24043,Ti3V2O9,False
24044,BaCuBi,True
24045,MoO2,False
24046,YZr5O11,False
24047,NdCoO3,False
24048,Rb2O3,False
24049,BaEr2NiO5,False
24050,LiAl,False
24051,CrPO4,False
24052,Tl2ZnI4,True
24053,Mg3Si2H4O9,False
24054,NaCuTe,True
24055,Ba5Nb4O15,False
24056,CuPtF6,False
24057,CaSiO3,False
24058,Li5Tl2,False
24059,MnH8N4Cl2,False
24060,Ba2Zn3As2O2,False
24061,KCaNb2O6F,False
24063,FeN,False
24064,Y3Sb4Au3,False
24065,Tm2Te5O13,False
24066,Tm3SnC,False
24067,LiInP2O7,False
24068,BaSe,False
24069,NaH3Se2O6,False
24070,KPt2S3,False
24071,GePt3,False
24073,MnCoO3,False
24074,BaMn2P2,False
24076,BaHg2,False
24077,Bi3O4F,False
24078,Pr2Sn2O7,False
24079,InAgSe2,False
24080,Bi2OsAu,False
24081,SrAg2,True
24083,PbF2,True
24084,Sr2SmNbO6,False
24085,Sr2Ta2O7,False
24086,Ta2InC,False
24087,LiDyS2,False
24089,Mg2AgSbO6,False
24090,YMnF5,False
24091,MoH4O5,False
24092,Ti5Ga4,False
24093,LuTl3,True
24094,LiCoSiO4,False
24095,Sb2Se3,False
24096,KCu4S3,False
24098,ZnO,False
24102,VO2,False
24103,Cu2WSe4,False
24104,LiBeN,False
24105,Na2Ni5O10,False
24106,Cr2HgSe4,False
24110,As2O3,False
24111,AgAsS2,False
24112,CoO,False
24113,Li4SeO5,False
24114,Si3Ru2,False
24116,V3Te4,False
24118,CdSe,False
24119,Li5FeS4,False
24120,TlAsF6,True
24121,PdSe6Cl2,False
24122,GeBi2O5,False
24123,BaCo2P2O8,False
24124,Sn3N4,False
24127,CuI,False
24128,TcS2,False
24129,LiNiO2,False
24130,K2Sn2O3,False
24132,ZrNiSb,False
24133,BaDy2CoO5,False
24134,BH8CN,False
24135,YbCuGe,True
24136,Cd2As2O7,False
24137,Sm3NbO7,False
24140,CuCClO,False
24144,ZrO2,False
24145,MgCuSn,True
24147,RbVBr3,False
24149,CuSiO3,False
24154,AlH3O3,False
24155,Te2W3S4,False
24157,Zn2GeS4,False
24158,ZnCrF6,False
24159,BaHo2NiO5,False
24160,BaNdCo2O5,False
24162,CoH6Se2O8,False
24166,Li2Ti2S5,False
24168,TeMoWSeS2,False
24172,Al2CrCl8,False
24174,Li2AgF3,False
24175,Mo3Pt,False
24176,MoH4O5,False
24177,Cd2Re2O7,False
24179,ThGe2Pt2,False
24180,LiGaSi,False
24181,Li2Si,False
24182,Te4W3S2,False
24183,NiO2,False
24184,ZrSO,False
24186,CoO,False
24188,Mg3Co2O7,False
24189,FeHO2,False
24190,YbRh3C,False
24193,HC2O2,False
24194,CdGeAs2,False
24195,ZrO2,False
24196,TiO2,False
24197,CdI2,False
24199,MgMoF6,False
24200,SmZn3P3,False
24202,Ba2CaWO6,False
24206,SO2,False
24207,Li2NiO2,False
24208,Yb2Sn,True
24209,RbCeS2,False
24210,BH4O2F3,False
24211,CaZnSiH2O5,False
24213,BaZnSn,True
24214,CoP2,False
24215,CrSn2,False
24216,LiSmSe2,False
24217,Mg3Fe2O7,False
24218,MnCN2,False
24220,PbSeO3,False
24221,NaCaSiHO4,False
24223,Co9S8,False
24224,Li3Fe3CoO8,False
24225,YbCrO4,False
24226,ErTa3O9,False
24227,Y2Mo2O7,False
24228,CeCd2Ag,True
24230,LiNiO2,False
24231,SnAu5,False
24233,SrLiNiF6,True
24235,YbF3,False
24237,Re2AuSe,False
24238,DyHO2,False
24239,NaHF2,False
24241,Tm3Mn3Ga2Si,False
24242,BaAl2Te4,False
24244,HfMn6Ge6,False
24245,Na4FeO3,False
24246,MgPd2,False
24247,Mg3Ni2O7,False
24248,SmCu5,True
24250,CaSbF6,True
24252,MgBiPO6,False
24253,LiCuCO3,False
24254,NaNbO3,False
24255,Ti3H2O7,False
24256,Nb2CoS4,False
24257,ThSnPt,False
24259,ScAlO3,False
24260,H4NClO2,False
24261,Na2CeO3,False
24262,BaMnGe,False
24263,MoH4O5,False
24264,Li2CrSiO4,False
24265,VO2,False
24266,V4NiS8,False
24267,ZrP2H2O6,False
24268,VF2,False
24270,CaSi2Pd2,False
24271,BaYVCuO5,False
24275,Sr3NiIrO6,False
24276,Li3Mn3OF7,False
24277,Sc3CoC4,False
24278,BaSe3,False
24283,PrGaO3,False
24285,H4N2O3,False
24288,FeH6SO6,False
24289,SmTaO4,False
24290,As2Pt,False
24292,AgSbSe2,False
24293,NbPO5,False
24294,DyCr2Si2,False
24295,Y2Ru2O7,False
24296,UZnNi4,False
24297,NiH2O2,False
24298,FeHO2,False
24299,ICl3,False
24300,Y2O3,False
24301,TeF6,True
24302,SbOF,False
24304,AlFe2Ni,False
24305,V2Pb3O8,False
24306,InBF4,False
24308,BiTeBr,False
24309,AlCuO2,False
24310,Y2Th5O13,False
24311,NaBeO2,False
24315,DyMnSi,False
24317,BaTe3,False
24318,CuBrO2,False
24319,Na2O,False
24320,KAlO2,False
24323,TbAsO4,False
24327,TiAlFe2,False
24329,LuNi5,False
24330,MnS,False
24332,AlVF5,False
24334,NaLuO2,False
24335,Cr2CuSe4,False
24336,TlAgI2,True
24338,PbCl2O6,False
24339,V2O2F3,False
24340,SiS2,False
24341,LuZn,False
24342,BaAg2,True
24343,YVO3,False
24344,Na3AsSe3,False
24345,TbCl,False
24348,PrCuSe2,False
24350,PbSe,False
24352,VS2,False
24353,Sr2SnO4,False
24355,ZnSn2N2,False
24356,Fe3O4F2,False
24357,NaSr3IrO6,False
24358,TeMoWSe2S,False
24359,BaBr2O6,False
24360,AlH3O3,False
24361,Li5Nb2V5O12,False
24362,Li4Mn3Sn5O16,False
24364,MnS2,False
24365,MgGeO3,False
24366,SrMg,False
24367,Ta2H,False
24369,TiCu,False
24371,RbSn2Br5,False
24372,YbTaO4,False
24373,Co3SnC,False
24375,BaYAgSe3,False
24376,Sr2HfO4,False
24378,Rb3Sb,False
24379,BaCeO3,False
24380,Hf2CuSb3,False
24382,Tl6SeI4,True
24383,TlNO2,False
24384,TiCo5O12,False
24385,NdH3C3O6,False
24387,BaYMnCuO5,False
24388,CeNi2Sn2,False
24390,LiCoSiO4,False
24392,BaTe,False
24393,KInGe2O6,False
24394,Ho2TiO5,False
24395,Mg2NF,False
24396,BaCeO3,False
24397,N2O,False
24398,YbHO2,False
24399,URh3,False
24400,NdH3O3,False
24401,AgAuF4,True
24402,Tl6SBr4,False
24403,LiSiBiO4,False
24404,Ba3NaRuO6,False
24405,AlNi3,False
24408,LaZn,False
24409,V4GeSe8,False
24410,MnP2H8O10,False
24411,CaSnF4,True
24412,Te2MoWSeS,False
24413,Ti2FeSe4,False
24416,Ca3Fe2N4,False
24417,HfSnS3,False
24418,CI4,False
24419,Mg2SiO4,False
24420,Zn2PtO4,False
24421,Te2MoW3Se4S2,False
24423,SrCuP,False
24424,Pr3AlN,False
24425,CePd5,False
24427,B4PbO7,False
24428,InCuSe2,False
24430,Na2TiGeO5,False
24431,MnSnAu,False
24432,SrC2,False
24433,RbCr5Se8,False
24434,Ba4PtO6,False
24435,Mn2ZnN2,False
24436,LiZrO2,False
24437,LuSb,False
24439,CdTeMoO6,False
24441,NpO2F2,False
24442,Rb3SbO3,False
24443,Sr3LiIrO6,False
24444,CoCO3,False
24445,NaCl,False
24446,Li6FeCl8,False
24447,Nb3O7F,False
24448,Al2Ge2O7,False
24449,BaH4O6,False
24450,Sb2Rh,False
24452,MgRh2O4,False
24454,LiCoSiO4,False
24455,Li2CuF4,False
24456,K4UO5,False
24457,LiInAg2,True
24458,HoGaO3,False
24460,NaH2N,False
24461,MnCo5O12,False
24462,NbI2O,False
24463,Ba3Mn2O8,False
24464,BaPrCo2O6,False
24465,MgTi2N2,False
24466,Nd2Pt2O7,False
24470,MoPH3O7,False
24471,Fe3Ge,False
24472,LiIr,False
24473,MgCo2N2,False
24474,Mg6Si7Ni16,False
24475,BaSiN2,False
24476,LiCuPO4,False
24479,HgTe,False
24480,NaHoF4,False
24481,BaMnAlCuO5,False
24482,HCl,False
24483,BaBAsO5,False
24484,SrY2S4,False
24485,TiAl2O5,False
24486,KAs,False
24489,HgHOF,False
24491,AlH3O3,False
24492,PbWO4,False
24493,CeCu2,False
24495,ZnCuSi2O6,False
24496,CrCl2,False
24497,Na6MnCl8,True
24498,LiInGe,False
24499,RbCr4O8,False
24500,PrZn5,True
24502,SrPS3,False
24503,Na6P4W,False
24505,Ca2FeIrO6,False
24506,Na2Mn3Cl8,False
24507,BH3NF4,False
24508,BaCa2I6,False
24509,Li7Cr2O8,False
24510,B2Mo,False
24512,Zn2SbWO6,False
24513,MnNb3S6,False
24514,PrBN2,False
24515,TiFe6Ge6,False
24518,BaNaBO3,False
24519,CaPS3,False
24521,YCoF5,False
24522,Y2CdS4,False
24526,Pr2CBr,False
24527,HgIBr,False
24528,Ba3B2O6,False
24529,TlI,True
24530,BeF2,False
24531,BaVO3,False
24532,ScSnPt,False
24534,ZnSi2SnO6,False
24535,MnO2,False
24536,Na2ZnS2,False
24537,YVO3,False
24538,Na8TiAs4,False
24539,K3Ta3B2O12,False
24540,FeSe2,False
24541,LiCaUF8,False
24542,Li3TiP2O8,False
24543,Ba3SbN,False
24544,TlBr,True
24546,GeP,False
24547,SnTe,False
24548,NdS2,False
24550,CrSbO4,False
24553,CaTiO3,False
24555,Ce3Th2O9,False
24558,Ca2Si,False
24559,CoSeO3,False
24560,UCrC2,False
24561,DyNiBi,False
24562,AgI,False
24563,TiCdO3,False
24565,BaCdO2,False
24566,CdSeO3,False
24567,Co5BiO12,False
24568,VPO5,False
24569,SiB6,False
24571,CoO2,False
24573,LaBO3,False
24574,KCrP2S7,False
24575,TiO2,False
24577,RbNa2BO3,False
24578,TbNiSb,False
24580,Y2Si2O7,False
24581,CaCoSi2O6,False
24582,ZnSnAs2,False
24583,CrH6SO7,False
24584,CuI,False
24585,Na2FeO4,False
24586,Li2CrCl4,False
24587,K2ZrB2O6,False
24588,BaAlCuNiO5,False
24590,Nb2SnO6,False
24591,Ba2UCoO6,False
24593,LiHO2,False
24595,Al6Cd4SO12,False
24597,CaDy2S4,False
24599,Li3NdAs2,False
24603,TaCo2,False
24604,Cr2As,False
24611,K2VAgS4,False
24612,NdTeF,True
24613,Te6Mo3WS2,False
24614,RbCa2Ta3O10,False
24615,Sn2OF5,False
24616,LaGaO3,False
24620,H4WNCl6,False
24621,TiO2,False
24622,CuH4Cl2O2,False
24624,HgSeO3,False
24625,Bi2TeO2,False
24626,HCN,False
24629,Sb3ClO4,False
24630,CuSb2O6,False
24631,TiNi2Sn,False
24636,Ca3Ti2O7,False
24637,Li2CuPO4,False
24638,IClO,False
24639,CrAs,False
24640,LiCoPO4,False
24642,CaCoF6,True
24643,RbNaO,True
24644,ScNiBi,False
24645,CO2,False
24647,Tb2SO2,False
24648,Al4C3,False
24650,Na4SnO4,False
24651,RbNO3,False
24652,AgI,False
24654,VO2,False
24656,TeWO6,False
24658,CrCo2O6,False
24659,Li2Ca,False
24663,TaRu3C,False
24664,ZnSe,False
24665,Li6CoO4,False
24666,ZrRh,False
24667,CuClO2,False
24668,Na6MnSe4,False
24669,LiMgBi,False
24670,PrTe3,False
24671,TiP2S6,False
24672,BaWO4,False
24673,BaAg2GeSe4,False
24674,MnSe,False
24676,CaHoMn2O6,False
24678,CaNd2S4,False
24679,SrGa2Te4,False
24680,K2Bi8Se13,False
24681,CdSO4,False
24682,UGeAu,False
24684,SrTiO3,False
24686,ZnAg2GeO4,False
24689,SrSm2O4,False
24693,Co2P2O7,False
24694,CoO2,False
24697,Rb3GaO3,False
24698,Sr3ZnIrO6,False
24699,K2GeAs2,False
24700,Ca3Zn,True
24701,Sr4Zn3F14,False
24702,Na2SO4,False
24703,K2VCuS4,False
24704,CaWO3,False
24705,NdFe3B4O12,False
24706,TiZnBi2O6,False
24707,SrGeH2O4,False
24709,Ba3P4,False
24710,CaNiF6,True
24711,GaSe,False
24713,Na2Sm2Ti3O10,False
24714,SbH4NCl6,False
24717,PbO2,False
24718,Ho2SO2,False
24721,TmZrSb,False
24722,ThGe2,False
24723,LuH3O3,False
24724,Sc2Ge2O7,False
24725,TiCo3O8,False
24726,Ca6HfO8,False
24727,VO2,False
24728,BaYCuNiO5,False
24729,K2NbAgS4,False
24730,Ti2Bi,False
24731,KNbO3,False
24733,K2NaCuF6,True
24735,H4N2O3,False
24737,BaMnCO3F2,False
24739,K2NaTlF6,True
24740,Sm3Ge4Ru2,False
24742,MnCoO4,False
24743,K2TaAgS4,False
24744,FeSeBr7,False
24745,Sr2CuTeO6,False
24746,Na2Te2O7,False
24747,Ba2NdSbO6,False
24748,HoSbPt,False
24749,Na2ZnBr4,True
24752,Tm2V2O7,False
24753,HoCrO4,False
24756,MgCo2O4,False
24757,NdCuSb2,False
24760,CaTi2N2,False
24761,CdP4,False
24762,Ba2Nd2Co4O11,False
24764,Tm2S3,False
24767,Sr3GaN3,False
24768,Ba2ZrS4,False
24769,MoWSe3S,False
24770,Hg2P2S7,False
24773,KCuC2,False
24774,Cd4OF6,True
24775,Rb2VCuS4,False
24776,CuBi,False
24778,Lu2CdS4,False
24779,Co2NiO6,False
24781,Li2FeBr4,False
24782,KHCO3,False
24783,Sr3Ti2O7,False
24784,Tl3PO4,False
24786,W3Se4S2,False
24787,NiO2,False
24788,FeH2O2,False
24789,Y2Bi2O7,False
24790,TeW2SeS2,False
24791,FeN3ClO3,False
24792,CdGeO3,False
24793,MnP2,False
24795,Th2Al2C3,False
24796,LiMoO2,False
24798,TeMo2Se3,False
24799,Ba2CaOsO6,False
24800,K2HgS2,True
24803,Lu2MgS4,False
24804,NO2,False
24805,Ca2SiO4,False
24806,SnSe,False
24807,ZnGeO3,False
24808,YbAs4Rh6,False
24810,Rb2NbCuS4,False
24811,BaH4O3,False
24812,CaSn2N2,False
24813,FeP2,False
24814,TbBa2NbO6,False
24815,LiFeCo2O6,False
24816,MnSbO4,False
24819,Ba3NaIrO6,False
24821,RbCuC2,False
24825,DyCoSn2,False
24826,VZnF6,True
24827,Rb2NbCuSe4,False
24828,Ni2Hg2OF6,False
24829,LuMg3,True
24831,Nd2CuO4,False
24832,GaSe,False
24833,LiSiBi3O7,False
24836,BaYCuMoO5,False
24837,V2OF4,False
24838,Ag3SnP7,False
24839,BaNd2CuO5,False
24840,Sr4IrO6,False
24841,Cu2GeS3,False
24842,KMoPClO5,False
24843,NdInRh,False
24844,Hg2P3Br,False
24845,YCrB4,False
24846,UNi5,False
24847,Lu2MnS4,False
24848,LiTiPO4F,False
24852,DyP5,False
24853,Ba2MgUO6,False
24854,HoCuO2,False
24855,Tl2Pt2O7,False
24856,NbCoSn,False
24857,Sr3As4,False
24858,Th3As4,False
24859,Lu2Si2O7,False
24860,SrMnSn,False
24862,BaIn2Te4,False
24863,GeP2O7,False
24864,SrP,False
24865,GaN,False
24866,Ho6WO12,False
24868,YbH3O3,False
24869,RbW3Cl9,False
24870,CrO2,False
24871,ScCd3,True
24872,MgO,False
24875,Bi2O3,False
24876,Yb2S2O,False
24877,NaGaH4,False
24878,VO,False
24880,DyMg,False
24881,LuBrO,False
24883,Li3BrO,False
24885,Si3Ir,False
24887,MgSc2S4,False
24888,AlAuO2,False
24889,Ca2NiIrO6,False
24890,Ag2PdO2,False
24893,NiAsS,False
24895,YAg3Cl6,False
24896,LiAsO3,False
24897,CuH6N4O4,False
24898,LiMnPH2O5,False
24899,V2OF5,False
24902,TiZnBi2O6,False
24903,SbKr3F11,True
24904,TbBa2SbO6,False
24905,CaMnF6,False
24906,BaAlCoCuO5,False
24907,CdSnAs2,False
24909,HoCrO4,False
24912,MnO2,False
24913,Co21B6W2,False
24914,Tb6FeBi2,False
24915,ZnFe2O4,False
24916,US3,False
24917,FeSi,False
24918,P4Ru,False
24919,SrCo2As2,False
24920,LiSi3Pd,False
24922,BN,False
24924,Cd3SiO5,False
24925,Cr3O,False
24926,YbCl3,False
24928,Li2GeO3,False
24929,SrSbSe2F,False
24930,Cd2As3Br,False
24931,FeCo3O8,False
24933,YSnPd2,False
24934,CrInCo2,False
24936,TlAgSe,False
24937,Tm3FeSi3,False
24940,SrSeO3,False
24942,Ca2Ni3O8,False
24943,BaReH9,False
24944,GaBiO3,False
24946,K2SnCl6,False
24947,Cd4B6O13,False
24950,CdBiClO2,False
24952,NbSe2,False
24953,ZnGeAs2,False
24954,BaOsO3,False
24955,SbO2,False
24956,AgBiI4,True
24958,MgP4,False
24959,AgHO2,False
24960,Tb2MnNiO6,False
24963,HoBrO,False
24967,RbSb,False
24968,AlTlF4,False
24969,Ag3SI,False
24971,LiMnO2,False
24973,MnZnF6,True
24974,Te2MoWSe2,False
24975,PtS2Cl6,False
24976,Ga2FeS4,False
24977,TaAlO4,False
24978,USiS,False
24980,KLi2H3O3,False
24983,CrSbO4,False
24984,MgTi2S5,False
24985,AgNO2,False
24986,Li2CoCl4,False
24988,KAuS5,False
24989,CaC2,False
24991,InOF,True
24992,BaAlCuMoO5,False
24993,InBr3,True
24994,Sr3CaIrO6,False
24995,Ca3Hg,True
24996,Ba2Fe2S2OF2,False
24997,LiMnF4,False
24998,Li2DyIn,False
24999,AgBiO2,False
25001,NaHS,False
25003,LiNi2O4,False
25004,Rb3Mo2Cl9,False
25005,Ta2Sn2O7,False
25006,Ta3Co3C,False
25007,Na2SO4,False
25008,Sr6Li23,False
25009,Rb2SnAs2,False
25011,SiH6N2F4,False
25012,TmCu2Ge2,False
25014,Ba2Ti3O8,False
25015,UH2O4,False
25016,ZnB2Ir2,False
25017,CoO2,False
25019,ZnIn2S4,False
25021,Li2ZrTeO6,False
25023,V2O3F,False
25024,Rb2Na4Co2O5,False
25025,BiOF,False
25027,Na3OsO5,False
25028,Ba2NaReO6,False
25029,HoP5,False
25031,CaNi2O4,False
25032,Yb2S3,False
25033,V12P7,False
25034,Tb3BWO9,False
25035,K2TaCuSe4,False
25036,YCuS2,False
25037,Ba3MnN3,False
25038,V2O5,False
25040,LiSbS2,False
25042,Li2DyTl,False
25043,Ag3SI,False
25045,CeH2,False
25046,K2RbPdF5,True
25047,MoO3,False
25049,BaCaI4,False
25051,Cu2Hg2SF6,True
25054,YbP2Ru2,False
25055,K3BAs2,False
25056,B2W,False
25057,NdMnSi,False
25058,BaNd2Se4,False
25060,NdCuS2,False
25062,WCl6,False
25064,YCrO3,False
25066,Li4Ti3O8,False
25067,Te2Ir,False
25068,Ag3Sb,False
25070,TlFeSe2,False
25071,KS,False
25072,BaCoO2,False
25073,SrAs,True
25074,Yb3SnC,False
25076,Mg2Bi2O5,False
25077,Li4NbO4,False
25078,Pb2O3,False
25080,ZrRh3,False
25081,BaP4Pd2,False
25082,Cu2Ag2O3,False
25083,MgNiF6,True
25084,Tm2SeO2,False
25086,SbOF,False
25088,Ag2HgI4,False
25089,Zn2CuWO6,False
25090,SnO2,False
25091,AuClO2,False
25092,ErMg,False
25093,Mn3As2,False
25094,B13C2,False
25095,KClO2,False
25098,Dy3BWO9,False
25101,Ga2Fe2S5,False
25102,TlInS2,False
25103,CaBi2O4,False
25104,MnO2,False
25105,Rb3Mo2Br9,False
25106,NaSi2N3,False
25109,Rb2SnTe5,False
25110,YFeO3,False
25111,NbCl5,False
25113,Cr2Te3,False
25115,Li2AgBi,False
25117,NaNbO3,False
25118,Na4CO4,False
25119,YVO3,False
25120,MgCo2O4,False
25121,Li2MgBr4,True
25122,KHS,False
25123,KInBr3,True
25126,CaV2O4,False
25127,FeO2,False
25128,Ba3TiS5,False
25130,NbCoTe2,False
25131,NdSBr,False
25132,BiBr3,False
25134,LuH2ClO2,False
25135,SbH3OF6,False
25136,SmNi2As2,False
25138,MgCl2,True
25139,FeCoO4,False
25140,MgMnF6,False
25142,BaGaBO3F2,False
25143,MgCo2S5,False
25144,NdMn2,False
25146,MgWF6,False
25148,SbS2,False
25149,CuAgS,False
25152,DyCuSb2,False
25153,BaCeO3,False
25154,ZnNi2O4,False
25155,Mn3RhN,False
25156,Ca3Mn2Sb2O12,False
25159,Na5Zr2F13,False
25160,CrW2O8,False
25161,MgCr2O4,False
25162,Zn2CuAs2O8,False
25163,Li2NbO3,False
25165,As2O3,False
25166,MgCr2O5,False
25168,Na2GeO3,False
25169,TaP,False
25170,TlS,False
25171,MnSbSe2I,False
25172,ZrCl3,False
25173,TiOF,False
25174,Li3MnF6,False
25175,LiCoCuO4,False
25176,RbPrTe4,False
25177,Cr2O5,False
25178,CaSiSnO5,False
25179,Ca2MgSi2O7,False
25180,FeH2O2,False
25181,SnS2,False
25183,RbAlF4,False
25184,Yb3S2F4,True
25185,Sr2Pb,True
25187,YMn2O4,False
25188,MoW2Se4S2,False
25189,CaInBr3,True
25190,K2NiP2,False
25193,NaCrS2,False
25195,TlCl2,False
25197,Li2RhF6,False
25198,Te2MoW2S4,False
25199,H8PdN2Cl6,False
25200,WO2,False
25201,Cu3Ni4O12,False
25202,Yb2LiCl5,True
25203,AlNi2O4,False
25205,Ca2Ti2O5,False
25206,Al2FeO4,False
25208,ZnIn2Se4,False
25210,ZrBr2,False
25211,Li5NCl2,False
25215,KVP2S7,False
25217,VPbClO3,False
25218,LiMnF3,False
25219,FeF3,False
25221,HoB6,False
25222,NiO2,False
25223,HfZrO4,False
25226,Mo3WSe4S4,False
25227,Li2Mn3OF6,False
25228,UAl4Co,False
25229,PrZr3F15,False
25231,MnO2,False
25232,NaAlAsO4F,False
25233,As2O3,False
25236,As2S3,False
25237,Mn2ZnO4,False
25238,CuHClO,False
25240,PbO,False
25241,FeCo5O12,False
25242,Co21Re2B6,False
25243,Ba3NiIr2O9,False
25244,Ca3Mn2Ga2O10,False
25245,Dy2Tc2O7,False
25246,Li2Nd2Si3,False
25248,ScAlIr2,False
25250,K2NiAs2,False
25251,Sr2CrSO3,False
25253,YMn3Se2ClO8,False
25254,Li3Y3ZrO8,False
25256,YbH3O3,False
25258,TcAgO4,False
25261,Te3Pt2,False
25262,K2NaGaAs2,False
25263,CaCrF5,False
25264,Li5ReO6,False
25265,VSbRu,False
25266,Na2CoGeO4,False
25267,NbNO,False
25268,HoTe3,False
25269,Fe12As5,False
25271,Co2SnO4,False
25273,Ag5PS4Cl2,False
25274,MgCoSiO5,False
25275,CoO2,False
25276,CuCSN,False
25277,LiMnF4,False
25278,AgBiO2,False
25279,SmCuSe2,False
25280,TiS2,False
25282,AlCoF5,False
25285,TiO,False
25288,CaCu2O2,False
25289,Li3CuS2,False
25290,MgAg2O4,False
25291,Ta3AlC2,False
25293,Co2O3F,False
25295,Sr5P3O12F,False
25296,GeRh,False
25297,BaBiO3,False
25298,CrAgSe2,False
25299,BaYCuSnO5,False
25303,YbH2,False
25304,CrO3,False
25305,Na3BO3,False
25306,TaNO,False
25308,Pb2O,False
25309,RbAuBr4,True
25310,SiH3I,False
25312,V2HO4,False
25313,CaPrMn2O6,False
25314,BaTm2O4,False
25315,Tm2S3,False
25316,Sb3O7F,False
25317,Mg2Sn2O5,False
25320,YClO,False
25321,SrZrO3,False
25322,MoO2,False
25324,Pr2ZnIr,False
25325,YNi2O4,False
25327,Na2RuO3,False
25330,Bi2Se3,False
25331,HgBi2O6,False
25332,Rb2NiF6,False
25333,CaSm2S4,False
25334,MnReO4,False
25335,SrHfO3,False
25338,CaSnB2O6,False
25339,Rb2TeBr6,True
25340,Sr4MgCr2S2O6,False
25341,BaCaSn4O8,False
25343,Zn3Co2O7,False
25345,Ca2Sn2O5,False
25346,Mo2WSe6,False
25347,NiO2,False
25348,Dy2Hf2O7,False
25349,Sr4CaCr2S2O6,False
25351,Mn3P6Pd20,False
25353,BaBePO4F,False
25355,SiS2,False
25356,SrLiNb2O6F,False
25358,Zr2Np,False
25361,Er3Ru2,False
25362,RbC2O2,False
25363,In2Sn2O7,False
25365,Li2TiSiO5,False
25366,TiOF,False
25368,Li2MnF4,False
25369,LiTiV2O6,False
25371,HgC2S2N2,False
25372,NaDyO2,False
25373,LiAg3O2,False
25375,K2GeSe3,False
25376,V7O3,False
25379,TiS2,False
25381,Mn2GeS4,False
25383,Li3Mn5OF11,False
25386,BaYCuSbO5,False
25387,TiNbS4,False
25389,NaAgN2O4,False
25390,AlF3,False
25391,HoH2ClO2,False
25394,CsTaN2,False
25395,BaBiO3,False
25396,K2Cd2O3,False
25397,AsNO2F6,False
25399,V2ZnO4,False
25400,Te4MoW3Se4,False
25401,BaCuB2O5,False
25402,SrTa2Bi2O9,False
25405,Pr2SnHg,False
25406,NdRhO3,False
25408,BaYCu2O5,False
25409,Rb4CO4,False
25410,Al2Si2O7,False
25411,TiO2,False
25412,LuP5,False
25413,LiBO2,False
25414,CaCu2O4,False
25416,CaGe2O5,False
25417,Te2Mo3WSe4S2,False
25418,DyAlO3,False
25419,Sr4PtO6,False
25420,Ba7Cl2F12,False
25421,CoSO4,False
25422,C3N4,False
25424,VSi4O10,False
25425,YFeO3,False
25426,Ba3In2Br2O5,False
25427,W2Se3S,False
25431,MnPO4,False
25432,Li3V2O4F2,False
25434,ScF3,False
25435,LiCrSiO4,False
25436,MnS2,False
25437,VO2,False
25438,AlCuO3,False
25442,CuBrO2,False
25443,Mn2NiO4,False
25445,TiPO4,False
25446,Ca2Bi2O5,False
25447,TiO2,False
25449,H4CN2O,False
25452,KLi6TaO6,False
25453,Li2SO4,False
25454,CaHgPb,True
25458,HoIO,False
25461,BaHgS2,False
25462,Zn2BiWO6,False
25464,CuHO2,False
25465,Mn4Cu3O12,False
25468,CaBi2O4,False
25471,WO3,False
25472,YbPt,False
25473,MgFe2O4,False
25474,LiFeF3,False
25475,H6CNF,False
25476,CdI2,False
25477,CoAsS,False
25478,KCuF3,False
25479,NiO2,False
25483,K3Na2LiTeO6,False
25484,MgCoSi2O6,False
25485,Li3BiO3,False
25487,Fe2OF3,False
25489,TlCr5Se8,False
25490,Ni5P4O16,False
25491,NaCu3F7,True
25492,As2SO6,False
25494,Sr2LiSiO4F,False
25495,NaN3,False
25496,K2SnSe3,False
25499,NaGe2N3,False
25500,LiC2O2,False
25501,Na3AlP2,False
25502,ScMn4Al8,False
25503,RbS,False
25505,TlCu3S2,False
25506,SbCl5,False
25507,YbHgPb,True
25509,AgBiO3,False
25510,LiLuO2,False
25511,KLiMnO2,False
25512,Sr3BPO3,False
25514,KClO3,False
25515,YP5,False
25516,Ba2CaI6,False
25518,CaCrSi2O6,False
25519,CuH2O2,False
25520,MnO2,False
25521,LiTiSiO4,False
25522,HoAl8Fe4,False
25523,AlCuCl4,False
25525,ZnFe2O4,False
25526,Ca2CoO3,False
25529,SrSnO3,False
25531,Hf2Ag3F14,False
25533,PrCrSe3,False
25534,FeO2,False
25535,CdI2,False
25537,MnZnSi2O6,False
25538,Ba2AlCu3O7,False
25539,TmCrO4,False
25540,Li3CoO2F2,False
25541,Ho2Hf2O7,False
25542,HgPS3,False
25543,Na6CdCl8,True
25544,Np3Se4,False
25546,YV2O4,False
25547,LiAlAs2O7,False
25549,HfGeTe4,False
25551,BaPr2S4,False
25553,RbAuF4,True
25554,FeBiO3,False
25555,Mn6O5F7,False
25556,VO2,False
25557,Ta3Br7,False
25558,AsF3,True
25559,Ca2VN3,False
25561,YCoO3,False
25563,RbSe,False
25565,MnH2O2,False
25566,NaHO,False
25567,Ba4NaB3N6,False
25569,YNi2O4,False
25570,RbFeF4,False
25571,Pb2O3,False
25572,LiCuO,False
25576,Na2Cu2TeO6,False
25577,SbO2,False
25578,La2MoO6,False
25579,V3Sb2,False
25580,NaBO2,False
25581,Ba3BPO3,False
25582,LiCr2O4,False
25583,FeCuS2,False
25588,AlHO2,False
25589,CaSn2O4,False
25590,SiO2,False
25593,CeP12Ru4,False
25595,Pm2O3,False
25596,MgMn2O4,False
25597,SiO2,False
25598,KBO2,False
25599,Y2CuAg,False
25600,SrH12Cl2O6,False
25602,AgClO3,False
25603,Fe2OF3,False
25604,Rb4CO4,False
25606,K3GeS3,False
25610,MgFe2O4,False
25611,Nb2Hg2O7,False
25612,NiO2,False
25613,Co3O2F4,False
25614,MgVRu2,False
25616,Ti3N2O3,False
25619,LiCd2Ni,False
25620,Lu2TiO5,False
25621,AgO,False
25622,MgH12SO9,False
25623,BaAg2Hg2O4,False
25625,HfB4H16,False
25626,MgZrHg2,False
25627,CaSn2O4,False
25628,ZnCuF4,True
25629,ZnSnF4,True
25630,Ho3ScO6,False
25631,TiO2,False
25632,Ba2PrRuO6,False
25633,NbHO3,False
25634,LiAlO2,False
25635,Ca2InHg,False
25636,KB3H3,False
25637,ZrHgAu2,False
25638,MnTeMoO6,False
25639,CrI2,False
25641,Ca2HgAu,True
25644,Cd2SnO4,False
25645,NO2,False
25646,Y2Cr3O9,False
25650,LiMgIn2,False
25651,KVS2O8,False
25654,AlAgO2,False
25655,Li3CuS2,False
25656,SmAsO4,False
25657,Nb2CrOs,False
25658,GaH3NF3,False
25660,MgCoPO5,False
25661,H4NClO,False
25663,Li2TeO4,False
25665,Bi2Se3,False
25666,Li2CuS2,False
25668,Er2Hf2O7,False
25669,AgBrO2,False
25670,Mn2OF3,False
25671,LiV3O4,False
25672,PbClF,False
25673,VO2,False
25675,HoAsO4,False
25676,Li3Cu3P2O8,False
25677,Na2S,False
25678,FeAgS2,False
25680,DyTaO4,False
25682,BeMoRu2,False
25683,Li4CO4,False
25684,NiP3O9,False
25689,InCuS2,False
25690,Ti2BRh6,False
25691,BaMgGe,True
25692,SnH4N2F2,False
25694,Ca3C3Cl2,False
25697,Ba2NiMoO6,False
25698,LiY2Co,False
25699,CaP2H4O4,False
25700,LaC,False
25702,InFeO3,False
25704,TeMoWSe3,False
25705,Mg2BiPO6,False
25708,Sb4I2O5,False
25711,BSF7,False
25712,CaYIn2,False
25713,LiMn2O4,False
25714,InCuO2,False
25715,AuO2F,False
25716,Hf2N2O,False
25717,ScTiO3,False
25718,NaCd2Ag,False
25720,CeCo2Ge2,False
25722,Mn3N2,False
25723,CaCO3,False
25724,TiCl3,False
25725,Ga4SiO8,False
25726,Sr2NiN6O12,False
25727,Li2O,False
25728,K3GeSe3,False
25729,AgO2F,False
25730,Mn6O11F,False
25732,LiNiP,False
25733,CrO3,False
25734,MgV2O4,False
25735,TiCl3,False
25736,Ti2MnPt,False
25737,DySi2,False
25738,CoF3,False
25739,CuSeO4,False
25741,SbPO4,False
25743,Ce3In,False
25744,Zr2N2O,False
25745,Bi2Te2WO10,False
25746,Li2TlSb,False
25747,HfP2S6,False
25749,GaSe,False
25750,Sm2O3,False
25751,Ca2CdGa,False
25752,ScC,False
25753,BaPb2BrF5,True
25755,AlSbO3,False
25757,NiH2O2,False
25761,Hf2CuTc,False
25762,SnS,False
25763,Ba2SiSe4,False
25765,K2B2S7,False
25766,PHF4,False
25767,SnO2,False
25768,Ca2PdRh,False
25769,IrI3,False
25771,Li2InSb,False
25773,PuSi2Ni2,False
25775,CoH2O2,False
25776,CaFeO3,False
25779,Dy3S4,False
25780,Rb3BP2,False
25781,Ba2AgAu,False
25782,UBi2O6,False
25784,Ba3Ga2Ge4O14,False
25785,HfZrHg2,False
25787,LiFe6O7F5,False
25788,BaLiSi,False
25789,TiO2,False
25792,Rb2Sb4S7,False
25793,RbPO3,False
25796,Na3CoO3,False
25797,ZnCo4O8,False
25798,MgB2,False
25799,V2ZnO6,False
25802,YBi3O6,False
25805,Nb10C7,False
25808,Pt2W,False
25809,Na2CrF4,False
25810,Sr2ZnReO6,False
25811,CaTiO3,False
25813,Na5MoNO4,False
25814,TlCu2Se2,False
25817,SiO,False
25819,Na2SnO2,False
25820,Ba2CdReO6,False
25821,SiO2,False
25822,TbBaO3,False
25824,ZnSb2O4,False
25825,AlAu2,False
25827,ZnTeMoO6,False
25829,SrCa2I6,True
25831,Sr4LiB3N6,False
25833,Na2B2Se7,False
25834,TlFeS2,False
25835,PuIn,False
25837,Ga2Fe2S5,False
25838,MgCd,False
25839,SnPSe3,False
25840,ZnS,False
25841,Sr4MgFe2S2O6,False
25843,AgN,False
25844,MgCd,False
25845,CaZn,False
25846,Zn2SiO4,False
25848,ZnAg2O4,False
25849,YbBi2ClO4,False
25850,K4CO4,False
25851,Sr3CaCr2S2O5,False
25852,MgFeSi2O6,False
25853,ZnBi2O4,False
25854,K3GaS3,False
25856,SrPbO3,False
25857,MgAl,False
25858,Rh3Se8,False
25859,CaZn2P2O2,False
25860,Ba2CaWO6,False
25862,Ba2SiTe4,False
25863,CaMg,False
25864,NbI3,False
25865,BePRu2,False
25868,LiNbCuO4,False
25869,SiO2,False
25870,MgAl,False
25873,KP,False
25875,MgNi2O4,False
25876,LiNbTe3O12,False
25878,Cu8O7,False
25880,MgBi,False
25881,LiSiAg2,False
25882,FeCl3,False
25883,Mn2OF3,False
25884,NaLiICl,True
25885,SnBi,False
25887,MnC4NO5,False
25888,RuN,False
25891,CdAg2O4,False
25892,Al3Bi5Br12,False
25893,MnFe,False
25894,Cr3CuO8,False
25895,VO2,False
25896,MgCd,False
25898,Ca2Si3Ag,False
25899,HoP,False
25900,Ba2Mn3AlO8,False
25901,Dy2Be2GeO7,False
25903,CdI2,False
25905,CaV4O8,False
25906,MoO2,False
25907,MgAl,False
25908,BaDy2PdO5,False
25910,Y2HgAu,False
25911,Nb3Te,False
25912,Ta2I5,False
25913,RbP,False
25914,FeP2S6,False
25916,CaZn,False
25917,PbCN2,False
25918,NiS2,False
25920,LiAgF3,False
25921,Ti2IrOs,False
25922,TmClO,False
25923,NbRhO4,False
25925,CrN,False
25926,Mo3O8,False
25927,CeS,False
25928,InAgS2,False
25929,TiO2,False
25930,TeMoSe,False
25932,MgBi,False
25933,TlSbSe2,False
25934,CaMn2O4,False
25935,CaNi2O4,False
25936,CaN,False
25937,YCoF5,False
25938,Dy2Sn2O7,False
25939,H2CO2,False
25940,K2ReH9,False
25942,Rb2PrO3,False
25943,MoWSe2S2,False
25944,Zn2P2O7,False
25945,SrCdAu2,True
25946,V4O3F5,False
25947,LiS,False
25949,HfB12,False
25950,Mg2Mo3O8,False
25953,Fe3Sn2S8,False
25954,Tb4Bi3,False
25955,Y2AlTl,False
25956,SbOF,False
25957,GeTe,False
25958,SrN,False
25960,MgBi2O4,False
25962,KNaICl,True
25963,OsCl4,False
25964,SiO2,False
25965,PrSb,False
25966,NaCrF6,False
25967,Li2SnPb,False
25968,Be2PdRu,False
25969,NiS2,False
25971,MnB2,False
25972,VCo,False
25973,PBr3,False
25974,SrTiSi2O7,False
25976,PuAs,False
25977,Te3MoWS,False
25979,AuBrO2,False
25980,CdSe,False
25981,Li5Ti3O8,False
25982,ErTaO4,False
25986,MnSe,False
25987,Na3MoNO3,False
25988,AlCo2O4,False
25990,VN,False
25991,AgClO4,False
25993,Mn2OsC6N6,False
25994,LiBe,False
25995,PBr7,False
25999,RbSO4F,False
26000,Tb2O3,False
26001,SrU,False
26005,AlPO4,False
26007,ThNb4O12,False
26008,VN,False
26009,LiMnVO4,False
26012,PrAg,False
26013,Mn3SnO8,False
26014,SrCaI4,False
26015,LiFeF4,False
26016,Ag2S,False
26017,Sr3Fe2Cl2O5,False
26018,Li4CO4,False
26019,BN,False
26020,SmFe2Si2,False
26021,SrLu2O4,False
26022,GeS,False
26023,PrF3,False
26025,CoNi,False
26029,Fe7O8,False
26030,ZrSe4Cl6,False
26031,BaSi2Ni2,False
26036,TlC,False
26037,CdI2,False
26038,TiF3,False
26040,Yb2Au,True
26041,SiGe,False
26042,TeN2,False
26043,SnSe,False
26044,KSi,False
26046,RbTe,False
26047,TiH,False
26048,NaV2O5,False
26049,PrSb,False
26050,ErGaCo,False
26051,Mg3Zn,False
26052,Nd3Se4,False
26053,Rb2O,False
26055,LiSc2Al,False
26056,CuI2O6,False
26059,NaLi2AsO4,False
26060,Te2MoWSe2,False
26061,AgCl,False
26063,BrN,False
26066,SbPO5,False
26068,H3NO,False
26069,Ni2H,False
26071,YCo3Se2ClO8,False
26072,MoW2Se4S2,False
26074,K2NaAlP2,False
26075,HfPd,False
26077,Tl2MoO4,False
26078,K5ThF9,True
26079,CrO2,False
26082,B12W,False
26084,LuH3O3,False
26087,H3S,False
26089,YIO,False
26090,HBr,False
26091,KHfCuS3,False
26094,AgSnRh2,False
26097,LiAlGe,False
26099,ZrI4O12,False
26100,ErCd2,False
26102,CaMo2O5,False
26103,FeCl3,False
26105,InBi,False
26106,KCu3S2,False
26109,LiCuF3,True
26111,TiMn2Cr,False
26112,PrCd,False
26114,ClO,False
26115,HfTe3,False
26117,Ba2InHg,False
26119,Al2CrTc,False
26120,GaAs,False
26121,IrC,False
26124,Ca2ZnPb,False
26125,MoCl2,False
26126,TeAs,False
26127,Li2Te,False
26128,ZnRh2O4,False
26129,LiO2,False
26131,LiVPO4,False
26132,CaAgP,False
26134,HgPt3,False
26135,TiO2,False
26136,Be2RuRh,False
26138,YVF5,False
26140,ZrTiO4,False
26141,ErPd2,False
26142,Li4CO4,False
26143,FeSO4,False
26144,V2N,False
26145,Hf2VRh,False
26146,SrHg2Pb,False
26147,SnO2,False
26148,RbP,False
26149,CuAu,False
26150,ScAgHg2,False
26152,Nb10C7,False
26153,YbAg2,False
26154,K2NaAlAs2,False
26156,TiAl,False
26157,AlVNi,False
26158,WS2,False
26159,Ca2Ag2O5,False
26160,Ca3Mg,False
26161,CaWF6,False
26162,Sr2FeSO3,False
26163,UCd,False
26164,SmHg2,False
26165,LuB4,False
26169,VCo,False
26170,CaHfN2,False
26172,MoWSe2S2,False
26176,Bi2TeO6,False
26177,V2O5,False
26178,DyPd2,False
26179,KBaAu2,False
26180,Na4CO4,False
26182,BaCN2,False
26183,LaMgTl,False
26186,K3VSO3,False
26187,BaNa2,True
26188,SnF4,False
26189,S3N2O2,False
26192,MnO,False
26193,NaZr2MnF11,False
26194,SmCd2,False
26195,CaNiO2,False
26196,Si3N4,False
26198,MgCrSiO5,False
26200,AlBiO3,False
26202,MgI2,True
26204,Ti9O10,False
26206,LiVP2O7,False
26211,Y3I7O,False
26212,LiCaTl2,True
26213,RbB,False
26214,LaPd2,False
26215,SrCaSn,True
26216,Ta2O5,False
26217,CaYZn2,False
26218,Mn2Sb,False
26220,SrS,True
26223,ZnMo2O4,False
26224,KGe,False
26225,LaTe,False
26226,Ca2TlSn,False
26227,BeF2,False
26228,Tl4O3,False
26231,MgFeSiO5,False
26232,MnN,False
26233,Sc2AlAu,False
26234,MgSb,False
26235,MgCrO4,False
26237,DyTe3,False
26238,BaSb4O8,False
26240,LiFeF4,False
26241,Hf2Al3,False
26242,K2Li4UO6,False
26243,Mo3Se4S2,False
26244,RbGeBr3,True
26245,FeO2,False
26247,MnSnPt,False
26248,KC,False
26249,NaLiTe,False
26250,ZrSO,False
26252,BaNaSn,False
26254,SmAgO2,False
26257,CuO2F,False
26259,MnN,False
26261,Al2O3,False
26263,CrSe,False
26264,InP,False
26265,NdCd2,False
26266,Li4CO4,False
26267,Rb4PbBr6,False
26268,VH,False
26269,RbBi,False
26271,MnSb,False
26274,LiAgTe,False
26275,CeS,False
26276,CaBe2N2,False
26278,Lu2C3N6,False
26280,ZrTi2O,False
26285,MgCd,False
26286,LuNiC2,False
26287,AlAsO4,False
26288,PrCoC2,False
26289,NaMgF3,False
26290,MnNiSb,False
26291,BaIn2Pd,True
26292,Te2W2SeS,False
26293,MoN,False
26295,ErNi3,False
26296,Cr3Ni,False
26300,MoWO6,False
26301,MgSb,False
26302,Ca2Ta2O7,False
26303,Y2CuAu,False
26306,LiScSi,False
26307,Mn4ZnS8,False
26308,LiRh,False
26310,MgSn,False
26314,CeMg,False
26317,TcN,False
26318,CuO2,False
26319,NaCu2O3,False
26320,HgBiPb2,False
26321,BaAuCl,True
26322,LiMg,False
26323,TiAuCl,False
26325,BaPr2MnS5,False
26328,KNaMnO2,False
26329,LiCa2Sn,False
26330,CaO2,False
26331,ZrO2,False
26332,SnO2,False
26333,CeBiPd,False
26335,Mn3Ge,False
26336,KMgP3O9,False
26337,Rb2LiVO4,False
26339,LiIn2Ag,False
26340,Na3AgO2,False
26342,SrCu2GeSe4,False
26343,NiPb2N6O12,False
26344,MgTi,False
26345,MnSiNi,False
26346,Na2HgAu,True
26348,LiN,False
26349,MgZr,False
26350,MgCd,False
26352,PbCClO2,False
26353,SrMg,False
26354,HoF3,True
26355,CoO2,False
26357,Mn2CoIr,False
26359,VSiRh,False
26360,ErBiO3,False
26361,LiBiF4,True
26363,MgZn,False
26365,Zn2Bi2O5,False
26367,MoF5,False
26369,HfIr,False
26370,TiSe2,False
26371,CaMg,False
26373,TaAgO3,False
26374,Cu3SbS4,False
26376,SrZrCo,False
26379,Zn3Ge,True
26381,MgZn,False
26382,WC,False
26384,NbCo,False
26385,ZrOs,False
26389,Rb3CuO2,False
26390,Ba2PrNbO6,False
26392,ZnSb,False
26393,Rb2TaCuSe4,False
26394,MgSn2O4,False
26396,Zn2Mo3O8,False
26398,Yb2KF7,True
26401,NaNb3,False
26403,RbPrMo2O8,False
26404,MgSn,False
26405,ZnCrSi2O6,False
26406,Ba2TaBiO6,False
26407,ZrO2,False
26409,Zn3Os,False
26411,VTeRu,False
26413,MgGa,False
26414,CeMg,False
26415,NdInAu2,False
26416,KB,False
26417,PPbW,False
26418,CaNi4O8,False
26419,Li4CO4,False
26420,YbMg,False
26421,Au2O3,False
26423,Na4CO4,False
26425,RbTaCu2Se4,False
26426,MgGa,False
26427,SmCd2,False
26428,LaV,False
26429,Sb2Te3,False
26430,Na6S2O9,False
26431,UH2O4,False
26432,Ge3N4,False
26433,CaFe4O8,False
26435,Na4Ti3O8,False
26437,VIr,False
26438,NaTm,False
26439,KCrF3,False
26440,LiNbO3,False
26441,BaSrFe4O8,False
26442,HfNiSn,False
26443,MgZn,False
26444,UC2,False
26447,DyCd2,False
26449,KNO2,False
26450,Mg3C,False
26452,NaB,False
26454,Pm3Y,False
26455,HoPd2,False
26456,Cr3Fe,False
26457,LaTl,False
26458,Na3Be,False
26459,IN,False
26460,In6Ge2PtO9,False
26461,TcGe3,False
26462,MgZr,False
26463,NaFeO2,False
26464,Sr2Ir,False
26465,MgFePO5,False
26466,TlV3Cr2S8,False
26468,Tl5Se2Br,True
26469,RbBrF4,True
26470,NaO,False
26472,CdBiO3,False
26474,HfO2,False
26475,Na3C,False
26476,MgGa,False
26479,AlFe,False
26480,In6TeO12,False
26481,RbSe,False
26484,CaCuS2,False
26485,AlFe,False
26486,TmLuRu2,False
26487,Bi2O5,False
26488,Ba2AlSn3O7,False
26490,NaTl2Sb,True
26492,Te4Mo2WSe2,False
26493,Sr2Si,False
26495,TbAl8Fe4,False
26497,MgCrF4,False
26498,K3Hg,False
26499,VNiSb,False
26500,FeCuS2,False
26501,Mg3Mn,False
26502,KCN,False
26503,TiMnO3,False
26504,InPO4,False
26505,Y6UO12,False
26507,Co3Mo,False
26508,TbY3,False
26509,CeSe,False
26510,FeAgO2,False
26511,Ti6O,False
26512,MnO2,False
26513,CePmTl2,False
26515,RbClO2,False
26518,Nb3Fe,False
26519,Sr3Li,True
26520,HfN,False
26521,CePmZn2,False
26522,SiAg4O4,False
26523,CdCuF4,True
26524,TlSbTe2,False
26525,Nd2Co17,False
26526,BaCuWO5,False
26527,NaTl2Pd,True
26528,LuTlS2,False
26532,V2O3,False
26533,BaBi4O8,False
26534,Sr3Lu,True
26535,YbKSe2,False
26537,GaCuPt2,False
26539,MnSiNi,False
26540,Ba2AlV3O8,False
26542,PrOF,False
26543,Tb3Yb,False
26544,AlNi,False
26545,HfMg,False
26546,YTaO4,False
26549,TeO3,False
26550,TbKGeS4,False
26551,BaCaI4,False
26552,SrAl4O7,False
26553,NdZrO3,False
26554,Al3Zn,False
26555,Ba2Ti6N2O11,False
26556,YErAg2,False
26557,TiO2,False
26558,YMg3,False
26560,NaAgN2O4,False
26561,Sb2Pt2O7,False
26562,MgMn2O4,False
26563,Ac2NiGe,False
26564,Mg3Zn,False
26565,CeSe2,False
26566,HfMg,False
26568,HfPt,False
26569,Na4CO4,False
26570,Li2ZrF6,False
26571,LiMnBO3,False
26573,NpMn3,False
26574,YAl4Ni,False
26575,Dy2Ge2O7,False
26580,SmOF,False
26581,ZnCo4S8,False
26584,CeYIn2,False
26585,PrBi,False
26586,BiTe,False
26588,CaGe2,False
26590,K4CO4,False
26592,Ho5Re2O12,False
26593,PrAs3,False
26595,YGaI,False
26596,InAgP2Se6,False
26598,NaVCdO4,False
26599,Mn2Sb,False
26600,ZrTaNO,False
26601,Ba3Fe2Br2O5,False
26602,CaCo2S4,False
26603,TlCuS2,False
26604,Te2Ir,False
26605,GaAs,False
26607,Ge4PbO9,False
26609,MgSb,False
26610,CuTe,False
26612,Nb3FeS6,False
26613,MgNi2,False
26614,NiH2O2,False
26615,Ag3Pd,False
26618,MgFe2O4,False
26620,TlCuSe2,False
26621,YHO2,False
26622,MgTi2O5,False
26623,NdCrS2O,False
26626,KRbO,True
26627,Lu4B6O15,False
26628,ScRu3,False
26629,MgO,False
26630,CeY3,False
26631,TiCdO3,False
26633,MgZr2,False
26634,Mn3Pt,False
26635,Sm3In,False
26636,AlWO4,False
26637,FeCo,False
26639,CaCr2S4,False
26640,Ce3Dy,False
26642,BaZnSb4O8,False
26643,HoSb2,False
26644,InSiTe3,False
26645,Al2O3,False
26646,ReTeS,False
26647,CrCo3,False
26648,TiCo,False
26650,Np3Be,False
26652,BiPd2O4,False
26654,PuO2,False
26655,Al2O3,False
26656,YCuS2,False
26657,Sr4CaMn2S2O6,False
26659,Ta2ReMo,False
26661,PuAs,False
26662,LiMg,False
26663,Hf3N4,False
26665,CeSe2,False
26666,BPPbO5,False
26667,Ba2SrIrO6,False
26668,ZnCr4S8,False
26669,ZrCo,False
26670,HfMg,False
26671,YVO4,False
26672,YOF,False
26675,OsC,False
26678,ZnGaIr2,False
26679,V2Zn3O7,False
26680,ScH3,False
26682,LaCd,False
26683,TeO3,False
26684,SrHo2O4,False
26685,MoF3,False
26686,FeCuRh2,False
26687,NdCd,False
26689,K2MnSe2O6,False
26690,Rb2SnSe3,False
26692,HgCN2,False
26696,IrPb,False
26697,La2PdRu,False
26698,Ho2AgIr,False
26700,CeBi,False
26702,ZrAsIr,False
26703,KPrGeSe4,False
26704,LiTaOs2,False
26705,GeF2,True
26706,MnNi2Ge,False
26707,PbO,False
26708,ZrCu,False
26709,RbHS,False
26712,LiBO2,False
26713,LaHoRu2,False
26716,InPd3,False
26717,HfBiO4,False
26718,MnAlF5,False
26722,Y2ZnGa,False
26723,HfPd,False
26725,Ta2TcMo,False
26726,LuSnPd2,False
26727,Mg3Fe,False
26728,CrSiO5,False
26729,Rb2HgSe,True
26731,K2Pt,False
26732,Li7Br3O2,False
26733,BaS3,False
26736,Mg3V,False
26737,Ba2AlCo3O8,False
26739,CaCl2O4,False
26740,InSb,False
26741,MnSiN2,False
26742,ZnO2,False
26744,MgO2,False
26745,CrPtO2,False
26746,AuC,False
26747,MgNiH,False
26748,K2S,True
26749,YFeW2O8,False
26750,Te4Mo3WSe4,False
26751,Sr2HgGe,False
26752,TiS2,False
26754,NbCoSn,False
26757,LuPt3,False
26758,PrPd2,False
26759,CaTi4S8,False
26761,Mn2Au,False
26762,NaMgCd2,False
26763,IrN2,False
26764,Na2SnO3,False
26765,SnF3,False
26768,Li4TiO4,False
26769,Rb4CO4,False
26770,NaCN,False
26771,Mg2Si,False
26774,YbCuSb,True
26775,Sc2MnSn,False
26777,YMnW2O8,False
26778,P3Ir,False
26780,CaV4S8,False
26782,VSe2,False
26783,Mn3Al,False
26784,BaNiO3,False
26785,SbF4,False
26786,LiVO2,False
26787,Sr2Rh,False
26788,CoSI,False
26789,RbCoCl3,False
26790,NaSbO3,False
26792,Na2NbF6,False
26793,NpSb3,False
26794,In2Ge2O7,False
26795,BaPbO3,False
26796,Ca2Rh,False
26797,HoS,False
26799,AgB2,False
26800,SiO2,False
26802,CaMn4S8,False
26804,KZrS2,False
26806,MnNiP,False
26808,W2SeS3,False
26809,Tm2CdSe4,False
26811,TlF,True
26812,CdInRh2,False
26813,DyHg2,False
26814,MnNi2Sn,False
26815,Ti2InCo,False
26816,Be2Fe,False
26817,CoO,False
26818,Ca2YSnO5,False
26820,Li2NbOF5,False
26822,InPO4,False
26823,WF4,False
26826,NaAg3,True
26827,VNiSb,False
26828,ZnCoSi2O6,False
26829,SrMg3,False
26830,Mg3Bi,False
26831,CuI,False
26832,Rb2SiS3,False
26833,CrS,False
26834,HgBrN,False
26835,LiMg2,False
26838,TiAu2,False
26839,Li2HgAs,False
26840,ScBiO3,False
26842,Hf2ReTc,False
26843,ErCdAg2,True
26845,Cd2GaAgS4,False
26848,KHg2Bi,True
26849,CaTi2O5,False
26850,CaMg3,False
26851,CeRh,False
26852,Tl2Ni3S2,False
26853,SnSe,False
26855,LaHg,False
26856,YbPd2,False
26857,BiO2,False
26859,Sb2O5,False
26860,Rb4CO4,False
26861,LiMg2Pd,False
26862,Li2CdGa,False
26863,CdFe2O4,False
26864,PPdSe,False
26865,WN2,False
26866,CePd3,False
26868,LaTe,False
26869,K4SrU3O12,False
26872,Li2NiSnO4,False
26873,CePd2,False
26874,MgCd,False
26875,Zn3B,False
26876,BaLi2Tl,False
26877,Cr3Fe,False
26878,Ti2MnRe,False
26879,CuAuO2,False
26880,Ta2VRu,False
26882,LiCu2O4,False
26884,TmCd2,False
26885,SiO2,False
26886,Ca2CdHg,False
26890,TcN2,False
26891,TmLuPd2,False
26893,LiBiPd2O4,False
26895,Si2HgTe,False
26896,Co3W,False
26898,TmLuIr2,False
26899,ZnAs3,False
26901,LaN,False
26903,MnS,False
26904,DyC2,False
26905,LiCuPO4F,False
26906,Rb3Al,False
26907,NiBrO,False
26908,CaPdAu2,False
26911,Rb2NaNiF6,True
26912,CaAlSiH,False
26914,Na2PdF4,True
26916,CrPdO2,False
26917,V2O5,False
26918,Tm2MgTl,False
26919,HfOs3,False
26920,TiO2,False
26921,LiO2,False
26922,MnAgPd2,False
26923,RbAuO,False
26926,MnS,False
26927,HfGeO4,False
26928,DyYAl2,False
26930,Sm4FeSe6O,False
26932,RbNa3,True
26933,V2OsRu,False
26935,BaPd,False
26937,Yb2K2O3,False
26938,SiO2,False
26941,CeMg3,False
26943,U3Ge,False
26944,Mn2V2O7,False
26945,Ba2LiReN4,False
26946,YbHg2,False
26947,UV2,False
26948,SrAs2O6,False
26949,CdSe2O5,False
26950,Re2PtRh,False
26951,YErRu2,False
26952,Sm2C3,False
26953,Zr2SN2,False
26954,ZnCuNi2,False
26955,ZnSiRh2,False
26956,Ca2Ge,False
26957,Ag2GeS3,False
26958,LiAl2Ru,False
26959,PdF4,False
26960,TiS2,False
26961,Sm2AgSn,False
26964,Nb3B3C,False
26965,RbBr3,False
26967,LiCuPO4,False
26968,MgF2,False
26970,ZnCuPt2,False
26971,ZnBi,True
26972,BeSnAs2,False
26973,ZnS,False
26974,Rb3Re,False
26976,LuTlSe2,False
26977,GaCo2Ni,False
26979,Fe4OF7,False
26980,Ge2W,False
26981,KSi2Hg,False
26982,LiCo2O4,False
26983,YTlTe2,False
26984,KVCu2S4,False
26986,LaH3,False
26987,Ca2Sn3O8,False
26988,NaLiSe,True
26990,CaCo4S8,False
26991,Sm2PdRh,False
26992,AgCO2,False
26994,MgGa3,False
26995,CrAs,False
26999,AlC3,False
27000,Zn3In,False
27002,LiYF4,True
27003,LiFe2O4,False
27004,HfMg,False
27005,CeGa,False
27006,Hg3Rh,True
27007,MnCu2SiS4,False
27009,SmInAu2,False
27010,KAgO2,False
27011,MgH2,False
27012,Tl3Ir,False
27013,TlCrSe2,False
27014,MoH2O4,False
27016,HfAl3,False
27018,NdLuMg2,False
27020,CaZrN2,False
27021,NaZr2AgF11,False
27022,Yb2MnSe4,False
27023,YSF,False
27026,InAgP2S6,False
27028,Ca2Sb2O7,False
27030,NbGaO4,False
27033,Sr2Be2B2O7,False
27034,MgCd3,False
27035,V2CdO6,False
27036,MnS,False
27038,TaTcPb2,False
27039,ThTa2O7,False
27040,CaTi2F10,False
27041,PrSm3,False
27042,SrCu2O2,False
27046,Ce3Mg,False
27048,ZnCr3,False
27049,Rb4CdCl6,True
27050,Cu3Si,False
27051,CoO2,False
27052,Li4CO4,False
27053,Ca4Al6SO16,False
27054,SmInAg2,False
27055,BaSm2PtO5,False
27057,Rb2CrCl4,False
27059,CdO2,False
27060,NaY2In,False
27061,Al2Bi3O9,False
27062,CoO,False
27063,Na3BN2,False
27065,Ho3Zr,False
27068,Ce3Mg,False
27070,NaIO3,False
27071,KAuF4,True
27073,TmInAu2,False
27074,ZnCr2S4,False
27075,BiAsO4,False
27076,U3Si4Ni4,False
27077,ZnHg3,False
27079,Lu2MgHg,False
27080,TbAgHg2,True
27081,MnSe,False
27083,Sr4Al6SO16,False
27084,MgO,False
27085,CaCo2Si4O12,False
27086,TiAs,False
27088,DyBiPd,False
27089,Zn3Co,False
27090,SiO2,False
27091,CuO,False
27092,Ge3Te,False
27093,Mn4O7F,False
27095,RbSO2F,False
27096,NdTa3O9,False
27097,LaInAg2,False
27098,Ti2CuS4,False
27099,Zr3Pt,False
27101,Na3Tl,False
27102,AcMg,False
27103,PBr,False
27105,LiHo2Al,False
27106,MnIn2W,False
27107,FeAs2O7,False
27108,Li3AsO4,False
27109,ZrAl3,False
27110,LiCa3,False
27111,HfBrN,False
27116,Mg2TiSbO6,False
27117,PdSO4,False
27119,Ca4SmB3O10,False
27120,Tm3P,False
27123,Fe4OF7,False
27124,ZnNi3,False
27125,VNi2,False
27128,CeSe,False
27129,YbNiC2,False
27130,Rb3Fe2Se4,False
27132,CuBrO2,False
27133,Tm2ZnAg,False
27134,NiPt,False
27135,BeZnO2,False
27136,NaLa3,False
27138,Lu3Si,False
27139,NaAlO2,False
27140,ZnSi3,False
27142,SnO2,False
27143,LiCuS2,False
27145,ErMnSi,False
27147,RbN,False
27148,AlH3O3,False
27149,SnBr4,False
27151,Na3Cl,True
27152,TiCo2Si,False
27153,FeNi3,False
27154,RbSb2,False
27155,TmNiBi,False
27157,V2CdO6,False
27158,PaN,False
27159,Tm2ZnRh,False
27160,Li2TiF6,False
27161,ZnSb3,False
27162,NbFe3,False
27163,Sr2UMn,False
27164,ZrNiSn,False
27165,Cr3Ni,False
27167,GeC,False
27168,TlBr,False
27169,FeCo2Si,False
27172,Li3Ga,False
27173,Mo3WSe2S6,False
27175,FeSe,False
27176,SmYO2,False
27177,TlBr,False
27182,Tm3Th,False
27183,YAl,False
27184,Na4UO5,False
27185,ZrSi,False
27187,SrSbAu,False
27189,ThFe2,False
27190,LaAu3,False
27191,LiGaS2,False
27194,USe,False
27195,MgCr4S8,False
27197,SnI3,False
27198,ScMo3O8,False
27199,Rb2NbAgSe4,False
27202,UTe,False
27203,CaO,False
27204,YbBa2NbO6,False
27205,Nd3Pd,False
27206,InSb,False
27207,Li3Pb,False
27209,PrAg2,False
27212,YbTlHg2,True
27213,FeO,False
27214,HoMnSi,False
27215,ZnIn3,True
27216,MgCo4S8,False
27217,NbSe2,False
27219,Cr5Si3,False
27220,YbTmHg2,True
27222,LiSbS2,False
27223,YLuCu2,False
27225,MgNi3,False
27227,MgPa3,False
27228,CrCo5O12,False
27230,SrCaI4,False
27234,Na2MgCl4,True
27235,YbYPd2,False
27236,CeO2,False
27237,MgNi4S8,False
27238,GaPO4,False
27240,TiNiSn,False
27242,CuS,False
27243,LiLaHg2,True
27244,TmB2C2,False
27245,BaCl2,False
27246,PbSe,False
27247,OsN2,False
27248,Yb2CdGe,True
27249,MnGaFe2,False
27250,HfInAu2,False
27251,MgV4S8,False
27252,LuCd2,False
27253,Ti4Bi2O11,False
27254,YbIr,False
27255,SnS,False
27256,HfInCu2,False
27258,ThTe3,False
27259,TmBi3,False
27260,GaAgS2,False
27261,NaMg3,False
27262,SnO,False
27264,V3Zn2O8,False
27266,Li4CO4,False
27267,CdCuSb,True
27269,Ca2Pb,False
27270,Te2W3Se2S2,False
27272,TmLuZn2,True
27273,ZnN,False
27275,AlV2O4,False
27276,BiSe,False
27277,GaAgO2,False
27278,BN,False
27280,CuHgO2,False
27281,HoHO2,False
27282,YbLuTl2,True
27284,MoN,False
27285,LiCu2PO4,False
27286,ZrBr,False
27287,HfAgB,False
27288,VZnSiO5,False
27290,HoErRu2,False
27291,MgNb2,False
27292,VS,False
27293,MoO2,False
27294,YbMgIn2,True
27295,KBrF4,False
27296,V6H4O13,False
27300,Yb2TlPb,True
27303,Sm3AuO6,False
27305,CrBiO4,False
27306,Pm2GaAg,False
27310,K3Pd,True
27311,NiS,False
27313,RbFeF4,False
27314,LuAlAg2,False
27315,Na2ZnSiO4,False
27318,Na3Sn,True
27319,YTaRu2,False
27321,TmScHg2,False
27322,Ho2PdRu,False
27323,CaAg2Sn,True
27324,KLaTe2,False
27325,Li2MnFeB2O6,False
27328,LiTm2In,False
27330,Cr3Fe,False
27331,AcInTe2,False
27332,TiZnAu2,False
27333,NpAs3,False
27334,HoMgTl2,True
27337,HfAu,False
27338,SiO2,False
27339,YCdAu2,False
27340,TiZnRh2,False
27341,PbS,False
27342,Na2Be2O3,False
27343,UH2O4,False
27344,Te6Mo2W,False
27345,Yb2MgIn,True
27346,Li2HgPd,False
27349,LaCd2,True
27350,Sm2Mg,False
27351,ZrCl,False
27353,CaAu,False
27355,TiV2CrO10,False
27357,NaNiIO6,False
27358,YbNiSb,False
27359,Si2O,False
27361,Ho2RuRh,False
27362,MnAgO3,False
27363,UGeO4,False
27365,KOs2O6,False
27366,AlNi2O4,False
27367,LuSeClO3,False
27368,Sm3Ga,False
27369,ThCd2,True
27370,TcN,False
27371,YbErRh2,False
27372,TmB4,False
27373,YThRu2,False
27374,Na3In,False
27376,H3S,False
27377,CdIn2Se4,False
27378,TcAs3,False
27379,NbS2,False
27380,MgCO3,False
27381,TiGePt,False
27383,ZnSi2NiO6,False
27385,MgMnPt2,False
27386,YbDyRh2,False
27387,Ti2ReOs,False
27388,Ta2MoOs,False
27389,Ti3AlSe2ClO8,False
27390,MgMnO2,False
27391,MnGaNi2,False
27392,V2MoRu,False
27393,YbInPd2,False
27394,NaCdIn2,True
27395,YbZrRh2,False
27397,ThRh,False
27398,PaGaCu2,False
27399,TiHgO3,False
27401,Li4CO4,False
27402,RbN,False
27403,Sr2LuBiO6,False
27404,RbS,False
27405,SN,False
27406,Li2Ti3O6,False
27407,Li3Zn,False
27408,MnV2Re,False
27409,Li2HgPt,False
27411,YbInRh2,False
27413,Ca2PI,False
27415,BeSnP2,False
27416,Zn3C,False
27417,TiMnCo2,False
27418,NaN3,False
27420,CaSbPd2,False
27423,BiRh,False
27424,BRh,False
27425,NaCa2Al,False
27426,Li2TiCuO4,False
27427,ZrPd,False
27428,TcB,False
27430,MgV4O10,False
27432,Mg2SnN2,False
27433,MgPd2Au,False
27434,Zr2CoIr,False
27436,MgZnNi2,True
27437,TiNi,False
27441,WO2,False
27442,CaCeMg2,False
27446,UAl2Cu,False
27447,LiSc2Au,False
27448,NaTc3,False
27449,MnPd2Au,False
27450,Li2CO3,False
27451,AgN,False
27452,CeCdAg2,False
27454,Ge3F,False
27455,Nb4FeSi,False
27456,CaCO3,False
27457,BiSe,False
27459,Zn2CuN2,False
27461,AlCr2O4,False
27462,CaSO4,False
27463,Sr2BN2Cl,False
27464,MgNi2O4,False
27466,ScVOs2,False
27467,BBr3,False
27468,AgO,False
27469,SiO2,False
27470,V2MoW,False
27471,BeSiAs2,False
27472,HoAgHg2,True
27473,TmCoC2,False
27476,SmMgRh2,False
27479,Y3Mg,False
27480,Mg2Mn2O5,False
27482,PaAlAu2,False
27483,InOF2,False
27484,LiEr2Ga,False
27485,Mn4O7F,False
27487,LiVF4,False
27488,Y2CdAu,False
27489,CuSe,False
27490,Nb7B6C3,False
27491,IO2,False
27492,Cr2O5,False
27493,Sr2SbAu,False
27494,Ca3Pb,True
27495,LaBi3,False
27496,KLaS2,False
27498,ScTaPb2O6,False
27499,LaDyRu2,False
27504,Na2ZnGeO4,False
27505,BaBrCl,True
27506,LiZn2Pd,True
27507,CeSmO2,False
27509,Cu2S,False
27510,LiGa3,False
27511,TbLiSe2,False
27514,CrO2,False
27516,Li4CO4,False
27517,LuB2C2,False
27518,CoGe2,False
27520,KN,False
27521,Ho3P,False
27524,ZrBr,False
27525,CeH3,False
27527,CoAsS,False
27529,Sr3BiSb,False
27531,Zn3N,False
27533,Ti2Sn,False
27534,LiErHg2,True
27537,MgCr2F12,False
27538,SiO2,False
27539,ZnSiP2,False
27540,Hf3N2O3,False
27543,Co5NiO12,False
27544,V2ReTc,False
27545,HfCd,False
27546,MgZr,False
27547,ErNbO4,False
27548,SbS,False
27549,Mn2VGe,False
27550,V2CrMo,False
27551,Mo3WSe4S4,False
27552,SbOF,False
27554,Hf2Zn,False
27555,Bi2O3,False
27556,CaBiCO4F,False
27557,TmTe,False
27558,CeTlAg2,False
27562,CrPO5,False
27563,NaN3,False
27564,Ti2VIr,False
27565,AgAu3,False
27567,NdRu3,False
27568,NiC,False
27569,AgC,False
27570,Ho3Sb,False
27571,MgAl,False
27572,ZnAg2O4,False
27573,GaCuPt2,False
27574,Ti2ReTc,False
27576,Sr2UNi,False
27579,Ba2MgCd,False
27580,TiMn2Ga,False
27582,Hf2MnZn,False
27583,NbInRu2,False
27584,BaGeO3,False
27585,AlGaO3,False
27588,MnGe2O6,False
27589,NaLiTl2,True
27591,Ti2GaCo,False
27592,PCl5,False
27593,UTc2Sn,False
27594,ZnTe,False
27595,NbAgF6,False
27596,YZn2Au,True
27598,VF3,False
27599,ZnAg3,False
27602,Y2AgRu,False
27604,LiAlHg2,True
27605,YTlO2,False
27606,TmAlAu2,False
27607,BaMnF4,False
27608,Fe11Si5,False
27611,NpFe3,False
27612,MnGaNi2,False
27613,NaCoO2,False
27615,HfMg,False
27616,CeAlAg2,False
27617,Mg3Ga,False
27619,Li2CuAg,False
27620,NaTl2Pb,True
27621,Tl4Te3Pb,False
27623,Be3Ru,False
27624,TmPaTc2,False
27626,TiCu3,False
27627,Zn2NiN2,False
27628,BaCSNCl,False
27629,CClF3,False
27631,Sc2MnSi,False
27632,LiSi2Ir,False
27636,MgGa,False
27637,LuGa,False
27638,LiScAu2,False
27639,VOF3,False
27642,Mn2AlO4,False
27644,YbInAg2,True
27645,LiNiO2,False
27646,BeFe2P,False
27647,CuSiIr2,False
27648,YAgS2,False
27650,LuZnRh2,False
27652,Rb3TlF6,True
27654,Sm3Te4,False
27655,AgN,False
27656,CaScHg2,False
27658,TbLiAu2,False
27660,CaMg,False
27661,PaHgAu2,False
27663,InCuPd2,False
27664,LiCo2O4,False
27666,YbInHg2,True
27667,ThScTc2,False
27668,RbHO,False
27669,ZnC2O4,False
27670,Ti2NbPt,False
27671,Ce2AgPb,False
27672,NbZnRh2,False
27673,MgWF5,False
27674,CaZn,False
27675,Rb4CO4,False
27676,PaSnAu2,False
27677,LiSc2Rh,False
27679,Ti2IrRh,False
27680,Te6MoW3Se2,False
27681,BaLi2Tl,False
27682,CeSnAu2,False
27683,CS2,False
27684,SrLi2Ge,False
27686,TmSi,False
27688,Na2TlPb,True
27689,Ti2IrW,False
27690,FeSe,False
27691,YbLaHg2,True
27692,YMg,False
27694,TaS2,False
27695,ZrPt,False
27696,Ti2ZnOs,False
27697,NbZnRu2,False
27698,LiTiAu2,False
27700,Ba4B2N4O,False
27702,Ba3In2Cl2O5,False
27704,BCl2,False
27705,Mn3V3Te2O16,False
27706,LuCoC2,False
27707,Ba2AgBi,False
27708,TiO2,False
27709,SrMg,False
27710,AgH,False
27711,Ca2ZnSn,False
27714,CuHgSBr,True
27716,Li2ErTl,False
27717,PdI2,False
27718,LuGaCu2,True
27719,FeCl2,False
27721,Yb2InHg,True
27722,Mg2V2O5,False
27723,TiGa4O8,False
27724,Li2CdAu,False
27725,Ti2MoIr,False
27726,MnAlCu2,False
27727,BaNaTl2,False
27728,Na2MgSiO4,False
27730,AlTc2Sb,False
27731,VFeCoGe,False
27732,Ho2ZnRu,False
27735,YTaO4,False
27737,Mg3As2O8,False
27738,VFeCoAs,False
27739,Ba2Zn2ClF7,True
27741,CaCO3,False
27743,ZrSn,False
27744,LiNd2Ir,False
27746,BeGaPd2,False
27747,Na6BeO4,False
27749,KVCu2Se4,False
27751,PaTe2Au,False
27752,Hf2FeIr,False
27754,TiTc2Sb,False
27755,BeGeP2,False
27756,CoCuO2,False
27757,ZrBeRh2,False
27758,SNF,False
27760,BiPt,False
27762,MoS2,False
27763,Na6Ge2S7,False
27764,YbTaO4,False
27765,CaNi4S8,False
27766,TiP2O7,False
27767,PaTlAu2,False
27769,LiSmHg2,True
27770,Be2ZnPt,False
27772,NbSiRu2,False
27773,MnHgPd2,False
27774,Hf2N2O,False
27775,SiSe2,False
27776,Li2ErIn,False
27777,HfO2,False
27780,Ce3Mg,False
27781,NaBiPd2,False
27782,MoW2Se2S4,False
27783,CaCr4S8,False
27784,MnAs,False
27785,Sc2CuIr,False
27786,BeBPt2,False
27787,PmCdRh2,False
27788,TmAlO3,False
27789,TiGaFe2,False
27790,WN,False
27792,Ti2CoTc,False
27793,CaBi2O4,False
27795,NaCd2Rh,False
27796,WBr2O2,False
27797,HfMgO3,False
27799,Ti3Ag,False
27800,YTlS2,False
27801,ZrIr3,False
27802,BiI,False
27803,ScPaRu2,False
27805,Na2CdSnS4,False
27806,GaP,False
27807,Be4B,False
27808,RbSbS2,False
27809,LiOs2W,False
27811,Y2HgPb,False
27812,CrCuS2,False
27814,InAgO2,False
27815,LiAl2Ru,False
27816,BaPd2S4,False
27818,CaFeO3,False
27820,DyYHg2,False
27821,LiTlHg2,True
27823,P2Pd2O7,False
27826,SnO2,False
27827,MgZnAu2,True
27828,MgGa3,False
27830,YSi,False
27831,Hf2ZnHg,False
27832,MgCo2S5,False
27835,TaTiRe2,False
27839,VC3,False
27840,LiPmAu2,False
27841,RbHfAgTe3,False
27843,Mn2Ge,False
27845,VGeRu2,False
27846,Ti2OsRu,False
27847,YSbRh2,False
27848,La2ZnRu,False
27849,ZrNi,False
27850,ScTiCo2,False
27851,CdSiP2,False
27852,YPd,False
27853,LiPmHg2,True
27854,Ba2MgB2O6,False
27855,LiMn2S4,False
27856,FeH3,False
27857,MgMo6O16,False
27858,AlHO2,False
27859,MnCoSi,False
27860,TiO2,False
27862,Ti3O,False
27863,CdCu2Rh,False
27864,Zn2CoSbO6,False
27865,Rb2S5,False
27866,Li2CaTl,False
27867,VO2,False
27868,RuN,False
27870,MgZn,False
27871,VGaRu2,False
27872,YCdRh2,False
27873,Ga2RuPt,False
27875,MnFe2Ge,False
27877,MgAl2O4,False
27880,TcB,False
27882,WSeS,False
27883,Sm2IrRu,False
27884,Ti2IrOs,False
27885,RuO2,False
27886,Y2CuRh,False
27887,SrHg2Pb,False
27889,CeSiI,False
27891,Ti2In,False
27892,CdN,False
27893,NdNi2Sb2,False
27894,LiZnPO4,False
27895,CaZn3,False
27896,MgSbO3,False
27897,AlP,False
27898,LiY2Ag,False
27901,Li2GaAg,False
27902,Y2CuRu,False
27903,MgSb2O4,False
27904,ZnSiTc2,False
27905,Al2VCl8,False
27906,La2TlCd,False
27908,LiCdHg2,True
27910,YbKS2,False
27911,CrCuS2,False
27912,YScZn2,False
27914,BeO,False
27916,Li2TmIn,False
27917,Y2TeO6,False
27918,MgIrO3,False
27919,Sr3Li4Ge2N6,False
27920,NaScTl2,False
27921,Fe4O5F3,False
27923,K2NaCd,True
27924,Sc2HgPt,False
27926,NaPmTe2,False
27929,MnAlRu2,False
27932,Al2Cu3Se6,False
27934,Lu2IrPd,False
27936,Hf2VRh,False
27937,SiO2,False
27938,K2CO3,False
27940,Ba2S3,False
27941,Pm2CdGe,False
27942,CrCuSe2,False
27943,Li2AsAu,False
27944,Ba3AsP,False
27945,Rb2NaHg,True
27946,NaLaTl2,True
27947,CrFeTe,False
27948,Li2TlPd,False
27949,Lu2GaTc,False
27950,CaInRh2,False
27951,Y2CdPd,False
27953,Pm2CdIn,False
27955,TiBe2Rh,False
27956,Ca2Co2O5,False
27957,Mn3Sb,False
27958,NdTlSe2,False
27960,AlZnNi2,False
27961,LiZrSe2,False
27963,LiRh3,False
27966,MnGaNi2,False
27968,CdN,False
27969,ZrSbRu2,False
27971,K4CO4,False
27973,TmCdAg2,True
27975,MgO,False
27976,LiFePt2,False
27977,Lu2CuRu,False
27978,TbCl3,False
27980,EuS,False
27981,NpTe2,False
27982,Mn2GeW,False
27986,Li2AgAu,False
27987,SrCaMg2,True
27989,NdPbAu2,False
27990,EuTlS2,False
27991,Yb2SO2,False
27993,Ba2YRuO6,False
27995,MgTi2S4,False
27996,SiO2,False
28001,Li2VOF3,False
28002,TlP,False
28003,LiGePt2,False
28005,CuP2,False
28007,YbLiS2,False
28008,NaEuS2,False
28009,Nb2CuRe,False
28010,MnTe,False
28011,ScI3O9,False
28013,TaMn2Ge,False
28014,LuInNi2,False
28015,CrO2,False
28016,EuSe,False
28017,Fe3Si,False
28018,ReN2,False
28020,LiScHg2,True
28021,Y2GaAu,False
28022,SbOF3,False
28023,ZrCu,False
28025,TeO3,False
28026,Ca3UO6,False
28027,HfCu2Te3,False
28028,Ti2AlCo,False
28029,EuZnGe,True
28030,CoB3W3,False
28031,Pm2GeAu,False
28035,Li2ZnGe,False
28036,NaSO4,False
28037,CaV4O10,False
28038,BaSi,False
28039,KSO4,False
28040,AgI,False
28041,HfSi2Ni2,False
28043,RuN,False
28045,Ga2S3,False
28047,CoO2,False
28048,KMnO2,False
28049,TeO2,False
28050,V3AsC,False
28051,Tb2Fe17,False
28052,PdN2,False
28053,NaN3,False
28055,Er2CuO4,False
28058,K2Na4Be2O5,False
28059,Ti2Ge,False
28060,LuAsO4,False
28061,ZnIn2O4,False
28062,Y2TlCd,False
28064,MgGeO3,False
28065,PtPb,False
28066,MnHO2,False
28067,Eu2O3,False
28068,CrCoTe,False
28070,TiMn2W,False
28072,MnCo2Ge,False
28073,CaSb2O4,False
28074,TbCl,True
28075,LaPt3C,False
28076,LiCr2S4,False
28077,AlF3,False
28078,Pm2NiRh,False
28079,CrS2,False
28081,ZnNi2O4,False
28082,AlAgO2,False
28083,Zn3Pd,True
28085,Y2ZnIr,False
28089,KC,False
28091,YbMgCd2,True
28092,Mn2VGa,False
28093,Te8MoW3,False
28095,LiSnS2,False
28096,MgMnF5,False
28097,AlH3O3,False
28099,HoTlSe2,False
28100,Yb2AgPb,True
28101,TiNi,False
28102,BaRhO3,False
28104,TcB,False
28106,AlMo4S8,False
28108,YCo2O4,False
28109,PdPb2Cl6,False
28110,GaNiRh2,False
28112,Na2O,False
28113,YbLuRh2,False
28115,ErTlSe2,False
28117,LiCuPO4,False
28118,K3Re,False
28119,SbAsO5,False
28121,MgO,False
28122,HfZnN2,False
28123,Ca2AgRh,False
28124,NaLi2Tl,False
28125,TlNi2S2,False
28126,HoGaRh2,False
28127,V3Re,False
28129,Ca2Cr2O5,False
28132,LiMg2In,False
28133,YbTlSe2,False
28134,BeInPt2,False
28137,TiSnRh2,False
28139,LiPbAu2,False
28140,LiCa2Pd,False
28141,Ti2GaFe,False
28142,FeHO2,False
28143,BW,False
28144,LiSc2Tl,False
28146,Sb2Se3,False
28147,MoWSe2S2,False
28148,Li4HfO4,False
28149,ScHgAu2,False
28150,Tm2Zr2O7,False
28153,Y2InCu,False
28154,Sr2AgPb,True
28155,LiSnAu2,False
28158,Ba2NaMg,True
28159,HoCu2S2,False
28160,CaW,False
28161,CdTe,False
28162,NdSnAu2,False
28164,Mg3Zn,False
28165,UGaTc2,False
28166,Sc2AgSn,False
28167,Zr2CoPt,False
28168,Hf2VTc,False
28169,Be2VPt,False
28170,Ba2AgAu,True
28171,MgSb2O6,False
28173,Zn3Sb,True
28174,LaBPt3,False
28175,HoAu,False
28176,LuZrRu2,False
28177,Ca2CdAg,True
28178,HfScTl2,False
28179,Be2CuOs,False
28180,Mg2CdPb,True
28182,NbSiTc2,False
28184,MgSnPt2,False
28185,NaYHg2,True
28187,Y2AlTl,False
28188,MgMn2S4,False
28189,CuN,False
28190,NaZnPd2,False
28191,Rb3Pt,True
28192,YZnHg2,True
28194,Ta2OsPd,False
28195,Y2ZnPb,False
28196,MgRu2W,False
28197,Y2GaCu,False
28198,LiCd2In,True
28199,MoF3,False
28200,HoCdPt2,False
28201,Al5CuS8,False
28202,Pr2Be2GeO7,False
28203,CeTlZn,True
28204,LiY2In,False
28205,Be2CuNi,False
28206,LiHg2Rh,False
28207,SrLi2Tl,False
28208,Sr4Fe4O11,False
28209,Ag2Te,False
28211,Ba7Al10,False
28212,NaIn2Bi,True
28216,Mg2HgPb,True
28218,Al2TcIr,False
28222,Ba2CuF6,False
28223,LuTlRh2,False
28224,Al5CuSe8,False
28225,LiCaAu2,False
28227,Te2O5,False
28229,PdN,False
28230,KTlHg2,True
28231,MgCuPd2,False
28232,RuC,False
28234,V2CrRe,False
28235,Hf2ZnOs,False
28237,LiCd2Hg,True
28238,FeSe,False
28239,Ca2ZnGe,False
28241,PaGaAu2,False
28243,Al2CuO4,False
28246,TiInRh2,False
28247,Ba2MgIn,False
28249,Nb2Te3,False
28252,HfTlAu2,False
28253,Y2CuPt,False
28254,Be2PtAu,False
28256,Tb2CaO4,False
28258,HgPt3,False
28259,Ca2MgAl,False
28261,Li2SnBi,False
28262,GaBiO3,False
28263,ErTlZn,True
28264,CeCdHg2,True
28265,CaF2,False
28266,Sr2ZnGe,False
28267,Ba2ZnAg,True
28269,HgBiPb2,True
28271,AlCo2Si,False
28272,LiMgHg2,True
28273,XeIF7,True
28274,CaFeF4,True
28275,CaYZn2,False
28278,LiSnHg2,True
28279,Mo2O5,False
28282,LiY2Ga,False
28283,ZnCr2O4,False
28284,KTl2In,True
28285,LiZnCd2,False
28286,LiNbRu2,False
28287,K2MgF4,True
28288,MnBe2Os,False
28290,Eu2H3Br,False
28291,CrH,False
28293,Zr2ZnCd,False
28294,V2CrFe,False
28295,Ca2ZnGa,False
28296,AlFe2S4,False
28297,Sc2AlAu,False
28298,MnN,False
28300,PCl3,False
28301,LiCa2Ag,False
28304,FeS,False
28305,Sr3N2,False
28306,Sr3Bi2,False
28307,K2HgSe,True
28308,K2NaHg,True
28309,Cd3As2,True
28311,V2TcOs,False
28312,PdPb2Br6,False
28315,Ge3Rh,False
28317,Ce4DyO9,False
28319,Sc2AlHg,False
28323,Ta2CuOs,False
28324,MgCoF4,True
28328,Cr3Fe,False
28329,CrSnRu2,False
28331,YCdAg2,False
28332,TiNi,False
28336,Hf2TcPd,False
28339,Li2CaMg,False
28340,VSe,False
28341,K5P2Au,False
28343,Si2TcIr,False
28344,Lu2InAg,False
28347,EuBiAu,False
28349,CoO,False
28351,Fe2TeO6,False
28352,Ba2HgBi,False
28355,Sr2MgCd,True
28356,ZnSnO3,False
28357,CeCo2As2,False
28358,Al2OsRu,False
28361,DySb,False
28362,ZnGaPd2,False
28364,EuCdPb,True
28366,Al2Bi3O9,False
28367,HoAlO3,False
28368,CrInCo2,False
28369,SiC,False
28370,KAg3Se2,False
28373,Li2SnPb,False
28375,Yb2SmS4,False
28377,AlNi3,False
28380,MgCdHg2,True
28381,YScAu2,False
28382,SrBe3O4,False
28383,Ti2AlNi,False
28384,CeTe,False
28385,LaCo5,False
28386,Ba3As2O8,False
28388,EuCdSn,True
28389,Y2MgTl,False
28390,Sc2MnSn,False
28391,K2SnAs2S6,False
28392,Li2RhAu,False
28395,Mg2CoSbO6,False
28397,Co21B6Mo2,False
28398,Sc2TiTl,False
28399,Li2GaHg,False
28400,NaAlF4,False
28401,YCuS2,False
28403,BaSnS2,False
28405,SrCuH6O5,False
28406,FeCuO2,False
28407,LiAg,False
28408,CaMn2S4,False
28409,GaFeCo2,False
28410,CdIrO3,False
28411,CeOF,False
28412,Ti2Al,False
28414,Er2Be2GeO7,False
28415,K2Se3,False
28416,SrLuCuSe3,False
28417,InCl,True
28418,YHfRh2,False
28419,NiHO2,False
28420,Li6MgBr8,False
28421,Y2HfO5,False
28425,PrN,False
28426,Sr2LiMg,False
28428,PaNi2Ge,False
28429,Mg2SiO4,False
28430,Li4TaN3,False
28431,CrInCu2,False
28432,AlCuS2,False
28433,EuZnGe,False
28434,VCdO3,False
28436,KNa2P,False
28437,FeS,False
28438,MnCo,False
28439,K2RbAs,True
28440,LuAlO3,False
28441,NaCdPb2,True
28442,LiFeF4,False
28443,K2LiAlP2,False
28444,EuO2,False
28447,CrSnRh2,False
28448,MgMnO3,False
28451,SrYPt2,False
28452,TeMoWSeS2,False
28453,CaH2O2,False
28454,CrGaFe2,False
28455,Ba2Sn3O7,False
28456,La5B2N6,False
28457,SiO2,False
28458,MnP,False
28459,MgRuO3,False
28462,ZrTiAu2,False
28464,NiAgSe2,False
28465,MgSiN2,False
28466,CeAlO3,False
28467,K2RbBi,False
28468,EuSnHg,True
28470,AlCuSe2,False
28472,UCl6,False
28474,TePb,False
28475,K2VAgSe4,False
28476,Tb2O3,False
28479,EuZnGe,False
28484,Li2PtPb,False
28485,BaHo2PdO5,False
28486,TaP,False
28487,Tm5Re2O12,False
28488,CaFe4S8,False
28490,Zn2CuRh,False
28491,LiTiS2,False
28492,TiRu3,False
28493,VMo2S4,False
28494,LiHfAu2,False
28498,SiSn,False
28499,TmSb,False
28500,Ti2MoAu,False
28503,NaVF3,False
28504,Li2CuAu,False
28505,TlSn2Br5,True
28506,CdN,False
28507,ZnSbF5,True
28508,Sr2ZnCd,False
28509,ZnNiPd2,False
28510,LaAl2BRu2,False
28511,AlSnRu2,False
28513,ScSi2Tc,False
28514,W2NCl8,False
28516,PbS,False
28517,CaMo2O4,False
28519,Te2MoWSeS,False
28521,Tl2HgSe,True
28522,Sr2Ti6N2O11,False
28523,NaCaHg2,True
28524,Y2InHg,False
28526,Zr2ZnPt,False
28527,LaCoSi,False
28528,BaNd2ZnO5,False
28530,Li2HgPb,True
28534,CaV2O4,False
28537,Na2HgAu,False
28539,KCuF3,False
28540,MnBeIr2,False
28541,TiBe2Pd,False
28545,NaLiHg2,True
28546,NaMg2Tl,True
28548,ZnIrO3,False
28549,NaHg2Bi,True
28551,LiY2Cd,False
28552,HfMnO3,False
28553,CaFe2S4,False
28554,LaCuPb,False
28556,MgNi4O8,False
28557,Sr2LiIr,False
28558,MnSn,False
28560,SnS,False
28561,NdSbPd,False
28562,MoP,False
28563,H2O,False
28564,Mg2Cr3O8,False
28565,PrN,False
28566,MnGaCo2,False
28568,H2W2O7,False
28569,Hf2IrOs,False
28570,MgMn2S4,False
28571,PdN,False
28572,CaCo2O4,False
28573,ThFe4P12,False
28575,ScAg2Hg,False
28576,SmAs,False
28577,YbCoC2,False
28578,Rb2VAgSe4,False
28579,LaNi3Rh2,False
28580,LiZrHg2,False
28582,TiZnO3,False
28583,Mg2Mn3O8,False
28586,MnBi2Te4,False
28587,CaMn2O4,False
28588,VN,False
28589,Sr3As2O8,False
28590,LaFe5H12,False
28591,YTlSe2,False
28594,YbRbS2,False
28596,LaPbAu,False
28597,Mn3P,False
28601,Sr2AgSb,False
28602,Ba2Ge,True
28603,CaFe2O4,False
28604,Ag3P11,False
28605,AlGaRu2,False
28606,Sr3SbP,False
28607,MgTiO3,False
28608,Ba3MgNb2O9,False
28609,BeFePt2,False
28610,SrCaAg2,True
28611,Zr2AgPdF11,False
28612,LaSe2,False
28615,Tm2SeO2,False
28616,Li2MgAg,False
28617,KNa2As,True
28618,LaSbPd,False
28619,AlGaPd2,False
28621,GaMo4Se8,False
28622,Al2CuTc,False
28623,AgTe6Mo6,False
28624,CaCl2,False
28625,Li2AlAu,False
28626,SrB2,False
28627,ScSiRu2,False
28628,Sr3BiP,False
28629,CrTe,False
28631,MnTlPd2,False
28634,DyTaO4,False
28635,Sr2CdHg,False
28637,CaRhO3,False
28639,Li3Co4O8,False
28640,CaTl2O4,False
28641,Sr2TlIn,False
28642,NaSr2Mg,True
28644,SnBi,False
28645,TiCdAu2,False
28646,CaMn4Al8,False
28647,Sr2Ti6N2O11,False
28648,Be2OsPt,False
28650,FeMoClO4,False
28651,Li2PbO3,False
28652,MoWSe2S2,False
28653,SrHg2Bi,True
28654,CeBi,False
28655,LiFeAs,False
28656,LaTeCl,False
28657,ZrNCl,False
28659,TlSnPb2,False
28660,CaRuO3,False
28665,Sr2In2O5,False
28668,PICl6,False
28670,LaTlZn,True
28671,Te2MoW2Se2S2,False
28673,Mg2GaPd,False
28674,TaN2,False
28675,Co2P2O7,False
28676,Na2HgSb,True
28678,HgSeO4,False
28679,BaYCl5,False
28681,Y2ZnPt,False
28682,LaZnGa,True
28683,Mg2Ni3O8,False
28684,CeNdI4,False
28685,CuBiSeO,False
28686,TaC,False
28687,Nd2Ru2O7,False
28688,P2Ir,False
28689,Te2MoWSeS,False
28690,Li3LaAs2,False
28691,TlN,False
28692,ZnF2,False
28693,Ca3AsP,False
28696,Ba2GeTe2Se2,False
28697,BaTeO3,False
28700,Ni9O13,False
28701,NaHF2,False
28702,MgSiO3,False
28703,ScCu2Hg,False
28704,Be2SiO4,False
28705,CaGe2O5,False
28706,PtC,False
28708,Li2UI6,False
28709,CuAuSe4,False
28710,NiHO2,False
28711,LiY2Tl,False
28713,KNi2S2,False
28714,Lu2MgSe4,False
28715,Er6Te2Ru,False
28716,LiAg2Sb,False
28717,Rb6C5,False
28718,KCl,True
28719,Y2AgHg,False
28721,Te2MoW3Se4S2,False
28723,K2S5,False
28724,DyP,False
28725,BePRu2,False
28727,U2AlCo3,False
28728,ScTlAg2,False
28729,Mg2Ti3O8,False
28731,Pu2O3,False
28732,Rb3TaO8,False
28734,Hf2NiMo,False
28735,Li2InGa,False
28736,RbAs,False
28737,Li4UO5,False
28738,CrTcGe2,False
28739,Er5NiPb3,False
28740,Yb2PrDyS6,False
28741,Hg3Se2Cl2,True
28742,Mg2FeN2,False
28743,LiHg2Pt,True
28745,Rb3MnF7,True
28746,ZnOsO3,False
28748,Hf2MoPt,False
28749,MnSb,False
28751,SrHfO3,False
28752,TlInSe2,False
28753,LiNiO2,False
28754,Li8Bi2PdO10,False
28755,KLiMnS2,False
28756,Hg3Te2Cl2,True
28758,VN,False
28760,ErP,False
28761,FeN,False
28762,Nd2UTe4,False
28764,NaYAu2,False
28766,LuCu2O4,False
28773,CeCo3,False
28774,MgTi4O9,False
28775,Ba2LiHg,False
28776,SrClF,True
28777,MgGa,False
28778,ZrN,False
28779,V2O5,False
28780,Ag2HgS2,False
28781,ZnCr2F12,False
28782,Li8PbO6,False
28783,Be2PdRu,False
28784,Y2MgGa,False
28786,Na2PdS2,False
28790,NaSr4B3N6,False
28791,MgZrCd2,True
28792,ErAs,False
28793,CdSnPd2,False
28795,Y2CuAg,False
28797,Hf2InMo,False
28798,MgVRu2,False
28799,MgNiPO5,False
28802,LiPH2,False
28803,CaScRh2,False
28804,Te6MoW3Se2,False
28805,MgBi2O6,False
28806,KSn3Au3,False
28807,In2IrRh,False
28808,RbSb,False
28809,NbSnRu2,False
28814,CeMg,False
28815,Hg3Te2Br2,True
28816,Ca2MgHg,True
28817,ZrGeTe,False
28819,Ca2ZnAg,False
28820,Sr2PdAu,False
28821,LiMg,False
28822,ErSb,False
28823,Sr3BiN,False
28824,ZrHgAu2,False
28825,La2PBr2,False
28828,MgZn3,False
28829,Ba2LiMg,True
28830,Zr2IrRh,False
28831,MgGa,False
28832,MnTc2Mo,False
28834,BaMgHg2,True
28836,BaCu2SnSe4,False
28839,V4ZnO8,False
28842,Hf2TcIr,False
28843,CeCuN2,False
28844,MnSb,False
28846,Cu2Mo3Se4,False
28847,Sr3Mg,False
28849,PtC,False
28850,Ca2TlHg,False
28851,ZnMo2O4,False
28852,CdN,False
28853,Ca2HgAu,False
28855,TiS,False
28859,Li2AgAs,False
28860,LiMgIn2,False
28861,AlCuS2,False
28862,CN2,False
28863,Fe3Sn2,False
28864,CaUS2,False
28865,Ca2MgPb,False
28866,MgMn2O4,False
28867,TiCdRh2,False
28868,ScAgO2,False
28869,Yb2Se3,False
28870,YMg,False
28872,KInP2S7,False
28873,Al2CoO4,False
28875,CaHg2Pd,True
28876,LiTaGeO5,False
28877,H3S,False
28878,CaCrF4,False
28879,Tb2Fe17,False
28880,ZrO2,False
28881,TlPd3O4,False
28882,Be2FePt,False
28884,MgCr2O4,False
28885,CuB2C8N8,False
28886,CaCr2F10,False
28887,GaBN2,False
28888,YMg,False
28891,SmCuSeF,False
28892,RbC,False
28893,VZnO3,False
28894,SrMg,False
28896,RbSb,False
28897,GeTe,False
28898,BaFe2As2,False
28899,MgB2H8,False
28900,Na3Co2SbO6,False
28902,Mg2Mo3O8,False
28903,Al5C3N,False
28904,Mg3Sb,False
28907,InBi2Se4Br,False
28908,LiZnHg2,True
28909,ErN,False
28910,MgSn3,False
28914,CdPdAu2,False
28915,ZnCoO3,False
28917,TiI3,False
28919,MnZnO3,False
28920,Sr3BiP,False
28921,AgSb2F12,False
28922,IrN,False
28923,YSnRu2,False
28925,PuBi,False
28928,K2CaC2O6,False
28929,Ti2VTc,False
28931,AgBrO2,False
28932,Sr3AsP,False
28933,ZrScCo2,False
28935,SeO2,False
28937,AlCoO3,False
28938,BaNa2Pb,True
28940,SrMg3,False
28941,Ca5Au4,False
28942,SbTe,False
28943,SrSe,True
28944,Sr2YRuO6,False
28945,SrO,False
28946,CaTlHg2,False
28948,CaCo2O4,False
28949,NaCdPd2,False
28951,Ca3Mg,False
28952,YMg3,False
28955,Sr2PdPt,False
28956,Na2TlCd,True
28957,Pr3CuSnS7,False
28958,MnBeRu2,False
28960,MgTa2O6,False
28961,CaSbRh2,False
28964,Bi2SO2,False
28965,Te2MoW2Se2S2,False
28966,Li2InPb,False
28967,V2Zn2O5,False
28970,Zn2Ni3O8,False
28971,LiGaHg2,True
28972,LaS,False
28973,MgZr3,False
28974,Li2FeS2,False
28975,NaCd2Ag,False
28976,Ba2YCu4O8,False
28978,Li6ZnO4,False
28979,BaDyFe2O5,False
28980,K2AgAu,True
28981,Ca2V2O5,False
28983,ErTaO4,False
28984,CdAgAu2,False
28986,NaNb3O8,False
28987,GaCuS2,False
28988,Te2Au,False
28991,LiCuAu2,False
28995,KFe,False
28996,SbS2NF6,False
28997,MoSe2Cl12,False
28998,CaBi4O8,False
28999,CuPd,False
29000,BrCl,True
29001,HoMo6S8,False
29002,FeCo3,False
29003,NaTa3O8,False
29006,LiHg2Au,True
29007,Co5SbO8,False
29009,Si2TcRh,False
29010,InCuS2,False
29012,ScMo3O8,False
29015,LaSe,False
29016,VHgO3,False
29017,LiY2Co,False
29019,CaNiO2,False
29020,CaCl2,True
29024,Hf2ZnTc,False
29026,MoC,False
29028,TiS,False
29031,LiCaSb,False
29032,CePd,False
29033,Y2Ti2O7,False
29034,ZnCo2O4,False
29035,BaMn2Ge2,False
29037,SrSi,False
29038,Sr2CaUO6,False
29039,Al2FeO4,False
29042,WS,False
29044,BrCl,False
29045,FePO4,False
29046,Tm2TeO6,False
29047,ZnP4,False
29048,RbFeF3,False
29050,CaB2H2,False
29052,YCoO3,False
29054,SiC,False
29055,CeAu,False
29057,RuO2,False
29058,RhC,False
29059,HgI2,False
29060,Ba4Fe2S4I5,False
29066,Ba2AlNi3O8,False
29068,HfN2,False
29069,Zr2CuPt,False
29070,Sr2SO,False
29071,LiBe2Os,False
29075,CaFe2Si4O12,False
29076,TaIr,False
29079,SrCaGe,True
29080,Y2O3,False
29081,CrHO2,False
29083,SrGeO3,False
29085,IrN,False
29086,Ba3Al5,False
29087,NaFeO2,False
29088,Li4ZrO4,False
29089,Ti2PtW,False
29091,CoHgC4Se4N4,False
29093,CdIn2Se4,False
29094,SrLiSb,False
29095,MgCo2S4,False
29096,HgOsO3,False
29097,BeCl2,False
29098,Tb4Mg3Co2,False
29099,Ba3BiP,False
29100,Ba3PN,False
29101,SnC,False
29104,RbCuF3,False
29105,TiGe2O6,False
29106,MgMn2O4,False
29107,KCSN,False
29108,MnZnF5,False
29109,HfScAu2,False
29110,BaO,False
29112,Rb2PdN2Cl2O4,False
29113,SnGe2O6,False
29114,Sc2HgOs,False
29115,NaH,False
29117,KBaAu2,True
29118,MgNi,False
29119,Li4Cr3Co3Sn2O16,False
29120,TeW2SeS2,False
29121,GaFeRu2,False
29123,Ba2Bi,True
29128,MnCuRh2,False
29129,Mg2PdRh,False
29130,SiO2,False
29131,Zr5Sb3,False
29132,BaBr2O6,False
29133,TiZnO3,False
29134,YN,False
29136,SrBrF,True
29137,SrCe2S4,False
29138,IrC,False
29139,Ag2S,False
29140,TeW2Se2S,False
29141,MgV2O5,False
29144,Ca2Ru2O7,False
29145,Li3Mn3O8,False
29147,BaGaSiH,False
29148,LiSbAu2,False
29149,Li2V3F8,False
29150,CaCo2O5,False
29152,KRb2NiF6,True
29153,Sc2TlOs,False
29154,CaC2,False
29155,CaSiPt,False
29156,Sr2Sn,True
29160,WCl3,False
29161,MgSO4,False
29162,K3Sb2N2O6F7,False
29164,KN3,False
29167,MgMn2O5,False
29168,Ba2UMnO6,False
29169,Ba3BAsO3,False
29170,YHfPd2,False
29172,FeSbS,False
29173,LaRh,False
29174,Hf3ZnN,False
29175,LiCdAs,False
29176,Y2Pt2O7,False
29177,CaMn2O4,False
29178,CaZnSe2,True
29179,AlMoO3,False
29180,CaCe2S4,False
29181,Li2HgBi,False
29182,LiCoS2,False
29185,ZrScPt2,False
29186,Ti8C5,False
29187,Ga2O3,False
29188,Tl2Pt,False
29189,Tm2S3,False
29190,MgTe,False
29191,Al2PdPt,False
29192,CaGe2,False
29193,NaGeSbO5,False
29195,Sr2PAu,False
29197,AlFeO3,False
29198,KPt2Se3,False
29200,CaV2O4,False
29201,CoO2,False
29202,ScZn2Cu,False
29203,MgZrO3,False
29204,Sr2CdAg,True
29205,TiS2,False
29206,AlPO4,False
29208,CrCo2O6,False
29209,CaSn4O8,False
29211,CaFeO2,False
29214,SbF4,False
29215,CaC2,False
29217,Tm2NiAs2,False
29218,Li2VF4,False
29219,Y2Ni2O7,False
29220,MgNi4O8,False
29221,BaNdMn2O6,False
29223,CaB4O7,False
29224,Ba3SiO5,False
29226,ZnCrSF5,False
29227,HfHgO3,False
29228,SrSc2O4,False
29230,LuSb,False
29231,MnAlF5,False
29233,LiV6O7F5,False
29234,UH2O4,False
29235,NaReO4,False
29236,KSO2F,False
29238,Al2BiSe4,False
29239,LiCoSnO4,False
29240,SbO2,False
29241,LiScF4,True
29242,BaC2,False
29244,Ba2ClF3,True
29245,Sr2PrO4,False
29246,ReN2,False
29247,BeB2,False
29248,MnTe,False
29249,Na2LiN,False
29250,HoCuS2,False
29251,DyScO3,False
29252,Al2BiS4,False
29254,Cr2CdSe4,False
29255,BN,False
29256,CaCr2F12,False
29257,KHO,False
29258,CeFe4P12,False
29259,CaN2,False
29260,Y3CuSiSe7,False
29261,LiTiSi2O6,False
29262,KSb2Se4,False
29263,TeO2,False
29264,IrC,False
29265,Ca3Ga2N4,False
29266,SbAsO4,False
29267,NbAlO4,False
29268,HNO,False
29269,CoAg3C6N6,False
29272,V3Fe3Te2O16,False
29274,NdCuSe2,False
29277,CaGaSiH,False
29278,XeO3,False
29279,Y3CuGeSe7,False
29280,FeNi3,False
29281,Al2NiO4,False
29282,Ag2H3IO6,False
29283,SiO2,False
29284,LiF,False
29286,Ba2HoRuO6,False
29288,P4S5,False
29291,Zn2Cr2O5,False
29292,NaAs,False
29293,SeO2,False
29295,Ce2In8Co,False
29296,AcCl3,True
29298,ZnMo4O8,False
29299,MgCoO2,False
29300,TbSi2Au2,False
29302,TlAgBr3,False
29303,LiCuO,False
29304,TaCo,False
29305,BrF5,True
29306,LiBe,False
29307,KTaO3,False
29308,TmCuS2,False
29309,Ti4ZnO9,False
29310,Ca3BiAs,False
29311,V2H3O5,False
29314,CdCu2GeS4,False
29318,LuCuS2,False
29319,NbN,False
29320,RbNd2CuS4,False
29322,UCd2O5,False
29324,AlTlF4,True
29327,TiMn2O6,False
29330,Li2AgF5,False
29331,Ba2ErRuO6,False
29334,Ba2H3I,False
29335,MgTa2O6,False
29336,CaCl2,False
29338,MgGeN2,False
29339,Mg2Ge,False
29340,In2Au3,False
29342,Sr3SbP,False
29344,SiO2,False
29345,TiHgO3,False
29346,NaLiY2F8,False
29347,Li2CrNiP2O8,False
29348,TiO2,False
29350,SrCdO2,False
29351,MoW3Se8,False
29352,Ba3Ta2CdO9,False
29353,SiO2,False
29354,Te4MoW3Se4,False
29355,Ca2Fe2O5,False
29356,HfO2,False
29357,MgV2O4,False
29358,ZrSeO,False
29359,CaB2,False
29361,FeBr3,False
29362,Ag3PS4,False
29364,Sc2Si2O7,False
29366,NdAs,False
29369,MnSn,False
29370,MnSnO3,False
29372,Ca3N2,False
29374,V2O5,False
29375,MgCr4O9,False
29376,BaCrF5,False
29377,ZrCoF6,False
29378,Ti2ZnO5,False
29380,CoAsS,False
29381,CuI,False
29383,CaMo4O8,False
29384,LiCrCoO4,False
29385,PrCd3P3,False
29386,ZnNi2O4,False
29387,Tb2CoGe2,False
29388,KNaSO4,False
29390,CuS,False
29392,CaMnO2,False
29393,Na3Co,False
29395,Fe3Ni,False
29397,BaGaCu2,True
29398,LiSmO2,False
29400,Ca5B3O9F,False
29402,IrC,False
29403,HfSnO3,False
29404,Pr7O12,False
29405,Mg2Sn3O8,False
29406,RbAgCl3,True
29409,MgOsO3,False
29411,MnSO4,False
29412,Nb2Tl2O7,False
29413,ZrCrF6,False
29414,Rb2MgO2,False
29417,MgMnO2,False
29418,CaGaSnH,False
29419,VZnSF5,False
29420,Ca2Mn2O5,False
29421,BaPr2ZnS5,False
29422,Mn3Cu3O8,False
29423,ZnCO3,False
29425,Ba2TlSb2O7,False
29426,MgNiO2,False
29427,GaMo4Se8,False
29428,V2ZnO5,False
29429,GeO2,False
29430,TaTlCu2S4,False
29431,LuAs,False
29432,CaTi2O5,False
29433,Li2PtF6,False
29434,NbC,False
29437,TeMoWSe2S,False
29439,SrPrO3,False
29440,Hg2GeO4,False
29441,ZnSn2O5,False
29442,CrS2,False
29444,LiNiPO4,False
29445,Y4Sb3,False
29446,K2S2O7,False
29447,BaGa2Se4,False
29448,BaAl2B2O7,False
29449,YSn2O4,False
29450,WN,False
29451,TeMoWSeS2,False
29452,Ag2SO4,False
29455,CeSm2S4,False
29457,ZrI2,False
29458,MgV2S4,False
29459,Zr2N,False
29460,Sb2Ir,False
29461,Mn2Co3Ge,False
29462,BaNd2ZnS5,False
29463,HgGeO3,False
29464,KRb2RhF6,True
29465,Mg3As2,False
29467,RbSr2Nb3O10,False
29468,NbC,False
29472,Cr2O5,False
29474,RhC,False
29475,CaCu3Sn4O12,False
29476,TiZnBi2O6,False
29477,Mn4ZnO9,False
29478,NaTl2RhF6,True
29480,VSi2O6,False
29481,Li4VF6,False
29482,BaNd2S4,False
29483,Rb2NaBiF6,True
29485,BaMgCr4O8,False
29486,NaTl3S2O6,False
29487,C3N,False
29488,CrO2,False
29489,CaCr2O5,False
29490,MgVSF5,False
29491,Ca3ScCoO6,False
29492,Ca3ScCoO6,False
29494,MnSnB2O6,False
29496,Rb2NaRhF6,True
29497,CaZnF4,True
29498,MgTiO2,False
29500,LiCaCoF6,False
29501,Te2MoWS2,False
29502,RhN,False
29503,Ho3Pu,False
29505,ZnCr2O4,False
29506,MgCrO2,False
29508,MgCr2S4,False
29509,HoSb,False
29511,Ti2ZnO5,False
29514,SiO2,False
29515,K2NaRhF6,True
29516,BaSiC,False
29517,InCuO3,False
29519,KY3F10,False
29520,Sr2YTlCo2O7,False
29521,CaV4O8,False
29522,K2FeNiC6N6,False
29523,PrCuS2,False
29524,BaVO3,False
29525,MgUO4,False
29530,Be2Si,False
29532,AsCl3,False
29533,Te4Mo2WS2,False
29534,TiZnF5,False
29538,BaMgV4O8,False
29540,CaCr2O4,False
29542,BC2N,False
29543,Ba2MnMoO6,False
29544,Tb3SiBr3,False
29546,BaYCuTe3,False
29547,CaAg2O4,False
29548,BaC2S2N2,False
29549,KNaSO4,False
29550,CdCo3N,False
29553,LiB,False
29554,InAg,False
29555,MoW2Se4S2,False
29556,Ho2Ru2O7,False
29558,AlCu2O4,False
29559,LuScO3,False
29560,Li3Ni2OF5,False
29563,Er2Ru2O7,False
29568,BiF4,False
29569,MoW2Se2S4,False
29570,MgFe4O9,False
29573,Dy3Co11B4,False
29574,CaGaGeH,False
29575,W2C,False
29577,Dy2O3,False
29579,Mg2CrN2,False
29581,FeB,False
29582,Tb6Br7,False
29583,SbO2,False
29584,MnAlO3,False
29585,K2ZnTe2,True
29589,Ba2YB2ClO6,False
29591,In2Bi,False
29593,BaH4O3,False
29595,CaCu2O4,False
29596,CaMnF5,False
29599,InI3O9,False
29600,BaV4ZnO8,False
29601,Li2MnF4,False
29602,CaCo2O4,False
29603,Mg2TcO4,False
29604,Be2Nb3,False
29606,MgCr2O5,False
29607,BaF2,False
29608,ErH,False
29611,TiCdO3,False
29612,SrPdF4,True
29613,LuPO4,False
29615,Re2O7,False
29616,Hg3Sb,True
29617,InBi,False
29618,Sr3AsN,False
29619,AgRhO2,False
29621,TiZnBi2O6,False
29622,SiO2,False
29623,NiN,False
29624,LiCoPO4,False
29628,CrO2,False
29629,Sr3BiAs,False
29630,Ca3PN,False
29631,SrGeO3,False
29632,YSbO3,False
29635,Sr2CuP2O8,False
29636,Zn2Bi3O8,False
29637,CrN,False
29638,SbO2,False
29640,Ca2Sn,True
29641,Li2MnF4,False
29642,MgMnF4,False
29643,Ca2V3O8,False
29644,BeSe,False
29645,Y2Si2Rh,False
29646,TiZnO3,False
29648,MgMn2O5,False
29649,Hf2N2O,False
29651,RhN,False
29653,Ce4B2N5,False
29654,NiN,False
29655,BaYAgTe3,False
29656,TmAu,False
29657,BaGaSnH,False
29658,U2InPd2,False
29659,LiV2O3F,False
29660,TaReO6,False
29661,NaBC4O8,False
29662,Ca3FeRhO6,False
29663,MnGeO3,False
29664,TiBe12,False
29665,NbV3O10,False
29666,SrIrO3,False
29667,Ca2CoSi2O7,False
29668,HfN,False
29670,AlHO2,False
29672,ZrC,False
29673,NaLaAu2,False
29674,KCuO,False
29675,Mg2BiPO6,False
29677,Ni2SbTe2,False
29678,SbN,False
29680,ZnFe2O4,False
29681,B2CN,False
29682,Sm3TaO7,False
29683,LiFeF4,False
29684,MgCr2F12,False
29686,Mg2VBiO6,False
29687,CaCr2O4,False
29690,Dy2CoSi2,False
29691,LiB,False
29693,PdN2,False
29694,CaCo2S4,False
29695,NaPd3,False
29696,Yb2MgSi2,False
29697,Tm6ReO12,False
29698,PbC2O4,False
29701,BaRhO3,False
29702,NaLiO,False
29706,Sb2O5,False
29707,LuHCl,False
29708,K2PbO3,False
29709,Mo2WSe4S2,False
29710,Ba8Bi4H2O,False
29711,B2CN,False
29713,H2SO4,False
29716,Sc2CdS4,False
29717,CoO2,False
29719,TmFe2,False
29721,CaTiF5,False
29722,Ca4SnS6,False
29724,W3O8,False
29725,MnZnF4,False
29726,Mg2CrSbO6,False
29727,VOF3,False
29729,Ti4ZnS8,False
29730,Ta2O5,False
29731,Fe4O7F,False
29732,Ca2Si,False
29733,C3N,False
29736,LiMgP,False
29737,CaMnO2,False
29738,YbBi2,False
29739,RbTe,False
29740,BaN6,False
29742,Si3W5,False
29743,BaMnO3,False
29744,Pr2I5,False
29745,KPrPdO3,False
29746,BaSn4O8,False
29748,VGe2O6,False
29749,AgBC4N4,False
29750,Tl4GeS4,False
29751,CaAl2O4,False
29752,ClO3,False
29753,K2Ni3S4,False
29754,CaAl9Co2,False
29755,RbHO,False
29756,MnOF,False
29757,KAgO,False
29760,Tb2Ti2S2O5,False
29762,SiO2,False
29764,CaVO3,False
29765,B2CN,False
29766,CuNi3N,False
29767,Cr3N4,False
29768,Nd2Ti2O7,False
29769,KO3,False
29771,AlSn2O4,False
29773,LiCuPO4,False
29774,V2CuS4,False
29776,CoSi2O6,False
29778,LiYCu2P2,False
29779,NpCuSe2,False
29780,SbCl3,False
29781,Mg2Mn3O8,False
29784,NaSnPd2,False
29785,BaGaGeH,False
29787,TaC,False
29788,Ti6Al16Ni7,False
29789,Tl4CuTe3,True
29790,CaV2O4,False
29792,NpN,False
29793,MgSb2O4,False
29794,KLi2Mn2O4,False
29795,MnPH2O5,False
29796,MgNiGe2O6,False
29797,ZnCl2,False
29799,Er2Mg,False
29800,Sr3BiSb,False
29803,FeW2O8,False
29804,HfCoSb,False
29805,UFeS3,False
29806,MoWS4,False
29807,Sm2O3,False
29809,ZnH2O2,False
29810,ErTlTe2,False
29811,TaN,False
29812,H4BrN,False
29813,BaTlCuO4,False
29814,MgSn2O4,False
29815,VO2,False
29818,Ti2MnIn,False
29819,RhN,False
29820,CaSb2O6,False
29821,MnZn2SbO6,False
29822,BaTl2O4,False
29823,HfCuSn,False
29825,Dy3AlN,False
29828,BaCaV4O8,False
29829,LiIO3,False
29830,Ti2Al2O7,False
29831,HfAu2,False
29834,LiV2Si2O8,False
29835,NaOs2O6,False
29837,Nb3Tl,False
29838,Co3O4F2,False
29839,Ag3AsS3,False
29840,NpN,False
29842,MgCrF4,False
29843,MgPdAu2,False
29844,Ca2Mo3O8,False
29846,MgVO2,False
29847,MnCdO3,False
29849,MgMo2O5,False
29850,Ni2GeO4,False
29852,Ca2Cr3O8,False
29853,FeH,False
29854,NdOF,False
29855,UBi,False
29859,Dy2Sb2O7,False
29860,MoP,False
29861,B2AsP,False
29862,OsN,False
29863,OsN2,False
29866,Zn3P2,False
29867,BeC2N2,False
29869,LuTlTe2,False
29871,LuS2,False
29872,Na4CO4,False
29873,Ba2YSn3O8,False
29874,K2SnBr6,False
29875,ScP,False
29877,BaCaCo4O8,False
29878,MgMnGe2O6,False
29879,Ni3Bi2S2,False
29880,CaSn2O5,False
29881,MgSbO3,False
29882,Li2LaPb,False
29883,Er5BiPt2,False
29886,Na3MnO3,False
29887,Ca3BiN,False
29888,Na2VO3,False
29890,Sr2Er2Al3Si5N11O3,False
29891,MgBi2O4,False
29893,Al2Ru,False
29894,CrN2,False
29895,ZrHgO3,False
29897,Ag2SnHgSe4,False
29898,NaSrHg2,True
29899,ZnFeF4,True
29900,MgVP2O7,False
29902,ZnB4O7,False
29904,FeB2,False
29907,CrGe2O6,False
29908,TeWSe,False
29910,Ba3PN,False
29913,ScSn,False
29914,TaC,False
29916,K2MnF6,True
29917,Er3AlN,False
29920,Li2LaSn,False
29923,MgSn2O5,False
29928,CaV2O5,False
29929,MgSb4O8,False
29930,BaBOF3,False
29931,ScC,False
29933,Mg2CuSbO6,False
29934,Mn6O5F7,False
29936,Tb5BiAu2,False
29938,CeCrO3,False
29940,NaTeO3,False
29941,CaIrO3,False
29942,Ba2NF,False
29943,BaCeI4,True
29945,Ca2Ni3O8,False
29946,MgAg2O4,False
29947,SbO2,False
29950,VZnF4,False
29952,AlPO4,False
29953,MgSnGe2O6,False
29954,CaMnGe2O6,False
29956,Ca3AsN,False
29957,Ti2InCo,False
29959,ZnSn2O4,False
29961,ZnH2O2,False
29963,ScHO2,False
29964,HoN,False
29965,SrAl2Te4,False
29966,ZnCo2S4,False
29967,ScN,False
29968,LuSe2,False
29969,Rb3GePSe7,False
29971,MgNiH2,False
29972,NpAl8Cu4,False
29973,MgFe2O4,False
29974,GaPt3C,False
29975,YSn2O4,False
29976,NpN2,False
29977,UFeC2,False
29978,CaFe2O4,False
29979,MnSn,False
29980,MgMn2O4,False
29981,YFeO3,False
29982,DyTlTe2,False
29983,LiV2Si2O8,False
29984,Ac2S3,False
29985,HoBi,False
29986,VZn2SbO6,False
29987,Al3V,False
29988,Ti2C,False
29989,PdC,False
29990,Ba4NaAuO8,False
29991,CaSb2O4,False
29992,Mn2Al2O7,False
29993,ZnMo2O5,False
29994,FeO2,False
29995,HfZrO4,False
29996,TcC,False
29997,YCrO3,False
29998,BaMgPb,True
30000,Mg2Ge,False
30001,CaHfO3,False
30003,CaCuO2,False
30004,Sc3Si3Ni2,False
30005,Rb3Ge4Au,False
30007,ZnCu2O4,False
30008,HoCuS2,False
30009,BaCaO2,False
30010,Mn4ZnCu3O12,False
30011,BaNa6O4,False
30012,OsC,False
30013,CaCo4Cu3O12,False
30015,Mn2ZnO4,False
30016,ScC,False
30017,LiVC2O6,False
30018,KNaPrTaO5,False
30019,MnGaFe2,False
30020,OsC2,False
30021,MgFeF4,True
30022,Ba3SbN,False
30023,HfGaCu,False
30025,GePbO3,False
30026,CrC,False
30028,YMn2O4,False
30029,CaMn2S4,False
30030,PdC,False
30031,AlCu3,False
30032,MgMo2O4,False
30033,BaH4O3,False
30034,Hf2Cd,False
30035,Y2Co2O7,False
30036,LiMnO2,False
30037,MgVF4,False
30040,Li5AgF8,False
30044,RbAlH8N4,False
30045,MgTe,False
30046,Mo2O5,False
30047,ZnCr2O4,False
30049,NbO2,False
30050,RuCl3,False
30051,Ca3SbAs,False
30052,ZrN,False
30053,AgAsF6,True
30054,MgMnO2,False
30055,CoGe2O6,False
30056,CaCo2O5,False
30057,Li2SnIr,False
30058,Fe4Cu3O12,False
30059,Rb2Cu2SnS4,False
30061,Mn3O5F,False
30062,ThRh2,False
30064,YCr2O4,False
30066,SiHgO3,False
30067,Ti4CoBi2,False
30068,MgCu2O4,False
30069,Pa3Mo,False
30070,YMoO3,False
30072,CrN,False
30074,NdBiPd,False
30075,BaZn2As2,False
30077,Mg9Sn5,False
30078,ThPt3,False
30079,ScB2,False
30080,Sr2CoReO6,False
30081,RbO3,False
30082,ZnCr2O5,False
30087,CoP2O7,False
30088,CdRhO3,False
30089,PrSnPd,False
30091,AlGaN2,False
30093,CrP2O7,False
30094,FeP2O7,False
30095,Al2FeO4,False
30096,YFe2O4,False
30097,Ti5Pb5O14,False
30098,AlBr3,False
30101,MnReO4,False
30103,MnPO4,False
30104,Mn2NiO4,False
30106,Li2FeF4,False
30107,TcC,False
30108,Fe2O3F,False
30109,NdAg2,False
30111,HfN,False
30112,UAl2Cu3,False
30113,CaBiAu,False
30115,DySb2,False
30116,ErAsPd,False
30117,Mg2Sn,False
30118,ZrC,False
30120,PtCl2,False
30122,ZnNi,False
30125,NaPd3O4,False
30127,Li2MnCr3O8,False
30128,NaAgO,False
30129,ZrN,False
30131,MoO2,False
30132,KTiS2,False
30133,Sb8Cl2O11,False
30134,V3O4F2,False
30135,FeS,False
30136,Li3CuP2O7,False
30137,Ca3BiAs,False
30138,SrCaC2O6,False
30139,V5S4,False
30140,Te2MoW3Se6,False
30141,AlBN2,False
30142,MgF2,False
30143,TeH2O4,False
30144,ErSb2,False
30146,MgSiN2,False
30147,DyAu,False
30149,KMnCl3,False
30150,Mn2CoAs,False
30152,ZnSiO3,False
30153,YbB2Ir3,False
30154,HoAs,False
30155,Cr3N2,False
30157,Te2MoW3Se6,False
30161,Hf5Pb,False
30163,V3O5F,False
30165,KNaSmTaO5,False
30166,HgRhO3,False
30167,SrPt3O4,False
30168,Li3Mn2P4O14,False
30169,Dy2Nb2O7,False
30170,Ba2Sb3O8,False
30171,NaCuO,False
30172,Ge2Mo,False
30173,ZrC,False
30175,In3Ir,False
30176,Ba2NCl,False
30177,Cr3N4,False
30178,BaMgSn,True
30179,IrC,False
30180,LiCoSiO4,False
30181,Ho3AlN,False
30183,TiF4,False
30185,PmN,False
30186,LiAlSiO4,False
30188,TbCdF6,True
30189,CoO2,False
30190,KCO2,False
30191,Lu2TeO6,False
30195,Nd3CuSnS7,False
30196,U4Ga12Rh,False
30197,CrN2,False
30199,MgAgSb,False
30201,Li3Fe2Cu2O8,False
30202,Ba3BiN,False
30204,MnFeTe,False
30205,LiYSe2,False
30206,AlPO4,False
30207,Ca3Sb2,False
30208,MnCoSe,False
30210,Ba2AlTlSn2O7,False
30211,VCo3,False
30212,HfN2,False
30213,MoSeS,False
30214,CrNiSb,False
30215,ZnAg2O4,False
30218,AlSb,False
30219,Na3FeF6,True
30220,Ba3Hf2O7,False
30221,Si2Ru,False
30222,Te4Mo3WSe4,False
30223,Er3P4Pd7,False
30225,MgCuGe,True
30226,NaLi2As,False
30227,AgSbS2,False
30228,CrO,False
30229,SrSnHg,False
30230,HfAl2,False
30231,CdSiO3,False
30232,MgSnP2,False
30233,Ag2SnO3,False
30235,SrDy2S4,False
30237,PrNi2Sn2,False
30238,BP,False
30240,K3Bi,False
30241,Fe6OF11,False
30242,Te2Mo3WSe2S4,False
30243,HfPt3,False
30244,BaLi2MgP2O8,False
30246,Cd3P2,False
30247,ZnRhO3,False
30248,FeO2,False
30250,CrN2,False
30251,MgNi2O4,False
30254,Mn2Nb,False
30255,Li5CuF8,False
30256,MnCoTe,False
30257,CeBiPt,False
30258,MoO3,False
30259,Na2Zn3S4,False
30260,Ti4P3,False
30261,MoW2Se4S2,False
30262,Na6FeS4,False
30263,NaCo2O3,False
30265,Mn4O7F,False
30266,PtC,False
30267,RuBr3,False
30268,LiFeF4,False
30269,Ca2H3Br,False
30270,AlCo3,False
30271,CrN2,False
30272,CrO3,False
30273,HfBRh3,False
30275,UBr4,False
30277,HfBe,False
30278,Ce2Zr2O7,False
30279,HoHfOs2,False
30282,ZrSn2,False
30283,CdSnO3,False
30285,BiF5,False
30286,Mg2Bi3O8,False
30288,NaAl11O17,False
30289,Er2InPd2,False
30290,Nb3TeI7,False
30291,CrF3,False
30292,BaZrP2O8,False
30294,SnSe,False
30296,VO2F,False
30297,TePb,False
30298,BaCO3,False
30300,Hf3Pb,False
30301,CrNi3,False
30302,MoF4,False
30303,CeSe2,False
30304,CoS2,False
30305,TeH2O4,False
30307,KInBr4,True
30309,Hf2IrPd,False
30310,KMgH3,False
30311,VH,False
30313,CrCu2Si,False
30316,ErNp3,False
30317,Te7Mo6S5,False
30319,CrN2,False
30321,Lu2InPd2,False
30322,Sr2HoReO6,False
30324,Zn2Bi3O8,False
30325,Mo3WSe4S4,False
30326,FeOF,False
30327,PrSbTe,False
30329,Mn2AlO4,False
30331,AlTc2,False
30332,LiCoSiO4,False
30333,Mg3P2O8,False
30334,WO2,False
30335,CrN2,False
30336,BiF4,False
30337,MoO3,False
30338,HoCoSn,False
30339,UB2Rh2C,False
30341,ScMn6Sn6,False
30342,Ti3Pd5,False
30343,BN,False
30344,US2,False
30345,ZrPd2,False
30347,Sr2YReO6,False
30348,Mn3O5F,False
30350,Ca3SbN,False
30352,HfSb2,False
30353,Li3PO4,False
30354,Ca2Sb3O8,False
30355,LaPd3C,False
30356,MoC,False
30357,Al3CrO6,False
30360,Ba2Re6S11,False
30361,Li3Fe2O6,False
30362,TmTlTe2,False
30363,CrInCu2,False
30364,CdH2O2,False
30368,BaRuO3,False
30371,MgSc3Ru2,False
30372,Nb2ReO8,False
30373,PbSeO3,False
30374,FeCN2,False
30376,YbIn5Ir,False
30377,HfZrO4,False
30378,CeYTl2,False
30380,Li2Cu2F7,False
30381,Ba3SbP,False
30382,SiPt2,False
30383,Co4Cu3O12,False
30385,GaPPt5,False
30386,ZrTi2,False
30387,AlCo2Si,False
30389,TbAlPd,False
30390,B2Mo2Ir,False
30391,TiMnV4O12,False
30395,KRb2ScF6,False
30397,YbBa2RuO6,False
30398,Ba3BiN,False
30399,Li2FeF4,False
30400,CoMo2S4,False
30401,ZrZnO3,False
30402,ErPu3,False
30403,Rb2KCoF6,False
30404,BCl,False
30407,ThAu,False
30408,Li2CoOF3,False
30409,CaSeO3,False
30410,LiCaMgSiN3,False
30412,CrNi3,False
30414,FeH3,False
30417,LaScSi,False
30418,Co6O7F5,False
30420,CoS2,False
30421,SrGa2Au2,True
30422,CdH2O2,False
30423,Mg3N2,False
30425,PrSe2,False
30427,BeGeN2,False
30430,ZrAg2,False
30431,LuUTc2,False
30433,Tl3AsS4,False
30434,VPt,False
30435,Cs2NaErF6,True
30439,MnCuAs,False
30440,CuRh2Se4,False
30441,KCo2As2,False
30442,AuN,False
30443,AlF3,False
30444,YbAlAu,False
30445,Rb3YO3,False
30447,Sm5Mg,False
30448,Li2Fe3NiO8,False
30449,NaMgF3,False
30451,Np3In,False
30452,Li4V3Cr3O12,False
30453,KAgF3,True
30454,CrS2,False
30456,TlHgN3O6,False
30457,CrNi3,False
30458,LiCu2PO4,False
30459,CaGeO3,False
30460,YbAl10Fe2,False
30461,BaGa2Te4,False
30462,CeSe2,False
30463,PCl5,False
30464,Ta2TiN3,False
30465,V2CrRu,False
30466,YBiO3,False
30469,GaMo4S8,False
30470,Ba3BiP,False
30471,Ba2Zn,True
30473,AlPPt5,False
30474,Lu3AlN,False
30475,MgVO3,False
30477,KRb2ScF6,False
30478,Na5SiP3,False
30481,Te8Mo3W,False
30482,TaN2,False
30485,IrO3,False
30487,K2SrNb6Cl18,False
30488,VN,False
30489,Zr2Cd,False
30490,Fe4O3F5,False
30493,Rb2PdCl4,True
30494,YBiPd,False
30495,TcAg3,False
30497,SiO2,False
30498,MnGaGe,False
30499,SmAl8Cu4,False
30501,SiAs2,False
30502,TmAlSi,False
30503,CaOsO3,False
30504,ScBPt3,False
30505,VN2Cl6O2,False
30506,Rb2NaTiF6,True
30509,Cu12Sb4S13,False
30511,Cu2P2O7,False
30512,CdH2O2,False
30513,Rb2NaVF6,True
30514,Rb3PS4,False
30515,CeO2,False
30516,TaN2,False
30517,U2InCo2,False
30518,Pa3H,False
30520,Cr2B,False
30521,Fe3O4F2,False
30522,Ba3NdRu2O9,False
30523,FeS2,False
30524,Te2MoWS2,False
30526,TiS2,False
30527,CrN2,False
30528,UOF4,False
30529,CeCoSi,False
30531,ScPt3C,False
30532,MgBe2P2,False
30533,TaF5,False
30536,ErH3,False
30538,Ba3P2,False
30539,PrTeCl,False
30540,TaSbO4,False
30541,CrInNi2,False
30544,SrZn2,False
30545,Ba3SbAs,False
30546,CrN2,False
30547,CePbAu,False
30549,MgNiH3,False
30550,U2SnPd2,False
30551,ErFeC2,False
30553,YbNdO2,False
30554,Zr2Zn,False
30555,TeHO3,False
30556,BiBr,False
30557,ZnSnO3,False
30558,Sm2SiTeO4,False
30559,Sr3P2,False
30560,CeSbPd,False
30561,ZnPPt5,False
30563,Te6MoW2,False
30564,TaTi2N3,False
30565,LaCuPb,False
30567,NpSi2Ni2,False
30570,HF,False
30571,K2GeI6O18,False
30572,YPd3C,False
30573,Na2Hf2O5,False
30574,Ho2O3,False
30575,LiVOF4,False
30576,HfVSi,False
30578,Te4Mo3Se2,False
30579,VS2,False
30580,Li2V3O6,False
30582,YPb2,False
30583,NaNd2RuO6,False
30584,UMo6S8,False
30585,Tc3P,False
30586,TePt,False
30587,YbBiPt,False
30588,In3AsSe3,False
30589,Sr3AsP,False
30591,Te2MoW3S6,False
30593,VCl4,False
30594,Ho2Al,False
30596,PbSe2,False
30598,BaNa2MgP2O8,False
30599,Li4Mn3FeB4O12,False
30602,V2C,False
30604,SbF5,False
30605,Na2Cd3Si3O10,False
30606,MoWSe2S2,False
30607,Rb2PdI2Br4,True
30608,MnS2,False
30609,Ti2VSe4,False
30610,HoAl4Ni,False
30611,LiMnPt2,False
30612,ZnCdSe2,False
30613,ScBPd3,False
30614,LiSm2IrO6,False
30615,IrF4,False
30616,Ba3BiAs,False
30617,DyFeC2,False
30618,V3NiS6,False
30619,BaSr2MgSi2O8,False
30620,VFeO4,False
30622,U3Si2,False
30623,Na2Cl,False
30625,SrGeO3,False
30626,CaSe,False
30627,Sr3PN,False
30628,YHf2Pb,False
30629,Y2Re2Si2C,False
30630,HoAlAu2,False
30631,YSb2,False
30632,HfO2,False
30633,Te3MoWSe,False
30634,YSbPd2,False
30635,CaBe2As2,False
30636,TmSi2Ni,False
30637,Li2VCl4,False
30638,USe2,False
30640,ZnSb4O8,False
30641,Fe3O5F,False
30642,CaTiSiO5,False
30644,TaTiRu2,False
30645,B3Ru2,False
30646,LiNd2IrO6,False
30647,Te4MoW,False
30648,Ta2CrNO5,False
30649,Sn4SF6,False
30650,ZrMo2O8,False
30651,LiNdHg2,True
30653,Ce2AlNO3,False
30654,InAgS2,False
30657,LiCu2Sn,False
30658,PrNiSb,False
30659,UTe3,False
30661,LiReO3,False
30662,Li5SiP3,False
30663,TiCr2S4,False
30664,NiPb,False
30665,SiO2,False
30666,CrSnRh2,False
30668,CuSe,False
30669,Li2MnFeB2O6,False
30670,CrCo2Si,False
30671,PmDyHg2,True
30672,BaBe2Si2O7,False
30673,Pb3O4,False
30674,ScPd3C,False
30675,LiPr2IrO6,False
30678,Ba2Ta6Te2O21,False
30680,CrFe3,False
30681,ZnO,False
30682,KTiPSe5,False
30683,YAu2,False
30685,Ag5SbS4,False
30686,YbDy2S4,False
30687,LiPr2Ru,False
30689,HoB2Rh2C,False
30690,VO2,False
30692,PaGa3,False
30694,TbCuSn,False
30695,NdPt,False
30696,CdGaRh2,False
30698,RbNO3,False
30699,Ca3SiBr2,False
30700,Ba3SbN,False
30701,Ba3BiSb,False
30702,Ni3SnN,False
30705,Li10Mn3F16,False
30706,CdCl2,False
30707,Sr2ErRuO6,False
30708,Sc3Hg,False
30710,Ga2Te3,False
30711,MnOF,False
30712,CrFe2Sb,False
30713,NbGeSb,False
30714,AlV4C3,False
30715,SnPd3C,False
30717,TmSnGe,False
30718,Er2IrPd,False
30719,MnH2O2,False
30720,Te2Mo2WSe2S2,False
30721,CrFe2Si,False
30723,Sm2AlNO3,False
30725,Te2MoW2Se2S2,False
30726,CaZrRh2,False
30727,LiI,False
30728,CeSe2,False
30730,ZrCd,False
30731,Cd4SF6,True
30732,In3Ru,False
30733,Sc2PdPt,False
30736,NbInSe2,False
30737,PrSe2,False
30739,Y2Fe2Si2C,False
30740,YbNaF4,True
30741,Er3In4Co2,False
30742,MoW2S6,False
30743,YFeF5,False
30744,ScBr2,False
30745,TiCr2Te4,False
30746,Ti2NiIr,False
30747,HfGePd,False
30749,TlN,False
30750,LuAl4Ni,False
30752,CrFe2Sn,False
30754,RbUN3O11,False
30755,LiRh2Pb,False
30756,Ca2GeO4,False
30761,KNaTiO3,False
30762,Ag4SI,False
30763,Ba2YTlSn2O7,False
30764,Mn4O7F,False
30765,Si2NiSe4,False
30766,MgV4O10,False
30767,CeCu2Sb2,False
30768,Ca3BiP,False
30769,Nd2Re2Si2C,False
30770,Ca3SnN,False
30771,SnF4,False
30772,LiDy2Ir,False
30774,Ca2SiO4,False
30775,TmInCu4,True
30776,ErMg3,False
30777,HoCo3Cu2,False
30782,MgTi2S4,False
30784,CeSi2Mo2C,False
30785,Sc2OsPt,False
30787,CePaO4,False
30788,NbGeAs,False
30790,Er2IrRh,False
30791,MgAlPO5,False
30793,AlCr3B4,False
30794,Sr3As2,False
30797,Li2CdPd,False
30798,PmMg,False
30799,CeRh,False
30800,Li5MnNi4O10,False
30802,CeY3S6,False
30803,MgCuO2,False
30804,Mn4N,False
30805,UB2C,False
30806,SmAs2Pd2,False
30807,LiTmIn2,False
30808,Sc2TlCd,False
30809,Ni2SbTe,False
30811,Ce3Cu,False
30812,Sr2TlCd,True
30816,Al6Re,False
30817,K2ZrSi3O9,False
30820,Sr3Co2Cu2S2O5,False
30821,Li2MnF6,False
30822,PrAgHg2,True
30824,B5W2,False
30825,Ac2GaCu,False
30826,BaEr2F8,True
30827,Al6Ru,False
30828,CeTeCl,False
30829,Nd2Zr2O7,False
30831,PaMn2Al,False
30832,V3P2O8,False
30833,SnMo6S8,False
30834,LiRu2W,False
30835,Mg4As6Ir7,False
30836,TmSbPd,False
30837,Cr3Ni,False
30840,NpFe2Si2,False
30841,CeTlCd,True
30842,TbCu2S2,False
30843,Sr3Cr2S2O5,False
30845,ZrNCl,False
30847,LiCaGaN2,False
30848,LiHf2Os,False
30849,PrAlSi2,False
30850,Li2V3CuO8,False
30851,LiPt3,False
30852,CaSnF6,True
30853,PrSbPd,False
30854,SrHgPb,False
30855,Mg4Ta2O9,False
30856,NdSbTe,False
30857,Pm2ZnGe,False
30858,TmSi2Os2,False
30860,LiSbRh2,False
30861,Dy2Zr2O7,False
30863,MoWSeS3,False
30864,ZrOs3,False
30866,Sc2OsPd,False
30867,VCoSn,False
30868,ZnH8N4Cl2,False
30869,Te2Mo3WSe4S2,False
30870,B13N2,False
30872,Tb3AlN,False
30875,Ho2Si3Rh,False
30877,PaNi2Sb,False
30878,LiAc2Ir,False
30879,Te6Mo3WSe2,False
30881,LiZnAu2,False
30882,Ba3AsN,False
30883,V6Ga5,False
30884,YbBO3,False
30885,Al2FeCo,False
30887,HoCuSn,False
30888,V2CrTe4,False
30889,MnH2O2,False
30890,Re2N,False
30891,ReH8N2Cl6,False
30893,Tc3N,False
30895,InAsPt5,False
30896,Na2ZrSi4O11,False
30897,Sm3CuGeSe7,False
30898,Ca2SiO4,False
30899,ZrPd3,False
30900,GaCu3,True
30901,Zr3O,False
30903,Ga11NO15,False
30904,YMoO3,False
30905,Sr3SbAs,False
30906,H4CSN2,False
30907,FeNiGe,False
30909,Si3Mo5,False
30910,Ac2AgIr,False
30911,Mn2MoP12,False
30913,Ca2SiO4,False
30914,DyHoMg2,False
30915,V2FeS4,False
30918,Li2GeF6,False
30920,Mg2Pd,False
30921,Te4MoW3Se2S2,False
30925,PaInPt2,False
30926,Be3Cd4Si3SO12,False
30927,TiSnO3,False
30928,TiPd2,False
30932,TeMoSe,False
30934,U2Cr3Si,False
30935,ZrRu3,False
30937,HoAlAg2,False
30938,YB4Rh,False
30939,Na6Mg2C4SO16,False
30940,Ho2NiB4O10,False
30942,Li2MnF6,False
30943,LuInPt,False
30944,K7NbS6O24,False
30945,LiTl2Rh,False
30946,Ho2TlAg,False
30948,TiVO4,False
30949,Te4MoW2S2,False
30950,LiCaGe2,False
30951,N2O5,False
30954,Li2CaHfF8,False
30956,Sr2LiPt,False
30958,Pr2SiTeO4,False
30959,Al2IrRh,False
30960,ErB4Rh,False
30961,GaFeNi2,False
30962,ScNiGe,False
30963,CeBr3,True
30964,CoAs2,False
30965,Sm3OsO7,False
30966,Sc2TlAg,False
30967,PmMgHg2,True
30968,Ba3NiSb2O9,False
30969,PaTiTc2,False
30970,TiAu2,False
30971,LiTePd2,False
30972,Sr3Ge2As4,False
30974,BaZn2Sn2,True
30975,Y5Ge3,False
30976,BaPd2O4,False
30977,TaZnRh2,False
30978,ErSi2Rh3,False
30981,LiDy2Tc,False
30982,Cs2NaYF6,True
30986,TbGeAu,False
30987,Ca6Ge2O,False
30988,LiSc2Os,False
30989,NbSbRu,False
30990,KAlF4,True
30992,Nd3RuO7,False
30993,K2P3,False
30995,InPPt5,False
30996,SiO2,False
30997,NdSe2,False
30998,AgSO4,False
30999,Ho2TlCd,True
31003,ThBr4,False
31004,LiPd3,False
31005,WCl6,False
31007,Ti2CrTe4,False
31008,KUCuS3,False
31009,CaGeO3,False
31010,YSi2Ru3,False
31011,HfI4,False
31012,TiCr2Se4,False
31013,PmMgCd2,True
31014,LiCaGaF6,True
31016,CeZnIn,True
31017,Tb2Ba4Cd3S10,False
31018,UBi2,False
31019,YbLaAg2,False
31020,NpNi5,False
31023,ZrRh,False
31024,AlInCl4,False
31025,ScTaOs2,False
31026,CoPPd,False
31027,TiFeCoGe,False
31028,Sr2LiTl,True
31033,CaPmZn2,True
31034,Sr2CuO2F2,False
31036,AgBiP2Se6,False
31037,CeNi5,False
31038,DyNi4As2,False
31039,Ba2AsAu,False
31040,Ni3N,False
31041,Ba3Bi2,False
31042,NiW2O8,False
31044,SrCu,False
31045,Te3W2Se,False
31047,AuBr,False
31048,Tb2Si5Rh3,False
31050,CeSn3,False
31051,Ti2Rh,False
31052,PaZnAu2,False
31053,Rb2NaYF6,True
31055,LuMgAu2,False
31057,SrAu5,False
31058,Pm2MgSi,False
31059,Ba2SmReO6,False
31060,Tm3AlN,False
31061,HfVGe,False
31062,CaInAu,True
31064,LuMnSi,False
31065,TbBa2ReO6,False
31066,Sr2PtAu,False
31067,Ca10P6SeO24,False
31068,Ti2InNi,False
31069,Ba3BiAs,False
31070,MgSnO2,False
31071,Sr3ZnRhO6,False
31073,Ba2DyReO6,False
31074,TlCuPSe3,False
31075,BaO2,False
31076,BH3,False
31077,TbSiIr,False
31078,Ti2MnGe,False
31079,PmCdAg2,True
31080,DyGeRu,False
31081,AcMgTl2,True
31083,KIn6Au4,True
31084,Nb4CoP,False
31085,Ba2HoReO6,False
31086,MgSb4O8,False
31087,Ti2Re,False
31089,YCu2S2,False
31090,CeB2Pt2C,False
31092,Sc2NiPt,False
31093,PrZnIn,True
31094,CaMn4O6,False
31095,Pa3Sb4,False
31099,CuTeO3,False
31100,HfU3Sb5,False
31101,KAlTe2,False
31102,Er2CuPt,False
31103,Ac3Sn,False
31104,YbBa2ReO6,False
31105,Ga2BiAs,False
31106,GaBi,False
31107,SiPt5Pb,False
31109,Ti2TcNi,False
31111,FeS,False
31112,SmCoGe,False
31113,ScMn2,False
31115,NdNi2Sn2,False
31116,AlVOs2,False
31118,FeCuO2,False
31119,Te2MoW2Se2S2,False
31122,HoB2C2,False
31123,HgH12Cl2O14,False
31124,ErPt3,False
31125,BiB,False
31126,CaAl2SiO6,False
31127,Ho7FeI12,False
31128,NdAl4Co,False
31130,Sr5As3O12F,False
31131,Ta3PbS6,False
31132,Te2Mo3WSe4S2,False
31133,LiPm2Si,False
31134,SmFeB4,False
31135,SrSnPt,False
31137,HoS2,False
31138,YBPd3,False
31139,NdTeCl,False
31140,Ba3CrN3,False
31142,Mn2O3,False
31144,Ti2VTe4,False
31145,SrZnSn,True
31147,Te4MoW3Se4,False
31148,Nd2CuGe2O8,False
31149,Sr3CrN3,False
31150,SmAlAg2,False
31152,Na3AlF6,False
31153,Er2CdIn,True
31154,Sc2AgHg,False
31156,AlV2C,False
31157,Ca2CdSn,True
31158,Te2MoWSe2,False
31159,Li15Ge4,False
31160,SrPIr,False
31161,NiF3,False
31162,BaAl2Ge2,False
31163,Sc2ZnAu,False
31166,ThBe13,False
31168,RbUAgS3,False
31169,BiI3,False
31170,Te2MoW2Se4,False
31171,CdC,False
31172,YBPt3,False
31173,DyS2,False
31174,Ce3Zr5O16,False
31175,TiCu,False
31176,PmAlAu2,False
31177,LiLuF4,True
31179,Ti2NiSe4,False
31180,Er2MgAl,False
31181,Sb2TeSe2,False
31182,Te2MoW2Se4,False
31183,RbUCuS3,False
31184,Sc2IrRu,False
31187,Sr2SmTaCu2O8,False
31189,CaTiGeO5,False
31190,ReC2,False
31192,Sc2AgAu,False
31196,HoSe2,False
31197,CaNi4O6,False
31198,PmMgRh2,False
31199,DyB2Rh3,False
31200,PbS,False
31201,Ca2InPd2,False
31202,Pa3P4,False
31204,Rb2UBr6,False
31206,Re3Pt,False
31207,Yb2Be2Si2NiO10,False
31212,ZrIn2,False
31213,Tl3IrN6O12,False
31214,PmB3,False
31215,MnSe2O5,False
31217,CuSe2,False
31218,K2Hg3Ge2S8,False
31220,PmCdAu2,True
31222,LiPm2Ga,False
31223,TbF3,True
31225,Ca3SbAs,False
31226,ErGeRh,False
31227,Cr4InCuSe8,False
31228,SrNi2P2H4O10,False
31230,ErGa,False
31231,ScAg2,False
31233,InAgP2S6,False
31234,Ce3ZrO8,False
31235,LiErAu2,False
31236,Y2Hf2O7,False
31237,NaPmAu2,False
31240,SrAlSiH,False
31243,H5NO,False
31244,LiPm2Al,False
31245,UNi4P2,False
31246,Hf2CuGe4,False
31247,ReN,False
31250,SiAgPt5,False
31251,CaMn4S8,False
31252,ErMnO3,False
31254,Yb2MgS4,False
31255,Sn5S4Cl2,False
31256,YbFe4P12,False
31257,YbH3Pd,False
31258,Sc3Al,False
31259,HfFe6Ge6,False
31260,NiAgSe2,False
31261,SrBe13,False
31264,Sc2PdRu,False
31268,Rb2HfF6,True
31269,AcFeO3,False
31270,CeGaGe,False
31274,SiIr3,False
31276,ThTe,False
31277,CrGaP2,False
31278,ErGePd2,False
31279,Tb3KF10,False
31281,ReC2,False
31282,ZrCl4,False
31283,Sr5As3,False
31284,Nb5Si4Cu4,False
31288,MoO3,False
31289,SrZnPb,True
31290,Mg4Nb2O9,False
31291,AlZnIr2,False
31293,MnTl2SnTe4,False
31297,LiTaRh2,False
31299,YbNiH3,False
31301,Ho2Mg,False
31302,CO2,False
31304,BeCo2Ge,False
31305,TiV2Te4,False
31307,LuB2C,False
31308,Er2Nb2O7,False
31309,MoWSeS3,False
31310,SiO2,False
31311,NaPmHg2,True
31312,Sr3MgRhO6,False
31315,AlFeRh2,False
31316,Ti3SnC2,False
31317,Ti2CoSe4,False
31318,ZnN2F4,False
31319,CrCo2Bi,False
31320,ZnSb4O8,False
31321,Sr3Sb2,False
31323,TbFe4P12,False
31324,AlSn2O4,False
31325,PIr2,False
31326,Li2V2S5,False
31327,LiMg2Ag,True
31328,LaF3,False
31331,DyTe2,False
31332,LuAg2,False
31333,LiPm2Pt,False
31334,ReN2,False
31335,NbAl3,False
31336,TbB2C,False
31337,Lu5Si3,False
31338,TaNi3,False
31339,PmCdPt2,False
31340,NdNi2As2,False
31341,Er2MgIn,False
31342,Cd4SF6,False
31343,ScZn3,True
31344,BC5,False
31345,Sc2CdTc,False
31346,LiTaRu2,False
31347,Rb2ThF6,True
31348,LuFe6Ge6,False
31349,Rb2TiSi3O9,False
31350,LaP12Ru4,False
31354,Hf2N,False
31358,Sc2RuRh,False
31359,CoReB,False
31360,InAs,False
31361,Cd2FeC6N6,False
31362,UAs,False
31363,Ti3NiS6,False
31364,AlBi,False
31365,Hf3Rh5,False
31366,KEr3F10,False
31367,NaNd2IrO6,False
31369,Mn3Mo3C,False
31370,Ba3P2S8,False
31372,HoTe2,False
31373,CrFe3,False
31374,TeH6O6,False
31375,ErB4Rh4,False
31376,PmCdPd2,False
31377,NbS2,False
31378,Y2TiO5,False
31379,CeZrO4,False
31380,LiPm2Ge,False
31381,ErInNi4,False
31383,Er3Al2Ni6,False
31384,Sc2ZnRu,False
31385,LiHPd,False
31388,Te4MoW3Se4,False
31390,UFe4P12,False
31392,CoNiSb,False
31393,Fe2N,False
31394,Mn3W3C,False
31396,Er2CuRu,False
31397,Ta2N3F,False
31398,BaCaGa4O8,False
31399,NaPr2IrO6,False
31403,Sr3ScB3O9,False
31404,TiCoSi,False
31407,NdZnIn,True
31408,NdNi2Sn2,False
31409,CaBe13,False
31410,LiPm2Ir,False
31411,Ti3In4,False
31412,Mn3Al9Si,False
31413,Sn2Ir,False
31415,LuAgO2,False
31417,ScS2,False
31419,Er3Ni7B2,False
31420,NiAs2,False
31421,Ti2MnBe,False
31422,NdSnPd,False
31423,PaZnRu2,False
31424,CrCo2Sb,False
31425,Sc5Ge3,False
31427,TlPPd5,False
31430,LiCdAs,False
31431,SrP3,False
31433,PrCd3,True
31434,Pm2MgTl,False
31435,CaAl2S4,False
31436,PmAu3,False
31437,IrN2,False
31438,Lu2C3N6,False
31441,K2Li14Zr3O14,False
31443,PrSb2O6,False
31444,Li2PmSi,False
31445,DyAlAg2,False
31446,DyTlZn,True
31448,CaGa2S4,False
31449,CeCo4B,False
31451,LaBiPt,False
31454,CdInPd2,False
31455,K2HfF6,False
31457,TbSnRh2,False
31458,NaNbO3,False
31459,PmCd3,True
31460,CaInAu2,False
31464,ZnPd5Se,False
31466,Rb3TaS4,False
31467,CaYRh2,False
31468,LiLu2Ir,False
31469,CSO,False
31470,Lu5SbPd2,False
31471,CrAgTe2,False
31472,TbSi,False
31473,IrN,False
31475,IrCl2,False
31477,Li8PrO6,False
31478,HfZnNi2,False
31479,Mg2Sn,False
31480,Pm2AgPt,False
31481,RbBe3ZnF9,True
31483,Ba2CaIrO6,False
31485,KRuO4,False
31486,Ba2SmMoO6,False
31488,Be2IrPd,False
31489,Cr2AgTe4,False
31490,Mn2SiRh,False
31492,CePO4,False
31494,BaNi12B6,False
31496,MnGaPt2,False
31497,VAgP2Se6,False
31498,TbLi8O6,False
31500,HoNiBi,False
31501,Fe5SnO8,False
31502,Sr2ZrO4,False
31505,Cr3Co,False
31506,Ta2NbRu,False
31507,Sr2InPd2,False
31508,Mo2WSe2S4,False
31509,Be3Ir,False
31510,MnGaRh2,False
31512,ScReTc2,False
31514,Zn2PdRh,False
31516,Ba3MnNb2O9,False
31517,Te2Au,False
31521,Si2N2O,False
31525,ZrZnF6,True
31526,AcHgAu2,True
31529,Fe3Se4,False
31530,Li3V4O8,False
31531,Li2CrFeO4,False
31532,MnAlOs2,False
31533,Sc2ZnTc,False
31534,CaLaHg2,True
31535,PmCu2Sn,False
31536,LiSn4Ir,False
31537,V4SiSb2,False
31538,NdBiO4,False
31539,FeCu2SiSe4,False
31541,KF,False
31542,CaB2Ir2,False
31543,Al2PdRu,False
31544,HgN3,False
31545,Te4MoW3S4,False
31546,Nd2MgTl,False
31548,Hf4Al3,False
31550,CrNiF6,False
31551,Cd5S4Cl2,True
31552,NdBrO2,False
31553,KLi6IrO6,False
31554,Li2PmPb,False
31555,NaCeAu2,False
31557,CeZr3O8,False
31558,LiHg,False
31559,Sc2CuTc,False
31560,Fe2W,False
31561,Li4WO5,False
31563,HoMgAu2,False
31564,Na2Mg5P4O16,False
31565,Na15Pb4,True
31566,Zn2RhAu,True
31567,NaCa3IrO6,False
31568,DyZnIn,True
31570,BeAlRh2,False
31571,PuS,False
31574,LuNi2,False
31575,TbMg2,False
31577,AlBiSeCl4,False
31579,RuN2,False
31580,NpSbTe,False
31581,ZrB,False
31584,PaC,False
31585,MnSe2,False
31586,AlFe2W,False
31587,Dy2InPd2,False
31588,KNaH2,False
31590,YB2Ir2,False
31591,PrIn5Rh,False
31592,LiAg3,False
31595,Dy2CdSe4,False
31596,TcB2,False
31597,Rb2LiGaF6,False
31599,PrCo4B,False
31601,AgTeO3,False
31602,MnV2Cr,False
31607,CoH2O2,False
31608,PaB3,False
31610,ErCl2,True
31611,HoInPt4,False
31612,TmGeRu,False
31614,TbInRh2,False
31616,Sm2O3,False
31617,NaPmTl2,True
31618,TeMo2SeS2,False
31619,CrN,False
31620,PrHSe,False
31621,BPO4,False
31622,Ba2YCl7,False
31624,BeGaRh2,False
31625,Li2SiSnS4,False
31626,CeSi2Ir2,False
31627,TaFeP,False
31628,NaAcTe2,False
31631,HoTl3,True
31633,KHgF3,True
31634,Pr2MgGe2,False
31635,TcN,False
31636,SrIn4Ir,False
31637,MnGaRu2,False
31638,PmDyMg2,False
31639,Dy2TiO5,False
31640,C3N,False
31641,Te3MoWS,False
31642,Te2MoW3Se2S4,False
31643,NbCrP,False
31644,MnSbRu2,False
31646,LiAc2Ga,False
31647,B3C10N3,False
31648,LiAlPt2,False
31651,ZrMnP,False
31653,Ca5Sb3,False
31654,InAs,False
31655,Ir3Rh,False
31656,Zn2NiRh,False
31657,Te2MoWS2,False
31658,PRu2,False
31659,Pm2AgRu,False
31660,CeAl2,False
31662,NaCaAu2,True
31663,Yb4Sb3,False
31664,Cr2NiSe4,False
31665,DyZnGa,True
31666,Sc2TcAu,False
31667,Hf2CoRe,False
31668,Mg2Ni,False
31669,Pa3Al,False
31670,Te3Mo2Se,False
31671,Te2MoWSeS,False
31672,HfZn,False
31673,YbH2,False
31674,LiAlRh2,False
31675,BaGeF6,True
31677,Sb2Pb2O7,False
31678,DyP,False
31679,In3Co,False
31680,Hf3Si2,False
31682,YErO3,False
31683,PmPd2Pb,False
31684,Dy2CuOs,False
31685,DyMgZn2,True
31686,CeFeO3,False
31690,PaCdAu2,False
31691,RbCu4S3,False
31693,ErSb,False
31694,Sr2CdIn,True
31696,LiCa2Si3,False
31698,MgAg2O4,False
31699,TbSnPt,False
31700,VCr2S4,False
31701,Er2NiIr,False
31705,TbNi4B,False
31706,SmAl4Ni,False
31707,AlTlI4,True
31709,LuMg,False
31710,Te2W,False
31711,Sr4Bi2O,False
31712,CaTi4Cu3O12,False
31714,Tm6CoBi2,False
31715,Nb4CoSi,False
31716,Th2S3,False
31717,NaH3CN4O,False
31719,ErMgSn,False
31720,In2Pt2O7,False
31721,MgSiO3,False
31722,Sc2TcAg,False
31724,AlNi2,False
31725,AcCuO3,False
31726,KAcTe2,False
31727,Ac2NiIr,False
31728,AlN,False
31729,TmTc2W,False
31730,PmPbAu2,False
31732,HfRu3,False
31734,BaHg,False
31735,ZrAlAu2,False
31736,Nb2Cd2O7,False
31737,NdPbAu,False
31738,PaCdPt2,False
31739,HfGaRu2,False
31740,LiSiBiO4,False
31741,Nd2NiIr,False
31742,CO2,False
31743,Ba2MgReO6,False
31745,KCdAs,True
31746,CeB4,False
31747,Mn2NbAl,False
31749,CeZr7O16,False
31752,MnGaIr2,False
31755,Dy2Co3Si5,False
31758,YHO2,False
31761,MoPRu,False
31762,ZrCdPd2,False
31763,PmGaAu2,False
31764,Yb2PdRh,False
31765,NiSe,False
31766,CaMgSiO4,False
31769,Er2Mg3Ru,False
31770,YbGePt,False
31773,TbTe2,False
31774,HoSbRh2,False
31777,MgH2O2,False
31778,Ce2CN2O2,False
31779,Li2Zr2O5,False
31780,Er2NiRu,False
31781,ErGaRh2,False
31782,ErNi4B,False
31783,PrDyMg2,False
31784,MoWSeS3,False
31785,PuSe,False
31786,Mg2RhAu,False
31787,U2Ni2Sn,False
31788,MoBr3,False
31789,ScBRh3,False
31790,Te2MoW3Se6,False
31791,NaAlSi2O6,False
31792,CeSi2Ru,False
31794,Pr2CdPd2,False
31796,Sc2SiB2Ir5,False
31799,GaB3N4,False
31801,MgSnPd2,False
31803,PaGaFe2,False
31806,Mg2Cu,False
31807,PdSeO4,False
31808,TaMnP,False
31809,TaSiRh,False
31810,PmSbAu2,False
31812,SnSe2,False
31814,MnSiRh2,False
31815,PmGaCu2,True
31816,ScTc2Mo,False
31817,NpGaRh2,False
31818,Dy2CdPd2,False
31819,Yb3Sb5O12,False
31820,As2Pd,False
31821,ZnCuPd2,False
31822,TiBi2O5,False
31824,Pm2IrAu,False
31825,PrMgHg2,True
31826,TmSnRh2,False
31827,TbGa5Co,False
31829,HoGeIr,False
31830,MnSiRu2,False
31831,Hf2ReIr,False
31832,CaCl2,False
31833,PuB4,False
31835,Li8IrO6,False
31836,KNaMg2Si4O10F2,False
31837,NdGeAu,False
31838,KMgP,False
31840,DyCdHg2,True
31841,PmPd3,False
31842,NbBiO4,False
31843,U4Si6Tc7,False
31844,Zr2Ni2Sn,False
31845,ErGa5Co,False
31846,Ce2Fe2Si2C,False
31847,Ir2S3,False
31848,ThAsSe,False
31849,Ag2O3,False
31850,KMnBi,False
31851,Dy2ZnRu,False
31852,PmGeAu2,False
31853,NpSeO,False
31854,PrNiGe3,False
31855,DyCoSi,False
31856,Mg2SiB2Ir5,False
31857,NdNiSn,False
31858,ScTc2W,False
31859,FeCoGe,False
31860,LuMgPd2,False
31862,CaMo6S8,False
31863,PrMgZn2,True
31864,NdTlAu2,False
31865,K3NaS2O8,False
31869,Lu2MgOs,False
31870,ScNiB4,False
31872,PrNi2,False
31873,Zr4Pd2O,False
31874,Dy3CuSnS7,False
31875,LiBePd2,False
31876,Nd2MgAl,False
31877,HfMnRh2,False
31878,ScSiRh,False
31879,BiTeO4,False
31880,Te2MoW2S4,False
31881,TbGaPt,False
31882,Yb2Tl,True
31883,MnInRh2,False
31884,Na2BH4ClO4,False
31885,Be12Cr,False
31886,MoCl3,False
31887,AsBr3,False
31889,Dy2NiIr,False
31890,MgGaNi2,False
31891,K2Ge2Pb2O7,False
31892,ErMn12,False
31893,KLiSO4,False
31894,LuAs,False
31897,MnSiTc2,False
31898,PmH3,False
31899,NaAlPO4F,False
31900,KMgAs,True
31903,LuGa5Co,False
31904,MnSnRu2,False
31905,Ce2C3,False
31907,HfCuSi,False
31908,PaGaTc2,False
31909,ErCuSn,False
31910,Si3Os2,False
31911,Pm2IrPd,False
31913,HfMnSi,False
31914,Cr2HgS4,False
31915,KLiSO4,False
31916,CaGa4,False
31917,LiNbP2O7,False
31919,Pm2ZnPb,False
31923,Rb2MgCl4,True
31924,Tm2CuPt,False
31925,TbYbHg2,True
31927,Sc3Ni4Ge4,False
31928,Nd2IrRh,False
31930,HoTlTe2,False
31931,ThAsS,False
31932,LuNbRu2,False
31934,ErH2,False
31936,PmSnAu2,False
31937,NdAl7Au3,False
31938,HfNbTc2,False
31939,Li2Cu2F7,False
31940,SmMg2Ni9,False
31941,UH2O4,False
31942,Na2MgAlF7,True
31945,Tm2OsRh,False
31946,HoSiRu,False
31947,LiBePt2,False
31948,PmHgAu2,False
31949,TiNb2Se4,False
31950,PrBiAu2,False
31951,YMg3,False
31955,TaGe2,False
31956,Lu2MgRu,False
31957,Ta2VOs,False
31959,Te2Mo3WSe4S2,False
31960,OsC2,False
31961,Pm2ZnRu,False
31962,TbCaF6,True
31963,H4CN2O,False
31965,PaP2,False
31966,LuMgZn2,True
31967,P3Pd,False
31968,Nd2MgIn,False
31969,LiAlSi2O6,False
31971,Zr2TlC,False
31972,InPd3,False
31973,Ag2Te2O7,False
31974,HoZn,False
31975,ZrMo2,False
31976,Ti5Si3,False
31977,K2PuO4,False
31980,CaAs4Rh6,False
31982,ThSiTe,False
31983,MnCu2SiTe4,False
31984,SrAs4Rh6,False
31986,HfMgIr2,False
31987,NdSn3,False
31988,LiSiBO4,False
31989,TaAlOs2,False
31992,Te4MoW3Se2S2,False
31993,LaNi2Rh3,False
31994,LuSnRh2,False
31995,PrRuO3,False
31996,ZrSbPd,False
31997,HgCl2,True
31998,BiSBr,False
31999,NaHoTl2,True
32000,Tm2CuRu,False
32001,K2ZnC4N4,False
32003,AlH3O3,False
32004,PmSbPd2,False
32005,Yb5Sb3,False
32007,YNi4B,False
32008,HoSb,False
32009,HoGeRu,False
32010,HfSiMo,False
32011,Ac2CdSn,True
32012,Be2RuPt,False
32013,Si2Ni,False
32014,Sm2Ge2Ru,False
32015,MgFe2O4,False
32016,Yb2Ru2O7,False
32017,ThSbSe,False
32018,Ba2P7Cl,False
32020,OsN2,False
32021,Hf2In5,False
32022,PmHgRh2,False
32023,NaHgPd2,False
32024,LiGaRh2,False
32026,Na2LiAlF6,True
32027,TbCdRh2,False
32028,Sc2VB2Ir5,False
32029,LuSnRu2,False
32033,Tm2MnOs,False
32034,H4NF,False
32035,CuSO4,False
32036,DyZnRh2,False
32037,Li3CeSb2,False
32038,MnIr3,False
32043,HoTlS2,False
32044,InAsPd5,False
32045,LuPd,False
32046,Te2Ir,False
32047,CaAlH5,False
32048,Pr2CrS4,False
32049,Al3Ir,False
32050,ZrZn3,True
32051,Cu2Se,False
32052,LiAsPd2,False
32053,CeSi2Au4,False
32054,PrAl4,False
32058,ThSi2Ru3,False
32059,Dy4Sb3,False
32060,Pm3Ge,False
32062,Er2ZnTc,False
32063,NaInHg2,True
32065,PrGeAu,False
32067,ZnAg2O4,False
32068,Mg2PdPt,False
32071,Lu2AgRu,False
32072,PmRh2Pb,False
32073,OsN2,False
32076,HfTc2Sb,False
32077,Lu2IrRu,False
32078,MnB2W2,False
32079,TbYbRh2,False
32080,CaCeAg2,False
32081,ThPSe,False
32082,Te2Os,False
32086,KAlS2O8,False
32088,InAgSe2,False
32089,NdAgHg2,True
32090,KIn2Au4,False
32092,HfTaRe2,False
32093,Li3CeBi2,False
32095,SrClF,True
32096,Ba2Nb5O9,False
32098,Zr3ZnN,False
32099,Ce3Ni2B2N3,False
32101,IrRu3,False
32102,PPdS,False
32103,LuCo2,False
32104,LiMgSbPt,False
32105,Tm2IrRu,False
32106,Ca5As3,False
32107,CaNi2,False
32108,P10Au7I,False
32110,USe,False
32111,H2SO4,False
32112,Ca3Zn2Cu2P4,False
32113,CaSmCd2,True
32114,Be2NiRh,False
32115,ZrMn6Ge6,False
32116,Pr2AlCo2,False
32118,Sc2AgRu,False
32119,PmRh3,False
32120,NbCoP,False
32121,Ba2NbFeO6,False
32123,Li3DySb2,False
32124,Zr2CoTc,False
32125,Cu6PbO8,False
32126,NdB6,False
32127,KHF2,True
32128,Ni3SnP4O16,False
32129,Y2IrPd,False
32130,NiBi,False
32131,KTeOF3,False
32135,CoMoP,False
32136,Tl2Ru2O7,False
32137,Sc2GaTc,False
32138,Nb5N6,False
32139,TmNiGe,False
32140,Er2FeSi2,False
32141,KPH2O4,False
32142,Lu2RuRh,False
32143,Tl3VSe4,False
32144,Mn2VSi,False
32146,Fe3O4,False
32147,K3YF6,True
32148,Sc3P2,False
32149,SrGePt,False
32150,V4CoNiO12,False
32153,MnV2Os,False
32154,CdAsPd5,False
32155,Dy2AgOs,False
32156,YMn6Ge6,False
32157,Nd2IrPd,False
32158,Li3HoSb2,False
32159,HoPd3,False
32161,PdSe,False
32163,SiC2,False
32165,PmNi3,False
32166,PaSb2,False
32167,TbSe2,False
32169,Li2MgCl4,True
32171,Te2MoWSeS,False
32172,Er2Mg,False
32176,TiH,False
32177,NdP3O9,False
32178,KPb2,True
32180,HgC2S2N2,False
32181,NiP2,False
32184,DyPd,False
32185,ScI2,False
32188,K3ReH6,False
32189,U2Co3Si5,False
32190,CeGa2,False
32191,Lu2AlOs,False
32192,Li3LaBi2,False
32193,Ti2Zn,False
32194,HgPd3,False
32195,ErZnGa,False
32196,Na3Ge4Pt4,False
32197,UI4,False
32199,YSnPt,False
32200,YbCoB4,False
32201,ZnCuAu2,False
32203,CaMgPb,True
32206,Cr2CuTe4,False
32207,Tm2InPd2,False
32208,CaLuRh2,False
32209,TlCdS2,False
32210,MoW3Se6S2,False
32211,KBePO4,False
32212,Dy2AgIr,False
32213,NdSi2Os2,False
32214,ThSbTe,False
32216,CaHg3,False
32217,Mn3Ge,False
32218,Hf2Te,False
32220,CuI,False
32221,NpIr2,False
32222,Nb3Sb,False
32224,Y2IrRh,False
32226,GaSeBr7,True
32228,V4GaSe8,False
32229,NbTe4,False
32230,MnV3,False
32231,YbSbPd,False
32233,Li5Mg,False
32234,HfNbP,False
32235,MnZnIr2,False
32236,Pm2IrPt,False
32237,LiHF2,False
32238,VBiO4,False
32240,ZrIn3,False
32241,MoW3Se8,False
32243,LiAsRh2,False
32244,KB6H6,False
32245,HfOs2,False
32246,Te4MoW3Se4,False
32248,Yb2MnS4,False
32249,NaClO4,False
32250,UAl10Fe2,False
32252,YbMgHg2,True
32253,MgH4Cl2O2,False
32254,Ho2CdIn,False
32255,K2NpO4,False
32256,NdNiSb,False
32257,PmSnRh2,False
32258,Mn2AlCr,False
32259,Pt3O4,False
32260,NaBH4,False
32261,Na2TlBi,True
32262,SnPPd5,False
32263,DyAl3,False
32267,ZrGa5Co,False
32268,Ac2HgGe,False
32269,Sr2MgIrO6,False
32273,VCoB3,False
32275,Li2PrTl,False
32277,Sc2AlOs,False
32278,USiIr,False
32280,Tm2OsRu,False
32281,CdAu3,False
32283,DyFe4Ge2,False
32284,TbHg,False
32286,MgGa2O4,False
32287,AcTlTe2,False
32292,TeMoWSe2S,False
32293,Mn2AlRe,False
32294,TiFe2,False
32295,PmZn3,True
32297,ZrTi2H4,False
32298,FeBiO3,False
32300,MgTaRu2,False
32302,PmInAu2,False
32305,BeRu2W,False
32306,PmSi3,False
32307,Te2MoW3Se2S4,False
32309,CaLaZn2,True
32311,Lu2CoRu,False
32312,GaGeRu2,False
32313,Sc2IrPd,False
32314,VCo2Ge,False
32317,LiErTl2,False
32318,Tm2PdRu,False
32319,DyGa3,True
32320,URhS3,False
32321,Ho2CdOs,False
32322,Ag2GeO4,False
32327,ScTi2Ga4,False
32328,HoHg3,True
32329,Mo2C,False
32330,Sm3Co2Ge4,False
32334,Nb3Os,False
32335,TaTlO3,False
32336,Li3PrBi2,False
32337,TmCl2,True
32339,V3Pt,False
32341,ScAl3,False
32342,Lu2PdPt,False
32343,Ba3CoSb2O9,False
32345,UGa3Pd2,False
32346,PmSnPd2,False
32347,Ni3Se2,False
32348,Te4MoW2Se2,False
32349,Dy2InGe2,False
32351,Ag5Pb2O6,False
32353,BaMgSb4O8,False
32354,ScRh2Pb,False
32355,NiSe2,False
32358,DySiPt,False
32360,MgZrPd2,False
32361,NaMgPb2,True
32363,DyGaPd,False
32364,Pm2SnAu,False
32365,LiPaRu2,False
32367,NbGeIr,False
32368,Ac2ZnIr,False
32369,Pr2CdNi2,False
32371,PmHoMg2,False
32372,ErGe,False
32373,YbPd2Pb,False
32375,ReRu3,False
32377,PrZnSn,True
32380,ZnAsPt5,False
32381,ThSnRu2,False
32382,Co2NiS4,False
32384,LiHf2Re,False
32385,LiCa2Rh,False
32387,LiCaBi,False
32388,ScCo,False
32389,Pm2CdSi,False
32390,LiCa2Al,False
32391,SiP2O7,False
32393,CaCu4P2,False
32394,PmSmMg2,False
32396,LiZn,False
32398,HoGeRh,False
32399,SmTlO2,False
32400,HoO3,False
32401,MoW3Se6S2,False
32402,Sc2InAg,False
32403,Te2Mo3WSe6,False
32404,LuGaPd2,False
32405,SmGeAu,False
32406,TbTlSe2,False
32407,DyTe,False
32409,MnAg2GeTe4,False
32410,Mo3WSe4S4,False
32411,TbNiSn,False
32412,YbLiAlF6,True
32413,Tm2ZnTc,False
32414,HoB2,False
32415,DyB2,False
32416,Pm2SnPd,False
32418,Ti2MnRu,False
32419,HfScRu2,False
32420,ZrVP,False
32421,ZrV2Ga4,False
32422,Ba2RuO4,False
32423,ErCoO3,False
32424,Zr3N2O3,False
32425,Li3PrSb2,False
32426,YbPrAg2,True
32427,TbAg,False
32429,Li2AcIn,False
32430,NaSmHg2,True
32431,SmAg2Sn,False
32432,NdTe3,False
32433,YbNi2,False
32434,FeNi,False
32435,PaPd3,False
32436,PdCl2,False
32437,La2CuIr,False
32441,LiSO3F,False
32442,NiCl2O8,False
32443,SrNi2Sb2,False
32444,ThTeAs,False
32445,Sm3InS6,False
32446,PmTlAu2,False
32447,Th3Co3Sb4,False
32448,Pm2CdSn,False
32450,LiAc2Si,False
32453,CeB2C2,False
32456,MgAsPt5,False
32457,HfAlRu2,False
32458,Li3SmBi2,False
32459,UB12,False
32462,PmInRh2,False
32463,K5Pb24,False
32464,SmMnSi,False
32465,Lu2ZnOs,False
32466,UWC2,False
32470,Pm2TlCd,False
32471,TaNiB2,False
32472,TbGePt,False
32473,TiZnCo2,False
32474,CeAl3Pt2,False
32475,HoSb2,False
32476,Ac2CuSn,False
32478,NdGeBO5,False
32479,Sc2CuRu,False
32480,Mg4As6Rh7,False
32481,Ti3Os,False
32482,SmAg3,False
32483,NdAl3Pb2O8,False
32485,BiO2,False
32486,V5Ge3,False
32489,Li3SmSb2,False
32493,LuGaRh2,False
32494,LiMg2Hg,True
32496,K3VO4,False
32498,Sc2AlTc,False
32499,PmH,False
32500,Tl2CdTe4,False
32501,MgZrRh2,False
32502,PmTlAg2,False
32503,U2Fe3Ge,False
32505,TaNi2Te2,False
32507,Ca3SiBr2,False
32508,Hf2GaSb3,False
32509,LiHgPd2,False
32510,NaSmTl2,True
32511,U2F9,False
32512,LiHo2Rh,False
32515,NdInO3,False
32517,TeMoWS3,False
32518,HoRh,False
32519,CeBi,False
32521,LiTm2Tc,False
32522,PaAlTc2,False
32524,Np3Tl,False
32525,SmSbPd,False
32526,Li5BiS4,False
32527,LiNbRh2,False
32528,Y2CN2O2,False
32530,CoTc3,False
32531,USiS,False
32532,SiO2,False
32533,Cd2AgRh,True
32534,VSiTc2,False
32535,TbBi2ClO4,False
32539,Er4Sb3,False
32540,Sc2GaAg,False
32541,Ca2B4Rh5,False
32542,PmInNi2,False
32543,Nd2SiTeO4,False
32544,CaNdHg2,True
32545,Hf2TaN3,False
32546,NaMgTl2,True
32547,Ti3Tl,False
32548,Li5Cu4P6,False
32552,PrCoSi,False
32553,BeCo2Si,False
32554,Te4Mo2WS2,False
32556,SmZn,False
32557,Mg3BO3F3,False
32558,PuCdRh2,False
32559,PmTlRh2,False
32560,MoW2Se4S2,False
32561,Lu2CuOs,False
32563,Dy5Si3,False
32564,NbSiPd,False
32565,GaSiRu2,False
32566,VTc2Ge,False
32568,Sc2AlRu,False
32570,Nd2O3,False
32571,TaI2Cl2,False
32573,Sr2SmCu3Pb2O8,False
32574,Ni3B,False
32575,V3B2,False
32576,PmCl2,True
32577,Lu2Fe2Si2C,False
32578,TbGeIr,False
32581,NbSe2,False
32582,Al3BN4,False
32583,HfGa2Co,False
32584,AlF3,False
32585,ThTe2I2,False
32586,LiBeB,False
32587,Na3UF8,True
32588,USi2Ir2,False
32589,NaHoO2,False
32590,RbEr3F10,True
32591,Te3MoWS,False
32593,HoSi2Pt2,False
32595,In3Rh,False
32596,Nb3Fe20B6,False
32599,Ba3Nb2O8,False
32600,AcCdRh2,False
32601,Al3Te3I,False
32602,NaSmAu2,False
32605,Ba3Sn5,False
32607,U3Co2Ge7,False
32608,GaPPd5,False
32609,LiCeCu2P2,False
32610,AcTlAg2,True
32611,MgCdAu2,False
32612,BaBi2Pd2,False
32613,TmTaOs2,False
32615,RbOsO3,False
32616,CePd3,False
32619,PmTlTe2,False
32620,Pm2CoIr,False
32621,Co3Se4,False
32622,V2CrOs,False
32623,Li2InSn,False
32624,SrBiClO2,False
32625,DyAg,False
32626,HfV2Ga4,False
32627,Sc2NiIr,False
32628,TmAlCu,False
32629,AlGa3N4,False
32630,LiInPt2,False
32631,YbTl2Cd,True
32632,PmInAg2,False
32634,Te3W2S,False
32635,LiGeAu2,False
32636,Al2Mo3C,False
32637,XeO2F2,False
32638,UN,False
32639,LiHo2Ru,False
32641,Bi2Pd3S2,False
32644,SmMnB4,False
32645,NaPrTl2,True
32646,LuAlGe,False
32647,PaPt3,False
32648,Cr2CoTe4,False
32650,TmGeRh,False
32653,KWO3,False
32655,ReCl4,False
32656,MgZrAu2,False
32657,YbNdRh2,False
32658,LiPrHg2,True
32659,Ba3Ca2Si2N6,False
32660,LiGeIr2,False
32661,LiFeAs,False
32663,Fe7C3,False
32665,LiGaAg2,True
32666,HfGa4Co,False
32667,Sc2O3,False
32668,CdS,False
32670,KO2,False
32673,AlV2O4,False
32676,Te2MoWSe2,False
32678,CaBPO5,False
32679,MgAlPd2,False
32680,Ba3P6N8O6,False
32681,TmZrOs2,False
32682,Ti3B4,False
32683,ErAl4Mo2,False
32684,PmYMg2,False
32685,Li2CaSn,False
32686,FeB2Mo2,False
32687,ZrZn,False
32688,Sc2FeS4,False
32690,Li2CaSi,False
32691,Er2InAg,False
32692,Li2Pt,False
32693,CaSnHg,True
32694,YbCdAg2,True
32696,LiEr2Ir,False
32697,MgSc2Ru,False
32698,Sc2NiOs,False
32699,ThTl3,False
32700,SrBrF,True
32701,AlSiRu2,False
32703,HgPPd5,False
32704,SmSb,False
32706,Ba2Si2CuO7,False
32708,MgAlRh2,False
32710,Ba3Si2B6O16,False
32712,TbInPt,False
32715,VZnRu2,False
32716,NbCl3O,False
32717,TiBe2Ir,False
32719,Lu2NiOs,False
32720,ZrCo,False
32721,Ba2Cu3Cl2O4,False
32724,DyIn3Cu2,True
32725,Te2MoW3Se2S4,False
32726,Ho2MgGe2,False
32727,Lu2IrRh,False
32728,V2C,False
32730,Er2RuRh,False
32732,MgZrIr2,False
32733,CaMgSi,False
32734,Ru3W,False
32735,PmTl3,True
32736,YbCdAu2,True
32737,YbBaSi4N7,False
32738,NbNiP,False
32739,Dy2Re2Si2C,False
32740,Li2BPd3,False
32741,LiY2Al,False
32743,Ti2CoIr,False
32745,YbAgS2,False
32746,KSbO3,False
32747,Ca2In,False
32748,Na4Al3Si3ClO12,False
32749,Nd3Si2ClO8,False
32751,Sc2TcPt,False
32752,BaZnAg4O8,False
32753,MgSc2Tl,False
32754,NaCl,True
32755,Li2HoTl,False
32756,LuReTc2,False
32757,Pa3Si,False
32759,Dy2ZnGa,False
32760,U2SnRh2,False
32762,BaZnSO,False
32763,MgFe6Ge6,False
32765,NaNdHg2,True
32769,Na4Al3Si3BrO12,False
32770,Mg2Sb3O8,False
32771,VZnRh2,False
32772,MnTlCl3,False
32773,NdMgHg2,True
32774,CeP12Os4,False
32775,Dy2TlCd,True
32776,Nd2Ti2S2O5,False
32777,Sr3Hg2,True
32778,YbCdHg2,True
32779,BaAl2Si3N4O4,False
32780,AcGaTe2,False
32782,K5V3F14,False
32783,CaRuO3,False
32784,HoSbPd,False
32785,AcAgAu2,False
32786,RbVF3,False
32789,NdSb12Os4,False
32790,BaPrO3,False
32791,Li2CeTl,False
32793,YbGa2,True
32795,TiGaPd2,False
32796,Mo2WS6,False
32797,Nd4Bi3,False
32798,LiO2,False
32800,Dy2ZnIn,False
32801,NbAlOs2,False
32802,LiSmTl2,False
32803,CaBi3,False
32804,BaPrO3,False
32805,Pa3Sb,False
32807,NiBi3,False
32808,Li2PmAl,False
32809,Pm2PdPt,False
32810,Er2TlAg,False
32811,NbSn2,False
32813,LiDyAu2,False
32814,ScSiPd2,False
32817,Ti2AlRe,False
32818,DyGa3,False
32819,ErB4,False
32822,Ti2ZnTc,False
32823,U3Te4,False
32824,Ga2IrRh,False
32826,Lu2NiRu,False
32828,DyAl7Au3,False
32829,HoBi2ClO4,False
32830,LiCu3,False
32831,YbCuSi,False
32832,SrCl2,True
32833,TmCu4Ag,True
32834,HoTi2Ga4,False
32835,Er2B4C,False
32837,YbNdHg2,True
32838,NaErTl2,True
32839,DyMgTl2,True
32840,Pa3Te,False
32841,Bi2Rh,False
32842,TeMoWSeS2,False
32844,Ba2TlCd,True
32845,PmZn2Ag,True
32846,Pm2PdRh,False
32847,HfPaTc2,False
32849,CaLaMg2,True
32850,Bi2SeO2,False
32853,Ta2Ni,False
32854,PrFeSi,False
32855,Cd2SiO4,False
32856,TeMo2SeS2,False
32857,Pm2CuOs,False
32858,TiGaIr2,False
32860,YbCdPd2,False
32861,YMnF5,False
32862,Co3O4,False
32863,LiEr2Rh,False
32864,MgSc2Tc,False
32865,Li2PmIn,False
32866,CaCrF5,False
32867,YClO,False
32868,Sm4Mg3Co2,False
32869,AsPO4,False
32871,LiDyHg2,True
32874,SiO2,False
32875,LiTiIr2,False
32876,Tm2AgOs,False
32877,V5SiB2,False
32878,DyLuMg2,False
32879,NaPrAu2,False
32881,CeBiAu2,False
32882,Ba5As3ClO12,False
32883,PdF2,False
32885,V2TcRu,False
32888,Te2MoWSe2,False
32889,BaAl2Si2O8,False
32890,Tb3Si2S8I,False
32891,PmZnAu2,False
32892,LiTiO2,False
32893,Na2Ti2As2O,False
32895,LuCdAg2,True
32896,TeMoWSe3,False
32900,Dy2TlAg,False
32902,CrS2,False
32904,GaTc2W,False
32906,SrBiBrO2,False
32907,Tb3CuGeSe7,False
32909,Mg2AgRh,False
32910,Lu2OsPd,False
32911,Tm5NiPb3,False
32913,ZrTi2Ga4,False
32914,Tc3Os,False
32919,Na2PtO3,False
32920,BaO,False
32921,MnSiNi,False
32922,Mg3Sc,False
32923,SmCoSi,False
32924,TiBeRh2,False
32926,NbSiIr,False
32927,Ho2OsPd,False
32928,TaCr2,False
32930,MgGeIr2,False
32932,KAg3Te2,True
32934,KCu4AsS4,False
32936,MoS2,False
32937,AlCu2Re2,False
32938,Na2MgSn,True
32939,Ca2MgTl,True
32940,NbAlFe2,False
32942,K2InP2S7,False
32943,ScSbRu2,False
32945,ScZn2Ag,True
32946,NaPrHg2,True
32948,DyZrRu2,False
32949,Bi3BrO4,False
32950,TlPd5Se,False
32952,PmZn2Cd,True
32953,AlCrRu2,False
32954,Yb3GeO,True
32956,Lu2NiIr,False
32958,Ca4Cl6O,True
32959,LaMgZn2,True
32960,Ba2InClO3,False
32961,TiMn2Ge,False
32963,BaMg2,False
32966,SiW3,False
32967,Sr3Ga3N5,False
32969,Mg3TcH7,False
32970,YbGaAu2,True
32971,V2P,False
32972,Mn3Al10,False
32973,Pm2CuRh,False
32974,HfIr3,False
32975,MnBe2Ir,False
32977,AcMgCd2,True
32978,Te4Mo2WS2,False
32979,LiSm2Ir,False
32981,Er2Re2Si2C,False
32982,NaPaO3,False
32983,CaCdAu2,False
32985,MnBe2Pt,False
32986,Li2CeAl,False
32987,SiO2,False
32988,SrZrO3,False
32989,PaTe3,False
32990,PtPb4,False
32991,YAlAg2,False
32992,PrPbAu,False
32993,Tl4CdI6,True
32994,ThCdRh2,False
32995,SrBiIO2,False
32996,MnBe2Rh,False
32997,BaNd2FeS5,False
32998,AlAsPt5,False
32999,ThInAg2,False
33000,BaAl2Si2O8,False
33001,KNiIO6,False
33002,AcAg,False
33003,K2MnNb6Cl18,False
33005,LuCu2,False
33006,Sc2BeTc,False
33007,PmZn2Au,True
33008,YbGa2Ir,False
33011,YbPaRh2,False
33014,Dy2AgRu,False
33015,BaCuTe2O7,False
33016,Y3CuGeS7,False
33018,LiTm2Rh,False
33019,Li2PdPb,False
33020,TeMoSe,False
33021,VSiRu2,False
33022,Yb2AgGe,True
33023,LuOs2,False
33025,MoSe2,False
33027,BaAlSi4N5O3,False
33028,UNi2B2C,False
33031,DyThTc2,False
33033,NaSrAu2,True
33034,YbErPd2,False
33035,Ti3Bi,False
33036,Te2Mo3WSe4S2,False
33039,PmMgAu2,False
33040,Ga4Bi2O9,False
33042,LiLuPt2,False
33043,Pm2AgIr,False
33044,MnCuPd2,False
33045,SmAgHg2,True
33046,KCaAl2F9,True
33047,Zr3N2,False
33048,UNiSn,False
33049,Sm2Re2Si2C,False
33050,TeMoWSe3,False
33052,NaPPdS4,False
33053,TaAs,False
33055,Nd2CdNi2,False
33056,CaAlF5,False
33057,Lu2AgOs,False
33058,MgGeRh2,False
33059,ThHg2,False
33063,Mn4Al11,False
33065,TmMgHg2,True
33067,Tm2MgGe2,False
33068,U3As4,False
33069,YMgCd2,True
33071,PrSbPd,False
33074,Pm2CuRu,False
33079,TiSi2,False
33080,Tm2GaOs,False
33081,LiIO3,False
33082,BaCa3O4,False
33083,YMgZn2,True
33084,YbNiSn,True
33085,Te6MoW3Se2,False
33086,TbTe,False
33088,LiDy2Ru,False
33090,FeCoSn,False
33092,NaVO3,False
33093,AgHg2PO4,False
33094,NdZnSn,False
33095,YbAcHg2,True
33097,Sc3Tc,False
33098,NaNdTl2,True
33099,TmMn6Ga2Sn4,False
33100,Tm2IrRh,False
33103,Ta4MnS8,False
33104,SmGeRu,False
33105,NbSe2,False
33106,LiSm2Os,False
33108,Sr2CuI2O2,False
33109,Co2P,False
33111,U2Mo2C3,False
33113,UGeIr,False
33114,Lu2ZnAu,False
33115,Na4Ga3Si3ClO12,False
33117,ErMgCd2,True
33118,LiTm2Ir,False
33119,BaMgAg4O8,False
33121,Ti2TcIr,False
33122,Mg4P6Rh7,False
33123,PaSe3,False
33125,MgSiIr2,False
33126,LuThRu2,False
33127,PH6NO4,False
33128,Ta2CrFe,False
33131,Na9ZrP4ClO16,False
33132,MgSi2,False
33133,NaLi2N,False
33134,MgGaPd2,False
33138,Er2AgRu,False
33139,CrSbP2O8,False
33140,Re3As7,False
33141,TiCuSi,False
33144,LiCa2Ir,False
33146,Pr3NbCl6O4,False
33147,SiO2,False
33148,NdGa3,True
33149,LiGa2Ni,False
33150,RbMgH3,False
33151,DyInRh2,False
33152,Ca2AgWO6,False
33153,TiBeCo2,False
33155,K3PS4,False
33156,YbGaPd2,False
33157,TmCdPd2,False
33158,MgB2C2,False
33159,Yb2CdPb,True
33160,Li5CoO4,False
33161,Tm2AlOs,False
33162,AcInTe2,False
33163,Mg2PHO5,False
33164,HfCdCu2,False
33165,Lu2TcPd,False
33166,YbPaPt2,False
33167,Te2Mo3WSe4S2,False
33169,BaPb2C2O6F2,False
33170,Pm2SiHg,False
33171,DyTmMg2,False
33172,BPO4,False
33174,Zr2Ag,False
33175,V5As3,False
33176,BaZnCu4O8,False
33177,Sn3As4,False
33178,KRb2TiF6,True
33180,LaMgCd2,True
33181,PmMgZn2,True
33182,Rb2Zr2O5,False
33183,AlH12Cl3O6,False
33184,LiCo2Si,False
33185,YCdPd2,False
33186,LiVFeO4,False
33188,LiPm2Rh,False
33190,Al3Cr,False
33191,Pm3Si,False
33192,TiMnRh2,False
33193,CaNdCd2,True
33194,Lu2ZnPt,False
33195,TmSbPd2,False
33196,MgSiRh2,False
33197,Ti2TcRh,False
33198,LiCeTl2,False
33199,YbGaRh2,False
33200,LiMgP,False
33201,PuSi3,False
33203,Re2P,False
33204,H8C2NCl,False
33205,MoW2Se2S4,False
33206,YbNdZn2,True
33207,CaGe2,False
33208,LiTiAsO5,False
33209,CaSmHg2,True
33210,TbTi2Ga4,False
33211,HfBe5,False
33212,LiMnVO4,False
33214,TiAlRh2,False
33216,ScV2Ga4,False
33217,KNO3,False
33219,ErMgHg2,True
33221,PrRe4Si2,False
33222,Yb3Ag2,False
33223,Ca2TlCd,False
33224,YbTmPt2,False
33226,Lu2Ni3B6,False
33227,TaSnRu2,False
33228,YCdPt2,False
33229,Yb2AgRh,False
33230,PtS2,False
33231,Hf2CoTc,False
33232,Li2MnCr3O8,False
33234,YbGeO3,False
33236,Tm2InOs,False
33237,Ba3WCl2O5,False
33238,LaBiAu2,False
33239,LaCdAg2,True
33240,TmCuSe2,False
33241,Tm2CdOs,False
33242,TmCdHg2,True
33243,TiMn2Si,False
33244,Yb2CuIr,False
33245,LiCa2Tl,True
33246,CoPtF6,False
33247,SmPbAu,False
33248,Li2PrAl,False
33249,ScB12,False
33250,Te2MoWSe2,False
33251,BrO2F,False
33253,CaPrZn2,True
33254,Fe3C,False
33255,LiMnPO4,False
33256,Li2Cr3TeO8,False
33258,LiPm2Ru,False
33259,TmSbPb2O6,False
33260,NaTlPd2,False
33261,TiO,False
33262,Te2Mo3WSe2S4,False
33264,LiGaCu2,True
33266,LiNdGeO4,False
33267,PrTl3,True
33268,ScMnRh2,False
33270,LuCdPd2,False
33272,SnP2S6,False
33273,LiScAs2O7,False
33276,SbBr3,False
33277,Te4Mo3WS4,False
33278,U2Fe12P7,False
33282,Sm3Si2Cl5O6,False
33283,HfZnCu2,False
33285,HoSiIr,False
33286,AcBiAu2,False
33287,YbFe4Ge2,False
33288,TaBeRu2,False
33289,Sr2SnHg,True
33290,HfCo,False
33291,YNiP,False
33293,NbSe3,False
33295,ZrMnSi,False
33296,PrCo2As2,False
33298,Pm2SiNi,False
33299,Lu2Cr2C3,False
33300,Sc2ZnIr,False
33301,DySiIr,False
33305,Rb2Hf2O5,False
33308,Zn3Rh,True
33309,TiCoAs,False
33311,Na2LiN,False
33312,TmNi4B,False
33313,DyCoSn,False
33314,LiNd2Al,False
33315,ThZnRh2,False
33317,YbTmRh2,False
33318,Tb3Mn4Ge4,False
33319,SiC,False
33320,FeSb3,False
33322,KTl3,True
33323,LiGaPt2,False
33324,YbCuSi,False
33327,CdAsPt5,False
33328,MnSb2S4,False
33330,VFeSe,False
33331,TiMn2Al,False
33332,ScNbOs2,False
33334,TiAlRu2,False
33335,TaGaFe2,False
33336,Zn3Ni20B6,False
33338,Be2Cu,False
33341,KNb4O5F,False
33342,Lu2CdIn,True
33343,Nb3SnS6,False
33344,AlCuAu2,False
33345,HoP2Ru2,False
33347,Lu2CuPt,False
33349,RbMnSe2,False
33350,TiGa5Ni,False
33351,HfZnCo2,False
33353,SrLi2Sn,False
33354,UP2S6,False
33355,BaMgTe2O7,False
33356,YbHgPd2,False
33360,ScCdPd2,False
33361,BeGaIr2,False
33362,ZrAgB,False
33363,TlC,False
33364,Y2TlAg,False
33365,BaBiClO2,False
33366,TiMn2P12,False
33367,Ho2InAg,False
33368,GaFeRh2,False
33369,Si3N2,False
33370,TiP2,False
33372,Na4Bi2O5,False
33373,ZnPd3,False
33374,Be2RuAu,False
33375,TbBi2IO4,False
33376,Ho4CdCo,False
33377,LiY2Ir,False
33378,TmGa5Co,False
33379,YbMg2,False
33380,Sr3CoC3N3,False
33382,Yb2AgSn,True
33383,Ba2CuBrO2,False
33384,Ba2YCu3O6,False
33386,TiSiPd,False
33387,Ac2ZnGe,False
33389,NaSr2Tl,True
33390,Tm2IrOs,False
33391,Ge3N2,False
33395,YZnSn,False
33396,MoW2Se2S4,False
33397,Ti2MnOs,False
33399,PrAl3,False
33401,LaSbPt,False
33402,YGaRh2,False
33403,Er2CuOs,False
33404,Te4MoW3Se4,False
33405,Li2CaGe,False
33407,LiCaAlF6,True
33409,Ca2ZnRh,False
33410,BaCaI4,False
33411,AcAgTe2,False
33412,Tb2IrPd,False
33413,SnHgF6,True
33414,HfBe13,False
33415,Ac2ZnGa,True
33416,TiNbTc2,False
33418,Pd2N,False
33419,TeMoWSe2S,False
33420,Ba2SnHg,True
33421,YbTaRu2,False
33422,Ba2PrIrO6,False
33425,LiY2Rh,False
33426,MoW3Se2S6,False
33427,RbGeIO6,False
33428,YbCu,True
33429,Li2AgPd,False
33430,Te2Mo3WSe2S4,False
33431,YbNaAu2,True
33434,Mo2WSe4S2,False
33435,TbSiPt,False
33436,Er2ZnIn,False
33439,YMnO3,False
33440,TiFeSe,False
33441,YbBa2TaO6,False
33442,YbCeZn2,True
33443,VCuO3,False
33444,CaCu5,True
33445,NaLiPt,False
33446,LiHo2Ir,False
33447,YbNdAg2,True
33448,Yb2AgPt,True
33450,Sc2CuPt,False
33451,YbNi2P2,False
33452,Ac2MgSn,False
33454,Ti2RePd,False
33457,AcOF,True
33459,SmH3,False
33460,Cr23C6,False
33461,Tm2ZnRu,False
33463,CaAcHg2,True
33464,TaCo2,False
33465,Sm3Er,False
33467,Yb2CuRh,False
33468,CaDyRh2,False
33469,Ti2ReB2,False
33471,InAgW2O8,False
33473,TiRe2W,False
33475,NdAl,False
33477,TmZnRh2,False
33478,Yb2AgBi,True
33479,SiO2,False
33480,CaSiO3,False
33481,LaMgAg2,False
33482,SrInHg2,True
33483,AlIr,False
33486,YLuMg2,False
33487,SmSe2,False
33488,ErBi2ClO4,False
33489,ZnPPd5,False
33490,LiY2Ru,False
33494,CaCdHg2,True
33495,KSrCO3F,False
33496,Li2CrCl4,False
33500,RuClO2F6,False
33502,Ge2Pt3,False
33503,CaFe4Sb12,False
33505,MgTa2N3,False
33506,NbI2O,False
33507,YbSmHg2,True
33508,Ba2InBiS5,False
33509,Ac2SiPd,False
33510,Dy7Te2Ir2,False
33511,NaPrSe2O8,False
33512,LiHfPd2,False
33514,YbLiGe,False
33517,Tm2AgIr,False
33520,DyZnPO,False
33521,CrCdF6,False
33522,SmYZn2,False
33523,Co2CuS4,False
33524,TiReTc2,False
33525,Ba5As3,False
33528,AcInHg2,True
33529,LiHoIn2,False
33530,TiInCo2,False
33533,PbCl2,False
33534,Tm2IrPd,False
33535,ScGaCo2,False
33537,ScNbTc2,False
33540,CdHg2SO6,False
33541,Al2IrRu,False
33542,Zn2Si3Pb4SO15,False
33544,YZrRu2,False
33546,SrLi2Pb,False
33547,Ca2HgPb,True
33549,YbYRh2,False
33550,HfCu3,False
33551,Sc2ZnOs,False
33552,ZrNiGe,False
33553,TiPtPb,False
33554,Mg3P2,False
33557,CdPt3,False
33558,TiPt3,False
33559,Ta2NbOs,False
33562,YTe,False
33564,AsCl3O,False
33566,TbTl3,True
33567,Tm2CdIn,True
33568,TaMn2Al,False
33569,SmZnAu2,False
33570,K3PO4,False
33571,LiHoTl2,False
33572,HfSnRu2,False
33573,V3S4,False
33575,Bi2Os2O7,False
33577,Yb2C3,False
33578,Ti2MnIr,False
33579,PmAgAu2,False
33580,Hf6Al16Rh7,False
33581,ZrPbS3,False
33582,UB4,False
33584,Rb2CuF4,True
33585,TiSb,False
33587,KZn4Sb3O12,False
33588,TiSiTc2,False
33591,Y2AgIr,False
33594,Ba2InBrO3,False
33595,Hf2FeOs,False
33596,PPbSe3,False
33597,Na3CrF6,True
33598,Be2RhAu,False
33599,TiSiPt,False
33601,DyMgAg2,True
33603,YbB4Os,False
33604,Rb2NpO4,False
33606,SrTePd,False
33607,U3Sb4,False
33609,YbZnAu2,True
33611,ErNi2,False
33612,ScNiP,False
33613,SmBi2BrO4,False
33614,Zn3Pt,True
33615,Er2PdAu,False
33616,CaLaAg2,False
33617,AgF2,False
33618,InSbS3,False
33620,ZnGa3,True
33622,Ta2NbIr,False
33623,LiZn2Pt,True
33624,SmTlCd,True
33626,Mg2ZnB2Ir5,False
33628,YbEr2S4,False
33629,SmSi2Ag2,False
33632,AcAgHg2,True
33633,MnCr2Se4,False
33634,YbSmZn2,True
33635,ErTaRu2,False
33637,HfSiRh,False
33638,LiZn2Ni,True
33640,Pr2Ti2S2O5,False
33641,LiAlSiO4,False
33642,SmYMg2,False
33643,Tm2MgAl,False
33644,PrCdAu2,False
33645,Tm2CoOs,False
33647,PbCl2O4,False
33649,LiNd2Ga,False
33650,CeSi2Ir3,False
33651,Ac2IrPd,False
33654,Ac2CuSi,False
33655,YSn6Ru4,False
33656,HfSnRh2,False
33657,Er2MgTl,False
33659,LaNiSb,False
33662,ThSnPd2,False
33663,RbAcTe2,False
33664,MnF2,False
33665,ScGeRh2,False
33666,PrBPt4,False
33667,LiZn2Ir,False
33668,FeF2,False
33669,ErNbOs2,False
33670,Te2MoW3Se4S2,False
33671,Tb2C3,False
33674,SmMgAg2,False
33675,Tb5Si3,False
33677,AlSn,False
33678,CuBiW2O8,False
33680,KLiBeF4,True
33681,PrCdHg2,True
33683,KBa4Sb3O,False
33685,LiZnPd2,False
33686,LiZrPt2,False
33687,PrTa3O9,False
33688,ErAl3Ni2,False
33689,SiTc2W,False
33691,LaPd3S4,False
33692,Li5Si2BiO8,False
33693,Y2MgRu,False
33694,Mg3Al9FeSi5,False
33697,PrSnAu2,False
33698,ScCoC2,False
33700,SiBO3,False
33701,MgScGa,False
33703,ScGa2Ru,False
33704,Sm2Fe2Si2C,False
33705,DyBi2BrO4,False
33708,CsNiF3,True
33709,Mn2PtRh,False
33710,BeBr2,False
33712,ScZn2,False
33714,TiMn2V,False
33715,Sr2MnGaO5,False
33716,SnPCl9,False
33717,DySnRu2,False
33718,Tm2CoRu,False
33719,YbSnRh2,False
33720,Li2YTl,False
33721,DySeClO3,False
33722,ErNbRu2,False
33725,ScCuO3,False
33727,BeSiIr2,False
33729,SiBiO3,False
33730,CeMgAg2,False
33732,PrMgCd2,True
33733,RbBiF4,True
33734,TaTiOs2,False
33735,SmTlZn,True
33736,Te4MoW3Se2S2,False
33737,K2SnAu2S4,False
33740,Er2ZnCu,False
33741,Ta2CS2,False
33742,NbInPt,False
33744,MnNbAs,False
33745,HfInNi2,False
33746,Tm4InNi2Ge4,False
33747,TiSnPd2,False
33748,Te2MoW3Se4S2,False
33749,Tm2MgIn,False
33752,LiZrRh2,False
33753,Pr3Si2S8I,False
33754,Lu2RuPt,False
33755,CoS2,False
33758,CdAgPd2,False
33759,CoNi2Se4,False
33760,HfTaTc2,False
33761,YbSmRh2,False
33764,Te2MoWSeS,False
33765,HoLuTl2,False
33767,Pu2InRh2,False
33769,Pm2HgGe,False
33772,SrCdHg2,True
33774,Y2Cr2C3,False
33775,UO2,False
33776,Rb2CrBr2Cl2,False
33777,Al2FeIr,False
33779,Ti2MnCo,False
33780,HoSnRh2,False
33781,TeMoWSeS2,False
33783,Pr3SiAgS7,False
33784,Be2CuPt,False
33787,Tm2MgIr,False
33788,Te4Mo3WSe2S2,False
33789,TaSe2,False
33791,La2ZnIr,False
33792,Te4MoW2S2,False
33793,LiCuS,False
33794,PmAg2Sn,False
33796,CaNiTe,False
33798,VRh3,False
33799,Yb2Ni12As7,False
33801,Nd2C3,False
33802,TiCoO3,False
33803,K2Rh2O5,False
33807,ZrPtPb,False
33808,YbScRh2,False
33810,Pr3MnAlS7,False
33811,Ba2CaTeO6,False
33812,CaTmPt2,False
33813,YbPmPd2,False
33814,HfZn3,False
33815,Ba5Nd8Mn4O21,False
33816,LiZr2Os,False
33817,K3Sc,False
33819,FeCuS2,False
33820,TiSiOs2,False
33821,Ho2PdRh,False
33822,Hg3As,True
33823,LiZn3,False
33825,Lu2MgGe2,False
33828,CrPd3,False
33829,LuUO3,False
33830,ThAu3,False
33832,NaLi3,False
33833,Ba5Sm8Mn4O21,False
33834,Ti2TcPd,False
33835,Tm2Cr2C3,False
33837,YMgAg2,False
33838,Te6MoW3S2,False
33839,AlVPt,False
33840,Rb2NaMoF6,False
33841,Li2ZnAu,False
33842,PmAg3,False
33843,SmAl7Au3,False
33844,HgS,False
33845,Sm2ZnRu,False
33846,ZnHg3,True
33847,SiGeN2O,False
33848,LiZr2Re,False
33849,SmZnGa,False
33850,Te2MoW3Se4S2,False
33852,VSiPt,False
33853,HoNbOs2,False
33854,Mn2Al4Si5O18,False
33857,AlZnRh2,False
33858,TmAl7Au3,False
33859,CaNdRh2,False
33860,Li2MgGe,False
33861,K2MnF6,False
33862,FeSiGe,False
33863,Sm2Ge5Ru3,False
33864,MgInAg2,True
33866,YCrF5,False
33868,Tm2CuOs,False
33869,MgGaAg2,True
33870,Nd2MgCu2,False
33871,CuBiPbS3,False
33872,Yb2HgPb,True
33874,SiBi3,False
33875,CrSiRu2,False
33876,ScCdHg2,True
33879,Li4TiS4,False
33881,Li2AgHg,True
33882,YWF5,False
33884,K3SmAs2S8,False
33885,BMo,False
33886,LuRhO3,False
33887,SmLu3,False
33889,Sc2TeO6,False
33891,PrMgRh,False
33892,ScAlRh2,False
33893,BeSiNi2,False
33894,SiBO3,False
33895,Hf5Ga3,False
33896,Ta2O5,False
33897,Ac2IrAu,False
33898,YbSnAu2,True
33899,YbInCu4,True
33900,TiSiRu2,False
33901,SmCu4Ag,True
33902,YInRh2,False
33904,Lu2AlZn,False
33906,WC,False
33908,LiSn4Rh,False
33909,BaAgBi,False
33911,LiScPd2,False
33913,PrBi2ClO4,False
33916,CaDyHg2,True
33918,ZrSiPt,False
33919,Ca7H12Cl2,False
33920,LiDy3,False
33923,K2ScSi4O10F,False
33924,Tm2CuIr,False
33925,HoLuZn2,True
33926,VCo2Se4,False
33929,YSi3Ni,False
33933,Na3Re,False
33934,TiAl,False
33935,PmBiAu2,False
33939,Er2S3,False
33942,Rb2GeF6,False
33944,Hf2TcRu,False
33945,MgInPd2,False
33947,Pr2O3,False
33948,SbSCl9,False
33949,Y2Be2FeSi2O10,False
33950,Ho2IrRu,False
33951,RbTl3,True
33952,YMgHg2,True
33953,ScCdAg2,True
33955,Ti2TcOs,False
33957,Te4MoW3Se4,False
33958,Ba3InRu2O9,False
33959,RbCuF3,True
33964,Be2CuRh,False
33966,SmGePt,False
33967,LiSc2Ru,False
33968,KTm,False
33969,Yb2HgGe,True
33970,Ca2SnHg,True
33971,YbRh2,False
33972,LiCdPd2,False
33973,ZnPb3,False
33974,MoWSe3S,False
33975,TaTlPt,False
33976,YbSbPd2,False
33977,ErCu,False
33978,ScIr3C,False
33980,LuCdRh2,False
33981,HfSiPt,False
33983,K2CdAu4S4,False
33984,Tm2MgRu,False
33985,MgInIr2,False
33986,Pm2S3,False
33987,Zr3Ag,False
33988,NdBi2BrO4,False
33989,MgBe2As2,False
33990,LaHoMg2,False
33991,Ti2RePt,False
33992,Hf2OsRh,False
33993,CaAlPd,False
33994,YMgRh2,False
33996,PtO2,False
33998,Sm2PdRu,False
33999,Na2TiS2O,False
34003,PmBiPd2,False
34005,LiPrTl2,False
34007,Li2SmIn,False
34008,MgGaIr2,False
34009,LuCo2Sn,False
34010,SrAcHg2,True
34011,LuBi2ClO4,False
34013,ZrRe2,False
34014,ZrSb,False
34015,Al2FeNi,False
34016,ZrSnPt,False
34019,Li4Ti3Fe3Sb2O16,False
34021,SmMgHg2,True
34022,LiHo2Pt,False
34023,HoNbRu2,False
34024,Tm2CoIr,False
34025,TiGePt,False
34026,SiO2,False
34027,Rb2MgF4,True
34032,Al12Tc,False
34033,BaCoO3,False
34035,ZnRh3,False
34036,Sc2GaPt,False
34038,CdAg2I4,True
34039,HoScRu2,False
34041,H2CO3,False
34042,ScCu3,False
34043,SnTe3O8,False
34044,CdPPt5,False
34045,LiInPd2,False
34046,SrAlGa,False
34047,Li2MgHg,False
34049,U2Co2Sn,False
34051,PbO2,False
34054,Th3O2,False
34058,YBi2BrO4,False
34059,LiAg2Pd,False
34060,DyTaRu2,False
34062,Li3CuS2,False
34064,NaCo3,False
34065,CeReB4,False
34066,HoNiO3,False
34067,Yb2AsAu,True
34068,Ca2BiAu,True
34069,V2FeTe4,False
34071,HfTc2W,False
34072,P2S7,False
34073,Rb3Ca,False
34074,Sr2IN,False
34075,AsAu3,False
34077,TmAl,False
34078,ScCu3,False
34079,DyB2Rh2C,False
34080,Te4Mo3WSe2S2,False
34081,Li2TlBi,False
34083,CaPmCd2,True
34088,NdMn12,False
34089,Lu2BeOs,False
34090,AcN,False
34091,Er2PdRu,False
34092,Na2SrV4O12,False
34093,Lu3Ga5Ni,False
34097,YAl10Fe2,False
34100,TiFeTe,False
34101,Ce3AlC,False
34102,CdH2O2,False
34103,U6Co12Ge4C,False
34104,TiInPd2,False
34106,CeSi2Ir3,False
34107,Li2AcSn,False
34108,HfGaIr2,False
34109,Ta3Ga2,False
34110,Ba2CdPb,True
34112,LiVIr2,False
34114,MgFeRh2,False
34117,Yb2BiAu,True
34118,Sm2ZnIr,False
34119,Tb2B4C,False
34120,CaPmAu2,False
34121,Yb2Sn2O7,False
34122,SmSi2Pt2,False
34123,Sc2AlIr,False
34124,NdErZn2,True
34125,SmAg3,False
34126,Dy2Cr2C3,False
34128,InSb,False
34131,DyO3,False
34132,LuScPd2,False
34133,Ga3NO3,False
34134,CaAs,False
34135,IrCl3,False
34136,PmDy3,False
34138,KSnSO4F,False
34139,CeAs12Ru4,False
34140,GaN,False
34142,ReRh3,False
34143,KYGeS4,False
34144,Tm2NiIr,False
34145,TeMo2Se2S,False
34146,Ce2MgAl,False
34147,AlCo3C,False
34148,HoTaRu2,False
34149,Rb3Os,False
34152,KTl2Bi,True
34154,Ca3Cr2Si3O12,False
34155,ScPdO3,False
34158,VInPt,False
34161,Mo3WSe2S6,False
34162,CaPmHg2,True
34165,LuPaTc2,False
34167,InSb,False
34168,KTiPS5,False
34169,K3Tl,False
34171,Sc2RuAu,False
34173,Sr2CoSe3O9,False
34174,NpAl8Fe4,False
34176,Er3Al2,False
34177,Li2AcPb,False
34179,CaSmZn2,True
34180,NaFe4Sb12,False
34182,HfZnAu2,False
34184,Ac2Mg,False
34186,ScNiP,False
34187,BaZnBi2,False
34188,Er2Si3Rh,False
34189,YMgAu2,False
34191,CeSi2,False
34192,Ga2PbO4,False
34193,YbTlPd2,False
34194,LiSi3,False
34195,AcSe3,False
34196,TaZnCo2,False
34197,PuGe2,False
34198,Rb3Ag,True
34199,Er3AlC,False
34200,ZrN2,False
34201,Nd3Sm,False
34206,NdDyTl2,False
34207,HoCr6Ge6,False
34208,Na2LiBe2F7,True
34209,Lu2CoRh,False
34211,Ta5Si3,False
34212,LiCaO3,False
34215,TiAlOs2,False
34217,RbAl,False
34218,YbCd3,True
34219,TiAsRh,False
34224,TiSnRu2,False
34225,U2CrN3,False
34227,HoMg3,False
34228,TiVRe2,False
34230,LiHo3,False
34231,HfGePt,False
34233,SiSnPt5,False
34234,VRu3,False
34235,Al2IrOs,False
34237,CaPmPd2,False
34238,Te8Rh3,False
34239,Tm2RuPt,False
34240,Rb3Pr,True
34241,LaSb,False
34243,ScCdCu2,True
34244,TiTc2W,False
34245,Sc2CdAg,False
34247,ScGaRh2,False
34250,CaLaCd2,True
34251,Te2Mo2WS4,False
34252,HoHfRu2,False
34253,ScSi3Ni,False
34254,BaLiF3,True
34256,VTe2,False
34257,Mo3Se2S4,False
34258,Tb2Cr2C3,False
34259,Tm2NiRu,False
34260,SmMgCd2,True
34261,La2AgSn,False
34262,Li3Hg,False
34263,K4P2PdS8,False
34265,LuRh2Pb,False
34266,Be2Mo,False
34269,Rb3Nd,True
34270,Tl3H,False
34273,Pr3AlC,False
34274,Re3Tc,False
34275,Y2RuRh,False
34276,Sm3SiAgS7,False
34278,UTeS,False
34280,Pu2W2C3,False
34281,AlHO2,False
34283,Nd3Th,False
34285,Sc2AlCu,False
34286,Co2NiSe4,False
34287,ReO2,False
34289,Pm3Pb,False
34290,LiHo2Os,False
34292,Ba4LiTa3O12,False
34293,RbErO3,False
34295,Lu2TlHg,False
34297,DySiRu,False
34298,Tm2NiOs,False
34299,PrTmMg2,False
34300,TaGaPt,False
34301,RbCuO3,False
34302,Rb3Er,True
34303,AlPt3C,False
34304,TiS2,False
34305,NdB4Ir4,False
34306,Rb3Re,False
34307,NbRh,False
34308,NdInRh2,False
34309,LiCa2Mg,True
34310,Lu2ZnTc,False
34311,PrGe3,False
34313,Tm2TlAg,False
34314,Be2CoPt,False
34315,NaSi2BH2O7,False
34316,Ga3Te,False
34317,ScAlPt2,False
34318,NbS2,False
34319,RbCa3,False
34322,MgIn5,False
34323,Rb3Ba,True
34324,Be3Cd4Si3SeO12,False
34325,NiPbO3,False
34326,ScAsO3,False
34327,Pu3Sc,False
34328,LiHo3,False
34329,Be2CoIr,False
34330,Lu2AgAu,False
34331,ThSnAu2,False
34332,Li2CdGe,True
34334,AlVRu2,False
34335,KNaPrNbO5,False
34336,Al2Re3B,False
34337,BeVCo2,False
34338,Re3W,False
34343,InAu3,False
34344,Sm2TlCd,False
34345,MgGeO3,False
34346,LaNdZn2,False
34348,LiMg2,False
34349,LiCdP,False
34351,Nd2CdIn,False
34352,Tb3AlC,False
34354,PrTmTl2,False
34355,Sc2CuOs,False
34358,ScCoTe,False
34359,RbDyO3,False
34360,IClOF,False
34362,ZrAsRh,False
34364,V3Os,False
34365,V2AsC,False
34366,Al12Mo,False
34368,K3Sm,True
34369,ScGa5Ni,False
34370,BeVOs2,False
34371,YCo,False
34373,NaAc2Pb,False
34375,Sm2AgRu,False
34376,Li2FeP2S6,False
34378,Ba3PrRu2O9,False
34379,Yb2CdIn,True
34380,ScCdAu2,False
34381,NdFe4P12,False
34383,Lu2AgHg,False
34384,KLiZnO2,False
34385,Ac2ZnSi,False
34386,ScAgO2,False
34387,CaAs3,False
34388,Na6PbO5,False
34389,Y3SnC,False
34390,NdY3,False
34391,LiCe2Ru,False
34393,MgAlAg2,False
34394,NdBeO3,False
34395,TbMgAu2,False
34396,CeO,True
34397,LiIn3,False
34398,Tb2Si5Ru3,False
34402,KBeO3,False
34403,Tl3H,False
34404,Li3Nb,False
34405,PrTm3,False
34406,La2TlHg,False
34407,Ni3H,False
34408,SmF3,False
34409,DyCdPd2,False
34410,BaAl9Fe2,False
34411,Sb3Mo,False
34413,TaAlPt,False
34414,Rb3Ac,True
34415,Rb3Na,False
34416,Tl3PS4,False
34417,Zn3C,False
34418,PrNdO2,False
34420,HfBiRh,False
34422,NaAc2Sn,False
34423,NdDy3,False
34424,ScNb,False
34426,K2SbAu,False
34428,Nb3Si,False
34429,CeNi2P2,False
34430,Ti2CoS4,False
34431,Fe15Co,False
34432,Re3Sb,False
34433,IrC2,False
34434,RbCa3,False
34437,TiAs,False
34439,DySnRh2,False
34440,Ga7Ni3,True
34441,YbAgPd2,False
34444,HoSi2Rh3,False
34445,YbPmZn2,True
34447,MgScRh2,False
34449,LuTc2W,False
34450,TeMoWSe2S,False
34451,Ca3Co2O6,False
34452,NaCrH8N2F6,False
34453,CoGe,False
34455,Lu3SnC,False
34456,Tm2OsPd,False
34457,SrOsO3,False
34459,LuTaRu2,False
34460,ZrAs,False
34464,NbAlPt,False
34465,Ni3I,False
34467,Hf2OsPd,False
34470,NaO2,False
34472,ScAu3,False
34473,Sr2I2O,True
34474,Li2CdPb,True
34475,CrSe2,False
34477,PrSm3,False
34478,TiBiRh,False
34479,YbVO4,False
34480,ZnP,False
34482,LiLa2Ir,False
34484,KLu,False
34486,LuTe2,False
34489,Be2BO3F,False
34490,DyPaTc2,False
34491,Y5Si3,False
34492,Np3Sn,False
34494,BaBiIO2,False
34495,ThAu2,False
34496,Re3Mo,False
34497,TiGaRu2,False
34498,Li2NdAl,False
34500,LiCd2Pd,True
34501,RbBeO3,False
34502,DyBPd3,False
34503,BaSi2,False
34504,Ho2NiIr,False
34505,NaTm3,False
34506,LiTaIr2,False
34508,Sr2B4Rh5,False
34509,DyNbRu2,False
34511,LiGaNi2,False
34513,Fe2PO5,False
34514,MgAlIr2,False
34515,Na2Al2B2O7,False
34517,Al12Re,False
34518,WSeS,False
34520,Li2NdTl,False
34521,NdTmTl2,False
34522,Lu2RuAu,False
34524,SmMn4Al8,False
34525,B2O3,False
34526,LiH3O2,False
34527,SrAl9Co2,False
34529,Ge3Sb,False
34530,LiCaRh,False
34531,MgTaOs2,False
34532,PrAs,False
34534,LaMgTl2,True
34535,SmSeClO3,False
34541,Ac3Hg,False
34542,BeO,True
34543,LiGaPd2,False
34544,K5AuI2O2,True
34546,NiRhF6,False
34547,LiFe2F6,False
34548,IrRu,False
34550,RbCa3,True
34554,SmFe12,False
34555,FeHO2,False
34556,UCdPb2O6,False
34557,Sc2GaAu,False
34558,LuAl3C3,False
34559,HoZrOs2,False
34561,Re2W3C,False
34562,LiCdAg2,True
34563,Tm2MgTc,False
34565,USbRh,False
34566,ErBi2IO4,False
34568,TaSe2,False
34570,SmLuMg2,False
34571,ZrAg,False
34572,RbWO3,False
34573,SmCl2,False
34574,LiZrAu2,False
34575,Lu2Mo2C3,False
34576,DySb,False
34577,NaNi3,False
34578,U2Ga2O5,False
34579,Pm3Tl,False
34580,Sm3CuSiS7,False
34581,ErAgSn,False
34582,Nd2O5,False
34583,NpOsO3,False
34584,ZnPd2Au,False
34585,RbZn4P3,False
34586,YbLi2Pb,False
34587,FeHO2,False
34588,PrSb3,False
34591,MgCd,False
34592,TlPPt5,False
34593,MgPt3,False
34594,ZrBiRh,False
34595,Ni3Sb,False
34596,Bi2Rh2O7,False
34597,HoMnO3,False
34599,MnSnIr,False
34601,Rb3Mo,False
34603,HfGa5Co,False
34604,PrGaAu2,False
34605,DyAu,False
34606,FeHO2,False
34607,LuScZn2,False
34608,MgInRh2,False
34609,Rb3Na,False
34610,LiZrIr2,False
34611,Li2NdIn,False
34612,LiMgPO4,False
34613,Mo3H,False
34617,MoW3Se2S6,False
34619,CrTe,False
34620,NaSbF4,True
34621,SmHo3,False
34622,K2H4Pt,False
34623,Ce2ZnPb,False
34624,LiTm2Al,False
34625,TbSi2Pt2,False
34626,LiAlNi2,False
34628,CaSnS3,False
34629,CrGeRh,False
34630,CaInHg2,True
34631,LiNbIr2,False
34634,YZr,False
34635,FeHO2,False
34636,NaNi3,False
34638,MgTaRh2,False
34639,YAlO3,False
34641,KTi2F7,False
34642,TaNbTc2,False
34643,CrCoGe,False
34645,NaTmTl2,True
34647,TlSiPt5,False
34648,ScZnPd2,False
34649,Mg2SnO4,False
34652,AlAu,False
34654,NbGeRh,False
34655,SmHgAu2,False
34656,NbCd3,True
34657,FeHO2,False
34658,SmTlAg2,False
34659,LiLa2Os,False
34660,ScGa2Ni,False
34661,V3Mo,False
34662,NdY3,False
34663,TiNi2Sb,False
34664,Dy2C3,False
34665,Ga2BiSe4,False
34666,Ti6Si2B,False
34668,YbSi2Rh2,False
34669,LiTm2Co,False
34671,LiTiPt2,False
34672,K3Zr,False
34675,HfSiNi,False
34676,RbF3,False
34677,LiSiNi2,False
34678,SrRuO3,False
34681,PmBi3,False
34682,ErMn2,False
34683,Hf5Sc,False
34685,Pr2Re2Si2C,False
34686,LiCdAu2,False
34687,KCeSe4,False
34690,MnNiP,False
34691,Cd2PdRh,False
34692,TmCd2,False
34693,Te2MoWSe2,False
34695,Pr3Y,False
34696,PrGeRu,False
34698,Sr3Sn4Ir4,False
34699,RbAsO3,False
34700,NdF3,True
34701,SmGaAu2,False
34704,Lu2Ta2O5,False
34705,YbAl2Si2,False
34706,MgScHg2,True
34707,Sc2AlAg,False
34709,DyPbAu,False
34710,TaGeRh,False
34712,Sc2FeB2Ir5,False
34715,Mn3S,False
34716,NiN,False
34717,YbBe13,False
34718,Lu2TlAg,False
34720,MgSbPd,False
34721,MoIr,False
34722,TcPt3,False
34723,AcTiO3,False
34724,Ba2YCu3O7,False
34725,V3Cd,False
34726,MgPaRh2,False
34730,CeCuO3,False
34731,NiTe,False
34732,ZrSnPd,False
34733,SiB4,False
34734,RbO2,False
34735,Nb2VSe4,False
34737,BaAlSiH,False
34738,Mo3WSe6S2,False
34740,NaAsO3,False
34742,Si3H,False
34743,SmErZn2,True
34744,OsN2,False
34746,Ce4Sb3,False
34748,Hf6Zn6N,False
34749,NaHf2VF11,False
34750,ScVRu2,False
34751,YbSiPt2,False
34752,Rb3Mo,False
34754,KH8N3,False
34755,RbAcO3,False
34756,NpGa5Ni,False
34757,Ho6Bi2Rh,False
34758,NiI,False
34759,NdMgAg2,False
34760,Rb3Li,False
34761,Zr2CoOs,False
34762,Lu2TlCd,True
34763,Hf2IrRu,False
34764,K3Mn2F7,False
34765,BaGe2Rh2,False
34767,MgScPd2,False
34768,MgSbPt,False
34769,Tb2IrRh,False
34770,TmBeO3,False
34771,Sc2AlCd,False
34772,Zr2Co12P7,False
34773,Ta3Ru,False
34774,ScCo3C,False
34775,Li2CaPb,False
34776,KRb2MoF6,True
34777,LiEr2Tc,False
34778,Sc3Al,False
34779,Yb2ZnGa,True
34781,LuHO2,False
34782,Er2Al3Si2,False
34783,TiPt3,False
34784,Ni3S,False
34786,Na3Al,True
34787,LiCd3,True
34788,RbSnIO6,False
34790,Rb3Mg,False
34791,Ti2TcPt,False
34792,CeFe4As12,False
34793,ZrCd3,True
34796,TmBiPd2,False
34797,LuFe2Si2,False
34798,PrGa,False
34799,LuHO2,False
34802,NbInNi,False
34804,MgCu,False
34806,VGaPt,False
34807,K2NaCrF6,True
34808,TaTiMn2,False
34809,SmErIn2,False
34810,TlS,False
34811,LiHf,False
34812,LiZr2Tc,False
34813,Mg3ZnC,False
34814,CeAl,False
34819,ErAu,False
34820,CeFe5,False
34821,PrEr3,False
34822,PuSi2,False
34824,CeCdAu2,False
34826,MgTaIr2,False
34827,PrBiPd2,False
34828,HfSi,False
34829,RbSbBrF3,True
34830,SmZn2Ag,True
34831,LuRh3C,False
34832,Tb2Co2I,False
34833,TlI,False
34834,TbYbPt2,False
34835,SrCuAs,False
34836,TeW2SeS2,False
34837,LiNd2Os,False
34838,Li3UO4,False
34839,K3V,False
34840,MgNi3C,False
34841,ZrCoAs,False
34842,In2AgSe4,False
34844,ScSiNi,False
34846,LiYAu2,False
34847,Er3GaC,False
34848,ScZn2Au,True
34849,TlBiS2,False
34850,PrNdZn2,True
34852,YAl2Si2,False
34853,Ce3AlN,False
34856,Mn3Hg,False
34857,TeMoWSe2S,False
34860,YbPmAu2,False
34861,Si2TcOs,False
34862,Mo3WSe4S4,False
34864,SmErTl2,False
34865,TeIr,False
34866,PrDy3,False
34867,ScZnNi2,False
34868,RbCrF6,False
34869,SmErRu2,False
34870,LuSbRh2,False
34871,Ti3Zn,False
34872,FeTeBr7,False
34873,TmS2,False
34874,GaN,False
34875,Lu2CuRh,False
34877,NaNd3,False
34878,NdCuTeO,False
34879,YGeAu,False
34880,Mo3WS8,False
34881,Si3Se,False
34883,K3W,False
34885,MgSc2Cd,False
34886,ZrGeRu2,False
34887,Li3Au,False
34888,Ho2MgIn,False
34889,Sm2IrPd,False
34890,Hg3As,False
34891,K3Fe2O4,False
34892,LuSbRu2,False
34893,SbTeO3,False
34894,PrNdMg2,False
34895,CePt3,False
34896,Cd2PtRh,False
34897,Sm2MgGe2,False
34898,TbAl2Si2,False
34899,Nd2Cd2O5,False
34900,HfNiPb,False
34901,ZrCo6Ge6,False
34903,Sm2RuAu,False
34904,ZrSnPd2,False
34905,SmAs3,False
34906,LuP,False
34907,Re3Sn,False
34908,CuF,False
34909,Y2Si4Mo3,False
34911,TiZnCu2,False
34912,MgV2O4,False
34913,VPt2,False
34914,NaReO3,False
34915,NdMgTl2,True
34916,Tm2CoCu,False
34917,SmBeO3,False
34918,BaNdCuBO5,False
34919,MnAsPd2,False
34920,LuO3,False
34922,Rb3In,False
34923,Li2CePb,False
34924,HfGaPt,False
34925,PrDyTl2,False
34926,SmErHg2,True
34927,RbAc3,False
34928,SrCu4As2,False
34929,LuPO4,False
34930,Li3Al,False
34931,Na2S,False
34932,PrS2,False
34933,YBi2IO4,False
34934,YTlPd,False
34936,La3Pb,False
34938,LuPPt,False
34939,CaMgHg2,True
34940,NaH6CN2ClO2,False
34942,Yb3Tc,False
34943,K3Pr,True
34945,SmLuTl2,False
34948,UTeAs,False
34949,LiSiIr2,False
34950,LiAu3,False
34952,PaAgAu2,False
34953,ErCoSn2,False
34954,GaPt3,False
34955,SnSb,False
34956,In3Ga,False
34957,BaNaSb,False
34959,Hg3C,False
34960,Dy3Y,False
34961,Ho2CuRh,False
34962,SmGaO3,False
34963,K2Sn,False
34964,Ho2OsPt,False
34965,AlFeCo2,False
34966,LuAu,False
34967,LiLu2Ru,False
34968,SmDyIr2,False
34969,CrF2,False
34973,YbMgSn,True
34974,Sm3Cr,False
34976,La2ZnAg,False
34978,Sm3Th,False
34979,ScAlCO,False
34980,LiPr2Os,False
34981,Tm2CuAu,False
34982,Mg3Au,False
34983,NaMnF4,False
34984,Ho2RuAu,False
34986,TeMo2Se2S,False
34988,Tm2Al3Si2,False
34989,Hg3F,False
34990,Yb3W,False
34991,LuSbPt,False
34992,Lu2ZnPd,False
34994,Rb3Ir,False
34995,NdAl8Cu4,False
34996,Mo3WSe6S2,False
34997,Nd2CdHg,False
34998,Rb3Li,True
34999,K2CuO2,False
35000,SrCaSi,False
35001,Nd3I,False
35003,Sm2AgHg,False
35004,LiHo2Ga,False
35005,Li3Cu,False
35006,AlCrNi2,False
35007,TeMo2Se3,False
35008,RbTl3,False
35009,LaPt3,False
35010,MgSiAs2,False
35011,SmLuRu2,False
35014,In3Ge,False
35015,HoErAg2,False
35016,TaInNi,False
35018,Sc6Te2Os,False
35020,MgRh2Pb,False
35021,Ho3GaC,False
35023,PrEr3,False
35025,Yb3Zr,False
35026,TbAlAg2,False
35027,YbF2,True
35028,PrRh3C,False
35029,NaMg3,False
35033,RbBa3,True
35034,PbN,False
35036,LiMg2,False
35038,YErZn2,False
35041,MnAu2,False
35044,Mg2AlB2Ir5,False
35045,Pr3I,False
35046,LiCeO3,False
35047,Sm3Ho,False
35049,SrMgSi,False
35052,TeMo2Se2S,False
35053,K3Y,False
35054,Li2MgSn,False
35055,PuIrO3,False
35056,RbSmO3,False
35057,TbO3,False
35059,Sc3Sb,False
35060,NaRe3,False
35061,KRb2VF6,True
35062,InSb3,False
35064,Tm2CuPd,False
35065,K2RbSb,True
35067,TaSe2,False
35069,RbRuO3,False
35070,K3WF6,False
35071,LuSb3,False
35073,Li3Pd,False
35074,Ba2NdMoO6,False
35075,CrP4,False
35076,Hf3Ge2,False
35077,ScNbRu2,False
35078,NaYSi,False
35079,ZrInAu,False
35080,Yb3V,False
35081,Mg2Rh,False
35085,YbSiAu,False
35086,H3Pb,False
35087,VFeSb,False
35088,MoWSe3S,False
35089,YbFeB4,False
35090,Rb3Hg,True
35092,TiOs3,False
35094,ScGa2,False
35095,LuS2,False
35096,ZrPbF6,False
35097,Ba2I2O,True
35098,Rb3Li,False
35099,Si2O5,False
35100,TbGeO3,False
35101,LiSc2Tc,False
35102,YGaAu2,False
35103,LiGa3,False
35105,MoWSe3S,False
35106,LuH3O3,False
35107,InSb3,False
35109,ScAu,False
35110,MgGeAs2,False
35112,SmTh3,False
35113,HoLuCd2,True
35114,SmHoIr2,False
35115,MoN,False
35116,HfRh3,False
35117,Lu2TcAu,False
35118,InCu2,True
35119,Li2ZnSn,True
35121,RbCu2Br3,True
35122,Sm2ZnIn,False
35123,As2O5,False
35124,SrSb2,False
35125,K3Sr,False
35126,PrSmZn2,True
35127,KSr3,False
35128,BaSrSn,True
35129,RbSr3,False
35130,Ta5Si3,False
35131,Sc2OsAu,False
35132,HfSb3,False
35134,YGa3,False
35135,Sm2ZnAg,False
35137,RuI,False
35139,Yb3V,False
35142,Pr2CdPb,False
35143,BaNaHg2,True
35145,Mn2FeC6N6,False
35146,ScGa2,False
35147,Co2Si,False
35148,K3Co,False
35150,Re3N,False
35152,NpP,False
35154,K3Co2F7,False
35157,LiThAu2,False
35158,HoErRh2,False
35159,TiNiGe,False
35161,Pu3Au,False
35162,ScCd,False
35166,NaAl3,False
35167,KSr3,False
35169,ThSb,False
35170,Dy3Fe2Si3,False
35171,TaAs2,False
35172,TlPt,False
35173,ScSiRh2,False
35174,Ti3Ni4,False
35175,Yb3V,False
35176,NdLuIn2,False
35177,La3Al,False
35178,RbSr3,True
35181,MoN,False
35182,TbBS3,False
35183,Zn3Cd,True
35184,NpS,False
35185,Ho2CuTc,False
35188,Ca4Bi2O,False
35189,LuO3,False
35190,PrNd3,False
35191,MgSnO3,False
35192,YbPrMg2,True
35193,Ti3Au,False
35194,HoErAl2,False
35196,MnCoSi,False
35202,Rb3Ho,True
35203,PrErMg2,False
35204,HoTh3,False
35205,RbBaTaS4,False
35206,Mn3Tl,False
35207,TaInRu2,False
35209,SmSe,False
35211,HoMnB4,False
35212,HoSbPd2,False
35213,YbTa,False
35214,LiAl3,False
35215,TmMg2Sc,False
35216,LuTi2Ga4,False
35217,AcCdAg2,True
35218,YAu,False
35219,ZrPt,False
35220,Nb2Co3Si,False
35221,LiInAu2,False
35222,P2W,False
35224,Nd3GaC,False
35225,NdMgO3,False
35226,LuNi2Sn,False
35227,SmHoRu2,False
35230,HfMgRh2,False
35231,Tm3Ge4Pd4,False
35232,SnBO3,False
35233,SmEr3,False
35235,NdLuTl2,False
35236,ZrO,False
35237,ErTe,False
35238,Zr2InNi2,False
35239,KBaSn,True
35240,BaSiO3,False
35241,YbDyPd2,False
35242,TbCdPd2,False
35243,Ho3CuGeS7,False
35245,PrMgAg2,False
35246,ScRh3C,False
35250,HoLuAg2,False
35251,LiSmAu2,False
35252,Si3Os,False
35253,PmSmHg2,True
35254,TbSe,False
35255,Sr2HgPb,True
35256,Te3MoWSe,False
35259,HoGeO3,False
35260,ThFe2SiC,False
35261,HoLuRh2,False
35262,W2Se3S,False
35263,Re2C,False
35265,SmSi2Au2,False
35266,Sm2CuIr,False
35267,HoTmCu2,False
35268,Na3Re,False
35269,Tl3Ru,False
35271,TmO3,False
35272,Te2MoWSe2,False
35273,PrBi2BrO4,False
35274,Sr2Si5N8,False
35275,ScGeAu,False
35276,WSe2,False
35277,Pr2InAg,False
35279,Sm3Si2S8Br,False
35281,YbCdCu4,True
35282,DyYCu2,False
35286,PmHo,False
35289,TbCdAg2,True
35290,PrMgAu2,False
35291,Mg3As2,False
35292,Tb3Er,False
35293,ThSe,False
35296,MnAlPd2,False
35297,HoErCd2,True
35298,Sr2CdSn,True
35301,NdSb,False
35302,MgSbRu2,False
35304,InGe3,False
35307,YHoRu2,False
35310,TbSc,False
35311,PrFeGe2,False
35312,VIr,False
35313,BeGaCo2,False
35314,Rb3Lu,True
35315,Li2CuP,False
35316,As2Cl3OF5,False
35318,Ba2Si5N8,False
35319,Sm3Pd,False
35320,LuPb2,False
35321,LiMgPd2,False
35322,YbAu4,False
35323,MgP4Rh6,False
35324,SmLuZn2,True
35325,Si3Ru,False
35326,LiZnP,False
35327,LuNiGe,False
35328,VS,False
35330,TlSe,False
35331,SmDyRh2,False
35332,Ho3Mg,False
35333,LiTm2Pt,False
35334,HfMgAu2,False
35335,Sr2LiIn,True
35337,Sr2CN2Cl2,False
35338,HoLuAu2,False
35340,UPt,False
35341,USeS,False
35342,TmRh3C,False
35344,CdAu,False
35347,Lu6Sb2Mo,False
35349,Si3As,False
35350,CeZnGe,False
35353,NdZnAu2,False
35354,YbPrCd2,True
35356,VC,False
35357,YbAgO2,False
35358,NaMgP,False
35360,NdZn2Ag,True
35361,Nd3Ag,False
35362,YHoZn2,False
35363,TmGe2,False
35364,CuH6BrN2,False
35365,BeGaO3,False
35366,CeGe2Pd2,False
35369,ScGaRu2,False
35370,MnB4,False
35371,Ti5Se4,False
35372,LiCa2Hg,True
35374,Pr3Er,False
35375,YMgCu4,False
35377,Ho3Zr,False
35381,Pa3W,False
35386,KCu2Se2,False
35387,BaGa2,True
35388,TiI4,False
35389,CoSiCu2S4,False
35390,K2Al2O3F2,False
35391,Zr2TcPd,False
35392,Yb3Re,False
35394,SrCdSi,False
35396,ErInRh2,False
35397,Ti3In3Rh2,False
35398,LuPb3,False
35402,Rb3Tm,True
35403,DyAlO3,False
35405,TbMn12,False
35406,LiCa2In,True
35407,TbGa,False
35409,YHoCd2,False
35410,MnCr2O4,False
35411,Al2SiO4F2,False
35413,NdDy3,False
35414,YNi2,False
35416,SmS,False
35417,SmPbAu2,False
35418,TaFeRu2,False
35419,Be5Au,False
35420,MnCu3,False
35421,CeSnAu,False
35422,SmBS3,False
35423,MgTl,False
35424,SmCdHg2,True
35425,LiSmCu2P2,False
35427,SiRh,False
35429,SmBiAu2,False
35430,TbRh,False
35433,K3Ag,True
35434,V3Ge,False
35435,SiRh3,False
35437,Ag3Rh,False
35438,Yb2CN2O2,False
35439,Pm2InHg,False
35442,Hf2RuRh,False
35443,Yb3In,True
35444,NaCd2Pt,True
35445,DySbPd,False
35447,Ti2Ag,False
35449,Te2Mo3WSe4S2,False
35451,MgPd5,False
35452,HfNi3,False
35454,TbBa3Ru2O9,False
35455,HoTa3,False
35456,CaCdSi,False
35457,Er2ZnAu,False
35458,NaRuO3,False
35459,Sm3SnC,False
35460,Li4Nb3Fe3Sb2O16,False
35462,Hg3Au,True
35464,Te2Mo2SeS,False
35465,ZrBeSi,False
35466,Ba2TlZn,True
35467,CaPrHg2,True
35468,SrCa3O4,False
35469,MgSbPd2,False
35470,YLuZn2,False
35471,Y2Be2GeO7,False
35472,ZrH3,False
35473,YbSi,False
35474,SmTmMg2,False
35475,CaF2,False
35476,MnNi,False
35477,TbGa3,True
35478,Mo3I,False
35479,YLuCd2,False
35481,TbHg3,True
35483,TbGe,False
35485,TmLuIn2,False
35487,Sr2Si,False
35489,Dy2IrAu,False
35490,Hg3Au,False
35491,Cr3Ga,False
35492,SrReN3,False
35493,BaAlBO3F2,False
35494,NaCu,False
35495,ZrAlPd2,False
35496,HfFeP,False
35497,NaCd3,False
35498,PtN,False
35500,Pm2ZnPt,False
35502,YB4,False
35503,Yb2Nd2O5,False
35504,ScBIr3,False
35505,PrH3,False
35506,NbGaRu2,False
35507,SrSi,False
35508,Li4Mn3Co2Ni3O16,False
35509,CeSi2Pt2,False
35511,SmErMg2,False
35514,SmMn2Si2,False
35515,PrAgAs2,False
35517,NdH3O3,False
35518,Zr2O,False
35519,K3Sr,False
35520,Zr3Au,False
35521,MnAlPt2,False
35524,TiPN3,False
35525,ZrMoP,False
35527,TiCoSi,False
35528,MnTe,False
35530,YbPbAu2,False
35531,MnNi3,False
35533,MnAu4,False
35534,NpAl3,False
35536,NaCdO3,False
35537,Zr3Zn,False
35538,Pm2InAg,False
35540,TaRu,False
35541,TiZnPd2,False
35542,HgTe,False
35543,TlCuO2,False
35544,Ge2Mo,False
35545,ThGa2,False
35546,ZrPd,False
35547,Ag3N,False
35549,LuAl2,False
35550,K3Mo,False
35551,SmTm3,False
35554,Fe9Cu3O16,False
35555,Pm2ZnRh,False
35556,Pr6Cd4Pd13,False
35557,Rb3Zn,True
35558,Li3Th,False
35559,CaMnF5,False
35560,Ho3In,False
35561,Zr3NiO,False
35563,BeSe,False
35564,PrAl8Fe4,False
35566,NaHo3,False
35567,ScClO,False
35568,Sm3V,False
35569,NpInRh2,False
35570,Ga3B,False
35571,TeMo2Se2S,False
35574,ErAl2Ge2,False
35575,Na2CdHg,True
35576,ThB2Ir3,False
35578,MnZn,False
35579,TmAlAg2,False
35580,Re3Ru,False
35583,HoGa2,False
35584,SmDyMg2,False
35585,LuBr,False
35586,AgSbTe2,False
35587,YOsO3,False
35589,NaMn7O12,False
35590,AcEr3,False
35591,Li3Pr,False
35592,ZrTe,False
35593,UB2Ir3,False
35594,YTmHg2,False
35595,Sm2CdIr,False
35596,HoSnO3,False
35597,YErTl2,False
35599,MnAlRh2,False
35601,MoW3Se4S4,False
35602,Tb5NiPb3,False
35603,In3As,False
35605,TbRh5,False
35607,Pa3Ta,False
35608,NdPa3,False
35612,KReO3,False
35613,PrMgTl2,True
35614,Ru3I,False
35615,LiCd2Au,True
35616,Na2MgAlF7,True
35618,HfZrZn2,False
35621,TlCr3S5,False
35622,Li2TlPt,False
35624,ErHg3,True
35625,Nb4C3,False
35626,NdVGe3,False
35630,Rb3Mg,False
35631,Nd3Si,False
35632,Nd2Sb,False
35635,W3O8,False
35636,PrO,True
35637,YPaTc2,False
35638,KBeH3,False
35641,MnZn3,True
35642,Sm3Zr,False
35646,Mn2AlV,False
35647,SmHoRh2,False
35648,Ti3Te4,False
35649,RbCaCl3,True
35650,AcDy3,False
35651,Rb2SCl6F,True
35652,Tm2AgHg,False
35654,Sc2AlC,False
35655,Yb2Rb2O5,False
35656,OsRu3,False
35659,Li2TlPb,False
35661,PrAl2Ni3,False
35662,LiIn3,False
35663,LiHg3,False
35665,Ho3Pb,False
35666,Li3Pt,False
35667,K2PaF7,True
35668,HfBeSi,False
35669,Tm5Sb3,False
35670,Ca6Al2NF,False
35673,SmTh,False
35676,AgBiO2,False
35677,PrSmTl2,False
35679,Li2PrIn,False
35680,SmDyHg2,True
35681,LiLu2Rh,False
35682,LuAlPd,False
35683,NpPa3,False
35686,LaH3,False
35690,LiHoSn2,False
35691,TmRh,False
35692,NaInAg2,True
35693,NdMgPt,False
35697,ThAl4C4,False
35698,SmCdPd2,False
35699,ScAlNi2,False
35702,CoCu2SnS4,False
35703,SmFe5,False
35704,SrAlGeH,False
35705,Lu2AlRu,False
35706,ZnCu2GeTe4,False
35708,TbRbO3,False
35709,BaCd2,False
35712,Rb3Hg,False
35714,LiLu2Ga,False
35716,CaPd3C,False
35717,LiZr2Ir,False
35718,Sm2MgAl,False
35719,Te2MoW3Se4S2,False
35720,HoNi4B,False
35721,Sm3Sc,False
35722,Zn3Hg,True
35724,Ba3BiN,False
35725,Rb2NaGaF6,True
35726,Rb3Tl,True
35727,RbCaI3,False
35729,Tl3V,False
35731,NiMoP2,False
35733,AlVNi2,False
35736,ReH3,False
35738,CoAs,False
35739,SmAg2Ge2,False
35740,LiHoPd2,False
35741,RuRh3,False
35743,RbTaGeS5,False
35744,SrBPO5,False
35746,ZrVGe,False
35747,Pr3Er,False
35748,SmErRh2,False
35749,TbPmRh2,False
35750,HoGe,False
35752,AgSbTe2,False
35753,Y3Al3NiGe2,False
35754,Rb3Th,False
35755,HgPd2Au,False
35758,SnI2,False
35759,YbZn,True
35760,Sm5Mg,False
35761,ZrP,False
35762,HoO,True
35763,LiHg3,False
35764,SnPb,False
35765,Lu2GaCu,False
35766,YbCu5,True
35767,NbS2,False
35769,Li2AcTl,False
35770,Rb2Mg,False
35771,Sr2FeMoO6,False
35772,KRb2ScF6,True
35773,RbAuS2O8,False
35774,Dy2C,False
35778,Rb3Dy,True
35781,TmMg2,False
35784,Nd2SnS5,False
35785,Lu2Fe17C3,False
35786,Hg3Sb,False
35787,AgPbO2,False
35788,Sc6NiTe2,False
35789,YbSi2Ag2,False
35790,BaTl3,True
35792,NbTlO3,False
35793,Li3Tc,False
35795,SmZnAg2,False
35796,LiNi2Ge,False
35797,DyMgHg2,True
35798,Tb2ZnNi2,False
35799,TlCuS2,False
35800,LiHf2Tc,False
35801,PdAu3,False
35802,ScZnCu2,True
35804,BaSn3Pd,False
35805,BaNb10SiO19,False
35806,PrAl,False
35807,SrTcN3,False
35809,LaMnO3,False
35810,Ru3Cl,False
35811,NdBPd3,False
35813,HfAlPt,False
35814,Te4Mo3S2,False
35815,Tb2Tl,False
35818,PaAgO3,False
35819,Sm2Ag2O5,False
35820,SmPPt,False
35821,MgHg,False
35822,RbSnCl3,True
35823,SrGaGeH,False
35824,ErP2Ru2,False
35826,Nd2ZnAg,False
35827,ZnNi2Ge,False
35828,NbTc2Ge,False
35829,DyCdAu2,False
35830,PdN,False
35831,TaO,False
35832,SmAs3,False
35833,SrMg5,False
35834,SmHoIn2,False
35835,Si3Pt2,False
35836,TbAg3,False
35839,Rb3Cd,True
35840,K2O,True
35841,SmH3O3,False
35842,NdZn2Cd,True
35844,AlPt,False
35845,TaRh3,False
35846,BaZrSe3,False
35849,HfRu3,False
35850,YTe,False
35851,Si3P,False
35853,ReTe,False
35855,Y3Th,False
35856,Pm5Mg,False
35857,YRh5,False
35860,HoErPd2,False
35861,RbTmO3,False
35862,CrAs2,False
35863,SbIr,False
35865,BeNbRu2,False
35866,Te2MoWS2,False
35867,Zn3Co,True
35868,Sm2AlCd,False
35869,NbGaFe2,False
35870,SrZnSb2,False
35871,SnSb,False
35872,ZrSi2,False
35873,Ti3Sb,False
35874,MgTa,False
35875,Mo2As3,False
35876,ScTaRu2,False
35879,SmBr,True
35880,HoSb3,False
35881,CoCu2SnSe4,False
35882,ScZn,False
35883,PdAu3,False
35885,TeMoWSeS2,False
35886,Tl2Ge2S5,False
35887,Sr5Sb3,False
35888,SmYTl2,False
35889,LiMnPO4,False
35891,PrLuIn2,False
35893,Lu2ZnGa,False
35894,ThGe2,False
35896,U2Ti,False
35898,BeMo3,False
35899,HfVGe,False
35901,Nd2ZnGa,False
35902,ScCuSn,False
35903,Ti3O,False
35904,HoCdHg2,True
35905,Be12Pt,False
35906,Pm2Mg,False
35907,K4Hf5O12,False
35908,NdSn3,False
35909,Mo3WSe4S4,False
35910,TaAs,False
35913,Sm3Y,False
35914,Li4V7O9F7,False
35916,NdSc3,False
35918,Pa2SbTe,False
35919,CoAuO2,False
35920,PrGe3Rh,False
35923,Te2Mo3WS6,False
35925,Mn3Sb,False
35926,Si3W,False
35927,Pr3Cu,False
35930,NdHoIn2,False
35931,TaCo3,False
35933,FeRhO3,False
35934,YbMoClO4,False
35935,YbCu,True
35936,Li4Co3NiO8,False
35937,CuAgO2,False
35938,Th2CrN3,False
35939,ScGe2,False
35940,AlPt,False
35941,SmP2Ru2,False
35942,Ti3Nb,False
35943,CeTe,False
35944,PaAl3,False
35945,ErV2Ga4,False
35947,BePd,False
35948,Al2BiSe4,False
35949,Si3Ge,False
35953,NdErMg2,False
35954,K3Sr,True
35956,RbUAuSe3,False
35957,DyAgHg2,True
35958,Rb3Ba,False
35959,Si3As,False
35960,Rb3Ca,True
35965,Lu3Sn,False
35967,Ac3Pr,False
35968,KO,False
35970,Cu2HgGeSe4,False
35971,BaNaScSi2O7,False
35972,TmThOs2,False
35974,Ni3Mo,False
35975,YGa2Ni,False
35976,Li4Mn2Nb3Cr3O16,False
35977,PrNi,False
35978,YGe2,False
35979,BaHfS3,False
35980,UB2Os3,False
35981,CeCdAsO,False
35983,Sm3Tm,False
35984,ZrInPd2,False
35985,ErRh5,False
35986,Tb2Mo2O7,False
35987,PrAlGe,False
35988,NdTh3,False
35990,Er2AgIr,False
35992,NaLiO3,False
35993,SmZn2Cd,True
35994,Ba3Al2Ge2,False
35996,AgPbO2,False
36000,BeRh,False
36001,Ga2Cu,False
36002,ZrFe2,False
36004,SmTlO3,False
36005,SmCd3,True
36006,SmAl,False
36007,PrAl2Si2,False
36008,RuRh3,False
36010,BeF2,False
36011,TbS,False
36012,PuN,False
36013,LiMg,False
36014,Li3Ge,False
36016,Lu2ZnCu,False
36017,CrRh3,False
36018,ScBe5,False
36019,Mn3N2,False
36020,UTe,False
36021,TbSn3,False
36022,MgAgF3,False
36023,Ca3Al2Ge2,False
36025,TbH3O3,False
36026,LuSi2Ru2,False
36027,TmThRu2,False
36028,NdB2HF10,False
36029,TeW2Se2S,False
36030,ScInCu4,False
36031,Ti3N2O3,False
36033,TiPRu,False
36035,AgB2,False
36036,Si3Pt,False
36037,SmYIr2,False
36038,ZrNbTc2,False
36040,Nd3Al,False
36041,CrAuO2,False
36043,Li3Cd,False
36046,Ca2B5Os3,False
36047,AgAuO2,False
36048,YbErHg2,True
36050,TiHg,False
36051,DyAl,False
36052,Yb2InSn,True
36053,BaAg5,True
36054,HC12N8,False
36055,Sc2ZnCu,False
36056,NaTmO2,False
36057,Pt3PbC,False
36060,PaAs2,False
36062,K3Y,False
36063,Ta2B,False
36064,NaLi2Pb,False
36065,LiMgAu2,False
36066,TlCrSe2,False
36068,Bi2SeO6,False
36069,CaPtF6,True
36072,Ba3CrO5,False
36073,Na4PbO4,False
36074,Tb2CuGe4O12,False
36076,NaSbO3,False
36078,MgCoO2,False
36080,Ca2AlSnO5,False
36081,CaCoO2,False
36082,K2B2Se7,False
36085,TiZnO2,False
36086,Na3PaF8,True
36087,V2ZnO6,False
36088,VOF3,False
36090,AuClO,False
36091,SnH12C6F2,False
36092,Li4Fe2Cu3O10,False
36094,Na3AlF6,False
36095,Mn2F7,False
36097,CaP3,False
36098,Mg2B2O5,False
36100,ZnPtF6,True
36104,Si2N2O,False
36105,Na3GaSe3,False
36106,CuN,False
36107,SbClF8,True
36108,TbAs3,False
36109,HgPSe3,False
36110,CaSiO3,False
36111,LiErO2,False
36112,NaYPO4F,False
36113,Na5Zr2F13,False
36114,Bi2PbSe4,False
36115,SnH12C6F2,False
36118,Na2Cu3Ge4O12,False
36119,MgCr2O4,False
36120,SrH4O3,False
36121,SrH4O6,False
36124,AlH3O3,False
36125,VOF3,False
36126,BiAuBr6,False
36127,CuSb2H12O6F8,False
36128,SiH12C2N6F6,False
36130,Co3NiO8,False
36131,BH11C4NClF4,False
36132,AgN,False
36133,V2P4S13,False
36134,CdI2,False
36135,AlH3O3,False
36136,Li4Ti3Co3Ni2O16,False
36137,Al2O3,False
36138,LiV2OF5,False
36140,Li2CuF4,False
36141,AlB3H12,False
36143,AgClO3,False
36144,BiBr3,False
36147,TlSbS2,False
36148,Nb2PS10,False
36153,SbAsF8,False
36154,H2SO4,False
36155,Mn3O4F2,False
36156,Te2WCl6,False
36158,Fe3O4,False
36160,Li2Co2SiO6,False
36162,NaHO,False
36163,LiV6O7F5,False
36164,SnC2S2N2,False
36165,NaTaO3,False
36169,AlBiO3,False
36172,AlH3O3,False
36173,Cd2Bi6O11,False
36175,GaTeCl,True
36176,ZnP2H4O4,False
36177,Sn2OF2,False
36178,SrZn2P2,False
36180,Li2NiO2,False
36182,P2Pb3O8,False
36185,LiNiC2O6,False
36186,Al2SiO5,False
36187,MgC2O4,False
36188,VN,False
36189,ErTlO2,False
36191,Li2Ti2NiO6,False
36192,CS2NF5,False
36193,Li4V3Ni3W2O16,False
36194,NaSi6,False
36195,PbS,False
36196,KFeF4,True
36198,CaMnO2,False
36201,CdI2,False
36202,KMn2O4,False
36204,GaN,False
36206,Cr3Fe,False
36207,CaC2,False
36208,Na2MnCl4,False
36209,ThCdPd2,False
36211,Mg3Zr,False
36213,VHO2,False
36214,MoN,False
36215,Ca2AlBiO5,False
36216,V6O5F19,False
36217,KS,False
36218,BaMg3,False
36219,NbCr3,False
36220,BaCuO2,False
36221,H12PbC8O4,False
36222,CaSb2O4,False
36223,MnSbS2Cl,False
36224,LuPd3,False
36225,SnH10Cl4O5,False
36227,SrO,False
36229,PbSe2O6,False
36230,YIO,False
36232,Ba3Nb2ZnO9,False
36233,Mn6OF11,False
36235,PbI2,False
36236,VHO2,False
36237,BiS,False
36238,Li3Ni2C4O12,False
36239,CuAgTe2,False
36241,CdI2,False
36242,Nb6Co7,False
36243,RbCu3S2,False
36245,SmCuSeO,False
36246,GaC3,False
36247,NiF2,False
36249,LiYMo3O8,False
36250,CdN,False
36252,CoNi2S4,False
36254,AgClO2,False
36255,Mg3Nb,False
36257,LiS,False
36258,CdI2,False
36262,SrH4O6,False
36263,LiScMo3O8,False
36264,Na7Al3O8,False
36265,H12PbC8O4,False
36267,YbNiO3,False
36269,Ti3Ga,False
36270,AgCO3,False
36271,Ba2YNbO6,False
36272,SiH,False
36273,CeBrO,False
36274,CoH2O2,False
36275,LaAg,False
36276,YN,False
36278,NiSeO4,False
36279,CoSnF6,False
36280,ZnH6Se2O8,False
36281,Ag3SI,False
36282,Mn2VO4,False
36283,Ni2P2O7,False
36284,LiMg3,False
36285,Hg3AsS4Cl,False
36287,AsO2,False
36288,CdI2,False
36289,Na3GaS3,False
36290,Mg3Mo,False
36291,Li2TiNiO4,False
36293,NaTmO2,False
36294,SnCl4,False
36297,NiHg,False
36298,Li2VP2O8,False
36299,YbNdAu2,False
36300,ScC,False
36301,CdCuPd2,False
36302,SiO2,False
36303,Mg3Cu,False
36304,CoH2SeO5,False
36305,K3AlTe3,False
36306,ZnBi4O8,False
36308,Ca4Al6O13,False
36309,Mn2O3,False
36310,YGaAg2,False
36311,VF4,False
36312,RbS,False
36313,PaCl4,False
36314,NaLi2Tl,False
36315,PrH3O3,False
36316,Al4CN3O,False
36317,NaN3,False
36318,K3NaP2O6F2,False
36319,Al2TcPd,False
36320,LiV4OF11,False
36321,MoSeCl7O,False
36322,Tm2Fe2Si2C,False
36323,CuH2SeO5,False
36324,CeCd,False
36325,NaAg2Sn,False
36326,ZnIn2S4,False
36328,ZrCl3,False
36329,TaN,False
36330,LiSc2Hg,False
36333,ZnCoF6,True
36335,IrCl4F6,False
36337,CaAl4O7,False
36338,NbCrN,False
36340,BaNa2Sr,True
36341,Mg3Cr,False
36342,NaI,False
36343,BaCaSb4O8,False
36345,Y2TlCu,False
36346,CaCr2S4,False
36347,Mn5O9F,False
36350,Li2VF6,False
36351,CaTlHg2,True
36352,Na3Li3N2,False
36355,MoPb,False
36356,VBiO3,False
36358,Ba2ZnAg,False
36359,Li2MnF6,False
36360,Sc2C,False
36362,Mg5H8O9,False
36363,TaCo3,False
36364,Mg3Co,False
36368,ZnCu2SnSe4,False
36371,LiTi3S6,False
36372,Ca2SnAu,True
36373,Mn2FeO6,False
36374,RbS,False
36375,Tm2TeO2,False
36376,SrYPt2,False
36377,Sr2YTlSn2O7,False
36378,Mo2WSe2S4,False
36379,GaAgS2,False
36380,Mg2BiAsO6,False
36382,Mg3Ni,False
36383,TiSi,False
36384,Hf2AlMo,False
36385,Li4NiB2O6,False
36387,AgTeNO5,False
36388,NpGa2,False
36389,MnN,False
36390,Be2FePt,False
36393,Ta3N5,False
36394,CdCN2,False
36395,Rb2AuBr,True
36396,CrAgS2,False
36397,Sr2PdPt,False
36398,CdI2,False
36400,ZrScCd2,False
36401,CaC2S2N2,False
36402,Mg3Al,False
36403,Ba2YAg3O8,False
36404,Te2SO7,False
36405,Hf2N2O,False
36406,Mn5SbO12,False
36408,YbCd2Sb2,True
36409,AgGeO3,False
36410,AlH3O3,False
36412,BaLi2Ca,False
36413,TmPu3,False
36414,LiV2OF5,False
36415,SmIO,False
36417,LiCuAu2,False
36418,KP,False
36419,MnSbS2Br,False
36421,Mg3Bi,False
36422,AlTc2Sb,False
36423,NaVF3,False
36424,Al2OsRu,False
36425,CaMg3,False
36426,MgSn2O4,False
36427,NbInRu,False
36428,LiV6O7F5,False
36429,Tl2GeS3,False
36430,Yb2ZnAg,True
36431,Y2Si2O7,False
36432,ZnSb4O8,False
36433,MnCo,False
36434,Mn2CrO6,False
36435,Mg3Sb,False
36436,BeH2O2,False
36437,MgH2SeO5,False
36440,FeAs4F18,False
36441,Mo2WSe2S4,False
36442,YCrO4,False
36443,LiCrPO4F,False
36445,NaN3,False
36448,Dy2Te5O13,False
36449,ZnTe,False
36450,KS,False
36453,UH2O4,False
36454,Sr2ZnMoO6,False
36455,NdRh3,False
36456,Mg3Cd,False
36457,Te2Mo3S4,False
36459,Li2DyPCO7,False
36460,NaSb,False
36462,TmGa,False
36463,Ag3SbS3,False
36465,TaBi4ClO8,False
36466,MoO3,False
36467,NaS,False
36469,VPO4,False
36470,Er2TeO2,False
36471,Sc2SO2,False
36472,CoP2O7,False
36473,Mg3Sn,False
36476,NaSO2,False
36477,DyCuSeO,False
36478,PrH3O3,False
36479,TiN3Cl3,False
36481,NiH12SO9,False
36483,VS,False
36484,YbMnGe,False
36485,Na6CuO4,False
36487,CdI2,False
36488,P2Pt,False
36489,GePbS3,False
36490,IClO3,False
36491,Y2InCu,False
36492,Li6Br3N,False
36494,Mg2ZnGa,True
36495,KScMo2O8,False
36496,Ag2PdAu,False
36498,MnCo3O8,False
36499,SiBr4,False
36500,SnB,False
36501,H8N3O6,False
36503,MoCl5,False
36504,Sc5NCl8,False
36505,SnPSe3,False
36506,Rb3P,True
36507,CaYAg2,False
36509,K2YNb5O15,False
36510,Pm3Y,False
36513,CuSiH8O4F6,False
36514,WSCl4,False
36518,Sm2Mg,False
36519,SmPuO3,False
36520,AgI,True
36521,FeC2O6,False
36522,USiRh,False
36524,P2O5,False
36526,MgGe2WO6,False
36529,CaSiO3,False
36530,CuTeO4,False
36531,Al2S3,False
36532,Tl2I3O9,False
36534,Ca2SnS4,False
36535,Ga3Ge,False
36536,Te4Mo3WSe4,False
36537,AsS24I3,False
36540,SnAs3,False
36541,V2MoOs,False
36542,SnAs3,False
36544,PmRuO3,False
36545,NbSe2,False
36546,Li8N3O,False
36547,MnCuP,False
36552,ZnGe2WO6,False
36554,MnP2O7,False
36556,Sc2CoRu,False
36557,Ho3In,False
36559,TmTa3,False
36560,CO2,False
36562,BrClO,False
36563,Dy3Ga,False
36564,ZrCdRh2,False
36565,ZrFeCl6,False
36567,RuC4O4F6,False
36568,SrTa2H2O7,False
36569,SmDy3,False
36570,Pr2TlAg,False
36571,LiGe2N3,False
36572,NaAc,False
36573,BeAu3,False
36575,NpP3,False
36576,SnBi3,False
36578,MnCSO7,False
36580,AgPdO2,False
36582,KF2,False
36583,Sc5CCl8,False
36584,DyMgAu2,False
36586,Yb2BaSr,True
36587,H7SN2O4,False
36588,HAuO2,False
36589,DyAl3,False
36590,Na2ZrO3,False
36591,PbCl4,False
36592,Rb3Tc,False
36593,SmHoHg2,True
36594,AuBrO2,False
36595,SnTe3,False
36596,Mg2Mn3O8,False
36597,PrHoZn2,True
36598,Th3S,False
36599,W3C,False
36600,Yb2Cr2C3,False
36601,ErCdPd2,False
36602,ErZnRh2,False
36603,CdI2,False
36604,InSb2S4Cl,False
36605,ZrNi2P2,False
36607,SmHoZn2,True
36609,CuO2,False
36610,VRe2O9,False
36611,Tm2ZnIr,False
36612,Hg2Mo2O7,False
36614,CuHO2,False
36615,BeSiRh2,False
36616,ErCdRh2,False
36617,PaBi3,False
36618,DyYCd2,False
36619,Ti2InC,False
36620,MgPSe3,False
36621,Zn2In2S5,False
36623,DyBr3,True
36625,PaBO3,False
36626,YbOs3,False
36629,Yb2CdHg,True
36630,Lu2MgAl,False
36631,CuH12N10O8,False
36633,CrS,False
36634,SmSnPd2,False
36635,Cu2As4S3Cl2,False
36636,Sc2H5,False
36637,KPr3,False
36638,AcMg5,True
36639,ScZnPt2,False
36640,UF3,False
36641,LiNd2Ru,False
36643,KMnP,False
36644,AgPb4ClO4,False
36645,LiCuO2,False
36646,Pm2IrRu,False
36651,BeNi3,False
36652,LiSiPd2,False
36653,HfFeCl6,False
36654,CdBiS2Br,False
36655,NdS3,False
36656,Sm2InAg,False
36657,KCaO3,False
36659,Lu2MgIn,False
36661,CdI2,False
36662,HAuO2,False
36663,DyI3,True
36665,Li6Mn5CoO12,False
36666,Zn2SeCl2O3,False
36668,LaAs,False
36670,NpIO,False
36671,YP3O9,False
36672,CdC2N2,False
36673,Nd2IrRu,False
36674,ZrSe2,False
36675,Hf2TcOs,False
36676,SmTmRu2,False
36677,BAs,False
36678,Li3Mg,False
36679,XeF3,True
36680,Pm2SiAg,False
36681,CdSbS2Cl,False
36682,TmNbOs2,False
36683,LiC12,False
36685,Sm3Dy,False
36686,ScZnRh2,False
36687,Pm2AgRh,False
36689,WCl4O,False
36690,Ga2PdBr8,True
36692,CaPuRh2,False
36693,SnC2O4,False
36694,BeAg3,False
36695,LiCuO2,False
36698,Ti2H4Pd,False
36699,ZrNCl,False
36700,CdPS3,False
36702,Na3Nd,True
36703,LiTmRh2,False
36704,MoO3,False
36706,KLiICl,True
36707,LuCl3,True
36709,ZnC2N2,False
36710,GaFeIr2,False
36711,Dy2IrRh,False
36712,NiAu3,False
36713,Mn11ZnO16,False
36714,VCu3Te4,False
36715,Ba2AgSb,False
36716,CdI2,False
36717,KNaZnO2,False
36718,LiFeSiO4,False
36719,PrMo3,False
36720,LiTm2Au,False
36721,NaDy3,False
36722,Ag3P,False
36724,Ca2AgGe,True
36725,Sm2Ti3Bi2O12,False
36726,Li3Cr3FeO8,False
36727,Li4MnCo3O8,False
36730,LiSi2Rh2,False
36731,TiI,False
36732,CaSiO3,False
36733,HfScIr2,False
36735,HfTl3,False
36737,NaCa2In,True
36738,TmI3,True
36739,Te2SO7,False
36740,CdI2,False
36741,TmNbRu2,False
36743,SnP2S6,False
36745,LiMnPO4,False
36746,VS2,False
36747,CdI2,False
36748,LiBeAu2,False
36749,TbTmRh2,False
36750,Ni3Pb,False
36751,Hf3Pt,False
36752,Li3Ac,False
36753,Sm3Er,False
36754,ZrTc2W,False
36758,CdHg4C6S6Br4N6,False
36760,Rb3Cr,False
36761,YbTm3,False
36762,LiBeO3,False
36763,PbI2,False
36764,Tl3Ge,False
36765,PbAuO2,False
36767,HfScOs2,False
36768,Bi14Te13S8,False
36769,UP3,False
36770,MgC2N2,False
36771,LiDyIn2,False
36772,YbErPt2,False
36773,Pm2ZnGa,False
36774,Mg2SiO4,False
36775,CdI2,False
36776,Nd3Cr,False
36778,Li3Zn,False
36780,NaMg3,False
36782,YbSiIr,False
36783,DyYZn2,False
36784,RbPr3,False
36785,YbDyHg2,True
36786,TbYHg2,False
36787,TeMoWSe3,False
36788,ZrTe3,False
36790,CrPO5,False
36791,SrLiP,False
36792,GaTe,False
36795,RbPdO3,False
36796,ZrCu2Hg,False
36797,CuO2F,False
36798,MgZnRh2,False
36799,LiMnPO4,False
36803,SnSO4,False
36804,NbCu3Te4,False
36805,AuClO2,False
36807,BaAgO2,False
36808,Nd3Hg,False
36810,SnBi2Te4,False
36811,Li2VFeP2O8,False
36812,Na2LiNF6,False
36813,TaS,False
36814,YHoAl2,False
36815,Ir3Ru,False
36816,Si3MoPt2,False
36817,YbLuPd2,False
36818,NbIO2,False
36820,BaHg3,True
36822,Sn3B,False
36824,PbBrCl,False
36826,LiMnPO4,False
36827,RbTi5Se8,False
36828,Na3DyCl6,True
36829,TmTe,False
36831,CrSiH12O6F6,False
36832,TaCuRh2,False
36833,TbZr,False
36834,Mg2SiO4,False
36835,LiTl2InCl6,True
36836,AgBrO2,False
36837,LiFeSiO4,False
36839,Na2ZnSe2,False
36840,DyAl8Cu4,False
36841,CaNd3,False
36842,Nd3Ho,False
36843,LiAgO2,False
36844,Be3Fe,False
36846,Ce3Br,False
36847,RbNa2Sb,False
36848,DyMgCd2,True
36850,TmAs3,False
36852,ZnC2S2O6F6,False
36853,MgRh5,False
36854,CrCo3O8,False
36855,AuSe,False
36856,SmNi2Bi2,False
36857,Sm3Tm,False
36858,Rh3Pb,False
36859,In3Sb,False
36860,MnO2,False
36862,PH6N2O2,False
36864,TaSe2,False
36865,Zn3Rh,False
36866,TiH8N2F6,False
36867,Ta2CrOs,False
36868,LuBi3,False
36869,VI3,False
36870,Li3MnV3O8,False
36871,NdB4,False
36875,PH6N3O,False
36876,Ac3Th,False
36878,CoC4O4,False
36879,Rb2TlInF6,True
36880,Ca2AgBi,True
36881,KCaSiHO4,False
36882,TlHCO2,False
36883,BaSr3O4,False
36884,Co3TeO8,False
36885,NpSb3,False
36888,PtRh3,False
36889,VCuRh2,False
36890,RbMoO3,False
36891,CrAuO2,False
36892,TmHfIr2,False
36894,NiO2,False
36895,Al2NiRu,False
36896,CdAg2Au,True
36897,Li6Mn5CoO12,False
36898,TbHO2,False
36899,Nd3Ho,False
36900,Ba2CuCN2O2,False
36902,PdO,False
36905,NaTl2InF6,True
36906,UB4H16,False
36907,Li3CoO3,False
36908,Mn5CoO12,False
36909,Tl3BiCl6,True
36910,HfH3,False
36911,LiDy2Os,False
36912,YbSm3,False
36913,Li2MnOF3,False
36914,Rh3Br,False
36915,TiAgSe2,False
36916,SmAs2Au,False
36918,Sr2CuCN2O2,False
36919,MgTl3,True
36920,Nd3Mg,False
36921,LaMgHg2,True
36922,Rb2NaSbCl6,True
36923,ZrCd2H12O6F8,False
36925,Th3Be,False
36926,SrTlO3,False
36927,Rb2NaInCl6,True
36928,AgBrO2,False
36929,Hf3C,False
36930,TmPu3,False
36931,TeMoWSe2S,False
36932,RbBaSiHO4,False
36933,LiLuHg2,True
36934,LiAgO2,False
36935,MgS2O7,False
36936,Ga2PdI8,True
36938,NiCl,False
36939,MgMnO3,False
36942,SrAs2O6,False
36944,Sm3Ho,False
36946,BeSiRu2,False
36948,PrZnSbO,False
36949,Rb2NaTlF6,True
36950,TbBa3,False
36951,ScSnO3,False
36952,K3Cd,False
36955,TmLuHg2,True
36956,Tm3Mg,False
36958,InTeCl,True
36959,Tm2AlZn,False
36962,Rb2TlInCl6,True
36963,Rh3Se,False
36964,Mg2ZnPd,True
36965,Ce2CuN2O2,False
36967,LiBeH3,False
36968,YTlAg2,False
36969,Pr3Ag,False
36970,YbNaP2S6,False
36971,Ca3Tl,True
36972,YbSr3,True
36974,KBaSiHO4,False
36975,LiTm3,False
36976,GaBr3,True
36978,YTmAl2,False
36980,OsAu3,False
36982,Ge2O3,False
36983,Sm3Sc,False
36985,UBiSb,False
36988,Zn3CdS4,False
36989,Pr2ZnHg,True
36991,MoPO5,False
36993,Mg2ZnRh,True
36994,HC,False
36995,NaLu3,False
36996,TiGeO3,False
36997,Li2VFeO4,False
36998,Zn2CuIr,False
37002,SrBr3,False
37004,MnO2,False
37005,PrAl2Ni3,False
37009,Sm3Ti,False
37010,HfNiSn,False
37011,GeO2,False
37012,Tl2InGaF6,True
37013,MgZr3,False
37015,VMo,False
37016,ZrScOs2,False
37017,Na3LiP2O7,False
37019,AgHgO2,False
37020,YTcN3,False
37023,GaI3,False
37024,TmLuCo2,False
37025,AcAu3,False
37026,ErLuMg2,False
37027,NaTl2GaF6,True
37029,BeFeRh2,False
37030,Mg3Br,True
37031,Be3Tc,False
37034,YAs3,False
37036,GaPS4,False
37037,CuSe,False
37038,Mg3Cd,False
37039,PtSe2,False
37040,ScSn3,False
37042,Yb2PtAu,False
37043,WS2,False
37044,PrBiO3,False
37045,USn,False
37046,VCl3O,False
37047,ZrFeTe,False
37050,SI2O6,False
37051,CuBiO2,False
37052,ThMgZn2,True
37053,Mg3Ga,False
37054,ErLu3,False
37055,SmGe3,False
37058,OsSe2Cl12,False
37059,LiEr2In,False
37060,Mg3Ga,False
37062,Sm3Dy,False
37063,ScOs3,False
37064,VO2,False
37065,In2Te5,False
37067,PmHo3,False
37068,MgScAg2,False
37070,KAuO2,False
37072,FeCl3,False
37073,Sm2AlZn,False
37074,Ba2CuH6,False
37075,LiEr2Tl,False
37078,Yb2Co2O5,False
37079,SrAc3,False
37081,CrF2,False
37083,Mg3In,False
37085,BaPAu,False
37086,LiSiRh2,False
37087,FeSiW,False
37088,H2CO,False
37089,TaMnAs,False
37090,KNO3,False
37091,CoSn2H12O6F6,False
37092,LiLuAu2,False
37094,Cu3O2,False
37095,SmTmRh2,False
37096,ScH4Pd3,False
37097,NiAg3,False
37098,MgNbRh2,False
37099,RbSrSiHO4,False
37100,NiAsO3,False
37101,FeO2,False
37105,Hg3Bi,False
37106,Sr4S3O,False
37107,PrTe2,False
37108,Na3Au,True
37109,LiAlB4,False
37110,Mg3Mn,False
37111,YCdGa,False
37112,CaAgO2,False
37113,RbAgO2,False
37114,HgBi3,False
37116,Na2H6Ir,False
37117,MgScCd2,True
37118,SmTa3,False
37119,Rb2NaTlCl6,True
37120,VFeTe,False
37121,Rb2TlGaF6,True
37123,Mg3Mo,False
37124,PrHo3,False
37125,NdCdPd2,False
37127,SmB4Rh4,False
37128,NiAg3,False
37130,TbB4Ir4,False
37131,Co2MoS4,False
37132,Hg3Ir,False
37133,PrS3,False
37134,CuS,False
37138,CaAgO2,False
37139,NiGe3,False
37140,SmY3,False
37142,MoO3,False
37144,NaMgO3,False
37147,Rb2NaInF6,True
37148,SrAgO2,False
37149,SmGeO3,False
37150,Rh2S3,False
37151,Te2W2SeS,False
37152,PrH,False
37153,Lu2HgAu,False
37154,NiAu3,False
37155,Th3Au,False
37157,Na8N3O,False
37158,UPbO4,False
37159,Sm2Au2O5,False
37160,Ba3Te,False
37165,AlSb,False
37166,SiCCl3F3,False
37169,Rb8NO3,False
37170,BiSbO5,False
37171,Rh3F,False
37173,Sm2MgIr,False
37174,Nb3AlC2,False
37177,SrAgO2,False
37179,Zr6BI12,False
37181,Nd2AgHg,False
37183,VIrO3,False
37186,MgTi3O7,False
37187,SmTmZn2,True
37188,Li4Mn3NbP4O16,False
37190,Rb3Cd,False
37191,SmEr3,False
37192,Li2CrFeP2O8,False
37195,Nb2AlC,False
37197,MoCl4O,False
37198,Na6ZnSe4,True
37199,PH6NO2,False
37201,Rb2LiInCl6,True
37202,YbPm3,False
37203,PbAu3,False
37204,LiMnPO4,False
37205,CaB2H8,False
37206,SiB,False
37207,Yb3W,False
37208,SrAcZn2,True
37209,YbU3,False
37210,TiSnP2O8,False
37211,CuH2O2,False
37212,AgPtO2,False
37213,Na2Zn2Se3,False
37214,Y2Au,False
37215,DyHoIn2,False
37217,PrHo3,False
37220,LaBeO3,False
37223,Pm3Zr,False
37224,SnPbO3,False
37226,MoAs2O7,False
37227,Na3Cr,False
37228,CaTl2Cd,True
37231,NdGe3,False
37232,Na2Zn2Se3,False
37233,Zn2SiO4,False
37234,Ce3Zn,False
37235,Ag3Hg,False
37236,YTmCu2,False
37237,SrTeO3,False
37238,Tm2CdHg,False
37239,Te2Mo3Se2S2,False
37240,Na2ZnSe2,False
37241,NaCu3,True
37242,Si3Mo,False
37244,Te3W2Se,False
37245,Fe2SiS4,False
37246,SrGa2As2,False
37247,Ni3Bi,False
37248,LaOsN3,False
37251,CaAcIn2,True
37252,Tl3Cr,False
37256,BeIn3,False
37257,Ta3SiTe6,False
37258,LaWN3,False
37259,ZnO,False
37261,Ce2ZnHg,False
37263,Lu4CoB13,False
37265,SmSnAu2,False
37266,YbMgO3,False
37268,CoSnH12O6F6,False
37269,H10C3NClO4,False
37273,TiPd,False
37274,Sm3Tm,False
37275,SrAuO2,False
37276,TlCuCl3,True
37277,CeDy3,False
37280,SmTmHg2,True
37283,GaCo2Ni,False
37284,SmYAg2,False
37287,SbPO2F6,False
37288,Li5Mn2Co3O10,False
37289,YbBrO,True
37290,Sc3Pb,False
37291,Ti3Be,False
37292,SmMg16Al12,False
37293,CeS,False
37295,FeBiSbS4,False
37298,CaTlF3,False
37299,CuSiRh2,False
37301,Th3Mg,False
37302,Mn2CoO6,False
37303,InSnBr3,True
37305,TbH3,False
37306,SmP3,False
37307,Pm2ZnHg,False
37308,PrB2Ru2,False
37310,InSnCl3,True
37311,FeCo2O6,False
37312,PrB2Os2,False
37313,InAgP2Se6,False
37314,Ba4ErRu3O12,False
37315,SiHg3,False
37316,HoTmMg2,False
37317,SiH8,False
37318,Co5SbO12,False
37319,Sm2AgRh,False
37321,SmMo6S8,False
37322,Th3Ni,False
37325,CeP3H8O7,False
37326,CaTlCl3,False
37327,Pm2ZnAg,False
37328,Sm3Sb4Au3,False
37329,YWN3,False
37330,Li2TlSn,False
37331,NaGaGe2O6,False
37332,SnO,False
37334,TlAgO2,False
37335,YReN3,False
37337,BaTh3,False
37338,SrDy3,False
37339,Dy3Sb4Au3,False
37341,CaTlCl3,True
37342,Ba2PrRuO6,False
37343,SiC3,False
37345,Sr3Tm,True
37349,TiPN3,False
37350,Ac3Sm,False
37351,Sm3Al,False
37353,BaNd,False
37354,Li2TmTl,False
37355,SeBr3,False
37356,VPd3,False
37357,TaTe2,False
37358,LaDyMg2,False
37359,CoAs4F18,False
37360,ScSn3,False
37361,Te2MoW3Se4S2,False
37362,PrW3,False
37363,V2O5,False
37364,CuPdO2,False
37367,SiHg3,True
37368,PdAuO2,False
37369,RbSrCl3,False
37370,SmDy3,False
37371,YbAcGa2,True
37372,YbPu3,False
37373,Tl3Br,True
37374,RbSnCl3,False
37375,H13C4NF2,False
37378,ScBi3,False
37379,VC2O6,False
37381,YbP3,False
37384,Sm2TlAg,False
37385,Ba6In2NF,False
37386,SiP2O7,False
37387,Tl3Cd,False
37388,AgClO2,False
37389,Li6VO3F3,False
37390,NdTmMg2,False
37391,RbSnBr3,False
37392,CuAg3,True
37393,Zn2P3S9,False
37394,Y2Te5O13,False
37395,CdInGaS4,False
37397,TiPCl9,False
37399,TlAu3,False
37403,Tm3Ga,False
37404,Tb2AgIr,False
37405,CuH3NCl,False
37409,CuPtO2,False
37410,Si2OsRu,False
37411,Al2CoOs,False
37412,KPPdS4,False
37413,Li3Co,False
37415,Li3Ga,False
37416,RbPbBr3,False
37417,LiSnS2,False
37421,CeErMg2,False
37422,AcCrO3,False
37423,Ga3Cu,True
37425,AlHO2,False
37427,Yb2BaCa,True
37429,TeW2SeS2,False
37430,Ac3Sc,False
37432,CaWN3,False
37433,AlClO,False
37434,SnRh3,False
37438,RbInBr3,False
37439,AlICl6,False
37441,PbAuO2,False
37442,Ti2AlCr,False
37444,InTc3,False
37445,RbCuBr3,True
37446,ScC,False
37447,TlNiO3,False
37448,AlFe,False
37449,YbMg16Al12,False
37450,SiTc3,False
37451,YC,False
37452,Dy2ZnIr,False
37453,YbSm3,False
37454,AlFe2,False
37455,AlH3O3,False
37457,TcN,False
37458,ThTe2I2,False
37459,RbCaI3,True
37460,Li6PS5I,False
37461,AlHO2,False
37462,YC,False
37463,ScAl,False
37464,CaSnS3,False
37465,TbYTl2,False
37467,Yb2AgPd,False
37468,Sc5Cl8,False
37470,V3Co5O16,False
37471,NiH2O2,False
37472,YC,False
37474,MnCo2O6,False
37475,TmMgPt2,False
37476,OsO2F3,False
37478,W2N,False
37479,CoH12Br2O6,False
37481,TePd3,False
37482,Sc2MnSi,False
37485,YWN3,False
37486,RbCaCl3,False
37487,YSb,False
37489,CaSnS3,False
37490,VC2O6,False
37491,Si2B2O5,False
37493,TcB,False
37494,AgRhO2,False
37496,BeZnO3,False
37498,YN,False
37499,Li3ClO,False
37500,TaI4,False
37501,CoBiO3,False
37503,SnBr2,False
37505,UAg3,False
37508,PbAuO2,False
37509,TlSbO3,False
37510,BOsO3,False
37511,TcN,False
37512,MnBiS2Br,False
37514,KCaBr3,True
37515,LuBr3,True
37516,Pt3Rh,False
37517,Na3BrO,True
37520,Te2MoWSeS,False
37522,Sc2MnC,False
37523,TbU3,False
37524,H16RhN5Cl6O3,False
37526,TbTlS2,False
37528,Yb3Os,False
37533,VPO5,False
37534,CdSb2Se3Br2,False
37535,Zr3Tl,False
37536,Li6PS5Br,False
37537,SrGe3Pd,False
37538,TcB,False
37539,Sc2MnGe,False
37540,Al3Pb5F19,False
37541,V3Cu,False
37542,CdI2,False
37543,HgBi2S4,False
37544,Mn3OF6,False
37545,Li6PS5Cl,False
37546,KCaCl3,False
37547,RbAgBr3,True
37549,CrBr2,False
37550,TbI3,True
37551,TiN,False
37552,Zn2SiO4,False
37553,RbAgO2,False
37556,AgClO2,False
37558,Hg3SbAsS3,False
37559,RbPbBr3,True
37560,MgSc2In,False
37561,Yb3Os,False
37563,CoAuO2,False
37564,RbPbCl3,True
37565,CrI2,False
37568,SiH2O,False
37569,CdHgAsBr,True
37570,TbTlTe2,False
37572,LiSnCl3,False
37573,RhN,False
37574,Au3S,False
37579,NdPb8F19,False
37580,TmGe,False
37581,ReN,False
37584,TbFeC2,False
37585,YHoCu2,False
37588,Na3Mn2SbO6,False
37590,TaZnOs2,False
37591,CaMoN3,False
37592,CrAgO4,False
37593,KO3,False
37594,Al2Cu,False
37595,FeS2,False
37597,Ca3TiNiO6,False
37600,HoNiGe2,False
37601,BSb,False
37603,YbSmPd2,False
37604,Li3FeSiBO7,False
37605,ErCl3,False
37606,Li2ScPCO7,False
37607,Hg3AsSe4I,False
37608,Na3N,False
37609,MoO3,False
37610,VF5,False
37611,NdPb6F15,False
37612,Ti2MnAl,False
37613,ScCrO4,False
37614,Na4Ni3O7,False
37615,UBr5,False
37619,P2O3,False
37620,LiFeC2O6,False
37622,V2CoO4,False
37623,LiCo2CuO6,False
37624,SmCl3,False
37626,Li2TiCr2O6,False
37627,Li5Fe2Cu3O10,False
37628,LiMn2F6,False
37629,Na2SmPCO7,False
37631,Li2VBPO7,False
37632,CoH9C3N6,False
37633,BaC,False
37637,TlGeF3,True
37639,Cr3Te4,False
37640,ZnCo2O4,False
37641,AlCrO4,False
37642,VCr2O4,False
37643,NaMnO2,False
37645,Dy2IrPd,False
37646,LiMn5O3F5,False
37647,Ca5MnO6,False
37649,BH4NF4,False
37650,Ho2Bi2O7,False
37651,SnO2,False
37652,RuN,False
37653,TiMnH12O6F6,False
37655,LiFeSiO4,False
37657,LiMnPO4,False
37658,Na3N,False
37660,Dy2ZnHg,True
37661,Ti2CoSi,False
37662,CoPHO5,False
37663,H4INO4,False
37664,YNbRu2,False
37666,CdI2,False
37667,GeI2,False
37668,BOs,False
37669,LiMnO2,False
37670,HoPaOs2,False
37671,NpCdPt2,False
37672,Li2TiVO4,False
37673,NbSe2,False
37674,Li3V3CrO8,False
37675,H2C,False
37677,LiCo2P2O8,False
37678,LiMnFeO4,False
37679,Li3Ni4O4F3,False
37680,ReH4NO4,False
37681,BeSiOs2,False
37682,NbN,False
37685,Li4MnF7,False
37686,NbVO5,False
37688,Na3ZnPCO7,False
37689,Dy2RuRh,False
37691,SnS2,False
37692,Ho2V2O7,False
37693,VOF,False
37694,ZnB8H8N4,False
37695,CaBO3,False
37696,Yb2SnHg,True
37697,Li2VCrP4O14,False
37698,Li2AlFeO4,False
37699,MoPt,False
37700,Dy2SeO2,False
37701,CaBeO3,False
37702,LiDyTl2,False
37703,Li4Co3O2F6,False
37705,SmFeP,False
37706,AgN,False
37707,Ti2CoGe,False
37708,PmYAl2,False
37710,PaAgTe2,False
37712,ScBrO,False
37713,LuMgCd2,True
37715,NbPt,False
37716,V4O3F9,False
37718,Li4MnNi3P4O16,False
37719,CuP2H4O4,False
37720,Li2VC2O6,False
37721,YHO2,False
37722,LiLuPd2,False
37724,MoN,False
37726,Dy2InHg,False
37727,TbBr,True
37728,SmI3,True
37729,Mn6O7F5,False
37731,Th2BiTe,False
37732,LiVCO4,False
37733,NbC,False
37734,Mn2Si2O7,False
37735,Li3TiV3O8,False
37739,Li2VF4,False
37740,NaMn3O4,False
37741,AgN3,False
37742,SnBrCl,True
37743,Ti2AlCu,False
37744,HfAlIr2,False
37745,LiNi2O4,False
37747,CdI2,False
37748,Li4MnF8,False
37749,Ge2S3I2,False
37750,PmY,False
37751,Er2NiOs,False
37752,Dy2SeO2,False
37753,Li3V4O5F7,False
37754,MnSiNi2,False
37755,CNCl,False
37757,Cr5Si4O14,False
37758,Na2TmPCO7,False
37759,Mn6OF11,False
37760,NbC,False
37761,Tm3Si,False
37762,Li3VF6,False
37763,Li5MnF8,False
37764,TbCdAu2,False
37766,MnP4,False
37770,CrSiTe3,False
37771,CrW2O8,False
37772,Li3Co2O2F3,False
37775,Mn5Si4O14,False
37776,TmMgAu2,False
37777,Mn2OF3,False
37778,Li4Cr3FeO8,False
37779,TiV4CoO12,False
37780,MnP,False
37781,B2C3N6,False
37782,LiVF5,False
37783,FePSe3,False
37785,MgSnO3,False
37787,BMo,False
37788,MnN,False
37789,Na3Pt,False
37790,Ti2MnSn,False
37791,YErHg2,False
37792,Li4MnO3F,False
37793,VOF,False
37794,Li4Ni3O2F6,False
37795,LiMn5Cu2O12,False
37798,DyBi3O6,False
37800,LiVCrP4O14,False
37803,MnO,False
37805,CrOF,False
37806,BaReN3,False
37807,TlInCl3,True
37808,ZnSeO4,False
37809,Li2Mn7F16,False
37810,NbCr3,False
37811,LiVF3,False
37812,SiP2,False
37813,TcN,False
37815,LiVF4,False
37816,TbGaRh2,False
37818,Yb3Rb,False
37820,Li4MnCr3P4O16,False
37821,Ba4ZrO6,False
37822,TmMgCd2,True
37823,VOF,False
37825,HfTeSe4,False
37826,Mn5O5F,False
37827,Co2HgO4,False
37829,MnSe,False
37830,TcIr3,False
37832,Rb2Te,False
37834,NbFe3,False
37835,MgTlF3,True
37836,LiVCoO4,False
37838,LiVSiO4,False
37840,MnFe3,False
37841,LiScPt2,False
37842,TbB4,False
37843,Li2FeBO4,False
37844,TlGeCl3,True
37845,GeBi2Te4,False
37848,NpCdAu2,False
37849,Li5CrO5,False
37850,Li2MnVO4,False
37852,LiVOF3,False
37856,Na3FePCO7,False
37858,Li2VOF3,False
37859,TlGeCl3,False
37860,RbSeBr3,True
37861,BaY2F8,False
37864,LiMn4O8,False
37865,Li4CrO5,False
37866,ThCdHg2,True
37867,SNCl,False
37868,Co2SbO6,False
37869,LiMnSi2O6,False
37870,Li5Cr2Fe3O10,False
37871,ScClO,False
37875,MnCo3,False
37876,Mn3O2F6,False
37878,LiMn2O4,False
37879,BaYCuSnO5,False
37880,CBrN,False
37881,Li3VPCO7,False
37882,MnNiO2,False
37884,TlZnF3,True
37885,LiNiPO4,False
37886,Yb3Ru,False
37887,NbCr3,False
37888,AlTeI7,False
37889,TmMgRh2,False
37890,Yb2ZnRh,True
37891,Li3VF6,False
37892,Li4V3CrO8,False
37894,Te2W2SeS,False
37896,ReN,False
37897,YAg2,False
37899,NiP2S6,False
37900,NiBiO3,False
37901,TaCrO4,False
37902,TlGeBr3,True
37903,Al3Tc,False
37904,AsI3F6,True
37905,Li4P2O7,False
37906,Na2VPCO7,False
37908,RbSnS2,False
37909,LiScTl2,False
37911,CaTcN3,False
37913,Li2V2F7,False
37915,Cr3O2F2,False
37916,Li2Mn3F8,False
37917,Al2PdCl8,False
37919,Fe3S4,False
37920,Li2VOF5,False
37921,LiVP2O8,False
37924,NaCaP3O9,False
37925,Li2V2SiGeO10,False
37926,YbGa,True
37929,Li2Mn3NiO8,False
37930,Li2CrFeO4,False
37931,Te2Pt,False
37932,Li4Mn5O9F,False
37933,NbCr3,False
37934,VPCl9,False
37935,VOF,False
37936,VF4,False
37937,Li2VOF3,False
37938,Yb2ZnPb,True
37939,LiCoC2O6,False
37940,Mn3Fe,False
37942,LiVF6,False
37943,Zr2InC,False
37945,Dy2MgTl,False
37946,Mn5O3F5,False
37947,RbSmTe2,False
37948,V2P2O7,False
37949,SiH10O4F6,False
37950,VOF,False
37952,TeMoS,False
37953,Nb3Fe,False
37955,Mo3WSe4S4,False
37958,Li2MnF6,False
37959,Li2TiCo2O5,False
37960,Li2MnFe3O8,False
37964,WN2,False
37965,SnI4,True
37967,LiVF4,False
37968,TbNaS2,False
37969,CrSbS3,False
37970,Nb4VO12,False
37971,RbNaH2,False
37972,Sm3Ag,False
37973,BaSr3,False
37974,CdTe,False
37975,LiVF6,False
37976,Li3MnSi2O7,False
37977,NaVPCO7,False
37978,Dy2Ge2O7,False
37979,Li4CrFe3O8,False
37982,Ta2CrRu,False
37983,Ca2MgIn,True
37985,Mn2SiNi,False
37986,LiVF6,False
37987,TbLi2F6,True
37988,Li4CuNi3P4O16,False
37991,AcI3,True
37993,InSiTe3,False
37995,Li2VF4,False
37996,TbNaSe2,False
37997,PrRhC2,False
37998,Li3Mn3Fe2O10,False
37999,Na2AlPCO7,False
38001,V3O5F,False
38002,SmMgF4,True
38003,Li6NiOF6,False
38004,Li4Mn3Fe2O10,False
38006,SiGeN2O,False
38008,KCrCl3,False
38009,LiV2OF5,False
38010,CaAgHg2,True
38011,Nb2CS2,False
38012,LiVF6,False
38014,NaV3O6,False
38015,Sm3Hg,False
38016,VOF,False
38018,Li8TiMn3O12,False
38019,TbKS2,False
38020,HfCl4,False
38021,Na3MgPCO7,False
38022,Rb2Te,False
38023,Li3Co2NiO6,False
38024,Sb4Br2O5,False
38025,MgBi2O4,False
38026,Mg2CoO4,False
38027,VOF3,False
38028,LiVGaO4,False
38030,Li8CrFe3O12,False
38031,Li2VF5,False
38033,SmDyIn2,False
38035,ErRu3,False
38037,LiSiPCO7,False
38038,MgCo2O4,False
38039,Li2Al2FeO6,False
38043,Li4V3OF11,False
38044,LiMn3OF5,False
38046,Li2MnSi2O6,False
38047,Re3Se4Cl,False
38049,InSnBr3,False
38051,LiGePCO7,False
38054,Li2TiCo2O5,False
38055,ZrIN,False
38058,TbNi,False
38060,H2SeO3,False
38061,LiVF4,False
38062,Li2CrCoO4,False
38063,Li6MnO2F4,False
38065,Li8SbS6,False
38066,CoAgO3,False
38067,Li2V3CoO8,False
38068,Li2MnSi3O8,False
38069,Sm3Hf,False
38070,MnCuAs,False
38072,SeBr2,False
38073,VCoO4,False
38074,VCrO3,False
38076,LiFeSiO4,False
38078,Li3V6O16,False
38079,LiFeSiO4,False
38080,ZnSiN2,False
38081,Fe5Si3,False
38083,PrTlSe2,False
38084,Li2NiOF2,False
38085,KPF6,True
38086,Li3V2F9,False
38088,PuCoC2,False
38089,Li2TiNi2O5,False
38091,BiS2,False
38092,TcRh3,False
38093,Li3Ni3OF7,False
38094,Sm3I,False
38095,TiZnGe2O6,False
38096,Li3VF8,False
38097,Li6MnFeP2C2O14,False
38098,Dy2SO2,False
38100,Nb3Cr,False
38103,KCaBr3,False
38104,Li4Fe3CoO8,False
38105,C3N4,False
38106,Li3VF8,False
38107,Sr6Y2Al4O15,False
38108,Li2TiNi2O5,False
38109,Al2SiO5,False
38112,Li6CrFeP2C2O14,False
38114,InH5N2F2,False
38115,SmTlTe2,False
38116,Nb2NiO6,False
38117,ThCdAu2,False
38118,Th6CoBr15,False
38120,Li2VC2O6,False
38121,PrPd,False
38122,Nb3Cr,False
38123,Li2Cr3CuO8,False
38125,LiVBO4,False
38126,C3N4,False
38127,Sm3Pd,False
38128,Li6MnCrP2C2O14,False
38129,Li5V4O8,False
38130,SrTiO3,False
38132,Li4Cr3FeO8,False
38134,BiClF8,True
38135,Zn2SiO4,False
38136,MoW3Se6S2,False
38137,CuAgF3,False
38140,Li5SbS4,False
38143,SiH3F,False
38145,Li6VCrP2C2O14,False
38146,ZnH,False
38147,Li2Ni3OF6,False
38149,LiVF4,False
38151,Sb2S2O,False
38152,BeH2,False
38153,LiVF4,False
38155,Li6VCoP2C2O14,False
38156,MoH12PdN4O4,False
38158,Li4Cr3FeO8,False
38159,Li2Mn3NiO8,False
38160,NaSmTe2,False
38161,LiVF4,False
38162,BH6CN3F4,False
38165,Li2VO3F,False
38170,Li2MnNiO4,False
38172,Li3CuSbO5,False
38173,Bi7S9Cl3,False
38176,Li2FeNiO4,False
38177,LiAgF4,True
38178,Li2HfO3,False
38179,Li4TiMn3P4O16,False
38180,NaYSe2,False
38181,Sm2ZnGa,False
38183,Li5SbS,False
38184,PdN,False
38185,LiCoCuO4,False
38187,LiNiPO4,False
38188,ReSeCl,False
38189,Li2Fe3CoO8,False
38192,CuH6N2Cl2,False
38194,Cr2O5,False
38195,Li2Fe3NiO8,False
38196,YbAl2Cu,False
38197,PtO3,False
38198,Li2SiNiO4,False
38199,PuFe2Si2,False
38200,Li2VNiO4,False
38201,Li2V2F7,False
38202,Li2V2F7,False
38204,MgAgF3,True
38205,Pd3N,False
38206,LiCo2O4,False
38207,TmMg3,False
38208,Li8MnO5F,False
38209,Li3FeCo3O8,False
38210,LiFeO3,False
38213,Li2MnSi2O6,False
38215,Li3Co4CuO8,False
38216,Li4FeSi2O7,False
38217,TcRu3,False
38219,Li3Co3NiO8,False
38220,HfCoO3,False
38221,TlI3O9,False
38222,MoH2Cl2O3,False
38223,PrN,False
38224,LiTiVO4,False
38225,Li2MnO2F,False
38226,Mg2FeO4,False
38227,Ce2U3O10,False
38228,LiV5O7F,False
38230,PtO3,False
38231,MgNbRu2,False
38232,Li2FeSiO5,False
38233,TaInSe2,False
38234,NaVS2,False
38236,KAgCl3,True
38238,Li4Mn3OF11,False
38239,Li3Fe2Ni2O8,False
38240,Li14Co2S9,False
38241,Li3BePCO7,False
38242,TeI2,False
38243,Li8VO5F,False
38245,Li3SbS4,False
38246,Li2MnO2F,False
38248,MgSiO3,False
38249,YBiO3,False
38250,Pd3N,False
38252,Lu2Co2O7,False
38253,DyNbO4,False
38255,DyNbO4,False
38259,SmTlSe2,False
38260,NaSmS2,False
38262,LiVF3,False
38263,Li2MnOF2,False
38264,Na3MnPCO7,False
38265,PrI3,True
38266,Si3CCl8,False
38267,PaP3,False
38268,LiVC2O6,False
38270,TaSe2,False
38271,LiVO2F2,False
38272,Sr2HfO4,False
38273,Li4Cr3GaO8,False
38274,LiMn2F6,False
38275,Li2NiP2O7,False
38277,PdN,False
38278,Nb3Ru,False
38279,Li5WNO4,False
38281,Li3Fe2Si2O8,False
38282,MnPO4,False
38283,LiTmPd2,False
38284,Li8NiO4F2,False
38286,SmTlS2,False
38287,TaHgS2,False
38288,LiMn2OF3,False
38290,LiMnPO4,False
38291,Tc3Ni,False
38292,RbSrCl3,False
38293,MgCr2Se4,False
38294,LiNiPO4,False
38297,Li2AlNiO4,False
38298,PmBr3,True
38299,Li3VPCO7,False
38300,AlSbI6,False
38301,Li2NiC2O6,False
38302,PrRh,False
38304,Be2OsPt,False
38305,Ti3Mn2Co3O16,False
38306,ZrAlRh2,False
38308,Sm5Sb3,False
38309,Ba2LuRuO6,False
38310,Li4V3Fe5O16,False
38311,Mg2V3O8,False
38312,Sc2NiPd,False
38313,Fe2P2O7,False
38314,NdB4Rh4,False
38315,TbB3O6,False
38316,MgTi2O4,False
38317,Li2AlVO4,False
38318,CrO2,False
38319,DyCu,False
38320,TlNiF3,True
38322,CaBi2O4,False
38323,K3ReClF6,False
38327,RbBS2,False
38329,RbCdCl3,True
38333,Ca3AlN3,False
38334,Li2NiPO4F,False
38336,CaLa2SnO6,False
38338,Li2Si2NiO6,False
38339,Li2CrO4,False
38340,Pb7Cl2F12,False
38341,Dy2Ti2O7,False
38345,ZnN,False
38347,Na2Zn2O3,False
38349,TeMoWSe2S,False
38350,SmBi,False
38351,UTa2O8,False
38352,Sr2Li2NiO4,False
38354,Sr3SiO5,False
38356,PmCl3,False
38358,ZrAlRu2,False
38360,KBS2,False
38361,Li2AlCoO4,False
38362,LiMnPO4,False
38364,K3BiO3,False
38365,Ti2Co12P7,False
38366,Co3N,False
38367,Na3AsSe3,False
38368,NdPd3,False
38369,ErRh,False
38370,DyIr3,False
38371,Ho2Ti2O7,False
38372,NaSr3SbO6,False
38373,TmHO2,False
38375,Yb4Cl6O,True
38376,V3Ga,False
38378,As4S3,False
38379,Li3Al2FeO6,False
38380,TaOF3,False
38381,MnCo3O8,False
38382,LiNiSnO4,False
38386,KRb3,False
38387,MoC,False
38388,NaBS2,False
38390,SrAl2O4,False
38391,Cu3Se2,False
38393,In2Pt,False
38394,BiRh,False
38396,SmNiB4,False
38397,Li5VF8,False
38398,RbCdBr3,True
38399,Li2SnTeO6,False
38400,YScO3,False
38402,Sr3CdPtO6,False
38405,LiVO2,False
38406,CdI2,False
38407,NaMnCrF6,False
38408,DyPRu2C,False
38409,Na2CoS2,False
38411,Ca2SnS4,False
38412,KAlSiO4,False
38413,TiH2,False
38414,AsH3,False
38415,LiAuO2,False
38416,Pr3TaO7,False
38417,Li2VCrP2H2O10,False
38418,NaNdS2,False
38419,K2MnS2,False
38420,ErAlAg2,False
38421,TiNiO3,False
38422,K4Zr5O12,False
38423,CoSi2,False
38424,Li2Mn3CuO8,False
38425,PmI3,True
38427,TaHO3,False
38428,SnO,False
38429,Li2TiVO4,False
38430,PrAu,False
38431,BaTiO3,False
38432,CoPSe,False
38434,ThPbAu2,False
38435,Li2H2SeO5,False
38437,MgFe10O16,False
38439,AsO2,False
38440,HfZn2,False
38441,Rb2GeS3,False
38442,Pr3NbO7,False
38443,K3SbSe4,False
38444,TlAuCl4,True
38446,Li7Mn5O12,False
38449,Li2FeSiCO7,False
38451,Na2TiSiO5,False
38453,TiO2,False
38454,Na2SnTeO6,False
38455,ScBO3,False
38458,Ca2Ti3O8,False
38459,MgFe2O5,False
38460,AlCr2O4,False
38462,KTe3O6F,False
38463,H4INO4,False
38464,Co2SiO4,False
38466,TaGaO4,False
38467,LiCoO2,False
38468,Te4Mo3WSe2S2,False
38470,HoH3O3,False
38471,Na3AuO2,False
38472,Zn4B6SeO12,False
38473,LiAlSe2,False
38474,KSn2I5,True
38475,MnTlF3,False
38476,Na6MnS4,False
38477,DyTl3,True
38479,NaBPt3,False
38480,Pb2ClOF,False
38482,Li2FeNiO4,False
38483,Na3MnSiCO7,False
38484,Sm2Mn2O7,False
38487,SiO2,False
38488,OsN,False
38490,ReAgO4,False
38491,Cr3S4,False
38492,Li2TiPCO7,False
38494,CdI2,False
38495,NaNdSe2,False
38496,SrSnB2O6,False
38499,SmNiC2,False
38500,CaMgNiH4,False
38501,Ca4PdO6,False
38502,LiCrO2,False
38503,NaLaSe2,False
38504,Yb3U,False
38505,Li16Ta2N8O,False
38507,NdI3,True
38509,OsC,False
38510,Ca2BiAsO6,False
38511,Yb3Ti,False
38512,K3NaFe2O8,False
38513,Li2Ge2O5,False
38515,ZrH2,False
38517,Tm3TlC,False
38522,Li5Mn7O12,False
38523,Yb3Ta,False
38524,ZnSbAsO5,False
38525,CaH12Br2O6,False
38526,ZnP2,False
38527,K6CoS4,False
38528,MoS2,False
38529,Li3FeSb4O12,False
38530,TlCrS2,False
38531,Ca2SnO4,False
38532,ZnN,False
38533,CrAg2O4,False
38535,YTh4O10,False
38536,AlCuRh2,False
38537,Si3N4,False
38538,Ca2BN2F,False
38539,B2Mo,False
38540,Tm6WO12,False
38541,Li2FeSiO4,False
38542,ZrCo,False
38543,NbCrF6,False
38544,Mg2VBiO6,False
38545,Li3Co2Si2O8,False
38546,Li4FeCo3O8,False
38547,CaSnO3,False
38549,ZnS,False
38550,SbO2,False
38554,LiCrSiO4,False
38555,ZnC2S2N2,False
38557,CaSnO2,False
38559,Na3Sr3GaAs4,False
38560,NbH2,False
38562,Li8SiO6,False
38564,SmNiGe2,False
38565,ZnCr2O4,False
38566,ZnBiAsO5,False
38568,BaMn2Sn2,False
38569,LiCdBO3,False
38570,InBi,False
38572,Tb3CuSnS7,False
38573,Li6FeSi2O8,False
38575,Nb2Bi2PbO9,False
38576,LaH2,False
38577,Ba2CaWO6,False
38578,Li3SiNi3O8,False
38579,GaMo3,False
38580,SrCaSi,False
38582,Ba2CaMoO6,False
38584,Li2Fe2C3O9,False
38585,Li2MnSnO4,False
38586,PuSn3,False
38587,Cr2O3,False
38589,Li2CrNiO4,False
38590,SF6,False
38594,LiAuO2,False
38595,NaHoSe2,False
38599,PrGeBO5,False
38603,DyH3O3,False
38604,Mn4FeO8,False
38607,RbSnBr3,True
38608,CrNiO4,False
38609,HoH2,False
38610,ScAgP2S6,False
38611,MnNiSb,False
38613,Rb2CdO2,True
38614,HoCl3,True
38615,DyZn,False
38616,VF4,False
38618,ZnSb2O4,False
38619,BaCaI4,False
38621,Dy2CoSi2,False
38622,MoW3Se6S2,False
38623,Mn4NiO8,False
38625,Li2V3CoO8,False
38627,CaCrO2,False
38629,K2HfF6,False
38630,TiCdO3,False
38631,Yb3Mn,False
38633,SbPO5,False
38634,HN,False
38635,NdAgAs2,False
38636,CeGaO3,False
38637,PrFe2,False
38639,DyH2,False
38640,Ce4B2N5,False
38643,Dy2Mg,False
38644,K2CrPCO7,False
38645,LiMnPO4,False
38646,LiMnF3,False
38647,Li2CrCuO4,False
38648,Na2B2Se7,False
38651,MnInCu2,False
38652,TlNiO3,False
38655,Ca2AlCoO5,False
38656,Rb3Bi,True
38657,Tm2TeO6,False
38658,HCl,False
38659,MnO2,False
38660,NdTlTe2,False
38661,Mg2SiO4,False
38663,K2VPCO7,False
38665,Ca4PtO6,False
38666,TmH3O3,False
38667,Te2Mo,False
38668,HoLuMg2,False
38669,Ca2Si3Ag,False
38670,Na2Nd2Ti3O10,False
38671,TlCdS2,False
38673,Nd2ScSi2,False
38675,K3AlH6,False
38677,Ba2TaBiO6,False
38678,CaCrO2,False
38680,Li2CoGeO4,False
38682,BClO2F4,False
38683,Li2VOF3,False
38684,RbLi7Ni2O6,False
38685,Te2MoW3Se4S2,False
38687,Ba2NbInO6,False
38688,CdSO3,False
38689,NiH2SeO5,False
38690,LiAgO2,False
38692,Yb2PdAu,True
38693,NbSeCl3,False
38694,TiCl3,False
38695,Li2CrO3,False
38697,Tb3SbO7,False
38698,SmFeC2,False
38699,YPd3,False
38701,TmClO,False
38702,PrNi5,False
38704,Na3ErCl6,True
38705,HIO3,False
38706,NaDyS2,False
38707,TlGaSe2,False
38710,YbAg,False
38712,LiFePO4,False
38713,NaMnO2,False
38714,PHF2,False
38715,PtCl2,False
38716,SiHgP2,False
38718,CdI2,False
38722,TcH4NO4,False
38724,Li2Mn2O3,False
38725,YbAcCd2,True
38726,Li2MnFeO4,False
38728,Yb3Ti,False
38730,Co2SbTe,False
38731,InSb2Se4Br,False
38733,Tb2KCuS4,False
38734,HoRh3C,False
38736,BaNd2CoS5,False
38737,ScVO3,False
38738,Li2MnFeP2O8,False
38743,CaH12Cl2O6,False
38744,NdRh,False
38747,Li4CrO4,False
38748,TbTiSi,False
38749,NaCeSe2,False
38750,YbPrRh2,False
38751,BiF3,False
38752,Li5Fe3Ni2O10,False
38753,Ce3Al,False
38756,NaAcAu2,False
38757,ErGe3,False
38758,MgTeH12O9,False
38759,SmCoC2,False
38760,Na3CrCl6,False
38763,Li4Mn3WO8,False
38764,Li4Mn3FeP4O16,False
38766,Er6MnBi2,False
38767,K2O,False
38768,MnPt3O6,False
38769,ZrP2H2O6,False
38770,NdTaO4,False
38771,NdPd,False
38773,LiCrSnO4,False
38774,YbEr3,False
38775,LiHSeO3,False
38777,YBi,False
38778,TbLiHg2,True
38780,LiMnNiO4,False
38781,CdAgO2,False
38784,Co3OF5,False
38785,Er2Si2O7,False
38786,ZnCo2O4,False
38788,V2N,False
38790,TiGaPt,False
38792,BaMnO3,False
38794,AlFe3C,False
38795,BN,False
38797,Li3CoNi3O8,False
38798,CaFeO2,False
38801,Li2CrO3,False
38803,Li3BN2,False
38804,BeCu,False
38805,Co3OF5,False
38806,AsRh2,False
38807,TaF5,False
38808,Ga3Co,False
38809,MnOF2,False
38810,Sr2CaMoO6,False
38811,LiTiFeO4,False
38812,Nd2CuIr,False
38817,Li4Fe3TeO12,False
38818,UNCl,False
38819,SmCu,False
38820,SiNi,False
38821,Fe6O5F7,False
38822,Al3Fe,False
38823,BiPbClO2,False
38824,TmBi,False
38825,Li2CrO4,False
38827,TmLuTl2,False
38830,LiNiSnO4,False
38833,LiBeSb,False
38834,Li5Co5Sn2O12,False
38835,TbCo2,False
38836,Fe8N,False
38837,TlCdSe2,True
38838,Na3CuCSO7,False
38842,Sr3WO6,False
38843,NdAu,False
38844,Mn4O7F,False
38845,Ca2AlFeO5,False
38846,GaFeNi2,False
38847,Li2Mn3VO8,False
38849,LiFe3O4,False
38851,GaSnRu2,False
38853,LiInHg2,True
38854,SmAu,False
38855,PrNbO4,False
38856,LiZnFe4O8,False
38857,Li2MnF5,False
38858,NdH2,False
38860,YHo3,False
38861,NaBeSb,False
38862,Li2RhAu,False
38863,ErVO4,False
38865,TiRu3,False
38867,Hf2TcPd,False
38868,LiMnBO3,False
38870,CdAgO2,False
38872,AuSe,False
38873,LiTi3VO8,False
38874,Li3Ga2,False
38875,MnFeP2O8,False
38877,Ba2SbI,False
38878,V3O4F2,False
38879,Li3MnO4,False
38880,NaSi,False
38882,Y2HgPb,False
38884,PrH2,False
38886,BaV2Ni2O8,False
38889,Li4TiCo3O8,False
38890,NaBiPd2,False
38892,CaBi2O4,False
38893,NdNi,False
38895,Li2Si2NiO6,False
38896,TiPt,False
38899,TiFeO4,False
38900,ZnSnO2,False
38901,Mn3O2F2,False
38902,Ba2Ti3AlO7,False
38903,YScAg2,False
38904,BaNi2As2O8,False
38906,Li7Ni5O12,False
38909,MgAl2C2,False
38910,Ta2H,False
38911,K2HgTe,True
38913,Ca2BiSbO6,False
38917,Sr7H12Br2,False
38919,Ba2AgBi,False
38920,Mg2PbO4,False
38923,MgMoH2O5,False
38926,LiFePO4,False
38928,Hf2ZnTc,False
38929,TiGaFeCo,False
38930,Li2Si2Ni2O7,False
38931,Sr7H12Cl2,False
38932,Li3Mn3SiO8,False
38933,MnFe3P4O16,False
38934,SnPd,False
38935,PHF4,False
38937,Ba2Pd2O5,False
38939,Ho2CdSe4,False
38940,AlTlO3,False
38941,ScSb,False
38943,V5O12,False
38944,ZnCo2O4,False
38948,Ti2AlN,False
38950,Sr2GaSbO6,False
38951,Fe3O2F4,False
38953,LiCo2NiO6,False
38954,Rb2HBrO,False
38955,Mg10FeO11,False
38956,NaMnBi,False
38958,AgBiO2,False
38960,Na2MnAsCO7,False
38961,Dy3TlC,False
38962,AlCoO3,False
38964,NaMgH3,False
38965,Li3Fe2O6,False
38966,Fe2Si,False
38967,Mn2OF3,False
38970,YPt3,False
38972,LaC2,False
38976,Pb5S2I6,False
38977,Mn2P2O7,False
38978,LiMnCoO4,False
38979,Li3Ti2V2O8,False
38980,NaBiO3,False
38981,Li2Mn3O6,False
38982,PuH3,False
38983,YAl2,False
38984,CeW2O8,False
38986,Sr4Br6O,False
38987,FeCu2SnS4,False
38988,Li7Fe3Si2O12,False
38989,NaTeF5,True
38990,V4ZnO8,False
38991,SmAs2Au,False
38992,YH3,False
38993,CoCu4O8,False
38995,Na2Co2O3,False
38997,Li4Cr5O10,False
38999,MgCo2O4,False
39000,TaTe2Br6,False
39002,TiMo,False
39003,Fe3O2F4,False
39004,Zn3Ni7O10,False
39005,LiVFeO4,False
39006,KAgO2,False
39007,DyAl8Cr4,False
39008,NaVO2F2,False
39009,PaO2,False
39010,Ga3NO3,False
39011,Na3AlH6,False
39012,YbCuBi,False
39013,K4Au6S5,False
39014,Li5SbS,False
39017,LiMn3Fe2O8,False
39018,YHg,False
39019,Sm2TlZn,False
39020,KAg2SbS4,False
39022,CaNi2,False
39023,NbCr2,False
39025,CrPO4,False
39027,LiCrCo2O6,False
39028,K3ClO,True
39029,Na3NiO2,False
39030,TiH,False
39031,Li2Mn3FeO8,False
39032,MnZnSiO5,False
39033,HoVB4,False
39035,Li3Co4S8,False
39036,LiFeC2O6,False
39037,Mg2SiO4,False
39038,Sr3V2O8,False
39039,Li4Ti3Cr3W2O16,False
39040,Li4Fe2TeWO12,False
39042,AcF3,True
39044,Lu6WO12,False
39045,Mn3O2F4,False
39047,Yb2V2O7,False
39048,PbICl,True
39049,Li6WO6,False
39050,FeNi2S4,False
39052,K3Si,False
39054,BaZnCl4,True
39055,K2S2O5,False
39056,SmY3,False
39057,LiTi4VO8,False
39058,KNdO2,False
39059,TiMnO3,False
39060,BNCl2,False
39062,Co3O2F4,False
39063,Li3MnAl2O6,False
39064,TiFeCoSi,False
39065,LiCoSiO4,False
39066,NaNiBO3,False
39067,Ba9Nd2S12,False
39068,Ag3Ge,False
39069,LiTiO2,False
39071,Tl2Sn2S3,False
39072,Na3InCl6,True
39077,Li2Ti3NiO8,False
39080,TiI3,False
39081,Fe2RhS4,False
39082,TiZnO2,False
39083,LiCo2C4O12,False
39084,YTl3,False
39086,YMo3O8,False
39087,SCl,False
39088,Y2CuPt,False
39091,Ag3Ge,False
39092,K2O,False
39094,Li4B2O5,False
39095,UCl3,False
39097,MoWSe4,False
39098,NiPt,False
39099,YbCuBi,True
39100,Y2PtAu,False
39103,LiCoSi2O6,False
39104,FeCl3,False
39106,MnVOs2,False
39109,HfMo2,False
39110,Mn2O3F,False
39111,Y2GaHg,False
39112,Ba2SmSbO6,False
39113,Li4SbTe3O12,False
39114,Nb2SiTe4,False
39115,AsCl2F3,False
39116,LaBi,False
39117,Sc2HgPt,False
39119,BaBi3,False
39121,SCl2,False
39123,Li3FeSiO5,False
39126,CaGa2O4,False
39127,LiHfAu2,False
39128,NaBi,False
39129,Sr2LiMg,False
39132,CrO3,False
39133,Li2GaHg,False
39135,Li2TiFeO4,False
39137,Li2MnCo3O8,False
39138,CoHg3,True
39139,BiPt,False
39141,Li2TiMn2O6,False
39142,HoRh2,False
39143,Na3NO2,False
39144,Rb2CoI4,True
39145,YScAu2,False
39146,Li4Fe5Co3O16,False
39148,TiAlFeCo,False
39150,Sr2ZnCu2S2O2,False
39152,Ho2TeO2,False
39154,NaErF4,True
39155,Sr2PAu,False
39156,Nb3Cl8,False
39158,Nb2C,False
39159,LiMnF4,False
39160,TbBi,False
39161,HgC2O4,False
39162,Li2HgBi,False
39163,FeGe,False
39164,Tb6Br7,False
39165,ThSe2,False
39167,Li2V2CoO6,False
39168,TiS,False
39169,LaNi5,False
39170,DyBr2,True
39171,CeBPt3,False
39172,Er2TeO6,False
39174,HBr,False
39175,MnHg,False
39177,Si2Ni,False
39178,SrZnCl4,True
39179,Dy3Co11B4,False
39180,Li4Mn3F10,False
39181,Li3FeP2O8,False
39183,PrBi,False
39184,CoBr2,False
39185,Cd2PbO4,False
39186,Li2VO2,False
39187,In5AgTe8,False
39189,AgI,False
39190,Ti3Si,False
39191,ScCuHg2,False
39193,Li3FeOF4,False
39194,NpBi,False
39195,ZnCr2O4,False
39196,Li2Cr3FeO8,False
39198,Tb3Si4Cu4,False
39199,TeMoS,False
39200,BaBr2,True
39201,Ba3CrS5,False
39203,NdPt5,False
39204,AlHO2,False
39205,LiPdPb2,False
39209,BaZnO2,False
39211,Ba2YTi3O8,False
39212,ZrSc2Tl,False
39214,TeMoWSeS2,False
39215,SNF,False
39216,BaCO3,False
39217,CaIn2Te4,False
39218,PrSmO2,False
39219,CIN,False
39220,Li2CdPt,False
39222,Ti3Al,False
39223,SrBi3,False
39224,Ba2LiHg,True
39226,Er2Ru2O7,False
39227,ZrNi2,False
39229,LiMnVO4,False
39230,LiTi2Ir,False
39231,AgAu3,False
39232,Na3FeBAsO7,False
39234,ZrTlCuS3,False
39236,CaSnO2,False
39238,TlAuO2,False
39239,LiPRh2,False
39240,SrSn2As2,False
39245,Ho2Ru2O7,False
39248,Li4Cr3Co3Ni2O16,False
39250,Li3Fe3CuO8,False
39251,CdTe,False
39252,Ti2MnSi,False
39253,Rb5FeO4,False
39254,Ag2MoO4,False
39255,CeOF,False
39256,Al3Cu,False
39257,TmMn12,False
39258,PrSO,False
39260,CaCo2O4,False
39262,Ti3Ir,False
39263,LiCoSbO4,False
39264,MgIn,False
39265,TlPF6,True
39267,DyBi,False
39268,SmAl2,False
39269,ZnH4Cl2O6,False
39272,Ba2YV3O7,False
39273,Ba4OF6,False
39274,MoWO6,False
39275,RbGa3S5,False
39277,ScPO4,False
39278,AgBiS2,False
39279,Li3Mn4VO8,False
39281,CoSi,False
39283,Li3VBPO7,False
39284,ZrCo2Sn,False
39285,Li3Fe2OF5,False
39286,RbHF2,False
39287,Lu3TaO7,False
39288,LiBi,False
39289,LiMn3CrO8,False
39291,AlAs,False
39292,SrHg,False
39293,Y2W2O9,False
39294,CeGa2,False
39295,ZnSn3,False
39296,CeAl4,False
39297,Na3CoSiCO7,False
39299,Mn3FeO8,False
39300,AgBiO2,False
39301,Mn2CdO4,False
39302,PuSe,False
39305,AlAs,False
39306,Li4Mn3FeB4O12,False
39307,MgBi4O8,False
39308,PtI6N2,False
39309,CaPPt,False
39312,TbLiSn2,False
39314,PaAl3,False
39315,Li2BiO3,False
39316,Ba2BeBi,False
39319,P2PbXe3F18,True
39320,Sr2UMnO6,False
39321,Mn2O3F,False
39322,Rb3Tl,False
39323,LiMn2F6,False
39324,Sm3TaO7,False
39326,Mn3O2F4,False
39327,Cd2OsC6N6,False
39328,Li3TaO4,False
39330,Li2O,False
39331,La3Ga4Cl,False
39332,Ca4MgBe,True
39334,TiN,False
39335,K2Fe2As2O9,False
39337,NaV2O4,False
39338,Fe2N,False
39339,La3S3N,False
39340,CdBr2,False
39342,AlH3O3,False
39344,NaCaVO4,False
39345,BiOF,False
39347,KBF4,False
39348,Cd2P3Cl,False
39349,Ba4MnCl,False
39350,TiI3,False
39351,K4CO4,False
39352,Tb4Ga12Pt,False
39353,Zr3Sn,False
39355,Ba4NaSi,False
39356,Li4VCr3O8,False
39357,La5C2I9,False
39358,Fe2OF3,False
39359,V4Zn5,False
39360,TiTe3O8,False
39361,SnBr6N2,False
39362,Sr2CdWO6,False
39363,Li5BO4,False
39365,Co3O2F4,False
39366,Ba4TiSb,False
39367,TiAu,False
39369,Ba4NaRe,False
39370,CrGa3P4,False
39371,Mg3Sb,False
39373,CaV2O4,False
39376,Ba4CdGe,True
39377,HfVF6,False
39378,Ba4TiPb,False
39379,Ba4CrPb,False
39380,DyInNi,False
39382,Sr3Cr,False
39383,HfAlNi,False
39384,ZnS,False
39385,EuPd3,False
39386,TiMnSi2,False
39389,KBaW,False
39393,Mn3O2F4,False
39394,RbHO,False
39396,NaTiS2,False
39398,BeGa4Pd,False
39399,Mg4BePd,False
39402,Ba2YSbO6,False
39404,Ba4BiSe,False
39405,NaN3,False
39406,KCr2S4,False
39407,TlFeF3,False
39409,Ba4LiGe,False
39410,CaTiO3,False
39413,Na2Ge2Se5,False
39414,Sr2CuClO2,False
39415,LiFePO4,False
39416,Ba4LiTa,False
39417,BrF3,True
39419,Ba4TlBi,True
39420,TiBe2Pt,False
39421,LaCo5,False
39423,Ba4ScV,False
39424,Pr2Fe17,False
39426,SnBiO4,False
39427,CaNi4O8,False
39428,ZrMnO3,False
39429,Hg2SeO4,False
39431,UBi,False
39432,Li2CrFeO4,False
39433,NbO,False
39434,Al2CuO4,False
39435,YbKO2,False
39436,Rb2CuCl4,False
39437,RbPbF3,False
39438,BAs,False
39439,Al2O3,False
39440,SbTe2F6,False
39442,Tb3Co2Ge4,False
39443,CrAgO4,False
39444,Li2FeCuO4,False
39445,LiMnP2HO7,False
39448,Ba3Br2O2,False
39449,Mn3O4F2,False
39450,Mn3IrN,False
39451,Te2SO7,False
39452,YbY2S4,False
39453,MnCu2Sn,False
39454,LuNiSn,False
39455,TeO3,False
39456,LiNbNiO4,False
39457,SnS,False
39458,DyCuSe2,False
39459,Li2VGeO5,False
39460,MgMn2O4,False
39461,Ag3Sb,False
39463,FeSbAs,False
39464,Na3NiO2,False
39465,Ga2Pt,False
39467,Li7SbO6,False
39469,LiV4CuO12,False
39472,V3CuO8,False
39473,Li3FeS3,False
39474,LiCoGeO4,False
39476,LiCaPrTeO6,False
39477,Zr2Ag,False
39478,LiMo2O4,False
39479,TmBrO,False
39480,Li8FeO6,False
39481,YbHo2S4,False
39486,CePd5,False
39487,LiVP2HO8,False
39488,NaDyO2,False
39489,Li2MnCrO4,False
39490,NdTi3FeCu3O12,False
39491,InSn2Br5,False
39492,Ta3Sb,False
39493,Li3Mn4NiO8,False
39495,ScOF,False
39497,VGaFe2,False
39498,Th2Zn,False
39500,LiMnF3,False
39501,SiRh,False
39503,TaAsO4,False
39504,BaYF5,True
39505,NaCaTaTiO6,False
39506,KLi4CrO5,False
39507,TiSnO4,False
39509,Ta2Mn2O7,False
39512,CdCl2,False
39513,TiSb,False
39515,CrCuO2,False
39516,TiBi2O5,False
39517,ScCu2O4,False
39519,Al2Si2H4O9,False
39522,LiCaTa2O6F,False
39524,MnInNi2,False
39526,Zn2CuRh,False
39527,Li8NbO6,False
39528,DyCuPb,False
39529,NpAs,False
39532,Li4Ti3V3Cr2O16,False
39533,HfCrO3,False
39536,CrSb2,False
39538,NiH12Cl2O6,False
39543,Li4Ti2V3Cr3O16,False
39544,UNi2P2,False
39545,NdSnPd,False
39547,SrLiTa2O6F,False
39549,KTaCu2Se4,False
39551,Li2NiBO4,False
39554,V6O7F5,False
39555,LiCuF4,False
39556,TiInCu2,False
39557,Li4MgCo3O8,False
39558,FeNiMo,False
39559,AsSeBr,False
39561,LaAgO2,False
39562,Li4TiCrO6,False
39563,TaCr2,False
39564,YMg2,False
39565,Ag2CO3,False
39566,Na3MnSiBO7,False
39567,V2CoO6,False
39569,CoCl2,False
39570,ScFe2,False
39572,SnF2,False
39573,MgCl2O,False
39575,Li4TiV3O10,False
39577,K2ZnBr4,False
39578,AgClO2,False
39579,Li6CuF8,False
39580,BaCaFe4O8,False
39581,Li2V3FeO8,False
39582,K2OsCl6,False
39583,Nd3TlN,False
39584,Li2NiO2,False
39585,CeMg2,False
39588,LiFeSiO4,False
39589,CrBO3,False
39592,Dy2Mn2O7,False
39593,VFeO4,False
39594,LuWO4,False
39595,TaFeSb,False
39596,CaFeGe2O6,False
39597,NaPt2,False
39599,Ti3O5,False
39600,UCoSn,False
39601,Co2N,False
39604,Li4MnFe3O8,False
39605,LiHS,False
39606,Rb2RhF6,False
39607,SnClF,True
39608,LiIrRh,False
39609,LiFe2F5,False
39610,YInAu2,False
39611,Ba2AlV3O7,False
39612,LuCoC,False
39613,Sr2CoMoO6,False
39614,Li2FeBO4,False
39615,FeCu2Sn,False
39616,K5As2Au,True
39617,LiFe5O8,False
39618,MnSnPt,False
39620,Na2Ti2O5,False
39621,MgV2O6,False
39622,LiMnCuO4,False
39625,PuAl2,False
39626,Fe3O2F4,False
39629,Li4Cr3GaO8,False
39630,CoBiO4,False
39631,BaWO4,False
39632,LiAgF2,False
39633,MgCr2O6,False
39634,SnF2,True
39635,V4O5F7,False
39637,ScVO4,False
39638,YPd2Pb,False
39639,Li2CoO3,False
39640,PNO,False
39641,Mn2ZnO4,False
39642,InAgS2,False
39643,Tm3TaO7,False
39644,CeZnSbO,False
39645,Li4Cr3NiO8,False
39646,CrO3,False
39647,Te2Ru,False
39649,KAgO,False
39650,Ba3In2O5F2,False
39652,Rb2CrCl4,False
39655,BaLaMn2O6,False
39656,Na3FeO3,False
39657,YbRh,False
39658,KFeP,False
39660,Li2VBO4,False
39665,CuAs2,False
39667,ZnBi4O8,False
39668,MnSb3P4O16,False
39669,Sm6GaCo2,False
39670,SmIO,False
39671,ScMo3O8,False
39672,NaTaO3,False
39674,TmPt3,False
39675,ThCu2Sn2,False
39676,Cr2SiO4,False
39677,ThS2,False
39679,LiMnF4,False
39680,SrH2O3,False
39682,ErCo2,False
39683,Sm2Co12P7,False
39684,Na3CoO3,False
39685,Tm2In,False
39687,Rb2Se3,False
39688,LaS,False
39689,VRhO4,False
39690,YbBi2Te4,False
39691,Li4FeO3F,False
39692,Na2Mn2O3,False
39694,Li2MnV3O8,False
39695,TmBrO,False
39696,Bi4Te7Pb,False
39697,PuGe3,False
39700,NaVO2,False
39701,BaH2O4,False
39702,DyNi2Ge2,False
39704,NdInAu,False
39705,Ag3PO4,False
39706,VBO3,False
39707,AsRh,False
39708,Nd3TlC,False
39709,LiAl2FeO6,False
39710,CuAs2Pb6Cl7O6,False
39711,Li5V5Co2O12,False
39713,Sm2InHg,False
39714,KPH2SO3,False
39717,TmMg16Al12,False
39718,Li2MnFeB2O6,False
39719,V2ZnO4,False
39722,Nd3In,False
39724,TaZn2SbO6,False
39726,Ta2H4O7,False
39727,BaHBrO,False
39729,HoMnGe,False
39730,ZnSb2O4,False
39731,Li2Mn2CuO6,False
39732,V3Sn,False
39733,AuClO2,False
39734,Sm3Np,False
39735,MnTcOs,False
39736,Mg3BH2O5F,False
39738,NpIn3,False
39739,TiPd,False
39740,Na2CO3,False
39741,CaScHg2,True
39742,DyHg3,True
39743,YPbAu,False
39744,LuCo2,False
39745,Li6CrO4,False
39746,Sm2Ti2S2O5,False
39747,Ce2Dy2O7,False
39748,Rb2S3,False
39751,BaMnS2,False
39752,LiZn2Cu,False
39753,MoWSe2S2,False
39754,Mn3TeO6,False
39755,ScOF,False
39756,Sr2CdAg,False
39758,SnP7Au3,False
39760,Ca2Ge,False
39763,AgPb2Br5,True
39764,KSb,False
39765,Ba2In2O5,False
39766,Li2MgAu,False
39767,NdNi2As2,False
39769,LuCuSe2,False
39770,RbHO,False
39771,LiZnHg2,False
39772,ThZn4,True
39773,Li2CuSbP2O8,False
39774,Ba2SrTeO6,False
39776,Mn2NiO6,False
39777,Ca2CoSi2O7,False
39778,Mg2CoH5,False
39779,Yb2SrS4,False
39780,Li2FeO2,False
39784,PrCr2Si2C,False
39785,LiTiCl3,False
39786,NdGaO3,False
39787,Ge2N2O,False
39788,LiVCrO4,False
39789,RbUAgSe3,False
39791,Nd2V2O7,False
39792,Sr2NiMoO6,False
39793,V3Se4,False
39795,UFe2P2,False
39796,SrH2Cl2O,False
39798,Na3CdPCO7,False
39805,AgAsO2,False
39806,MoWSeS3,False
39808,Na3SrPCO7,False
39811,Ba2Ti3Tl2O10,False
39812,GaPO4,False
39814,Li2NiBiO4,False
39816,TbCuSb2,False
39819,LiFeO2,False
39820,Co2As,False
39821,Li2MgGa,False
39822,SrGe,True
39823,Li2BiO3,False
39825,LiGa2Au,True
39827,Na2HgTe,True
39828,Li2FeNi3O8,False
39829,Sr2CoSO3,False
39830,Sr6In2NF,True
39831,Y4SiS3,False
39832,NaBC4N4,False
39833,U3Si,False
39835,LiV2OF5,False
39836,CeH3C3O6,False
39837,FeNiP2O8,False
39839,GeTe7As4,False
39840,Cr2CoS4,False
39841,Rb2SeO4,False
39842,LiFe3O2F6,False
39843,Mg2Si,False
39844,VOF3,False
39845,HoSO,False
39847,CeMnGe,False
39848,Li2CuNiO4,False
39849,Mn3OF5,False
39850,K2CoCl4,False
39851,Be12V,False
39853,MnCu2SnSe4,False
39854,LiCo6O7,False
39855,Ba3H12Ir2,False
39856,NdTi2CdO6F,False
39857,LiVSiO5,False
39858,TaNO,False
39859,LuB4Os,False
39860,YCd3,True
39861,FeCu2SnSe4,False
39864,CePt,False
39865,LiYO2,False
39867,TlPS3,False
39868,LiMnF3,False
39869,MgFe4S8,False
39870,PuS,False
39872,TiCu,False
39873,HoCo5,False
39874,K2NaAg3C6N6,False
39876,Sc2MnS4,False
39877,SrPSe3,False
39878,TlCdCl3,True
39882,TiRe,False
39883,SmCuSeF,False
39884,Li8CeO6,False
39885,Li3AlH6,False
39886,NaP4N7,False
39887,NdTaO4,False
39888,V2Zn2O7,False
39889,TaVO5,False
39890,Pb7Br2F12,False
39891,Mn3As,False
39893,Zn2CrWO6,False
39894,CeGe2,False
39895,Al2PbO4,False
39898,GaAgP2Se6,False
39900,PrInCu2,False
39901,VCrO4,False
39902,KAuI3,True
39903,Ba3Ti3B2O12,False
39904,Al2CuO4,False
39905,LaIn3,True
39907,Hg2Mo2O7,False
39908,Li2Pt,False
39909,K7NbAs4,False
39911,Pr3Al,False
39912,HfCo2,False
39913,Sr2PbO4,False
39914,Rb2In4O7,False
39915,CeSb,False
39916,SmTlMo2O8,False
39917,Tm3InC,False
39918,Na3BO3,False
39919,Na5MnO4,False
39920,HfO2,False
39921,RbIn5S8,False
39922,DyAg,False
39925,CaMn2P2,False
39928,Sr2GeS4,False
39929,Lu2ZnS4,False
39930,Mg2Pb,False
39931,SmZn,False
39932,LiHS,False
39933,K3Nb3B2O12,False
39934,LiMnP2O7,False
39936,PrAl4,False
39937,DyCuSn,False
39942,PrPb3,False
39944,LiMnPO4,False
39946,YVW2O8,False
39951,CoN3,False
39953,YCuPb,False
39956,Li8PtO6,False
39958,CaSb4O8,False
39959,AsS24I3,False
39960,PdPbF4,True
39961,AgSbS2,False
39962,DyMn2Ge2,False
39963,Fe3Si2O8,False
39964,FeCu2GeS4,False
39966,Mn2Sb,False
39967,CeFeGe3,False
39969,CdPt3O6,False
39971,LiFeP2O7,False
39972,Ca3TaGa3Si2O14,False
39974,Na3SbO4,False
39976,MgSb2O4,False
39977,DyGe2Pd2,False
39978,ZnCu2O4,False
39979,NbCrGe,False
39981,YB6,False
39982,HfAs2,False
39983,Cu3TeS3Cl,False
39985,Na3FeO3,False
39986,KH3F4,False
39989,CaH2,False
39990,YReW2O8,False
39991,DyFeSi,False
39992,Li4GeO4,False
39993,Rb2P3,False
39995,USe,False
39999,RuS2,False
40000,NaIn,False
40001,RbMnBr3,False
40002,V2ZnO4,False
40004,SrHfO3,False
40005,CrPO4,False
40006,La3InN,False
40007,BaPr2CuO5,False
40008,SrMn2Ge2,False
40009,TbAg,False
40010,YTiSi,False
40012,HoCuAs2,False
40013,CoSe2,False
40015,CrOF3,False
40016,NaAuF4,True
40018,Na2PtO3,False
40020,Y2Sn2O7,False
40021,KAgF4,True
40023,Mn3Sn,False
40024,ThH2,False
40025,CaAg2O4,False
40026,YbIn2Ni,True
40027,NaLiCO3,False
40028,RbAgO,False
40030,MgCu2O4,False
40032,Na4B2O5,False
40033,SmInRh,False
40034,NaZr2NiF11,False
40035,Co3W,False
40036,Ba2AlCr3O7,False
40039,HPd,False
40040,Mn2ZnO4,False
40041,MgH2,False
40042,PrSnPd,False
40043,As4S3,False
40044,ZrSnIr,False
40045,LuH2,False
40047,NdNbO4,False
40049,TbTiGe,False
40051,TiS2,False
40052,TiZn3,True
40053,PrSO,False
40054,K4Re2Cl10O,False
40056,NaAgF4,True
40057,FeGe2,False
40059,SrSiN2,False
40060,MgPt3O6,False
40062,BiO2,False
40064,CrH,False
40065,Cu4Si2NiS7,False
40066,CeP,False
40067,FeSb2,False
40068,Sm2Ti2O7,False
40069,Na3AlAs2,False
40070,CaCu2O4,False
40071,Tl2CS3,False
40072,TeO2,False
40075,RbNiBr3,True
40076,Tm2Sn2O7,False
40077,Ba2LuCu3O6,False
40078,TbInIr,False
40079,NdInCu2,False
40080,ZrH2,False
40083,K3CrO8,False
40088,MgH2,False
40089,CrP,False
40090,HoIn3,True
40091,PrFe2Ge2,False
40095,LiAg,False
40097,ScAl3,False
40098,LiMnAs,False
40099,CeSiNi,False
40101,Ba2CoB6O12,False
40102,MgFe4S8,False
40104,UGe2Ir2,False
40106,UFe2Si2,False
40107,DyTiGe,False
40108,Li2MnPO4F,False
40109,FeB,False
40110,NaCO2,False
40111,DyInAu,False
40112,MgAl2H8,False
40113,InPd,False
40114,LiCrSi2O6,False
40116,YFe2Ge2,False
40119,SiO2,False
40120,ThHg2,False
40121,RbLiCrO4,False
40122,AlTlF4,False
40123,TbSr3RhO6,False
40125,PbSe,False
40127,NbInS2,False
40128,Dy3In,False
40129,Dy3GaC,False
40130,PrCo2,False
40131,Li3BO3,False
40132,Sr2YTlCr2O7,False
40135,SrCu2GeS4,False
40136,ErGa2,False
40137,ZnPt3O6,False
40138,InFe2CuSe4,False
40143,Sr3HoRhO6,False
40144,TbIn3,True
40147,HoVO4,False
40148,LiH2N,False
40149,BaPbO3,False
40150,MgWO4,False
40153,Sr3DyRhO6,False
40154,LuB2Ru,False
40155,Mn3Cd2O8,False
40157,LiCoAs,False
40158,TbCoC,False
40160,CeIn2Ir,False
40161,As3H5O10,False
40162,CoB,False
40163,DyIn5Rh,False
40165,Mn2SnW,False
40169,CaY2S4,False
40171,TiSe2,False
40172,SnO2,False
40173,ZrP2S6,False
40174,YBO3,False
40175,ZnSn2O4,False
40176,K4Sb2O3,False
40177,InSb,False
40179,Tb2SnS5,False
40181,AsS2NF6,False
40182,Sr6GaN5,False
40183,UCo2Ge2,False
40184,Na2Ca2Ta3O10,False
40185,Ce3InC,False
40186,Zr3In,False
40188,Mo6PbS8,False
40190,Na3VS3O,False
40191,Ba2YV3O8,False
40193,TiFeO3,False
40194,NaHCO2,False
40195,NaIO4,False
40196,Th2In,False
40198,FeTe,False
40199,BPt,False
40200,SbRh,False
40201,Ca2MnP2H4O10,False
40205,Hf2InC,False
40207,ZnO2,False
40208,ErSb,False
40209,FeCo,False
40210,BaZnCO3F2,False
40211,MgBi2O4,False
40212,YAgPb,False
40213,Rb3PdF5,True
40214,NaPrTe2,False
40215,DyAgGe,False
40216,Mo6PbSe8,False
40217,KSmPdO3,False
40218,Dy2In,False
40219,CeOs2,False
40221,CaCuO2,False
40222,MnF4,False
40224,La3In,False
40225,TeO2,False
40227,PrNiSn,False
40228,NdMnGe,False
40230,H4BrN,False
40231,MnO2,False
40234,In2Au,True
40236,Li2S,False
40237,PrMnGe,False
40238,MnSbPt,False
40239,TeMoWS3,False
40240,Li2CrSi2O6,False
40243,V2O3F,False
40244,Pu2O3,False
40245,LiCuO2,False
40246,MgInBr3,True
40247,V2CuO6,False
40248,Li2MnCSO7,False
40249,NaSr2AlP3,False
40250,Tm2Pb2O7,False
40251,K2NdPCO7,False
40252,Li2FeP2HO8,False
40255,LuSBr,False
40256,LiTi3O4,False
40257,YbTiO3,False
40258,CdI2,False
40259,Ta2H4O7,False
40260,Ga3BN4,False
40262,TlBiF4,True
40263,Li2PmGe,False
40264,YBi3F15,False
40265,LiAl2Tc,False
40268,HoCdPd2,False
40270,NdP3,False
40271,Li2Cr2SiO6,False
40273,CdC2O4,False
40274,TiNiP2O8,False
40275,LiAlVO4,False
40276,Sc7NCl12,False
40277,V2Bi4O11,False
40278,V2FeO6,False
40279,MgSb2O4,False
40283,Ga3NO3,False
40284,Li2VSiCO7,False
40285,KPF6,False
40286,Li2NiP4O12,False
40287,K3LiP2O7,False
40288,CoNi2S4,False
40289,ErH2,False
40290,Ta2H4O7,False
40291,Ba3Y2Cu2PtO10,False
40292,SrMg2FeH8,False
40293,Ca2HfO4,False
40294,KSiPCO7,False
40295,Li12Mn2O9,False
40296,NdFeSi,False
40297,Na3AlSe3,False
40298,V3As4O16,False
40300,CaBiO3,False
40301,MnAl2O4,False
40302,NdSnPt,False
40303,TiBr2,False
40304,HfSe3,False
40305,VOF3,False
40307,Li5Cr2Fe5O12,False
40308,SnCl,False
40309,InSb,False
40310,LiAl2Os,False
40312,Mn3Si2Te6,False
40313,NaLi2BP2O8,False
40314,Ge2N2O,False
40315,AlH3O3,False
40318,SrUS2,False
40321,K4P2O7,False
40323,Li3TiCu4O8,False
40324,LiMn3O6,False
40326,PuGa3,False
40327,NbO2F,False
40331,PuSi2,False
40332,Te6RhCl3,False
40333,FeHO2,False
40335,Pu2SO2,False
40336,Ta2MnOs,False
40337,Na3AlTe3,False
40338,PuAs,False
40340,NaNO3,False
40341,AlBiO3,False
40343,Li2Mn3O6,False
40344,YbH2ClO2,False
40345,Ba2YCo3O7,False
40346,HfIr3,False
40347,Li3CoN6O12,False
40348,LiMg2Zn,True
40349,NaMnAs,False
40351,CePt2,False
40352,TeMoS,False
40353,KTiPCO7,False
40354,Dy2CuRu,False
40355,HoTmTl2,False
40356,PbS,False
40357,CrSbO4,False
40358,PmDyCu2,False
40359,ReTe3Br5,False
40361,NaMoO3,False
40362,SmTlO2,False
40363,NaCdAs,True
40367,Li4Co3Ni5O16,False
40368,Yb2LiRh,False
40369,TbCoSi,False
40370,MgTiO3,False
40371,Ba2DySbO6,False
40373,NiAs,False
40377,Fe3S4,False
40378,UPb,False
40380,NaFeAs,False
40381,UCr6P4,False
40384,CeB6,False
40385,PmDyIn2,False
40386,Sm3Np,False
40388,TePbO3,False
40389,Sm3In,False
40390,Ga2Se3,False
40393,NbSiAs,False
40394,Tb2In,False
40395,NdLuSe3,False
40396,YH3C3O6,False
40397,CdAuO2,False
40399,K8N3O,False
40400,Ag3SI,False
40401,ZnFeSb,False
40402,CeTl3,False
40403,Li2Cr3NiO8,False
40405,PrLuSe3,False
40406,Ho2ZnIr,False
40408,Na6S2ClO8F,False
40409,TaPbS2,False
40410,TmH3O3,False
40411,NbCl3O,False
40413,RhO2F6,False
40414,CaIn2Au,True
40417,Co3O2F4,False
40419,Sn2Ir,False
40420,TlHgF3,True
40421,LiY3WO8,False
40422,BaCu2O2,False
40423,PuSb,False
40424,Yb2LiTl,True
40425,Na2MnCSO7,False
40426,ZrNCl,False
40427,Li2Co3SbO8,False
40428,PrSi2Mo2C,False
40429,K8PO3,False
40430,TbC2,False
40432,Ho2In,False
40433,PmDyRu2,False
40434,CaTiO2,False
40435,Yb2LiPd,False
40437,CeCuGe,False
40438,K3Tm,True
40440,Na4TiO4,False
40441,GeBi4Te7,False
40442,HfMg3,False
40444,DyInAg2,True
40446,KNa2BN2,False
40447,PdPbO2,False
40449,LuH3O3,False
40450,Mn3FeO8,False
40451,LiFe2F7,False
40453,NaNbCu2S4,False
40455,YbRh2,False
40456,TbMn6Sn6,False
40457,K2NaInP2,False
40458,TiW2O8,False
40459,WN2,False
40461,NpSi,False
40464,TmHfCo2,False
40465,Na2BiO3,False
40466,DyGeAu,False
40467,Li5V2Fe3O10,False
40469,SrPb,True
40470,Mn3O4F2,False
40473,Ba3Ti2O7,False
40475,Ni3Sb,False
40476,Cr3Ge,False
40478,Li2FeO2F,False
40479,Li2FeO3,False
40480,LiPmZn2,True
40481,Tl4SiS4,False
40482,PrCrO4,False
40483,TlHg5Cl11,True
40484,LiCoPO4,False
40485,Sc3PbC,False
40486,K2RuCl6,False
40487,ZnFe2O4,False
40488,PIr2,False
40491,LiPH2O2,False
40492,NdTlAg2,False
40493,YMgIn,False
40494,Pm2PtAu,False
40495,NiO2,False
40496,Li3CrO4,False
40497,Rb3H5Pd,False
40498,V3Sn,False
40499,BaTa2Bi2O9,False
40500,SbRhO4,False
40501,LiFeCoO4,False
40502,Mn3OF5,False
40503,ThGa2,False
40505,K3ZnPCO7,False
40507,VFeH2O5,False
40508,LiMnF4,False
40509,AgP2,False
40511,Na3Tl,False
40512,Ba3SiO,False
40513,Al4C3,False
40516,TmInNi4,False
40517,LiMnFeF6,False
40518,Nd3SnN,False
40519,NaMn2O4,False
40520,Li6FeO4F2,False
40522,DyAgSn,False
40523,Li2CrPO4F,False
40524,SrSm2O4,False
40525,Pt3Pb,False
40527,Li4V3SiO10,False
40529,BiB3O6,False
40530,Fe3H4O2F8,False
40531,CaMn2O4,False
40534,Ba2YMn3O8,False
40537,V2InC,False
40538,Ta2Tl3Cu3S8,False
40540,UNi2Sn,False
40541,CeAl2,False
40542,TiCdO3,False
40543,Mg2Sn,False
40545,Li2MnCo3O8,False
40546,V3O4F2,False
40547,Rb3Ti,False
40548,Rb2H4Pt,False
40549,Rb3Sr,True
40550,TmH3O3,False
40551,Ta2InC,False
40552,CrN,False
40553,TaS2,False
40554,H3F2,False
40555,Ni3Pb2S2,False
40556,Li2VSiO5,False
40557,CdSO4,False
40559,NpIr2,False
40560,NdIn3,True
40561,TlCuF3,True
40563,ThNiSn,False
40567,Sr3Ge2B6O16,False
40569,LiVCoO4,False
40570,BaH4O6,False
40573,NdPb3,False
40576,InNi2,False
40581,VSb2O5,False
40582,CaFe2P2,False
40583,Li2CrO3,False
40586,LuMg16Al12,False
40587,CoHO2,False
40588,NbAs,False
40589,NaSrP3O9,False
40590,Mg2H4Ru,False
40591,Li2VCo3O8,False
40592,KLi6BiO6,False
40593,RbCrI3,False
40594,LiAg2F4,False
40595,UAsSe,False
40596,HfZr,False
40598,Na5InO4,False
40600,BiSCl,False
40601,Ca2AgSn,True
40603,Rb2Hg7,True
40604,Rb3Ru,False
40605,MnGeN2,False
40606,ZnI2,True
40607,ZnFe4S8,False
40608,Cu3Au,True
40609,CoPH6NO5,False
40610,UGa5Ni,False
40611,K4MnCl6,True
40613,FeNi,False
40614,TaMn2O3,False
40615,Fe4P,False
40616,K3H5Pd,False
40617,MgTi4S8,False
40618,Tl2SiS3,False
40620,SnClF,False
40621,ZrFeF6,False
40626,Cu2H3ClO3,False
40628,CuSbRh2,False
40629,WS2,False
40630,TbMnSi,False
40631,Ti3Pt,False
40632,BaNiO3,False
40634,TlCu2S2,False
40636,InAs,False
40637,KPrTe4,False
40638,Li2VO3,False
40641,Li4V2SiGeO10,False
40642,TlCu4S3,False
40643,SmAgO2,False
40644,LiTlPHO3,False
40645,NpGa3,False
40648,K3CrO4,False
40649,Sr5Al9,False
40650,BaZnSn4O8,False
40651,Li5V5Cr2O12,False
40652,TiFeSn,False
40654,NbW3Se8,False
40655,TlCoO3,False
40656,TmMgIn,True
40657,Na3SiSnBO7,False
40660,BaIn2Pt,False
40661,NpCo2Ge2,False
40662,MoO2,False
40663,NdInPd,False
40664,InN,False
40666,NaV2S4,False
40667,UCu2Ge2,False
40669,HfSn,False
40670,LiSbP2O8,False
40671,Mg6MnO8,False
40674,NbP,False
40675,CaNi2O4,False
40677,Ba2YTlCr2O7,False
40679,LiAlO2,False
40680,Pd3PbC,False
40681,CoPt3O6,False
40682,YbInPd,True
40683,K2Al2Sb2O7,False
40684,GeSb4Te7,False
40685,Cr3RhN,False
40686,UAs,False
40689,ZnBi2O5,False
40690,Ho3TlC,False
40691,USbAs,False
40693,ZnNi4O8,False
40696,YRh3C,False
40699,CeIn5Ir,False
40700,TeMoS,False
40701,UGaNi,False
40702,Tb3Mn3Ga2Si,False
40703,TlCdN3O6,False
40704,Li3Si2Ni2O8,False
40705,LiIn2Pd,False
40706,CuCl,False
40707,TbZn2,True
40709,BN,False
40710,NiO2,False
40711,ThCoSn,False
40712,CeCoC2,False
40714,NaBS2O8,False
40716,Er2O3,False
40717,Li4Mn3FeB4O12,False
40718,InPt3C,False
40719,ZnH2SO5,False
40720,Ca3TeO6,False
40721,TaInS2,False
40723,V3Pt,False
40725,KNaS,True
40726,DyGe2Ru2,False
40727,CdCO3,False
40728,Ba2CuSi2O7,False
40729,ZrGaNi2,False
40730,Li2Mn2FeO6,False
40733,La3InB,False
40734,PuSi2Cu2,False
40737,NaCdF3,True
40738,HfS2,False
40739,Li2ZnGeO4,False
40740,H3BrO,False
40742,RbCdN3O6,False
40743,NdTiGe,False
40744,Li14P2N6O3,False
40745,YbLiPb,True
40746,SmInCu2,False
40747,Sm3Si,False
40748,Li5AlO4,False
40749,Nb3Au2,False
40751,Na3CoO3,False
40752,MnPH6NO5,False
40753,SmIn2Rh,False
40754,LiCoSnO4,False
40756,K2HBrO,False
40758,Li6Br3N,False
40759,GaRu,False
40760,YbIn5Co,True
40762,ThPb3,False
40763,Ba5Bi3,False
40764,Tb3SnC,False
40765,Li2NbCr3O8,False
40766,LiMnAlO3,False
40767,SmRhO3,False
40772,NdAgPb,False
40773,Cr2CdH14N4O8,False
40775,Pa3Zn,False
40776,LiSi3Pd,False
40777,Li2Ti3CoO8,False
40779,NaC2N3,False
40780,FeNi2C6N6,False
40781,PtPb2,False
40783,DyCu2Ge2,False
40784,KAuSe5,False
40786,YbBi2IO4,False
40787,Li5Nb2Fe3O10,False
40788,Mg2Mn3O8,False
40789,ZrCuSiP,False
40791,Pb2SO5,False
40792,CaIn,False
40793,SrZrS3,False
40794,MoWSe3S,False
40795,MnCoGe,False
40797,SrTe3O8,False
40798,ZnSn2O4,False
40799,PtPb,False
40800,Ba2YMn3O7,False
40801,HoTaO4,False
40802,H3BrO,False
40803,Fe3SnC,False
40805,LiAgF3,False
40807,Co2Mo3O8,False
40809,Yb3Rb,True
40811,MgV4O8,False
40812,FeCo2Ge,False
40813,VCo2Si,False
40815,Ca4Mg3H14,False
40816,NaClO2,False
40817,FeGe,False
40818,LaIn,False
40820,Li3CoCu4O8,False
40821,Li4MnV2WO12,False
40822,CrSbSe3,False
40824,UGePt,False
40825,LiNO3,False
40826,ScZnMo3O8,False
40827,Li2VAsCO7,False
40828,V2O3F,False
40829,Mn3GaC,False
40831,VCo2Sn,False
40832,Ba2CuF6,True
40833,GaS,False
40837,MoH2O4,False
40838,Mn2Sb,False
40840,Mn3RhN,False
40841,BaCo2As2,False
40842,Tb2O3,False
40843,Hg2W2O7,False
40844,Mo3WSe2S6,False
40845,Yb3Na,False
40846,Li4V2Cr3Fe3O16,False
40847,RuSe2,False
40849,MgCo2O4,False
40850,Cd2SnO4,False
40852,LiFe2O2F3,False
40853,Li2CuSiO4,False
40854,NbSeBr3,False
40855,DyB2,False
40857,InNi3,False
40858,TmIn3,True
40860,CaMo2O4,False
40862,NaMnSb,False
40864,FePd3,False
40865,LuPd,False
40866,Fe3Ge,False
40868,Yb3Li,True
40869,AlSiP3,False
40870,NaHgPO4,False
40873,Mn2CoGe,False
40874,DyCoSn2,False
40875,CaTiF5,True
40876,ZnCo4O8,False
40878,Mn2VGa,False
40879,BiF5,False
40881,ZnSO4,False
40882,HgSO4,False
40883,TmCuPb,False
40888,Li4Ca2MgSi2N6,False
40889,YbIn2Au,True
40890,TaBiO4,False
40891,TaGaNi2,False
40892,MnO2,False
40893,ThSe,False
40895,TbInRh,False
40898,CaVBiO6,False
40899,Tb3PbC,False
40902,Ti3InN,False
40903,Mn2InCo,False
40904,Cr2As,False
40906,Li3Mn4O8,False
40909,Li2InPd,False
40910,NaHo2F7,False
40911,Na3Li3N2,False
40913,Al2CO,False
40914,Li2TiV3O8,False
40915,NaAsS2,False
40916,CoO2,False
40917,ZrS3,False
40921,NbS2,False
40922,CaCO3,False
40923,CaCr2O4,False
40925,CaMn2Si4O12,False
40926,K2CuF4,True
40927,MnGaCo2,False
40928,Ti2PbC,False
40930,NbW3Se8,False
40932,NdGe2Pt2,False
40933,Ba2Ti3AlO8,False
40934,GaCo2Ni,False
40935,LiV2FeO6,False
40937,ZrInNi2,False
40938,ScInPt2,False
40939,Cu3Ge4O12,False
40941,ZnH2O2,False
40942,DyTiSi,False
40943,K6HgS4,True
40944,Li2MgCu2Si4O12,False
40945,DyBC,False
40946,Ni3Se2,False
40948,KNO3,False
40949,CaFe2O4,False
40950,Li4VFe3O8,False
40951,CuH2SO5,False
40952,Mn2CoSn,False
40953,TbHg,False
40954,Th3Bi4,False
40955,NpAl2,False
40956,BiO2,False
40957,CaV2O4,False
40960,TiNiSb,False
40961,Li2InPt,False
40962,ZrMn2,False
40963,CdInS2,False
40964,NdAlO3,False
40965,Nd2CuO4,False
40966,YbMgNiH4,False
40967,CePO4,False
40968,FeSi2,False
40969,Li2PNO2,False
40970,Ta2AgF12,False
40972,DyMgIn,True
40973,CaPb3,False
40974,TiInNi2,False
40976,Sr2Mn2O5,False
40978,YIn2Ni,False
40980,Er3PbC,False
40981,BaMn4O8,False
40982,MnGaPt,False
40984,Na2AlH4ClO4,False
40986,Ce3Sn,False
40987,Ag2Se,False
40988,CaIn2,True
40989,InPt3,False
40990,CrCoO4,False
40993,LiFeNiO4,False
40994,NdSi2Pt2,False
40995,RbNdTe4,False
40996,DyPd,False
40998,MgCr2S5,False
41000,DyVO4,False
41001,Sr3Fe2O5,False
41003,Ni2P,False
41005,ScInNi2,False
41006,CdAs,False
41007,MnCoGe,False
41008,AlSbO4,False
41009,Li4H3ClO3,False
41010,MgBi2O4,False
41011,TePb,False
41012,LiIn2Pt,False
41013,Y3PbC,False
41014,DyGe,False
41015,HfCo2Sn,False
41017,Ba2TlCuO5,False
41019,ZnAs,False
41020,YMn2Ge2,False
41021,ScInCu2,False
41027,TmInRh,False
41028,P10Au7I,False
41029,CaCrO4,False
41030,NdGe2,False
41031,Pr3SnC,False
41032,Fe2As,False
41033,Ca4ThF12,True
41034,Lu4Ge6Rh7,False
41035,GeH3Cl,False
41036,FeSe,False
41037,SCl2,False
41038,Si3Ag3Sn2P6,False
41039,Ta2Te4Br10O,False
41040,FeSn,False
41041,InGaO3,False
41042,PuSi2Os2,False
41043,TbFe2Ge2,False
41046,CrCdO4,False
41047,Li3BP2O8,False
41048,SiCu2S3,False
41050,ZnMo2O5,False
41051,TiBr4,False
41052,MnAs,False
41055,BiF3,True
41056,NpSi3,False
41057,HoSb,False
41058,SrLi4N2,False
41059,Fe3Ge,False
41060,YbTi2CdO6F,False
41061,CaTi2S5,False
41062,TbPb3,False
41063,NpSi2,False
41064,CaIn,False
41065,SmGa5Co,False
41066,TaPO5,False
41067,PH4I,False
41068,MgV2S4,False
41069,SmMn2Ge2,False
41071,Pu3Pb,False
41072,PtO2,False
41073,MgCo3C,False
41075,CaMn2Ge2,False
41077,MgMo2O4,False
41078,AlNiO3,False
41080,CeVO4,False
41081,Y2MgSe4,False
41082,Tl2PdSe2,False
41083,RbGeCl3,False
41084,InSb,False
41086,Tm2CdS4,False
41087,UMn2Ge2,False
41088,InMo6Se8,False
41089,ThCl4,False
41092,Ta2InCuTe4,False
41094,Na2SO3,False
41095,Nd2In,False
41096,CdSb,True
41097,NdGe2Ru2,False
41098,LuAs,False
41099,ZrMo2,False
41103,YbMnGe,False
41104,UNi4Sn,False
41105,SrLuCuS3,False
41108,Cr2GeC,False
41111,PuPt2,False
41112,SmGe2Ru2,False
41113,Na2Zn2O3,False
41115,Nd3SnC,False
41123,Ni3N,False
41125,CoO2,False
41126,Y2In,False
41128,TeO2,False
41129,HfBe5,False
41130,Ga2PbO4,False
41131,TaS2,False
41132,CeSn3,False
41133,Be3Ru,False
41134,BaV4O8,False
41135,Mg3P2,False
41137,USn3,False
41139,AgAsO3,False
41140,Na2ScPCO7,False
41141,Na2CO3,False
41142,CaCr2O4,False
41143,AlIr,False
41144,Ca2Fe3O8,False
41149,Sr5As3H,False
41151,MgNi2O4,False
41153,ZnFeO2,False
41154,Ni3Ge,False
41156,Dy3PbC,False
41157,CaCu5,True
41158,Sr2CeO4,False
41159,NdIr3,False
41160,CaNi2O4,False
41162,ThPb,False
41165,SmCuPb,False
41167,InN,False
41168,Au3Br,False
41169,Ni3Sn,False
41170,MgIn2S4,False
41173,BaMg2FeH8,False
41174,PrNi2,False
41175,RbBiF3,True
41176,CeFeSi,False
41178,Rb2TeO3,False
41179,ErFe4Ge2,False
41180,HoSi2,False
41181,Dy3InC,False
41182,IrN2,False
41183,H8PtN2Cl6,False
41184,NiAg2O2,False
41186,Y3InC,False
41187,Na2SnF6,True
41189,ThBr4,False
41190,Li5TiAs3,False
41192,ThSb,False
41193,HfFeGe,False
41194,Cu2Sb,False
41195,CaNiWO6,False
41197,Ce2O3,False
41199,KNdTe4,False
41200,GePb2S4,False
41201,YbScO2,False
41202,SrIn2Ir,False
41203,Sr3AlO4F,False
41205,LaAs,False
41207,NaZr2SN2Cl,False
41210,CaTaAlO5,False
41211,ZrNi2Sn,False
41212,CdSb6S8I4,False
41213,K2SiP2,False
41214,NpSi2Au2,False
41215,CaAl4,False
41216,YInPt,False
41217,NdNi5,False
41218,YAsO4,False
41220,Na4MoN2O2,False
41221,MnOF,False
41222,LaInCu2,False
41223,ZrGeO4,False
41224,Li8PO3,False
41225,Fe2Te4H3ClO12,False
41226,RbMnAs,False
41228,BaYFe4O7,False
41229,Pu3Ga,False
41230,NdH2ClO2,False
41235,KBa4Bi3O,False
41236,V2Cu3H6O11,False
41237,AgHgSI,False
41238,Sc4C3,False
41239,NbGa3,False
41240,Sr5Bi3,False
41241,Sm2In,False
41243,Mn3GaC,False
41245,Sr2FeO4,False
41246,CaMn2F10,False
41247,Mn2ZnO4,False
41249,Ti3Al,False
41251,Be2P2O7,False
41253,Li2ZrO3,False
41254,Cu3Ge,False
41255,InNi,False
41257,MgCo2O4,False
41258,MgFeO2,False
41259,TmInPt,False
41260,PrOF,True
41262,HoMgIn,True
41264,Mn2GaCo,False
41265,Na2NiO2,False
41266,CaIn2Cu,True
41267,NiAs2,False
41268,SmSnPt,False
41269,SbPbClO2,False
41270,LaMg2,False
41271,Ce3SnC,False
41272,CaMo2O4,False
41273,Ba2Mn3Sb2O2,False
41274,TiAs,False
41276,Ca2Sb,True
41277,Y2V2O7,False
41279,Dy2Bi2O7,False
41280,Sn2Pt,False
41281,ZnP2O6,False
41282,CrO,False
41283,Mn2B,False
41285,LiFeF4,False
41286,TbH3O3,False
41287,CeIn5Co,False
41289,HoAl3,False
41292,CeNi2As2,False
41295,PbO2,False
41296,BaH4O6,False
41297,MgCr2O4,False
41299,Tb2Pb2O7,False
41301,LuSiRu,False
41302,CaSn2O4,False
41303,TiTe2,False
41304,PbAu2,False
41305,Li2VF6,False
41307,KCu2P2H3O8F2,False
41308,Ti2InC,False
41311,HfS3,False
41312,YbIn2Pd,True
41313,CeMg3,False
41314,CuClO2,False
41315,SrH4O6,False
41320,MnSn2,False
41321,Ca2HN,False
41322,AlVO3,False
41323,CoO,False
41324,VO2,False
41325,TiAlAu2,False
41327,HoCuPb,False
41328,GaPO4,False
41329,LuTiSi,False
41330,Mo5As4,False
41331,GaFe3,False
41333,Te2Au,False
41334,MnNi,False
41335,ZnSiO3,False
41336,SnWO4,False
41339,Ba2BiSbO6,False
41340,Li2FeAsCO7,False
41341,As2Ir,False
41342,NpSnIr,False
41343,ThAs,False
41344,SmAs,False
41345,NaFe2O3,False
41346,ZnSn4O8,False
41347,TiAlAu,False
41348,TbMn2,False
41351,Li2Ti3NbO8,False
41353,ErZn,False
41356,CaZn5,True
41357,YbP5,False
41358,CoSn2,False
41359,Ba2SrWO6,False
41361,Ca2SbMoO6,False
41362,Cu3NiH6Cl2O6,False
41364,Zr2N2O,False
41365,LuTiGe,False
41367,DyP,False
41368,NpAs2,False
41369,Na4CoO3,False
41370,ThFe2Ge2,False
41372,Rb2Mn3Se4,False
41374,Rb8N3O,False
41375,MgSnO2,False
41376,MnP4,False
41377,In2CuO4,False
41378,UAs2,False
41380,BaMoO3,False
41382,Sr2CoO4,False
41383,ScSi7Ir3,False
41384,Na3Nd5Cl18,False
41385,I2O5,False
41386,VAgHgO4,False
41387,SrAgSb,False
41388,AcF3,False
41389,NpN2,False
41390,Co2SbTe,False
41392,ZnGaRh2,False
41393,TlI3,True
41394,HfGaAu,False
41395,PrRe2,False
41398,SmAl,False
41399,Rb3NaBe2F8,True
41400,Mg2AgPt,False
41401,NaSiAu3,False
41402,CrPO4,False
41403,Al2S3O12,False
41405,Hf2CuIr,False
41407,ThB2O5,False
41408,AsCl2F3,False
41409,Mn2CrCo,False
41410,Nd3BWO9,False
41412,H8PtN2Cl2O2,False
41413,V4GaS8,False
41414,Na3VSO3,False
41415,Li2AlBO4,False
41416,YAlPd,False
41417,Dy2CuRh,False
41418,Ba2Cu3P4,False
41419,CdCu2SnSe4,False
41420,U2Cu4As5,False
41421,BaGe2S5,False
41423,V6C5,False
41424,Ca2FeN2,False
41425,MgTeH12O9,False
41427,Tb3Mn2C6,False
41428,YAl,False
41429,Dy2CuIr,False
41432,GaTe,False
41433,YAl,False
41435,YAl3,False
41436,NbS2,False
41438,YAl3,False
41439,CaSiPt,False
41441,Zr6FeSb2,False
41443,ErB6,False
41444,Cu2SnHgSe4,False
41445,PrMg2Ag,True
41446,BaNi4O8,False
41447,SmMg2Ag,True
41448,Bi2Rh3S2,False
41449,Y2SiCO7,False
41450,MgZnAg2,True
41451,Tm2CuTc,False
41452,Ta2Be,False
41453,TiBe,False
41454,Rh3Se8,False
41455,ZnMo3,False
41456,Zr6Sb2Pt,False
41457,Tb3Nd,False
41458,YbSn2Pd,False
41459,Er2FeC4,False
41461,ZrBe5,False
41462,CaGa2,True
41464,HgOs,False
41465,Mn2N,False
41467,ScAs,False
41468,MgVBiO5,False
41469,TaTe4Ir,False
41470,Rb3Sm,True
41472,ScSb,False
41473,CaHg2,False
41474,ZrNbP,False
41475,Ho5Ga3,False
41476,PrCo2B2C,False
41477,Tb3AlC,False
41478,CaSn3,False
41479,PbO,False
41480,RbMnAs,False
41481,InAs,False
41484,TlBiP2S7,False
41485,PrB2Pt2C,False
41487,SnSe2O6,False
41488,ZrCdCu2,False
41489,Ti2AlC,False
41490,VSnRh2,False
41492,U3NbSb5,False
41493,DyCd2,False
41495,Zr6CI12,False
41496,K2GeF6,False
41497,Ba2Mn2Sb2O,False
41499,Ba2PdF6,True
41500,SrPt5,False
41501,Ba3LuIr2O9,False
41502,Dy2Si5Rh3,False
41503,ZnCN2,False
41508,KZrF5,False
41509,Sr2InF7,True
41510,UCo4Sn,False
41511,TmGe2Rh2,False
41512,YbBa2SbO6,False
41513,PrO2,False
41514,Na2GaNiF7,True
41515,Dy3MnB7,False
41516,DyCd3,True
41518,V3Pd,False
41519,MoN,False
41520,CaTi8S16,False
41521,YbFe2,False
41522,Mg2BiPO6,False
41523,ErCd2,False
41525,LiMn2S4,False
41526,Co2Ge,False
41527,NaSrBO3,False
41528,Cd2Hg,False
41529,Ca3Co2Ge3O12,False
41530,YbAu2,False
41531,RbCa2Nb3O10,False
41533,TiCdHg2,True
41534,MnPt,False
41537,LuNiPb,False
41539,AsSCl3F6,False
41540,LiB,False
41541,Na2ZrSiO5,False
41543,IrN2,False
41544,Y3B7W,False
41546,HoCd3,True
41547,Tb3Al5O12,False
41549,LiGa,False
41550,YP,False
41551,YAs,False
41552,Li2CdPb,False
41553,Mn2CoSi,False
41554,Sc2GaC,False
41555,Ga2BiS4,False
41557,SmNiAs,False
41558,Mn2CoSb,False
41559,Hg2P3Br,False
41561,NaVS2O8,False
41562,MnInBr3,False
41563,TbCu5,True
41565,Ge3Bi2O9,False
41567,Mg3P2O8,False
41568,TiCu,False
41569,ZrPb3F10,False
41573,ZrZnCu2,False
41574,K2TiSi3O9,False
41575,Cu2SnTe3,False
41576,Ba5Re3BrO15,False
41578,DyHg2,False
41580,YMgAl,False
41581,Te2I,False
41583,Re2SCl12,False
41584,SrIn2Te4,False
41586,BiI,False
41589,U7Te12,False
41590,TmSnAu,False
41592,Zr6Al2Ni,False
41593,ErSn3,False
41594,YAl2Ni,False
41596,Te3SeO8,False
41597,Sr6Li2Cr2N8O,False
41599,YN,False
41600,RbZrMnF7,False
41602,Zr6CCl14,False
41603,Ga3Os,False
41604,CIF7,False
41605,MoPt3,False
41606,Na8SnSb4,False
41608,LuAgPb,False
41609,UGa3Ni,False
41611,CoH3C6N6,False
41612,DyTlPd,False
41613,SrCeI4,True
41614,NiN,False
41615,Nb2Te6I,False
41617,P2Se5,False
41618,DyTl,False
41619,CuN,False
41620,PSe,False
41621,Hf3Te2,False
41622,CeZn3Pd2,False
41623,LiCaN,False
41624,NdFe5,False
41625,K2Hg7,True
41626,CeSi3Ru,False
41628,NiBiAsO5,False
41629,LiCoP2O7,False
41631,CoPO4,False
41632,NpFe2,False
41633,VAg2PO6,False
41635,SmAgPb,False
41637,LiCoPO4,False
41638,SrThBr6,False
41639,WC,False
41641,NaAlMo2O8,False
41642,GeClO2F5,False
41643,NaNb2PS10,False
41644,ZrAs,False
41645,AgCl,False
41646,Hf2CS,False
41647,Ho4Ga16Co3,False
41648,YFe5,False
41650,ZnAu,False
41651,Ta3TeI7,False
41652,Sr2TaCrO6,False
41653,SrMg2N2,False
41654,OsBr4,False
41655,FeAg3,False
41656,Ce2Sn5,False
41657,Ba4GaPd,False
41658,Li2CuO2,False
41659,HfSnPd,False
41662,Li2MnF4,False
41665,MnF2,False
41666,RbLaSe2,False
41667,NbI5,False
41669,H3ClO5,False
41671,AgO,False
41672,NaVO3,False
41674,Ba4HgGe,True
41675,SmCd,False
41676,Nd2PbSe4,False
41677,Ti3MnO8,False
41678,SiN2F6,False
41679,LaMg4Cu,True
41680,La3MnGaS7,False
41681,ScRe2O6,False
41682,Ba4CdCu,True
41683,LiFe2OF5,False
41684,BeZnSi4,False
41685,FeOF,False
41686,SrLiAlSb2,False
41687,Ba4NbCd,False
41688,Ba4MgCd,True
41689,Mn4BeTe,False
41691,Rb3Cu8Se6,False
41692,MnSbPd2,False
41693,Rb2CrCl4,False
41694,C2SeN2,False
41700,Ba4TiP,False
41703,Ba4CaGe,False
41704,Rb2SeO4,False
41705,KHgC2IN2,False
41707,Ti4FeBi2,False
41708,Tl2SnTe5,False
41709,Sr3B6Rh8,False
41712,RuAu3,False
41714,LiCrSiO4,False
41717,BaAgO2,False
41718,NbAl3,False
41719,Mg8BPt4,False
41720,KAlF4,False
41721,TbSi2Ir2,False
41722,LaSi2Au2,False
41725,Ba4TaSb,False
41726,KNaTe,True
41727,UMo,False
41728,IrBr6O2,False
41730,RbZrCdF7,True
41731,K2HfF6,False
41733,TaTiFe2,False
41734,Ba4ZrNi,False
41735,Na3As,False
41736,CaTcO3,False
41737,Rb2O,False
41738,Rb2Hf2O5,False
41739,TeO3,False
41740,Ba4OF6,True
41741,Ba4ZrTe,False
41742,FeOF,False
41743,LiErSe2,False
41745,SiO2,False
41748,BNO2F4,False
41749,Sr2Cd2CuS2O2,False
41750,Ba4BePd,False
41752,SmCuP2,False
41753,BeNb4Sn,False
41754,Na2VO3,False
41755,SrB2S4,False
41758,Li3V2F9,False
41759,MoH6NO3F2,False
41760,Li2VO2F,False
41762,Hg6BiSb4Br7,True
41763,Ba4MnCu,False
41764,Ba4BeTl,False
41765,Ba3MgSb2O9,False
41770,Ba4LiSi,False
41771,BeZnW4,False
41772,HfCuGe2,False
41773,Ce3Th2O9,False
41774,Er3Mn3Ga2Si,False
41775,Pr2ZnAg,False
41776,K4V2O7,False
41777,HoNi3,False
41778,BaPd2,False
41779,HfGa3,False
41780,Li2Mn2NiO6,False
41781,KBiP2S6,False
41782,ErAs,False
41784,TaS2,False
41785,Cu3Sn,True
41786,Nd5Ge3,False
41787,Tm2Ge2O7,False
41788,HgTe,False
41790,BaPbO3,False
41791,BaAlSi,False
41792,CdPd,False
41793,Be12Mo,False
41794,TiSe,False
41795,KAuI4O12,False
41796,TbPt2,False
41798,Ta6Si7Ni16,False
41799,TmGa2Pd,False
41800,K2SO4,False
41801,PrVGe3,False
41802,Ga3Ni2,False
41803,SrSn,True
41804,Ca3MnN3,False
41806,Ta2CrO6,False
41807,Ga3Ni5,False
41808,CrPO4,False
41809,BaCu8P4,False
41810,CoAs3,False
41811,HfOs,False
41813,SmRu2,False
41814,Li4Al3Ge3IO12,False
41815,HfAg,False
41816,UAl3,False
41817,ZnO,False
41820,PdSCl,False
41821,AsCl5,False
41822,HfBrN,False
41823,CeMgZn2,True
41824,HfPt,False
41826,AlI3,False
41828,PAuS4,False
41829,NaVGe2O6,False
41832,Mg3Ni20P6,False
41833,Ce2Mo2C3,False
41834,HfTc,False
41836,Ca2SnS4,False
41838,HoHg2,False
41839,Li2SO4,False
41841,LuRh2,False
41842,SmFe2,False
41843,Si3N4,False
41844,KMnSe2O8,False
41846,DyMoClO4,False
41847,NbI5,False
41848,NiB2O4,False
41849,CrBrO,False
41850,BaGe,True
41851,VBr2O,False
41852,WBr4O,False
41853,TmMoClO4,False
41855,HfTe2,False
41856,Hf3Zn3N,False
41857,ZnPS3,False
41858,CaSiO3,False
41859,ThAs,False
41860,NaZr2CoF11,False
41861,Bi2Te3,False
41862,CaH4Se2O7,False
41863,BaAlGe,False
41864,Na3ScSi2O7,False
41865,PrPO4,False
41866,Li4CaB2O6,False
41867,UHg2,False
41868,Ti2O3,False
41869,KHg,False
41870,K2Be2Si3O9,False
41873,ThB6,False
41874,Sc2MnSe4,False
41875,SrNb2O6,False
41877,DyFe2,False
41878,Li7VN4,False
41879,SrRh2,False
41880,MgHg2,False
41881,UAl8Fe4,False
41884,LuIr2,False
41885,NdHg,False
41886,Sr2CaIrO6,False
41887,NaNiAsO4,False
41889,LuSnAu,False
41890,NdHg2,False
41891,ErMoClO4,False
41893,TbBaMn2O6,False
41894,ErRh2,False
41895,PrHg,False
41897,Sc6Al16Ir7,False
41898,Li2BeF4,True
41899,RbFeF4,False
41901,Ni2P2O7,False
41903,TmS,False
41904,SmI,False
41908,ScHg,False
41910,SbPd,False
41911,SrHg2,False
41912,ErB2,False
41913,HoGeAu,False
41914,TlHg,False
41915,SrAlGe,False
41916,NaBi2AuO5,False
41917,SnAu,False
41918,Na3Ca2BiO6,False
41920,TlHg3,True
41921,Fe3PH6PbSO14,False
41922,ScRh,False
41923,KTeF5,True
41924,LiGeRh2,False
41925,Hf5Sb9,False
41926,FePH6NO5,False
41927,TmHg,False
41929,HoIr,False
41931,Tb3CuGeS7,False
41932,Y2C,False
41933,Al3Pt5,False
41935,HoSn3,False
41937,PrSb,False
41938,GaAg,False
41939,PdO,False
41940,MnCu2GeS4,False
41941,Ga2Os,False
41942,CuMoO4,False
41943,Ni4Mo,False
41944,Ti3Au,False
41948,MoAs2,False
41949,CaCrF6,False
41951,NpTe,False
41952,NbNi3,False
41953,TlCr3O8,False
41954,Ag3AuSe2,False
41955,SrAu5,False
41956,PdBr2,False
41957,BaPbO3,False
41959,U2FeS5,False
41960,NdAl4,False
41961,PCl2OF,False
41963,NbPt2,False
41964,Ca2HfO4,False
41966,Ba2SrI6,False
41969,NdPd2O4,False
41970,BaCuO2,False
41971,CuIr2S4,False
41972,NdCu,False
41976,NaZr2ZnF11,False
41977,NbAl3,False
41978,SrAsO3,False
41980,ErCu2O4,False
41982,NdPd3S4,False
41983,YbMn2Si2,False
41984,NbRu,False
41989,NbIr3,False
41990,Dy2Ge2O7,False
41991,NbRu3,False
41993,YbCd,False
41994,LiGaMo2O8,False
41996,SrGe2Ir2,False
41997,LuMn2Ge2,False
41998,HoMoClO4,False
41999,CaMgNi4,False
42001,SrGa2H2,False
42002,SmMoClO4,False
42003,NiSnRh2,False
42004,K2Ag2SnSe4,False
42005,CaPr2S4,False
42006,Sn3B,False
42007,ScNi,False
42008,NpMn2,False
42010,Zn4P6N12O,False
42011,SrH3,False
42014,NdNi2,False
42015,LiMoIO6,False
42016,SrHgO2,False
42017,Ni3Sn,False
42019,RbVI2O8,False
42021,ZrP2,False
42022,UN,False
42023,TlNi,False
42024,SrFe2P4O14,False
42025,Co2P,False
42026,Sr3CdIrO6,False
42028,RbNdW2O8,False
42029,MoF3,False
42031,Rb2AgSbS4,False
42032,BePd2,False
42034,ZrSnRh,False
42035,K3LuSi2O7,False
42037,BePd3,False
42038,VS,False
42039,TmNi,False
42040,FeNiPt2,False
42043,TmNi5,False
42044,Sr2CuF6,True
42046,Ca3SnS5,False
42048,Sm6Si4S17,False
42049,VNi2,False
42050,TbTl3,True
42051,TbPS4,False
42052,Tl2Pd,False
42053,LiAgF4,False
42054,Tl9SbTe6,False
42055,ZrZnNi4,False
42056,YbNi2Sn,False
42057,MoP2,False
42058,NpOs2,False
42059,FeO,False
42061,NbNO,False
42062,K2PbS2O8,False
42064,NpRh3,False
42065,ThAl8Fe4,False
42066,CaSnS3,False
42067,BMo,False
42071,NbO2F,False
42072,CoPdO2,False
42073,BaIrF6,False
42074,SmTh4O10,False
42075,K3NaFeCl6,False
42079,SmAl4,False
42082,KSiBiS4,False
42083,SmY3,False
42084,TlInAs2O7,False
42085,K4BaGe3O9,False
42086,Ba3Fe2Cl2O5,False
42087,K3TaF8,False
42090,TbAlNi,False
42092,ScSiPt2,False
42094,YbB4O7,False
42095,TiOF,False
42096,PtO,False
42097,DyIr2,False
42099,Sm3I,False
42101,ZrOs,False
42102,SrAgO3,False
42106,TiPd,False
42107,YTa3O9,False
42108,TaIn3O7,False
42110,Sr2VO4,False
42111,TiTc,False
42112,Na5Al3F14,False
42114,Na2Au,False
42115,Ca2PbO4,False
42117,Sm3Cd,False
42118,YbTl,False
42119,PuRh2,False
42120,Sr2HfO4,False
42121,YbZn,False
42122,K2NdAgI6,True
42124,Sr2CaTlCu2O7,False
42125,K2TiHgF6,True
42126,Rb2CO3,False
42127,Na2NdCuCl6,True
42130,Rb2HgAuBr6,True
42131,Rb2YAgCl6,True
42132,K3VS2O2,False
42133,K2NbHgF6,True
42135,RbTlBr3,True
42136,Mo2C,False
42137,Rb2ScTlI6,True
42138,VZn3,True
42139,Zn3SiNi2,False
42140,KRb2SmCl6,True
42142,Rb2NaInBr6,True
42143,PbSeO4,False
42144,Rb3TlI6,True
42145,K2LiAlF6,False
42146,CeGe2Ru2,False
42147,Sn7Ru3,False
42148,KYCu2O4,False
42149,TiCrP,False
42150,BaGe3Pt,False
42153,CeSi2,False
42154,SmFe2Ge2,False
42155,LiVS3,False
42157,TcP3,False
42158,K2Mn3S4,False
42159,GaPtO2,False
42160,SnSe,False
42161,Y2Si3N4O3,False
42162,MoO3,False
42163,SrCN2,False
42164,LiS,False
42165,KAlSiO4,False
42166,K3NbSe4,False
42167,AcAg2Pb,False
42168,NaCoO2,False
42169,K3CoF6,True
42170,AcPdO3,False
42172,Rb4CuSi2O7,False
42175,K2HgSbBr6,True
42176,Rb2HgBiF6,True
42177,AlTc3,False
42178,K2RbCeCl6,True
42179,Ba2MgTl,True
42180,Ca2CuCN2O2,False
42182,AgPb3,False
42183,Eu2MgCd,False
42184,LiAgF2,False
42185,Ba2Tc2O5,False
42186,Er3Ge,False
42187,Ba3Pr,False
42188,HfGeRu2,False
42189,Na2GeF6,True
42191,Ho3Er,False
42192,YbLaAu2,False
42193,Al2SiO5,False
42195,LiLuTl2,False
42196,Ca3Y,False
42197,Nd3Zn,False
42198,CaDy3,False
42200,Cd3Pb,True
42202,Cr3As,False
42204,Tb2Cl3,False
42205,CeNdHg2,False
42207,Nd3Cu3Sb4,False
42208,CeI3,True
42209,KDyI3,True
42211,K2Hg3Ge2Se8,False
42212,CuAu3,False
42213,Tb2MgNi2,False
42214,Dy3Tm,False
42215,LaO,True
42216,LuPd2Pb,False
42217,Dy3Al,False
42218,TmMn2Si2,False
42219,Er2RuPt,False
42222,Tm2SnAu2,False
42224,In3Cl,True
42227,Hf2MnCo,False
42228,Tb2Si2O7,False
42229,ZrNbC2,False
42230,ZrIn,False
42232,IrRh3,False
42234,ZnGeAs2,False
42236,Zr2Se3,False
42238,YGaAg,False
42242,Li3Rh,False
42244,Lu8Te,False
42245,LiYPd2,False
42246,Th4SiGe,False
42247,Li3Sc,False
42248,SrLaTiMnO6,False
42250,SnPbS2,False
42251,LiAg3,True
42253,Nd2NiGe3,False
42256,Nb3Au,False
42257,LiPrAu2,False
42258,LaSmMg2,False
42259,NaLaRu2O6,False
42260,CeB2Ir3,False
42261,Mg2Pd,False
42264,K2LiBO3,False
42265,Mg3Tc,False
42266,HoAgSn2,False
42267,Sc3Fe2Si3,False
42268,K3BrCl2,True
42269,MgIn2,False
42271,AlGaAs2,False
42273,AgSnS2,False
42275,MnPd,False
42276,NaSr3,True
42277,Fe3SbN,False
42280,Nd3Au,False
42282,PrB2Ir3,False
42283,TeF6,True
42284,RbNO2,False
42285,Nd3Dy,False
42287,K2RbNbF6,True
42289,OsRh3,False
42290,K2AgSbCl6,True
42291,Ba3NbFe3Si2O14,False
42292,PaAlFe2,False
42293,Rb2TiAuF6,True
42294,PaHgO3,False
42295,Rb2PdAuF6,True
42296,PaHgTe2,False
42297,Li7OsO6,False
42298,Rb2InSbI6,True
42301,K2CeSi6O15,False
42304,WO3,False
42305,BaAl4,False
42306,Rb2LiCeBr6,True
42308,Yb3Sr,True
42309,LiCuOF,False
42312,ThCu2,False
42313,MgBr2O6,False
42314,Sr3Ac,True
42315,Ac3Tm,False
42316,Ta3Os,False
42319,AcZn2Cd,True
42324,Ti2FeCo,False
42327,YbWO3,False
42328,Ce3Sm,False
42329,YbYCd2,True
42330,YbNbO3,False
42331,CuAu3,False
42333,DyTh3,False
42334,YbCeAu2,False
42335,YbCeCd2,True
42336,DyTmIr2,False
42337,Y2ZnCu,False
42338,ErBi3,False
42339,YTmRu2,False
42340,NdBPt3,False
42341,YbAs3,False
42342,Ga3Ge,True
42343,Hg3Pt,False
42345,ZnGaNi2,True
42346,Yb3Pr,True
42347,CaAu2F12,False
42348,Ho2AlRu,False
42349,Ho2CuOs,False
42350,Yb3Pb,True
42351,Yb3Lu,True
42353,ZrInCo2,False
42354,Mg5Pb,True
42355,SmSiOs2C,False
42356,NaAc3,False
42357,PdSe2Cl6,False
42358,NdY3,False
42360,Ca2IN,False
42361,Pm2NiPd,False
42362,Ba2PrTaO6,False
42363,Sr2Mn3As2O2,False
42365,PmYTl2,False
42367,Pr3Zn,False
42368,HoMn2SiC,False
42369,TmMnGe,False
42370,Li2NiO3,False
42371,Li2SnF6,True
42373,Sn3Ge,False
42375,SrAcAu2,False
42376,Zr3Tl2OF12,False
42379,BaNaN,False
42383,K2GaAgCl6,True
42384,BaFe2As2,False
42385,Ba4BiCl,False
42386,Ba4CuSb,False
42388,Li7VO5F,False
42390,MnH4Br2O2,False
42392,NaAl2Sb,False
42394,Cr3O5,False
42395,La3ScBi5,False
42396,CaNiGeH,False
42399,Ti2CdO6,False
42400,U3Al3NiRu2,False
42402,KBaTe,True
42403,Ba4LiPd,False
42404,Nb2Pd3Se8,False
42406,SmB2Rh2C,False
42407,Yb2CdSb2,False
42408,Mn8O13F3,False
42410,Ba4TiGa,False
42411,TmGe3,False
42413,Th3Pd5,False
42415,BaMg4Si3,False
42416,Ba4CrCd,False
42417,SmBeF4,True
42419,BaCrS2,False
42420,Li2CuF4,False
42421,FeHO2,False
42422,Na2Te4O9,False
42423,KLaSiC4N8,False
42424,Ni3Au,False
42425,MgSb,False
42426,DyZnPd,False
42427,Li4Fe3Si3O12,False
42428,Li2Fe3O3F5,False
42429,Ti2AlN,False
42430,Ti4AlN3,False
42431,Sr2CaI6,True
42433,SbS7IF6,False
42434,YB4Mo,False
42435,Ba2Na2O3,False
42436,YB7Mo3,False
42438,ScCl3,False
42439,BaSrI4,True
42441,Na2CoO3,False
42442,KBa4Mo,False
42443,LiLuO2,False
42444,K2Ca3Si3O10,False
42445,Ho5Co2Bi,False
42446,Al5Mo,False
42447,LiMn2OF3,False
42448,Ba4CdPd,True
42450,U2Cu2As3O,False
42453,Rb2CoS2,False
42454,Dy2Sn5,False
42455,KSnN,False
42456,Ba6Co25S27,False
42457,Pb3Br2O2,False
42458,Ba4HfPd,False
42459,Ba4MgSi,False
42461,Ba4ZrPd,False
42463,Rb3Pb,True
42464,LiVF4,False
42466,Al3Pb5F19,False
42469,Ba4YPd,False
42472,Ba4TlHg,True
42473,Ba4SiBi,False
42474,K2WSe4,False
42475,CdBr2,False
42476,Mg4BeV,False
42480,BeIr4Rh,False
42481,CaNbO3,False
42482,U3O8,False
42484,YHfBe2,False
42485,MnH2SeO5,False
42486,Sm2SbO2,False
42489,CeSe2,False
42492,La2NiO4,False
42495,WO3,False
42496,Ba4GaHg,True
42497,HoScZn2,False
42498,Zr3TiCu2,False
42500,AlCr6Si,False
42502,BeSiN2,False
42503,AlVFe2,False
42504,CuAs2,False
42505,Nd3In,False
42506,Zn3Cr,False
42507,HfZrS6,False
42510,TbNiO3,False
42514,SrTaNO2,False
42515,SrCoO3,False
42516,AgBiSeS,False
42517,KCNO,False
42518,Li2CrCoO4,False
42519,Bi2Te4Pb,False
42520,Er2CdHg,False
42521,NaTlO,True
42522,TiAlF5,False
42523,TaTeN,False
42528,LuMgIn,True
42529,K2ScAuI6,True
42530,BaDyO3,False
42531,CrHgF6,False
42533,Pr2CuSi3Rh2,False
42534,Ta4S9Br8,False
42535,CeZn2Co,False
42536,Nd4MnSe6O,False
42537,LiCe3,False
42538,SrCaSi4,False
42540,CaLu2Te4,False
42541,Ho2MnOs,False
42542,TeMoS,False
42544,Ag2S,False
42545,Mg2CdHg,True
42546,NaCuPO4,False
42548,InGaN2,False
42549,Rb2MnF6,False
42551,Ta3TeI7,False
42552,CeSnO4,False
42553,GeTe4Pb3,False
42555,BaCl2,True
42557,Mn2NiN2,False
42558,Al2CdS4,False
42560,Hg2AsCl2,True
42562,Tb2PdRh,False
42564,Mn3O4,False
42565,Ba3NaBiO6,False
42570,UTeP,False
42571,BaSrGa4,True
42572,KMnBr3,False
42573,Ba2NdBiO6,False
42574,Rb2SiAs2,False
42575,TiZn2WO6,False
42576,CrFe3B2,False
42577,Zn3Ge3Sb2O12,False
42579,K3SnSb3,False
42580,Nb2Zn3O8,False
42582,Na3FePCO7,False
42583,CoMoP2,False
42584,Li2YAl,False
42585,Ag3BO3,False
42587,ZnCrO4,False
42588,MgSeO3,False
42589,CeScAl4,False
42590,Al2BiS4,False
42591,FeIr,False
42592,LiTi2S4,False
42593,SmSbO4,False
42594,Cr3O4,False
42597,SmI2,False
42598,Rb2CoF6,True
42599,PrP2Pt2,False
42600,U4Ga12Pd,False
42601,Lu2Mn2O7,False
42602,BaTmFeCuO5,False
42603,KCuS,True
42604,YbKC2O6,False
42605,RbAlAs2O7,False
42608,US2,False
42609,KNiP3O9,False
42610,CaCo2O4,False
42612,LiMn2P2O8,False
42614,GeF4,True
42615,Rb3GaCl6,True
42616,Fe6O5F7,False
42617,K3Ba,False
42618,Rb3BS3,False
42619,InPbCl3,True
42621,LiMnF3,False
42622,NdGa3B4O12,False
42623,CaNb2O4,False
42625,TlF3,True
42627,CeGaNi4,False
42628,ZrTlO3,False
42629,LiMnF4,False
42631,K2PrCuBr6,True
42632,FeCl4,False
42634,Ho3CuSiSe7,False
42635,Li4H6Os,False
42637,BaMg2N2,False
42639,InAg3,False
42640,CaSeO3,False
42641,CaNiP2O7,False
42643,Er2Zr2O7,False
42644,CaSO4,False
42645,Er2V2O7,False
42646,K2ZrSi2O7,False
42647,Mg3Al18Cr2,False
42649,SeN,False
42650,CoNiO2,False
42651,Ba3Si6N4O9,False
42652,MoPb3Cl2O5,False
42654,LiZnSb,False
42655,HfTiO4,False
42656,SnPbS2,False
42657,KHO,False
42658,HoNiAs,False
42659,SiBi2O5,False
42661,Na3Pd,True
42662,AlMo4S8,False
42663,DyScO3,False
42664,Ce2Si4OsRu3,False
42666,TbMoO4F,False
42667,ErThCN,False
42668,Na6PbO5,False
42669,Co2NiN2,False
42670,YbBa3,False
42672,BaLaMnRuO6,False
42673,BaYCrCuO5,False
42674,Rb2ZnO2,True
42676,MnB,False
42679,InBiO3,False
42680,PaTe2Pd,False
42683,V2CuO6,False
42684,K2NaScF6,True
42685,Ti2MnTc,False
42686,DyYMg2,False
42687,CaTmPd2,False
42688,Hf2Al3Zn,False
42689,BiF5,False
42691,Mn3AlN,False
42692,Er2Mg,False
42693,Th2FeSi3,False
42696,Li4CO4,False
42699,MgSb4O8,False
42700,V2Se9,False
42701,CrP2O7,False
42703,LiMnO2,False
42706,NaY3SiS7,False
42707,Yb2RhAu,False
42708,TmTe,False
42709,NaP,False
42710,MnPPd,False
42711,C3N4,False
42712,AlNi4As3,False
42713,ScAlCu2,False
42716,Cd3PI3,True
42717,TeOF2,False
42718,DyMnAl,False
42719,RbCaBr3,False
42720,Ba2Ga7Ag,True
42721,Rb3RuF6,False
42723,MgF2,False
42724,FeCo3P4O16,False
42725,IOF3,False
42726,NiO2,False
42727,Li2VGa3O8,False
42729,K4MnBr6,True
42730,LiMn3O4F2,False
42731,CePuCo4,False
42732,BaAuO2,False
42733,SrAl2,False
42735,Ce2Al3Fe,False
42736,AlI3O9,False
42737,LiVF3,False
42740,RbFeCl3,False
42742,CaTlF3,True
42743,LiPrZn2,True
42745,CuO,False
42746,Ca5Zn3,True
42747,BaNaCuBrO2,False
42748,CrO,False
42749,Ca4ZnAg3,True
42750,TmCdRh2,False
42752,Bi2O3,False
42753,Li2CeIn,False
42755,Y2MgS4,False
42756,BeCo2Si,False
42757,KAg3S2,False
42758,MgZn3O4,False
42762,ErMg2Sc,False
42764,CdHg2SeO6,False
42765,Ca7Ge,True
42766,MnNi,False
42772,LiVBO4,False
42773,La2InAg,False
42775,CrO2,False
42776,PrDyAl4,False
42777,Li2Fe4O3F8,False
42778,LaPrMn4Si4,False
42779,SrWO3,False
42782,PtCl2,False
42783,TbHoIr2,False
42785,PrInAg2,False
42787,TiCuNi2,False
42788,AsRhO4,False
42789,KRb2MoO3F3,False
42790,Ho3Pd2,False
42791,Ba2TmTaO6,False
42795,LaPmZn2,True
42796,ScGa6Fe6,False
42798,LiGe,False
42800,Li4Mg,False
42801,B2W,False
42803,CdSiN2,False
42805,CaAcMg2,True
42806,Mn5Al2V,False
42808,NaNi2O3,False
42809,TbFeCu,False
42810,Zr2Np,False
42811,CeCoGe2Ru,False
42813,DyUTe4,False
42815,K3Mg,False
42817,Nb2MoRu,False
42818,U2Al3Sn3,False
42820,Y2Si2O7,False
42822,K5As4,False
42823,Li2Cr2O7,False
42824,YAl2Ge2,False
42825,PrMn2SiGe,False
42826,KZrSnF7,True
42828,ErSi3Ni,False
42833,KRb2AsI6,True
42834,Rb2BiAuF6,True
42835,ScVO3,False
42836,La2CdAu2,False
42837,V3FeS6,False
42838,CaAl8Cu4,False
42840,Na2LiBiI6,True
42841,CaMnO2,False
42844,Sc2CdOs,False
42845,K2Zn3SiAs4,False
42846,VF4,False
42847,RbBa4Sb3O,False
42849,LiCrCo2O6,False
42851,Cr2SN2,False
42852,KSmP4O12,False
42853,Yb2S3,False
42854,U2Al9Co3,False
42856,TiAlAu2,False
42857,AuO2F6,False
42858,Sn3P4O14,False
42860,MnFeSi4,False
42861,TmFe2B2,False
42863,U3O8,False
42864,LaCo2Ge2,False
42865,LiMn2P2O8,False
42866,ThAg3,False
42867,PaGe3,False
42868,UCoNiGe2,False
42869,SnPO3F,False
42870,NaCrN,False
42872,MgTi2O4,False
42873,YbSnRh,False
42874,LiGaCl4,True
42875,V3Ir,False
42876,NaAuS2O8,False
42877,Li3Fe5Co2O12,False
42879,NiBiO3,False
42880,Co3Ni,False
42881,Ca3P2O8,False
42882,VBiO4,False
42884,Dy4Mg3Co2,False
42886,CaPtO3,False
42887,CoNiTe4,False
42888,BeH2O2,False
42889,K2Na3TlO4,False
42890,CaZn2Ge2,True
42891,GeO2,False
42892,RbAsF6,True
42893,Yb2FeS4,False
42894,Li3Mg,False
42895,Rb3LuO3,False
42896,GeI2,True
42897,Li2VFeO4,False
42898,LiVF4,False
42899,K3UF6,True
42900,Co2Ge3Se3,False
42902,MgZn2,False
42903,Nd3Sb5O12,False
42904,TmInPt2,False
42906,MgTiN2,False
42907,Ba3Ac,False
42908,Rb2KBiF6,True
42910,Li5CuF8,False
42911,SmYS2,False
42912,K3H5Pt,False
42913,NaLiZnS2,False
42914,Li2CoO2,False
42915,LiNiO2,False
42916,YbSbPd,False
42917,Ho2AlFe3,False
42918,Ga2RuPt,False
42919,K2AgBiBr6,True
42920,KNa3WO5,False
42921,TiNb3Al2C2,False
42922,NiPtO2,False
42923,Li2MgCd,False
42925,AuSeClO3,False
42926,AlAs,False
42928,BaSiF6,True
42929,Ac3Y,False
42930,CdN,False
42931,LuSF,True
42932,FeO,False
42933,Li4CoO4,False
42935,RbAuBr3,False
42936,Mo2SeS3,False
42937,Na2YPCO7,False
42938,ErCo3,False
42939,Pr2Co7B3,False
42940,KNiTeO6,False
42942,Sr3Ca,False
42943,RbLiMnS2,False
42944,Pm2Mg,False
42946,ScAlPd2,False
42947,Rb2MnF4,False
42948,YBrO,False
42949,CaAu3,False
42951,Na2LiYCl6,False
42953,TbNaTl2,True
42954,Na2SnHg,True
42956,KH3O2,False
42957,MgHg3,False
42960,TbBaO3,False
42961,CaFeO2,False
42962,Ce2ZrO6,False
42963,Mn2SnO4,False
42964,K3Mn2O8,False
42965,YMoO4F,False
42967,MgGa3,True
42970,Ca3SnS5,False
42971,YbZnGe,True
42972,Ho2CuPd,False
42973,Ce2Ga5Au3,False
42976,K2NaSbBr6,True
42977,HoScO3,False
42978,Sr3TaGa3Si2O14,False
42980,KCo2P2,False
42981,TbRb3F6,True
42982,DyHo3,False
42983,Sc2ZnIn,False
42984,Ti3Al2NiC,False
42985,MgTlRh2,False
42986,Ba3SrTa2O9,False
42987,TmBi2BrO4,False
42988,K2LiAlF6,True
42990,KBa2IO6,False
42991,LiPm2Co,False
42992,Ti3Al,False
42994,Ti2Ga3,False
42995,Dy3In4Co2,False
42997,Rb2NaCrCl6,False
42998,In2Si2O7,False
43000,Li2TiFe3O8,False
43002,LiBi3Cl2O4,False
43003,CeThN2,False
43004,K2NaCeI6,True
43005,LiCu3,True
43006,Cu2As3,False
43008,Ti3AlF15,False
43009,LiFe3O4,False
43010,U2SbTe,False
43011,VRh3,False
43012,TiVRu2,False
43014,Hf2MnOs,False
43015,Ba3Bi2TeO9,False
43016,RbSnF3,True
43019,Pb2IOF,False
43022,Rb2NaSbBr6,True
43024,Rb2CuSbBr6,True
43026,CaFe2S4,False
43027,NbO2F,False
43028,Mn3CrAs4,False
43029,KNaB2H8,False
43030,CoHO2,False
43034,Sc3Os,False
43035,LiF3,False
43039,LaGa3Cu,True
43040,Ce3Mg2InAu3,False
43041,Cr4S3N2,False
43044,Ti4V,False
43045,Sc2Ni12P7,False
43047,MgTi2O4,False
43050,ErVO4,False
43051,AlRu,False
43052,TbPt3,False
43054,BH3OF4,False
43055,LaPbNO5,False
43057,K3In,False
43058,K2GaAuI6,True
43059,LiLa2Al,False
43060,Nd4S3NCl3,False
43061,H4CN2O,False
43062,LuCu5,True
43063,La2Ni4Ge3P,False
43064,Cr3O8,False
43065,KRb2TmCl6,True
43067,Rb2LiSbI6,True
43068,Y2O3,False
43070,MnFeSi2,False
43071,TiAlVC,False
43073,LiAu,False
43074,CeInCu2,False
43075,Ti2OsRh,False
43076,Er3Pd2,False
43077,TaP,False
43079,Nd3AlC,False
43080,Li2MnCSO7,False
43083,YbGa7Au3,True
43086,K2TlAgCl6,True
43087,YbB2,False
43088,Hf4C3N,False
43091,Li4TeO5,False
43092,Li4Ga3Si3BrO12,False
43093,KPdO3,False
43096,Mg2FeO4,False
43098,Tm2SiO5,False
43099,TmUTe6,False
43101,Y2MgTl,False
43102,KP,False
43103,Hg2Sb2O7,False
43104,DyMnO3,False
43106,Rb3BiSe3,False
43108,K3AsS4,False
43109,VB2,False
43110,AlCo2Si2,False
43111,Sm3CuGeS7,False
43112,ZnSiO3,False
43113,Pr4S3NCl3,False
43115,CeTiGe,False
43116,BeCr3,False
43118,RhN2,False
43120,HgINO3,False
43121,LiAsF6,False
43122,Ca2Ga7Au,True
43123,VAs,False
43124,MgTi2O4,False
43127,Th2N3,False
43128,TmH3C3O6,False
43129,Tl3Cd,False
43130,LaNi4Pt,False
43131,KTi5Se8,False
43132,Rb4CdBr6,True
43133,KCr2FeO8,False
43134,MnBe2,False
43136,NaIO2F2,False
43137,LiCo2Ge,False
43138,Li2CoO2,False
43139,Na2InCuCl6,True
43141,CoO2,False
43142,TiTeRu,False
43143,CoCu2Sn,False
43144,MgS3,False
43145,Y2AlSi2,False
43146,Y3Ge4,False
43147,YbNaSe2,True
43148,ErZn5,True
43149,NdCoO3,False
43150,Ti2ZnO4,False
43151,Ba2CuWO6,False
43152,RbBeH3,False
43153,Li3Cu3TeO8,False
43154,ZrIn,False
43155,Nd3Hf,False
43157,GaPd3,False
43158,Rb2InAgCl6,True
43159,YCCl,False
43161,NaLi2TiF6,False
43163,LiCoSiO4,False
43164,BaSrLaBiO6,False
43166,Er3In4Co2,False
43167,RbAgSe4,False
43168,Mn3O4F2,False
43169,CeInNi4,False
43171,FeRh,False
43172,PrPtF7,False
43174,Ag3Br,True
43175,K2NaSbI6,True
43176,NbFePb2O6,False
43179,Sn2Pd2Au,False
43180,BaP2Ir2,False
43181,Er2Ti3Si4,False
43183,InGaSb2,False
43186,TmHfOs2,False
43187,PrCuO3,False
43188,CaC2,False
43191,LiMgN,False
43193,MgSc2,False
43194,Na2ErCuCl6,True
43195,CuN,False
43196,CeAsRh,False
43197,RbSi4Pt4,False
43199,CdB2XeF10,False
43200,Pm2S3,False
43201,Ca2SnS4,False
43202,TmAgTe2,False
43205,DyIn3,True
43206,KCrF3,False
43207,ThPt,False
43208,InSb,False
43209,SiP,False
43210,PaSi3,False
43211,SO4,False
43213,MgMn3Te4,False
43214,Li2TiO3,False
43215,YbRbBr3,True
43217,SrI2,False
43218,La3Cd,False
43219,V2GaFe,False
43220,VBrO,False
43221,NbO3,False
43223,MnTe2,False
43224,Be4InCu,False
43225,K4CaU3O12,False
43226,Rb3AsI6,True
43227,Li3Cd,False
43229,MgTi4S8,False
43231,SrF2,False
43232,SmAlZn,False
43233,CeAl3Pd,False
43235,TaTi3,False
43236,Ni2Ge,False
43237,LaSiPt,False
43238,GaAsO4,False
43239,K2NdCuBr6,True
43240,Rb2NiF6,False
43241,Sn3Sb,False
43243,LiAl5O8,False
43245,Li2MnN2,False
43246,Ho2C,False
43247,La2SbI2,False
43248,NaBiTe2,False
43249,Ca2Si3Ni,False
43250,MnFeP2,False
43251,CaAu2O4,False
43253,Pr2Ga3Cu,False
43254,ThPt3,False
43255,Rb2TlSbBr6,True
43257,Co2NiO4,False
43259,SrPrMnO4,False
43260,InPbCl3,False
43261,Ti2CN,False
43262,Na2Cd3P4O14,False
43263,HfTiCN,False
43266,Rb2NaAuBr6,True
43268,NpGa5Fe,False
43269,Rb2Sb4O11,False
43270,RbCo2P2,False
43272,NdNi5,False
43273,K2PrAgBr6,True
43274,Sm2InAu2,False
43275,CaHoHg2,True
43276,TlGaS2,False
43277,Ti2C,False
43278,LiV2O3F3,False
43279,MgH12SeO9,False
43280,RbMgF3,False
43282,TeMoWSeS2,False
43283,TbAgSn2,False
43284,MgH6C2O6,False
43285,BaAl9Ni2,False
43286,Yb3Pm,True
43287,SrAl2Te4,False
43288,ZnS,False
43290,TiF3,True
43291,Zr2Co4P3,False
43292,LiMg2Ni,True
43293,La2AlGe3,False
43297,LiZnNi2,False
43298,Sm3PbC,False
43300,YbAlCu5,True
43301,HfW2,False
43302,Cr2GaC,False
43303,HoMnAl,False
43304,LiTlPd2,False
43306,Ga2CuAgS4,False
43307,KCoF3,False
43308,HfSbRh,False
43310,TaS2,False
43311,KSrVO4,False
43313,Fe3Pt,False
43316,LaCoNi4,False
43317,NaLi2GaF6,True
43318,UInAu2,False
43319,KrF2,False
43321,NClOF4,False
43322,NdN2,False
43323,Li2VSiO4,False
43325,CeBRh3,False
43329,Rb3DyF6,True
43330,CuAsSe2,False
43332,BaLiB9O15,False
43334,NaClO3,False
43335,CaCu2O4,False
43336,Sn3Se,False
43338,Zr5Ge3,False
43339,PrNiAs,False
43340,Rb2SiF6,True
43341,Rb2GaAgBr6,True
43342,Na4TiAs2O9,False
43343,ZrI4,False
43344,K2NaTlI6,True
43345,NpCu2Ge2,False
43347,Zr3PO2,False
43349,Zr2SiTe2As,False
43350,Bi2PbS4,False
43351,Ca3PbSe4,False
43354,LiNO2,False
43355,Er2Al4CoGe2,False
43357,K3RuF6,True
43358,Na4H6Ru,False
43363,CdAu2F8,True
43364,NbSN,False
43365,Na4Ge2Se5,False
43367,Ba2TaBiO6,False
43368,K5Bi4,False
43369,Co2OF3,False
43370,LiCr2S4,False
43371,Mo3Pd,False
43372,HoCdAg2,True
43373,Rb2YAuF6,True
43374,LiMnIr2,False
43375,Rb2AgCl3,True
43376,V2B3,False
43378,Pm3Zr,False
43379,TaSb2,False
43380,MgVO3,False
43381,LuMnO3,False
43383,TbCuSn,False
43385,LaPmIr2,False
43387,Ce3Ho,False
43388,Ba2MgIn,True
43390,VOF,False
43391,Yb2CdS4,False
43392,Ho2MgCd,False
43393,Rb2Si3SnO9,False
43394,ScAl3C3,False
43396,Rb2NaPdF6,False
43397,Na2AgAuCl6,True
43398,CeAl3Cu,False
43399,RbPO2F2,False
43400,Ba2ZnOsO6,False
43402,SmPO4,False
43403,LaTi2O6,False
43404,Tb3Au,False
43405,ErMgAu2,False
43406,MgSiO3,False
43408,Ba2TiVS6,False
43410,YbGa2Cu3,True
43411,BH6N,False
43412,K2InGaF6,True
43413,ThMgRh2,False
43414,InAg3F6,True
43416,TbErIn2,False
43417,Nb6PdPt,False
43420,Pm2CoCu,False
43421,Sr10P6SO24,False
43422,La2Al3GaPd4,False
43423,Na2ThF6,True
43424,Li2Co4O3F8,False
43427,Dy2V2O7,False
43428,KRb2GaCl6,True
43429,Rb2GaAgI6,True
43430,SrWN3,False
43431,MgU2O6,False
43433,MnGa,False
43434,Na4AgCl5,True
43436,La3SnN,False
43437,NaCNO,False
43438,NbMo3C4,False
43439,Mg3Pb,False
43440,TlAsF6,False
43441,Zn2InCuSe4,False
43443,Hf2MoPt,False
43444,NiO2,False
43446,Zr5Co4Ni,False
43447,Li3FeF6,False
43448,Zn2GaCuSe4,False
43449,NbOF3,False
43450,Tb2FeSi2,False
43451,Ti4Fe2P3,False
43452,Ti4Cr,False
43453,Tl3Ge,False
43455,LaAg2Ge2,False
43456,Li2VCr3O8,False
43457,CaSmPd2,False
43458,LaNdAl4,False
43459,Hg2I3Br,True
43462,Ce3Sc,False
43463,LiSm3,False
43464,LaSi2Os2,False
43465,Mn2O3,False
43466,ThRu2,False
43467,KNaNb2O6,False
43468,Sn2Pd3Au,False
43469,TiAu4,False
43471,RbAgF3,True
43472,Rb2GaHgI6,True
43473,Pr2Te2O7,False
43474,MgCr4S8,False
43475,Rb2YHgF6,True
43476,SbTeClO3,False
43477,Ta3TiB4,False
43478,PrPbAu2,False
43480,ZnPd,False
43483,YbBO3,False
43487,PuGa5Co,False
43488,CdSeO3,False
43489,MgIn5,True
43491,YbSiAg,False
43492,CoF3,False
43493,Sm2AlAg3,False
43494,In2GaBiS6,False
43495,RbMgPO4,False
43496,Tl2CoF4,True
43497,Sc2S3,False
43498,SnH8C4I4,False
43500,IrN,False
43502,PrThCN,False
43504,GaNi6Ge,False
43505,Al2ZnO4,False
43506,AlSCl3O2,False
43508,Ba2AlIn3,True
43509,Rb2Ag2GeS4,False
43510,NaNiIO6,False
43513,BaNdFeCoO6,False
43514,AlH3O3,False
43516,Ca2Mn3O8,False
43517,Er3CuSiS7,False
43518,K3YF6,False
43519,Yb5Mg,True
43520,Na3Hg,True
43521,LaBi2ClO4,False
43522,Fe3O5F,False
43523,Ce2NiGe3,False
43524,TiSnRh,False
43526,NpRu2,False
43529,Ba2DyBiO6,False
43532,LiLu2Re,False
43533,TaF5,False
43535,Rb2ScAgBr6,True
43536,TiSiNi,False
43537,NiB,False
43538,ScPRu,False
43539,Cu6SnGe,True
43540,YPdPb,False
43543,NdCdAu,True
43544,CaTiO3,False
43546,Sr2TlHg,True
43547,UPb3,False
43550,YFe2B2,False
43551,Nd2Al3Ga,False
43552,Cd2BiAsO6,False
43554,CaPAu,False
43555,CeAlSi,False
43556,K2PbO2,False
43559,Mo3H,False
43560,Mn3NiN,False
43561,TbCdAu,True
43563,FeNiN,False
43564,ErSi2Ni,False
43565,ErTmZn2,True
43566,TbCdHg2,True
43568,Rb2AgBiBr6,True
43570,RbNa2AsF6,True
43571,Ir3Os,False
43572,Tb2ZnCu,False
43573,TiCu3O4,False
43574,Rb2NaScCl6,True
43575,YbBa2UO6,False
43576,NbMoS4,False
43577,Zr4CuNi,False
43578,GaNi3,False
43580,KBiSe2,False
43581,MgMo2O4,False
43582,LiMn2P2O8,False
43584,TbSr3,True
43587,Sr2PrTaO6,False
43588,Mg2CrWO6,False
43589,Tb2TeS2,False
43590,LiTi2Te4,False
43592,K2LiBiCl6,True
43593,K3AsSe3,False
43596,K2InCuBr6,True
43599,Nb3Ir,False
43600,AgCl,False
43601,NaNb2S4,False
43602,GaGe,False
43605,TaNbC2,False
43606,CeAlCu2Ni2,False
43607,Ho2HgOs,False
43608,VB2Ru,False
43610,Mg4SiSn,False
43613,GaNi,False
43614,TlCdN3O6,False
43615,Ho4Sb3,False
43616,Fe2CoSi,False
43617,Na2Cr7O14,False
43618,Ti3Se4,False
43620,VOF,False
43622,YbGa3Cu,True
43623,TmScZn2,False
43624,K5Br4Cl,True
43627,CeMg2Si2,False
43630,SmMg5Sb4,False
43631,LiTl3,False
43632,NaCO3,False
43634,Sb2Pd,False
43635,Li8HfO6,False
43636,Ba2HoB2ClO6,False
43637,Ca2B2O5,False
43638,TmGaNi2,False
43639,LiV3O4F2,False
43640,NaPm3,False
43641,LiPrSn,False
43642,Ta2Pd3Ru3,False
43645,ThFe4Ni,False
43646,PmCdCu2,True
43647,SiOs,False
43648,Al8Mo3,False
43649,Er2MgGa,False
43650,LiAgF4,False
43651,In2TeO6,False
43652,Li2MnFeB2O6,False
43653,HfAlPd2,False
43654,LiCoSiO4,False
43655,CdAu2F12,True
43656,KNa2AsF6,True
43657,TmO2,False
43658,SF6,True
43659,AgAsF6,True
43660,ZrSiO4,False
43662,Ho2AlSi2,False
43663,AlGaCu2Se4,False
43664,BaLaCo2O6,False
43666,NdAl2Ge2,False
43668,U2AsSe,False
43669,LaMnFeSi2,False
43671,BaRuO3,False
43673,Sb2Te2Se,False
43674,Yb2LiGa,True
43675,Mg2Bi3O8,False
43676,Na2SmCuCl6,True
43677,Tm3In4Co2,False
43678,K2PdBr3Cl,True
43680,Y2SiO5,False
43682,Rb2PrAgBr6,True
43683,CdP2,False
43684,K3MoI6,False
43685,MgCu2O4,False
43686,LuCoO3,False
43689,TmLuMg2,False
43691,Tb3Li,False
43692,Ho3Mn3Ga2Ge,False
43695,Mo3N2,False
43697,Ba3Sr,True
43698,Tb2CuIr,False
43699,BaNdMnCoO5,False
43700,CoBiO3,False
43701,NaAlO3,False
43702,K2TlHgBr6,True
43703,SmGePd,False
43704,LiNdIn2,False
43705,Li2SeO4,False
43706,YMg2,False
43707,Ca2Cu,True
43708,Er2Co12P7,False
43709,Li2CdSb,False
43710,SrAsAu,False
43711,Hg2Rh,False
43712,ScFeO3,False
43713,UPdPt4,False
43714,LiO8,False
43715,Sm3CuSnS7,False
43716,Ga2Ag2Se3S,False
43717,Rb2InAsCl6,True
43718,Rb2ScTlF6,True
43719,Sm2MnNiO6,False
43720,BiPb2F7,True
43723,CrPt,False
43724,AlAg3F6,True
43725,LiBF4,False
43726,Na3AsCl6,True
43728,Nb6AlGa,False
43729,CrSb,False
43730,NaAu3,False
43731,NaC4N3,False
43733,Mn2VSn,False
43734,Li2VF6,False
43735,Tb2AlFe3,False
43736,Nd2MnFe3Si4,False
43737,Pm2TlAg,False
43738,RbLuP2O7,False
43739,SrIn2,True
43740,MgGaPt2,False
43743,Na2LiBiF6,True
43744,TaInS2,False
43746,Ag2SnBiS4,False
43747,NaLiCO3,False
43748,LiVO2,False
43749,SnO2,False
43751,TlCl3,False
43753,Ca2Sb2O7,False
43756,ErIr2,False
43757,GaCo2Ni,False
43759,MnCoSnPd,False
43762,GeBr2,False
43763,Fe4O7F,False
43764,KNaMoO2F4,False
43765,Na3MnF6,True
43766,HgRhF6,True
43768,B4MoRu2,False
43769,MoPd4,False
43770,Fe3Cu,False
43771,AuSe,False
43772,SnSeS,False
43774,LaPrC4,False
43775,PaSnPd2,False
43777,HfTiRu2,False
43778,TaAgS3,False
43780,Pr3In,False
43783,Mg5Ge,True
43786,K6Ge2O7,False
43787,CrGaRu2,False
43788,CuNi3O4,False
43790,Tb2CdCu2,True
43791,SrCrO2,False
43793,Tm2PdAu,False
43794,YFe2,False
43795,Sb2O3,False
43797,Dy2MgCd,False
43798,CeInCuAg,False
43799,Li4CO4,False
43800,ZnAgF3,True
43802,Er2ZnGa,False
43803,BaMn2O3,False
43804,Li4ZnCd3,True
43805,TlBiS2,False
43806,K3In,False
43807,In4SbTe3,False
43808,MnZnO3,False
43811,Na2AgSbCl6,True
43813,Y2CuOs,False
43814,Tb2Ge3,False
43815,LaCuSi2Ni,False
43817,TiNbB2,False
43818,Sb3Ir,False
43819,Cd3Pd,True
43820,Rb2LuAgCl6,True
43821,TiFeSb,False
43822,DyAg3,False
43823,Sc7CBr12,False
43824,ZnCu2O4,False
43826,YbTlBr3,True
43827,YbNaO2,False
43828,Zn4CoSe5,False
43829,YSc3N4,False
43830,Dy4CdCo,False
43831,NdIn5Rh,False
43832,RbFeO2,False
43833,OsO4,False
43834,IrN2,False
43835,PmTmCu2,False
43836,Li2ZnPb,True
43837,Nb5N2O2,False
43838,HgPtO2,False
43839,Mn2OF3,False
43840,SrClO,True
43841,Ba2In2O5,False
43843,NaNO2,False
43844,MgSc2Ga2,False
43845,Ba3Ca,True
43846,Er6CoBi2,False
43848,K2SmCuCl6,True
43849,HoTmRh2,False
43850,RbGeBiS4,False
43852,Rb2GaAgF6,True
43853,Mg4B3Ir2,False
43855,Na2GaHgCl6,True
43856,NaTiF3,False
43857,Sr3P6N8O6,False
43858,HfNiSn,False
43859,Tb3Pm,False
43860,Mn3SbN,False
43861,KRb2GaBr6,True
43862,AgSbSeS,False
43864,ErBi2BrO4,False
43866,BaLaMnInO6,False
43867,ThTe,False
43870,LaMgAu,False
43871,Na3AsBr6,True
43872,Tl3Bi,True
43873,Nb4C3,False
43874,LiCoSiO4,False
43875,LiFeN,False
43876,LaCe3,False
43877,BaFeO2F,False
43879,YbLaMg2,True
43881,UCuAs2,False
43882,PrNi2P2,False
43883,Na2AgAuF6,True
43885,MnCrSb2,False
43887,SrLiO3,False
43888,NbVN2,False
43889,Na2CdS2O8,False
43890,MgZn2Sb2,True
43891,TiTl3,False
43893,Al2ZnS4,False
43894,SmPtF7,False
43895,Na2GaAgBr6,True
43897,Rb2TlInI6,True
43898,NdP2Pt2,False
43899,ThIn3,False
43900,Pr3PbC,False
43901,Dy2Ge3,False
43902,PdF2,False
43904,MoCl2O,False
43906,ZnNi4S8,False
43907,Li4UO5,False
43908,InCuGeS4,False
43909,ZnCu2O4,False
43911,LiGa2Pt,False
43912,PmNdMg2,False
43913,NaBiPd2,False
43916,Mg3Si4H2O12,False
43917,Pm3Pa,False
43918,HoLuHg2,True
43919,Na4WO4,False
43922,LiAlCu2,False
43926,Ti2S3,False
43927,VBr2O,False
43928,ErAgSe2,False
43929,Li4AlCr3O8,False
43930,PrTl,False
43931,SmThCN,False
43933,PrBi2IO4,False
43934,SmAlSi,False
43937,Mn4Ga,False
43938,Li3GaN2,False
43939,YCuAs2,False
43942,YSi2Ni,False
43943,Tl3In,False
43945,NpAsSe,False
43947,CrCoB,False
43948,NdFe2,False
43950,Nb2InC,False
43951,CeScGe,False
43952,TaTl3Se2S2,False
43953,Er2TlZn,False
43956,Ga2CoIr,False
43957,NaCd2Ag,True
43959,P4PtF12,False
43960,Na5SiAs3,False
43961,YbAg2Sn,True
43962,U8FeS17,False
43963,Cr3PdN,False
43964,Rb2FeF4,False
43965,LuScHg2,False
43966,V2CdO6,False
43969,TmIn2Sn,False
43970,SbSI,False
43971,Na2AlHgF6,True
43972,NaAgO,False
43973,DyErCu2,False
43974,ErAl2,False
43977,SnSbPt,False
43978,CoAgF3,False
43979,LaGe2PdRh,False
43980,La2AuO4,False
43983,FeCoSi2,False
43985,CuAsO3,False
43986,SbPb3,False
43987,Li3VO3F2,False
43989,AgBiP2S6,False
43992,SrPd3O4,False
43993,Al2Cu2Ni,False
43995,SrSm3,False
43997,ZrTi,False
43998,Nb9PO25,False
43999,LiNdSn,False
44004,Al2CdCl8,False
44007,BaGaGe,False
44010,K2TlAuI6,True
44011,GeMoAs,False
44012,KP2Ir2,False
44013,Ba5Al2In2IrClO13,False
44014,LaNi2GeP,False
44015,NaCa2Rh,False
44016,TmBr,False
44017,Mg5In,True
44018,UGa,False
44019,ErLuRu2,False
44021,LiVFeO4,False
44022,AgSbTe2,False
44023,Ac3Pm,False
44024,K3Bi2,False
44028,GaCuSnSe4,False
44029,MnFe,False
44030,CaF2,True
44031,TbCe3,False
44032,LaNd3,False
44033,Na4Al3Ge3ClO12,False
44034,YbGeAu,True
44035,BaNd2PtO5,False
44037,ZnPb2N2,False
44039,Sc5Si7Pt9,False
44040,K2RbInF6,True
44043,ScC,False
44045,K2TlBiF6,True
44046,TiZnF4,False
44047,NaSrNb2O6,False
44048,SmSiRu2C,False
44049,Ba2PrPtO6,False
44051,USb2Au,False
44052,NpNi2,False
44053,TaSiGe,False
44054,SrMg2,False
44056,SrIn3,False
44057,Rb2NaScF6,True
44059,CoNiSn,False
44060,UH3,False
44061,PrFeCo4,False
44062,LiTiP2O7,False
44063,LiAl2Ge,False
44066,CoHO2,False
44068,Rb2Ti6O13,False
44069,In2S3,False
44070,Yb11Sb10,False
44071,NaSbTe2,False
44072,Ta2MoW,False
44073,NaSiO3,False
44074,TaRu,False
44075,Ni2PPd,False
44076,CeRu3C,False
44077,K2YAgF6,True
44078,Li2MnNiO4,False
44081,TmLu3,False
44082,Na3VBPO7,False
44087,FeCoS2,False
44090,VCrC2,False
44091,TmBiPd,False
44092,Nd3Si2S8Br,False
44093,Ca2CdHg,True
44094,K2LiTlF6,True
44095,Mn3Ni4Sn,False
44096,Al3Ag,False
44099,NaBF4,False
44101,Cu3Ge,True
44104,BClO2F4,False
44105,HoBi2BrO4,False
44106,SrCl2O2,False
44107,LiVSiO5,False
44108,HfPRu,False
44109,MgCo4S8,False
44110,CePrO4,False
44111,NaFe2O4,False
44113,NdCo2As2,False
44114,ScAs,False
44115,YFeCo,False
44116,VOF,False
44121,Li4MoO5,False
44123,In3SbTe4,False
44124,Y3Th,False
44126,MnInO3,False
44127,PrDyIn2,False
44128,LiTi2BiO6,False
44130,LaAlZn,False
44131,Pr2CdHg,False
44132,TmIn5Rh,False
44133,ZrMn3,False
44134,NpGe3,False
44135,LiCrCo2O6,False
44136,Li2TlAg,False
44139,K2AgAsCl6,True
44143,AuI2,True
44144,Rb2NaCeI6,True
44145,Nb3S4,False
44146,FeCu2GeS4,False
44147,MgBe3,False
44148,Ti3Sn,False
44149,RbNaSi2O5,False
44150,Li3In,False
44154,Ba2Ti2TlO7,False
44155,DyGePd,False
44156,LaPmTl2,False
44158,LiCoS2,False
44159,K2RbRuF6,True
44160,Rh3W,False
44162,K9U6BiO24,False
44163,Pr2ScSi2,False
44166,NaCd2Pd,True
44168,NdP2Pd2,False
44170,Ca2MgN2,False
44175,Li2CrFeO4,False
44176,LiSi2N3,False
44177,Nb3SnGeMo3,False
44178,LiHg,False
44179,K2NaTiF6,True
44180,Ga3Pb,True
44181,Cr3PtN,False
44182,YTh,False
44183,Er2CuIr,False
44184,Li2MnBr4,False
44185,Mn2NiN2,False
44186,K2LiTlCl6,True
44187,Lu6FeSb2,False
44188,RbU2SbS8,False
44189,Fe2Ni,False
44190,NiMoP8,False
44191,Y2GeRh3,False
44192,AcTlRh2,False
44193,ErCuSi,False
44194,Rb2TlBiBr6,True
44196,CeCrS2O,False
44199,Na2LiScF6,True
44200,K2SrP4O12,False
44201,SmCo5,False
44202,Ta2TcRu,False
44205,PuAl3,False
44206,PrPd3,False
44207,Rb2YAuI6,True
44208,Li2CoO2,False
44209,NdAlSi2,False
44210,ZrNi2Sb,False
44211,Li3GaGeO5,False
44212,SrMgHg2,True
44213,MgAg2O4,False
44214,Cd3Ga,True
44215,NdAlNi4,False
44218,TmSi2Pt2,False
44221,Pm2CuAu,False
44222,MgAg3,False
44223,Sm2NiRu,False
44224,Na3SbF6,True
44225,ZrTiF6,False
44227,Na2AgIrF6,False
44228,Be3Zn4Si3SO12,False
44229,ErGePt,False
44230,CdHgS4,False
44232,Dy2MgGa,False
44235,SrBi2Pd2,False
44236,Zn2CuNi,True
44238,Li2CrNiO4,False
44240,ZrTiCu,False
44241,LiFe3O4,False
44242,AcPr3,False
44243,BaHfO3,False
44245,CaNiH3,False
44246,KNaSmNbO5,False
44247,YbGaCoO4,False
44248,TeO2,False
44250,CoNiTe4,False
44252,NaTl2In,True
44253,YbPrSe2,False
44254,CdAg,False
44255,KPbO3,False
44256,TaB2Mo,False
44257,PmTm3,False
44258,PrAgPb,False
44259,LaMnCuGe2,False
44260,Co3Ni,False
44261,In3Ag,True
44262,Na2CuSbS3,False
44267,UGa3,False
44268,Nd3Tl,False
44269,CdSn3,False
44270,Pr3Er,False
44271,KBH4,False
44272,PuUN2,False
44273,Tl5BrCl4,True
44274,YFeCu,False
44275,Li2U3P2O15,False
44276,ZrZn2,False
44280,SrAlIn,False
44281,SrGe2Au2,False
44283,MnAlN2,False
44284,Rb2LiSbBr6,True
44285,Li2SO4,False
44286,PrTl3,True
44287,LiAlFeO4,False
44288,Li2VCrO4,False
44289,Fe3O5F,False
44290,Ba2UTiO6,False
44292,Zr3Hg,False
44293,YbAl3,False
44295,RuW,False
44296,LuCuGe,False
44297,Er2Te5O13,False
44298,Mg4CdAg5,True
44299,Ca2ZnSn,True
44300,YbF3,False
44301,AlCuSnSe4,False
44302,Li3PdF6,False
44304,CoAsSe,False
44305,K2LiInCl6,True
44306,HfMnIr2,False
44307,SmFe2SiC,False
44308,ZnCrCu3Se4,False
44310,NaLi5N2,False
44311,ReAg3,False
44313,NaSbS2,False
44314,Na3Ge,True
44316,Na2PdO6,False
44317,VMoAs2,False
44318,Zn2CdN2,False
44319,Ti3Rh5,False
44320,K2AgAuBr6,True
44323,Tl2S,False
44324,AlTl2Cu3Se4,False
44325,Sc2CuNi,False
44328,BaBeF4,True
44329,Rb2YInCl6,True
44331,HgCl2O6,False
44335,ZrMoW,False
44336,Er2CoIr,False
44338,Tb2MgSi2,False
44339,PrPIr,False
44340,Sm3Ga,False
44341,BaH5ClO3,False
44343,NbHg3F6,True
44344,Sm3DyS4,False
44346,TiCu3,False
44348,Li2MnSiO5,False
44349,Er2SiGe,False
44350,Mn5B2P,False
44351,Ti3CoS6,False
44352,BaAgSb,False
44353,NbTc2Sn,False
44355,K3YI6,True
44356,GaAg3F6,True
44357,FeSnN,False
44359,Ti2O3,False
44360,Nd2Ta2Cl2O7,False
44361,Pm2MgCd,False
44364,LiSbWO6,False
44365,TaOs3,False
44367,NaZr2FeF11,False
44369,CuBi2O4,False
44370,UAl3,False
44371,Rb2LiGdCl6,False
44372,Rb3SbSe4,False
44373,Be2V,False
44374,Mn2GaNi,False
44375,CuAsPbO4,False
44376,NaTl,False
44377,LaUAl4,False
44378,La3AlO,False
44379,GeAu3,False
44380,K3VS4,False
44383,K2NaAsCl6,True
44384,NaInN,False
44386,K2HgAuBr6,True
44387,Mn4CdS5,False
44389,AlFe3B,False
44390,LiV2O4,False
44391,LaErTl2,False
44392,Sr2CaOsO6,False
44393,SrCaCr2O6,False
44395,Mn3Sb,False
44396,PmTmZn2,True
44397,CeCr2Si2,False
44399,Yb2InGa,True
44401,HfTiB4,False
44402,Li3C,False
44403,Rb3ZnBr5,True
44404,HfCuP,False
44405,Er2AlZn,False
44406,NaVS2,False
44407,BaScCu3Se4,False
44408,TaN,False
44410,Pr3Th,False
44411,CeNi2B2C,False
44413,Mn4FeS5,False
44414,Cr3Te2Se2,False
44415,Sr3Pm,False
44416,Sm2Ga3Cu,False
44418,Ce2NiPt,False
44419,Rb2LiRuF6,False
44420,Sr2HoUO6,False
44422,Co2S3,False
44423,Na2CdPb,True
44427,NaLiAs2S4,False
44428,NdCdAg2,True
44429,Li2MgBi,False
44430,CeGa2Ni3,False
44431,ThHg3,False
44432,LiRhF6,False
44433,TbCaRh2,False
44434,TmInRh2,False
44435,Mg2GaPd,True
44436,CoC4N6,False
44438,NaSr2OsO6,False
44439,La2ZnSb4,False
44440,MgBi,False
44441,Tb3Pm,False
44442,PrAlCo4,False
44443,LaAlSi,False
44445,SrLaTlCuO5,False
44446,Ho3Ga,False
44447,Yb2CdGa,True
44450,K2NaGaF6,True
44451,CrFeGe2,False
44452,ErCu,False
44453,NaNb2O4,False
44454,GaCuTe2,False
44455,Ca2Mg5Si8O22F2,False
44456,BaCaAlF7,True
44457,VFe3Si4,False
44459,TmPO4,False
44460,NdGa2Cu2,True
44462,Nd5As2ClO10,False
44463,K2RbTaI6,False
44464,Ca5Si3,False
44465,TiZnSiO5,False
44466,NaLiCdS2,False
44467,BaMo6S8,False
44468,CoTePb2O6,False
44470,H2O,False
44472,Pr2Tl,False
44473,NbS2,False
44474,Dy2Te5O13,False
44475,PrGe,False
44478,Sr2ErUO6,False
44479,Al4Si,False
44480,HoAl2Ni,False
44481,TbHo3,False
44482,NiAsRh,False
44483,NdPIr,False
44485,TbRb2AuCl6,True
44486,Tl2Bi2Te3Se,False
44488,CaTmRh2,False
44489,K2HgSbF6,True
44490,IrPt3,False
44492,Li2AcAl,False
44493,Cr4Te3Se,False
44495,Y2TeS2,False
44496,VO2F,False
44498,Al2O3,False
44500,ScSbPb2O6,False
44501,BaNdMn2O5,False
44502,ZrZnGe,False
44503,Ba3Na,True
44504,Bi4O7,False
44505,Ba2YBi3O8,False
44506,ZnSbO3,False
44507,SmCo2Si2,False
44508,LiCaNiF6,True
44510,SiO2,False
44511,BaAuO3,False
44512,SrSnN2,False
44513,ZnBr2,True
44514,LiAsS2,False
44515,Sr2Ge2O5,False
44516,MoHO3,False
44518,LiAcTe2,False
44522,CoOF,False
44524,YSi2Ir2,False
44525,BaCrF6,False
44529,K2BaSnTe4,False
44530,Sm5Co2,False
44531,Tb3TlC,False
44532,ThCoGe2,False
44533,UHg3,False
44534,PrIn,False
44535,PrUP2,False
44537,Na2HF4,True
44538,Pu3Al,False
44539,Rb3Mg,True
44540,BaCuSb,False
44541,CePrO4,False
44542,UBe13,False
44543,Hf3Be,False
44545,Tm3Sn,False
44546,Hf2Al3Au,False
44548,Na3AuBr6,True
44550,Yb4Mn2Sn5,False
44552,CeUO4,False
44554,SrTaNO2,False
44556,LaCeZn2,False
44557,Cd2GaAgSe4,False
44558,Sr2Mg3In5,True
44559,Zn2GaSe4,False
44560,CoAgO3,False
44561,CrIr3,False
44562,Na2CoGeO4,False
44563,LaThN2,False
44564,Yb2ZnIn,True
44565,Ag3Pd,False
44566,K3ScBr6,True
44567,Sr2SbAu,True
44568,CoPd2Se2,False
44569,Nb4O5,False
44570,MnFeO2,False
44572,Cu2SiTe3,False
44573,SrSm3,False
44574,NaCo2O4,False
44576,Li2ZnCu3,False
44577,UMnFeSi2,False
44579,Mn2CdN2,False
44580,SmNiSn,False
44582,SrCu3Sn4O12,False
44583,Sm4Sn3,False
44585,BaZrP2O8,False
44586,YbEr2Se4,False
44588,CrFe2Te4,False
44589,CeMgAu2,False
44590,In3Pd2,False
44592,KGaAs2O7,False
44593,NaCuO2,False
44594,Nb2CrRu,False
44595,LiLa2VO6,False
44596,MnSnB2O6,False
44598,SrCdP2O7,False
44599,Ba3Dy,False
44603,LaCeRh4,False
44606,LiNi3O3F,False
44607,KBe2BO3F2,False
44608,CeS3,False
44610,TlAsPd6,False
44611,Ba2PrSnO6,False
44612,Be2B,False
44613,LuTe,False
44616,Ho2MgTc,False
44617,NaVS2,False
44618,DyYAg2,False
44619,KNa4Cl5,False
44620,CeGaAg,False
44622,Y2Zn17,True
44623,CaLaSi4,False
44625,SmSnF7,True
44626,K3MoCl6,False
44627,Ag2F,True
44628,MgSnB2O6,False
44629,TbPrFe4,False
44631,MgAl2O4,False
44633,Sc2Al3Ru,False
44635,Zr2FeOs,False
44636,Sm3ErS4,False
44637,TbHoRh2,False
44638,Sr2ZnPt,True
44639,TiZnF6,True
44641,Ca2GaHg,True
44642,ErBiRh,False
44643,MnZn3S4,False
44644,VWC2,False
44645,MnZnN2,False
44647,LiCd3,False
44648,DyAgTe2,False
44651,Sm2In3Sn3,False
44652,Li2BrO,False
44653,LaUO4,False
44655,CeSiOs,False
44657,AgTe2Au,False
44659,Ce3SbAs2,False
44661,YbAgSb,False
44662,GeSbTe3,False
44663,Fe3Re,False
44667,Nd2GeO5,False
44668,Cu2SnSe3,False
44669,Ba5P3ClO12,False
44670,MgMnPd2,False
44672,FeCu2C6N6,False
44675,Nb2CrOs,False
44676,MnCu2Sb,False
44677,Sm2MgPd2,False
44678,NaSbSe2,False
44680,Dy2CdCu2,False
44683,Rb2Bi2O5,False
44684,MnPd3,False
44685,V6SiSn,False
44686,Ba2TaTlO6,False
44687,Ga2NiRu,False
44691,YbP5,False
44692,Sm3Ti3Se2O8,False
44693,Sb3Au,False
44695,MgNi5,False
44698,VFe2S4,False
44701,K3Sn5Cl3F10,True
44702,TbSi2,False
44703,NdCoGe3,False
44705,Bi3SbO7,False
44706,CdI2,False
44707,Yb3Y,False
44708,TaBO4,False
44709,Nd2Te4O11,False
44710,NaOsO3,False
44712,NaSi2Pd3,False
44714,TmSnRh,False
44715,La2NiSn4,False
44721,UCuPO,False
44723,Th3Ge2,False
44725,MnBeIr2,False
44726,Zn2BiSbO6,False
44727,NaNb3Te4O16,False
44728,TlCu6S4,False
44730,Ca3PbO,True
44731,AlCo2Ni,False
44733,YSeO3F,False
44735,Er3Al3NiGe2,False
44736,TmGa3Ru,False
44737,LiSnPCO7,False
44739,Pr2Zr2O7,False
44740,NaMnO2,False
44741,Ca3GeN,False
44742,HgPb2Cl2O2,False
44743,Ho2Ge6Pd,False
44744,PuO2,False
44746,WO2F2,False
44747,Rb3H5Pt,False
44748,CaSn4O8,False
44749,Er2MgOs,False
44750,ZrSiO4,False
44751,PRu,False
44752,NaPr2Se3,False
44754,PuCr2Si2,False
44755,Fe3O5F,False
44758,Mg2Co12P7,False
44759,Ba2NdTaO6,False
44761,Sm3Se4,False
44762,YSnO3,False
44764,V3Au,False
44766,Cu3Sb,False
44767,ThSi2Au2,False
44769,NdO3,False
44771,USb2Ru,False
44773,Na2FeNiF7,False
44774,RbBe2BO3F2,False
44775,Nd3Zr,False
44776,NdBO3,False
44777,CeNi2,False
44778,MgCl2,False
44779,WO2F2,False
44780,AgHg3SbO6,False
44781,CaMgGeO4,False
44782,MgFeF5,True
44783,AsSeI,False
44784,In2Se3,False
44785,Hf2Al3C4,False
44786,NdCo4B4,False
44787,MnPtF6,False
44788,CeMgSi2,False
44789,Na2PrO3,False
44791,KSO2F,False
44792,V3Sb,False
44793,HfVF6,False
44794,AlPO4,False
44796,Cr3Ru,False
44798,Yb2LiIr,False
44799,Li2Co3SbO8,False
44801,Sr2AlGa3,True
44802,Yb2Ti2O7,False
44803,Na2TiTeO6,False
44805,BaZrB2O6,False
44807,ErTlRh2,False
44808,CeGeAu,False
44809,LiCd,False
44811,Li4CuP2O8,False
44812,CaV2O4,False
44813,ZrTe,False
44814,TbPO4,False
44815,Y2V2O7,False
44816,CaPd5,False
44818,NpGe2Pd2,False
44819,B3Ru7,False
44820,NbSe2,False
44821,ZrO2,False
44822,TiAg,False
44824,Sc2Ni2Sn,False
44825,YIn3,False
44827,US3,False
44829,Tb2LiIr,False
44830,Li3TaO4,False
44831,Zr3Al,False
44832,Na6Ge2Se7,False
44834,LiYF4,False
44835,ZnNi3C,False
44837,UIr2,False
44838,Li3Hg,False
44839,Ca2Co12P7,False
44840,ThP2O7,False
44841,Zr3O,False
44843,Pr3CuSiS7,False
44845,Li4H6Ru,False
44846,HoMoO4F,False
44847,Ca3N2,False
44848,Ni5Sb2,False
44849,NdAl3,False
44850,LiCoSiO4,False
44851,VF4,False
44852,KC2N3,False
44853,Rb2U3I4O20,False
44854,AgAuS2,False
44855,RbHF2,True
44856,NpSi2Pt2,False
44857,Y2Ge2O7,False
44858,SrTcN3,False
44860,ThRu,False
44861,KHfPdF7,False
44862,TlFe2S2,False
44863,Sr3PbO,True
44864,NaErP2S6,False
44865,NiO2,False
44867,DyCo2Ge2,False
44868,MgF2,False
44869,Ni3S,False
44871,Li4SiO4,False
44872,MgMo4O8,False
44873,LuCr2Si2,False
44875,Zn3N2,False
44876,Fe4O7F,False
44877,Li2CrFeO4,False
44878,MgBi2O5,False
44879,KNa2,True
44885,InSb2S4Br,False
44886,Bi2Ir2O7,False
44887,NdSmZn2,True
44889,RbTcO4,False
44890,YbMgSi,False
44891,AlSCl7,False
44893,RbNaTiO3,False
44894,Sc3BPb,False
44896,Na3HoCl6,True
44897,MgSn2O4,False
44898,TbBaO3,False
44899,U2PdS4,False
44900,HgS,False
44901,NaTiS2,False
44902,NaAu2,False
44904,CuSn,False
44905,Ca2InN,False
44906,NdNi2Bi2,False
44907,CuCSN,False
44908,CdI2,False
44909,KSmF4,True
44911,TbAlCu2,False
44912,NbRh,False
44913,MnCoO4,False
44914,MnGaNi2,False
44916,VW2O8,False
44917,NpGe2Rh2,False
44919,PrPt,False
44920,AlNi2O4,False
44921,ErIn5Co,False
44922,Na2VBAsO7,False
44923,Nb4CrSe8,False
44924,HfGa2,False
44925,Nb2Tl5S4Cl9,False
44926,MgNiSb,False
44927,LiCoSiO4,False
44928,MgCo6P4,False
44929,Rb2BrCl6F,True
44930,Mn3F8,False
44931,Tb2YbS4,False
44932,AlBiO3,False
44933,Yb5Sn3,False
44934,Pr3Se4,False
44937,Sm3Sb5O12,False
44938,PuBe13,False
44939,NiSb2O6,False
44940,Sr3NiPtO6,False
44941,NaMoO2,False
44942,HoS,False
44944,YbSi2Au2,False
44945,CeGa6Pd,False
44946,YbMgAu,True
44947,AgTeO3,False
44950,DyTh,False
44952,MgCu2O4,False
44954,K2AlF5,False
44955,ZrB2,False
44956,AlCuPt2,False
44958,Al3Ni5,False
44959,NbInSe2,False
44960,DyCuAs2,False
44961,NbIO2,False
44962,AsRu,False
44963,MgBe13,False
44964,CaMg2,False
44967,ZnAg,False
44970,Ni3Bi2S2,False
44971,CdSnO3,False
44972,FeF3,False
44973,CeCl3,False
44974,CaAl2O4,False
44975,Ba6Ru2PtCl2O12,False
44976,Zr2CoSi2,False
44977,Na3NpH2O6,False
44979,U2MnN3,False
44981,V4S9Br4,False
44982,NaCN,False
44983,SrBi2B4O10,False
44984,Ti3Ga,False
44985,LiTmPt2,False
44988,Yb2SiO5,False
44989,Mn5Fe3O16,False
44990,Te2MoW3S6,False
44991,KCuCO3F,False
44992,TlCuO2,False
44995,Mg2SiNi3,False
44996,ScFe4P2,False
44997,Ag3BO3,False
44998,HoPtF7,False
44999,RbMgAsH12O10,False
45000,Fe3W3N,False
45001,URu3,False
45002,HeSiO2,False
45003,YInCu2,False
45004,Er2SnAu2,False
45005,Rb2USi4O12,False
45006,La3Te4,False
45007,SrPd2,False
45008,Sn2IF3,False
45009,BaAlBO3F2,False
45010,HoNi,False
45011,ScS,False
45013,SmSi2,False
45014,DyS2,False
45016,Dy3Pd2,False
45017,Al3Mo,False
45018,Zr6Al2Co,False
45019,LuGe2,False
45020,AlCu3,False
45022,LiCN,False
45023,CeAgAs2,False
45025,LuMn6Ge6,False
45026,TbH3C3O6,False
45027,Mn3B2O6,False
45028,AlVO3,False
45029,Li3Pd,False
45030,NaZn13,True
45031,Na2ZrCu2S4,False
45033,PrSnPt,False
45034,KAs4ClO6,False
45035,NaNiO2,False
45037,NiSe,False
45038,ErPt3,False
45039,PrSb2Pd,False
45041,AlPO4,False
45042,MoIrO6,False
45043,NaAsO2,False
45044,Si2Ru,False
45045,Li3FeN2,False
45046,LiGa5O8,False
45047,YbTlS2,False
45048,Zr3Cu4Ge2,False
45049,SrSeO3,False
45050,Tl2S5,False
45051,CdCuSb,False
45053,Cu6OF11,True
45054,K2ZnH4I4O14,False
45058,CaBe2Ge2,False
45060,YWN3,False
45061,In5AgSe8,False
45062,Al6C3N2,False
45063,VSnPO5,False
45065,Rb2NaMnF6,True
45066,LiIrF6,False
45068,Li2ZnGe,False
45069,Na2Si2S5,False
45072,SbBr3,False
45073,YbCuSb,True
45075,Na3VBAsO7,False
45076,Na2DyPCO7,False
45077,YAl3Ni,False
45078,ThGe2,False
45079,P3Rh,False
45080,HfSnRh,False
45082,Nd3SiAgS7,False
45083,PuTe,False
45084,LiSnAu,False
45085,LiLuO3,False
45086,SmNi2,False
45089,CaRh2,False
45090,BaPb,True
45091,Be2W,False
45092,NdAl3Pd2,False
45095,Sm3InC,False
45096,TiAsRh,False
45097,Na3BeAlSi2O8,False
45098,SrGeP2O8,False
45099,AgSbO3,False
45100,YGa2,False
45102,VRu,False
45103,CaCd2,False
45104,Rb2TlAu3,True
45105,Tm6FeSb2,False
45109,K2MnF4,False
45110,Ho5Ni2Sb,False
45113,Zn3Mo2O9,False
45114,Sn2PClO4,False
45115,Pr3Te4,False
45116,CeTlAu2,False
45117,VOs,False
45118,YAl2Co,False
45119,KSrNb2O6F,False
45120,Li2SnGe,False
45121,CaAgO2,False
45122,YbKS2,False
45123,Rb3TlO3,False
45124,LiTl2GaF6,True
45125,V2O3F,False
45126,Ca3MnZnO6,False
45127,NpCr2Si2,False
45128,Ho6CoTe2,False
45129,TbCu2,False
45133,Te5Mo4S3,False
45135,SrCaHg2,True
45136,Li7Co5O12,False
45138,LuGePt,False
45139,DyYRh2,False
45140,CeInAu,False
45143,Li3Al2VO6,False
45144,Fe4C,False
45145,Nb3Si,False
45146,NaSm3SiS7,False
45148,CeBPd3,False
45151,PrGe2,False
45152,ReSn3,False
45155,Li3MgPCO7,False
45156,LiO3,False
45157,NbSbRu,False
45158,Ca3Ga4Ni4,False
45161,In2SiAg2Se6,False
45162,SmTiGe,False
45164,Ho4NiB14,False
45165,K2NaFeF6,True
45167,Pr3Sb5O12,False
45168,Mg3BH3O6,False
45169,K2NiF4,True
45172,AlAs,False
45173,CdAu3,False
45174,Tb5Ge3,False
45176,Al4Cu2O7,False
45179,CeInPd2,False
45180,Fe2B,False
45181,MnCrF5,False
45182,ErS2,False
45183,H3ClO,False
45184,BaCe2MnS5,False
45185,Co3C,False
45187,In7GeIrO8,False
45188,AlCrCu2,False
45189,NbP2S8,False
45190,YZnAsO,False
45191,Ba2YTlV2O7,False
45192,Y2Al9Co3,False
45193,ZnCu2SnS4,False
45194,YCo2,False
45196,SmSe,False
45198,YbBPd3,False
45200,Yb3DySb3,False
45203,PrP5,False
45204,BeNi,False
45205,Sc2Si2Ru,False
45206,Li3Ca,False
45207,Na3FeO4,False
45208,Li3FeSiCO7,False
45210,MgPb3,False
45211,ErNiC2,False
45213,TbSi,False
45215,Nd2MgNi2,False
45217,Ni2W3N,False
45220,HfB2,False
45222,MgCuO2,False
45223,AlPO4,False
45224,UCuGe,False
45225,HoCu,False
45227,TbB2Rh2C,False
45228,MnNi2Sn,False
45229,Mg2SiPt,False
45231,Sr2FeCuSO3,False
45232,Na5InS4,False
45233,Mn3Be,False
45240,Li3ZnPCO7,False
45241,Er2Mn2O7,False
45242,NdP5,False
45244,Dy5Ni2Sb,False
45247,MoWSeS3,False
45248,Sr2YTlV2O7,False
45250,Th2Au,False
45251,AlCrFe2,False
45253,Cu3Pt,False
45255,KRu4O8,False
45256,BeVRu2,False
45258,ZnCo4O8,False
45259,PrAl3,False
45260,YInPt2,False
45261,Pr5Al2Ru3,False
45262,Ge2Pt,False
45263,Y3GaO6,False
45266,Ba2AlFe3O8,False
45268,OsCl4O,False
45269,HfCu2P2,False
45270,SbF5,False
45271,SbO2,False
45272,ZrAlPt2,False
45273,YbSb,True
45275,RbMnF3,False
45276,Sr2CrCuSO3,False
45277,ScSi7Rh3,False
45279,LiYGa4,False
45280,FeCuC5N6O,False
45281,Ta2CS2,False
45285,Ta5B6,False
45286,TiNi,False
45288,Ca3CrN3,False
45289,Ba2LaReO6,False
45290,YB2C,False
45292,Na3TlO2,False
45293,ThZr2H7,False
45294,BeO,False
45295,Ba2AlInO5,False
45296,MgSO4,False
45297,CuSbMo2O8,False
45299,Ce2CdPt2,False
45300,Rb3Si,False
45301,Ba2TlSn2O7,False
45302,Li8Cr3SbO12,False
45304,Mn2Co2C,False
45306,Mg2Co3O8,False
45307,Na3Sb3As2O14,False
45309,Nd3PbN,False
45311,Cu2S,False
45313,Sr3Fe2Cu2S2O5,False
45314,ZrS,False
45315,DyGe2Pt2,False
45316,SrLaHg2,True
45317,Th2P2O9,False
45318,Pr2MgNi2,False
45319,NdCl2,False
45321,CdI2,False
45323,NaYF4,False
45326,ErCuAs2,False
45327,YbB2,False
45328,Rh3Pb2S2,False
45329,Fe3PdN,False
45330,K3BS3,False
45333,Dy2PdRu,False
45334,SnTe,False
45335,ZrSiTe,False
45337,SrB2Ir2,False
45338,YbLi3PCO7,False
45340,Si3W5,False
45341,TbCuPb,False
45342,CaSiNi2,False
45344,ZrMo2O8,False
45345,SmCu,False
45346,TmBi2ClO4,False
45347,Ba3MgRu2O9,False
45348,V3Rh,False
45349,SrCuSb,True
45350,CaTiPO5,False
45353,SrNi4O8,False
45354,TiNb3O6,False
45355,YAl8Cr4,False
45356,Ba3NbGa3Si2O14,False
45357,Tb2IrAu,False
45358,TlAsPd5,False
45360,Pr2PbSe4,False
45361,LaTe,False
45362,Te3As2,False
45364,ScFe2Si2,False
45366,CaIn2,False
45368,Li2CaSiO4,False
45369,PrPS4,False
45370,BaH4O6,False
45371,CdI2,False
45375,SrIn4,True
45376,Na6MnTe4,False
45377,Na3YCl6,False
45378,LiV2P2O8,False
45380,HoFe2,False
45383,K3Cu2F7,False
45385,ZnCr2S4,False
45386,LiInI4O12,False
45388,Sc3SnB,False
45390,ZnMoF5,False
45391,TaAgS3,False
45392,K3N,False
45393,HoCu2O4,False
45394,Lu7Ni2Te2,False
45395,MgCd2,False
45398,YPPt,False
45399,USiO4,False
45404,K2ScPCO7,False
45405,Ag2HgO2,False
45406,K2IrF6,False
45407,YbRbF3,True
45408,Nb5Ga13,False
45410,TbBaMn2O5,False
45411,Ce3Ga,False
45414,MnAsO4,False
45415,Na4GeO4,False
45416,ThAl8Cr4,False
45417,ScAsO4,False
45418,Mo2RuSe4,False
45419,NdGa,False
45420,Ta2Se3,False
45421,Hf2MoIr,False
45422,Na3In2P3O12,False
45425,SrCd2Ga2,True
45426,Zr3Mn,False
45427,HfSiSe,False
45428,Mn3Ge,False
45429,Dy3CuGeSe7,False
45430,NbTeCl9,False
45431,SrGa2B2O7,False
45433,AlRe2,False
45434,NdAlPd,False
45436,Mn5O3F5,False
45437,ScIr3,False
45439,FeSnF6,False
45440,AgBF5,False
45441,CdGeO3,False
45442,Cr2FeS4,False
45444,SmB12,False
45446,VZn2P2O9,False
45447,TlSbSe2,False
45448,LaAsPd,False
45449,BaTm2F8,True
45450,MgCrO2,False
45452,TbSe,False
45453,KRb2YF6,True
45454,Rb2NiP2,False
45455,Fe3S4,False
45456,K3NaMo2O8,False
45457,MgTiSiO5,False
45459,BaAl2O4,False
45460,Ba2TiOF6,False
45463,RbBF4,False
45464,K2TaF7,False
45465,NdSmIr2,False
45467,Sm3TlC,False
45468,Li4VF6,False
45470,CeIn5Rh,False
45471,Nb3Rh,False
45473,TlCuSe2,False
45474,KP2Rh2,False
45475,ZrGaAu,False
45476,SnPt3C,False
45477,SiP2O7,False
45478,ErTl,False
45480,Tm3GaC,False
45481,MnCu2Cl4,False
45482,K3SrPCO7,False
45483,HoTl3,True
45484,ZnS,False
45485,Pr3S4,False
45486,Ho2O3,False
45487,HfSiTe,False
45490,CeBe13,False
45491,YMoClO4,False
45492,YMgTl,False
45493,NaC,False
45494,Yb3U,False
45495,La2Os2I,False
45496,BaAgSb,False
45497,ThPS,False
45498,ZnMoO3,False
45499,YSi2,False
45501,Li2GeF6,True
45504,PaH3,False
45505,MgCl2,False
45507,TiIr,False
45508,Sr4Br6O,True
45513,CrTe4Au,False
45514,Li4MnCo3P4O16,False
45515,TaO3,False
45517,YbThRh2,False
45518,Hf2Ga3,False
45520,TaTeBr9,False
45521,BaH4O6,False
45522,Na2AlNiF7,True
45523,Dy3Se4,False
45525,Sr4Bi3,False
45527,Mg2Mo3O8,False
45529,TiCoSn,False
45530,NiAsSe,False
45531,Ni3Sb,False
45532,SiRh,False
45533,Rb2MgH4,False
45534,SrPd5,False
45535,KTe,False
45536,Sc3TlB,False
45539,PrInRh,False
45541,CaCr2O4,False
45542,Ge3Sb,False
45543,Ho2Be2SiO7,False
45545,YGe2,False
45546,ZnNi3Sb2,False
45547,VSi2,False
45549,LiGaSiO4,False
45550,Cu3Pd,False
45553,PuSb,False
45556,Li2ScFeSi4O12,False
45557,MgCuF4,True
45558,LiPr2C2N4F3,False
45561,SiO2,False
45562,Nb2Tl5S4Br9,False
45563,Pr2CuO4,False
45564,Nb3Co4B7,False
45565,Na6CoSe4,False
45566,DySi2,False
45567,Ba2Ga2O5,False
45568,Cd3In,True
45569,SmBi2ClO4,False
45574,NbSe2,False
45577,SrSiO3,False
45579,Ho2CoOs,False
45583,NbN,False
45584,Na2Mn2O3,False
45585,ZnGeN2,False
45586,ZnSn4O6,False
45588,DyMg3,True
45589,U2AuF11,False
45590,ZrInAu2,False
45591,Pr6IrCl11,False
45592,LiSmGe,False
45593,TiGaCo2,False
45594,U2TeO2,False
45595,V3O4F2,False
45596,K2FeCoC6N6,False
45597,Li2MnC2O6,False
45598,ZnNi,False
45599,Mn3CoO8,False
45601,TmCuAs2,False
45602,Y3AlNi8,False
45603,LiFeP,False
45604,BaErAgS3,False
45605,ZnNiO3,False
45606,NbF4,False
45607,Li5Ni3N3,False
45608,TbInAu2,False
45610,CuBiS2,False
45611,U3O8,False
45612,Sm3Si2Ni,False
45613,VAgO3,False
45614,Ti3SiC2,False
45615,MnSnF6,False
45616,KLiSi2O5,False
45617,InP,False
45620,MgSn2O5,False
45621,Zn3Sn2O7,False
45622,Yb2SO2,False
45623,Lu2In,False
45624,CeH3O3,False
45625,Cu2HgI4,False
45627,Rb2As3,False
45629,K2BrCl6F,True
45631,Cd2Sb2O7,False
45632,YFe2O4,False
45633,DyTiClO3,False
45634,DyGeRh,False
45635,NiAgO2,False
45637,Na2CaP2O7,False
45640,Rb5Au3O2,False
45642,TaSi2,False
45643,ZnNiSb,False
45644,ScNi4Sn,False
45645,Hf6NiSb2,False
45646,K3BePCO7,False
45647,LuInRh,False
45648,SrMo6S8,False
45649,Mg2P2O7,False
45650,SrMnV2Ag2O8,False
45653,NdAgAs2,False
45654,DyBi2IO4,False
45656,VO2,False
45659,SrTcO3,False
45660,LuSi2Ni2,False
45661,NiS,False
45664,K3TaS4,False
45665,LiTi2O4,False
45666,USi,False
45668,Ta4FeP,False
45669,ErC2,False
45670,Ba3Cu2Cl2O4,False
45671,NbSeI3,False
45672,CrS2,False
45673,Mg2B4Ru5,False
45674,Ho3InC,False
45675,FeNi3,False
45676,RbSb,False
45677,Ho2CdS4,False
45681,ErVB4,False
45682,Li2CrAsCO7,False
45684,Hf3Cu4Si2,False
45686,BaThBr6,False
45687,Li3RuO4,False
45688,ZnCoPO5,False
45689,TbInCu,False
45690,LiVSiO4,False
45691,H5NF2,False
45692,Y4C7,False
45694,Na4Al3Ge3BrO12,False
45696,Zr2InC,False
45698,PrCuSb2,False
45700,Ba2UFeO6,False
45701,ThIn2Br6,False
45702,Li2Ca,False
45703,Er2Ni3B6,False
45704,MnAu,False
45705,Ce2Dy2O7,False
45706,WSe2,False
45708,PrSbO4,False
45709,PbBrCl,True
45710,MgAuO2,False
45711,TaNiTe5,False
45712,Mg2Nb2SnO8,False
45714,ZnRhF6,True
45715,K2NaTiOF5,False
45716,PrAl2,False
45717,KSbO3,False
45719,LuIr,False
45720,Rb2LiVS4,False
45721,RbTlS2O8,False
45722,MoRh,False
45724,LuBiO3,False
45726,NbNi3,False
45728,Nb3Cl8,False
45729,PuNi,False
45730,Ti3PO2,False
45731,PuMn2,False
45733,SmSI,False
45734,AgIO3,False
45735,Re3Mo,False
45737,Cd2Os2O7,False
45738,LiMnNbO4,False
45739,VRh,False
45740,P2Pd3S8,False
45741,UCoAs2,False
45744,NpGa2,False
45745,MnNiBi2O6,False
45746,CeP2Rh2,False
45747,Rb2MnP2S6,False
45748,MnSeO3,False
45750,SmCuSn,False
45752,K2BeF4,True
45753,YbIn3,True
45754,NdSbPt,False
45755,NaAg3O2,False
45756,SmO,True
45757,K2NaAlF6,True
45758,CuSe2,False
45759,K2Ge2PbS6,False
45761,InP3,False
45763,Na2CrCSO7,False
45764,LiCr3O8,False
45765,CoAsRh,False
45766,Na2BHO3,False
45768,PdSe2O5,False
45772,NbBO4,False
45773,KBH4,False
45774,B6H10N,False
45775,HfGeTe,False
45777,CdSe,False
45778,Nd2Be2SiO7,False
45781,In5CuS8,False
45784,HIO3,False
45786,LiV2F6,False
45787,Zn2AgSbO6,False
45788,NdSe,False
45789,Sm3Ir,False
45790,SiF4,True
45791,Zn3Ru,True
45792,ThGe2,False
45793,Y4Ga12Pd,False
45795,K3AuSe2,True
45796,Sn7S2Br10,False
45797,V3CrO8,False
45798,Sc2C3,False
45799,Ba5Hf4S13,False
45800,TaO3,False
45801,TiB,False
45802,MgB4Os3,False
45803,Rb2H2C2O5,False
45805,NdSbO4,False
45806,SmGa3,True
45807,SrNi2Ge,False
45808,CaGe2Rh2,False
45809,NpSb,False
45810,Ni3Te,False
45814,Ta2Hg3SO4F10,False
45816,KSnPCO7,False
45817,Pr2Zn6Ge3,True
45818,Rb2NaCoF6,False
45819,Ho7Co6Sn23,False
45820,LiSnRh2,False
45821,MnCo2Ge,False
45822,Si2W,False
45824,Al2Pd,False
45825,CaSO4,False
45826,Hf5Te4,False
45829,CoAsSe,False
45830,SrN2,False
45831,Li2CuAs,False
45832,UGe2,False
45834,Al5W,False
45837,LiMnTe2,False
45838,DyAgSb2,False
45839,CaZnGe,True
45840,SrGa2Te4,False
45841,TaTe4,False
45842,CdTe,False
45843,MgSn2O4,False
45844,BaCr2As2,False
45845,Ba2TlBi2O7,False
45846,AsHPbO4,False
45847,KGeNO,False
45849,Sr3CePC3O13,False
45850,ZrBr,False
45851,CaSnS3,False
45853,U2C3,False
45854,MnVAgO4,False
45855,BaAl2O4,False
45856,Rb3Na,False
45858,Pr2AlCo2,False
45859,Sc2ZnS4,False
45860,KBiF6,False
45861,Hf2Al,False
45862,Pr2In,False
45863,LiAsO3,False
45864,Li2TiCo3O8,False
45865,K2Sn2O3,False
45866,Yb3SnO,True
45867,Sm3AlN,False
45869,Pr3IrO7,False
45870,Yb2SeO2,False
45871,CeAg,False
45873,CdAuO2,False
45874,MgCrO2,False
45875,Sc3As2,False
45878,Lu7Te2Pd2,False
45879,Sc6Si7Ni16,False
45880,RhO2F6,False
45883,Dy3Y,False
45884,ZnCu2SnSe4,False
45885,Te3MoWSe,False
45886,LiYGe,False
45887,DyCuGe,False
45888,NiTe4O12,False
45889,Tc2P3,False
45891,PuGa,False
45892,Sr3CdO4,False
45893,Tl3AsO4,False
45894,Al2Cu,False
45895,Zr4Al3,False
45896,Tm2FeC4,False
45898,Li3In,False
45899,SmMgTl,True
45901,GaAuO2,False
45902,NaMnAsO4,False
45903,NdNi2Sb2,False
45904,Na2SiF6,True
45905,PaAs,False
45907,Dy6FeTe2,False
45909,TbCuSe2,False
45912,DyPO4,False
45913,UCo2,False
45915,Sc3Co2Si3,False
45917,Bi2O3,False
45918,H5PbCI3N2,False
45919,HoS2,False
45921,ErCuSe2,False
45923,SnPt,False
45925,HoC2,False
45927,Tm2C3,False
45928,Sr2Bi3,False
45930,Na4SrSi3O9,False
45931,Tm2MnS4,False
45932,BaSeO3,False
45934,VAuS2,False
45936,MgVO3,False
45937,RbClO3,False
45939,Al2W,False
45942,Mn4CuO8,False
45945,TiGa2,False
45946,Ni3Pt,False
45947,PrB2ClO4,False
45948,NbSi2,False
45949,ErS,False
45950,Ag2Hg7P8Br6,False
45951,ZnBi2O4,False
45952,NaMnTe2,False
45953,KClO3,False
45954,H6PbCI3N,False
45955,Ni3Pb2Se2,False
45956,Yb3PbO,True
45957,V3Co,False
45958,Ba2Li3TaN4,False
45959,SiO2,False
45960,NiPtF6,False
45962,MnAl,False
45965,Ba5Sb3,False
45966,Li3Pt,False
45967,Sc7Cl12,False
45968,HgF2,False
45969,Nb2P5,False
45972,GePt2,False
45973,PrAl2Zn2,False
45975,In2Si2O7,False
45976,Sr6Sn2NF,False
45977,K2NaMoF6,False
45978,Na8PO3,False
45979,Yb4As3,False
45981,AlAu,False
45982,SbIrS,False
45984,BaFe2P2O7F2,False
45985,KLiSO4,False
45986,U3Bi4,False
45987,PrF3,True
45988,Pd2Cl2O,False
45989,H6PbCBr3N,False
45992,Ba2HoTaO6,False
45995,TiTeAs,False
45996,Mn2ZnO4,False
45997,NdMgNi4,False
45998,NaF,False
45999,Ti3As,False
46000,RePb3,False
46001,SiTePt,False
46002,H6PbCNCl3,False
46003,TbRh3C,False
46005,ErHO2,False
46006,Pr3CuGeSe7,False
46007,YbSnPd,False
46008,LiNbWO6,False
46011,HoSi,False
46012,PrCo4B4,False
46014,Li2NbCr3O8,False
46015,HoTeClO3,False
46017,Rb2TiCu2S4,False
46018,RbTlBr3,False
46019,Sr2As,False
46020,TmCoC,False
46021,TePt,False
46024,KIn9Co2,False
46027,Li2MnSnO4,False
46028,Be2Cr,False
46029,BiBO3,False
46030,NdSi2Ir2,False
46031,ScSn2,False
46033,BaB2Ir2,False
46034,Sc2O3,False
46035,HPbI3,False
46036,NaPrS2,False
46038,NaEr3,False
46039,TeMoS,False
46040,Si2Os,False
46041,Ba2HoTaO6,False
46042,NbCrO4,False
46043,KVOF4,False
46045,DyRh2,False
46046,TbFe2B2,False
46047,PrSnRh,False
46048,K2PdO2,False
46049,SmAgAu2,False
46051,SeS2N2O2,False
46052,DyNiSn,False
46053,BaPIr,False
46054,UAl4,False
46055,AcGa3,True
46056,KAuI3,True
46057,ZnSiO3,False
46058,RbSnI3,True
46059,HoGaNi,False
46060,Sm2PbSe4,False
46061,Li3Be,False
46062,ZrCr2,False
46063,Hf23Se25,False
46064,K2Li14Pb3O14,False
46065,Zn2AsO4,False
46066,LiFeP2HO8,False
46068,NdAgAu2,False
46069,HoSnRh,False
46070,Rb3CrF7,True
46073,Na3MnBSO7,False
46075,UFe5Si3,False
46076,K4Fe2O5,False
46077,KSnS2,False
46078,In5S5Cl,False
46079,Li2WS4,False
46081,Hf2S,False
46082,Li4Co5NiO12,False
46083,Ho5Sb3,False
46084,TbLiO2,False
46086,Sr3ErRhO6,False
46088,TlAgTe2,False
46089,TlMo3Se3,False
46090,Ba2YTi2TlO7,False
46091,CaSb2O4,False
46092,CrAg3ClO4,False
46093,Li3Ag,False
46094,K3VCO8,False
46095,YBPt2,False
46096,LiZn3,True
46097,YbNiO3,False
46098,K3Bi,True
46099,Sr2YTlNi2O7,False
46100,AsPdS,False
46101,UVC2,False
46102,YH3O3,False
46103,LiNbNiO4,False
46104,Mo3Se4,False
46105,SmHg2,False
46107,SrHfO3,False
46108,Ga2O3,False
46109,YCr3Se2ClO8,False
46110,Li2Fe3CuO8,False
46112,Ta2O,False
46113,Rb2Li14Pb3O14,False
46114,Ho4InIr,False
46115,YB12,False
46116,Cd2PCl2,False
46118,Ti2MnO4,False
46121,Zr3GeO8,False
46124,MnNb4S8,False
46125,ErNi4As2,False
46126,BaPrMn2O6,False
46127,K2AgI3,True
46128,SiP2,False
46129,K2TiO3,False
46133,AgSbF6,True
46134,SnAu3,False
46135,Al3Cr3Sb2O16,False
46137,KCrF3,False
46138,Nd2Zn6Ge3,True
46139,MnPO4,False
46140,MgCuP,False
46142,Co4B6O13,False
46143,Pr3Co,False
46144,BaH4I2O2,False
46145,YNi3Se2ClO8,False
46146,SrCrF4,False
46147,SmNi2P2,False
46148,Sc6FeSb2,False
46149,Bi2Pb2Se5,False
46150,Ca3N2,False
46151,Cr2NiO4,False
46153,K2CuCl3,True
46154,NdCd2,False
46155,Sm4Br6O,False
46157,BaMnO3,False
46158,Lu3Ni7B2,False
46159,Ba2CoSe2Cl2O6,False
46160,Na2FeNiF7,False
46163,SrMgIn3,True
46165,BRh,False
46166,LiLa3,False
46169,Al2O3,False
46172,RbTaGe3O9,False
46173,VBiPbO5,False
46174,Te7Mo4S,False
46177,DyMnGe,False
46178,SrNi4Sn2,False
46180,NiB4O7,False
46181,NaMnSi2O6,False
46183,Yb2MnS4,False
46184,TmPt2,False
46185,Hf3Al3C5,False
46186,KP2AuS7,False
46187,PrMn7O12,False
46188,K2SnCl6,True
46191,AgBi2S3Cl,False
46192,Tl3Pb,True
46194,MoN,False
46195,Ba2NaNi3O6,False
46196,Te4Mo3S2,False
46198,CaAg2O4,False
46199,TaTlGe3O9,False
46200,Ag2S,False
46201,RbCdN3O6,False
46205,LiV2O4,False
46207,Sr2CoReO6,False
46208,LuMoClO4,False
46211,K8SnSb4,True
46212,Ge3N4,False
46213,Ba2YMo3O8,False
46218,V2H,False
46219,Hg2Os2O7,False
46220,CaTi2O4,False
46221,FeGeRu2,False
46223,HgS,False
46224,Ag3AsO4,False
46225,V2Zn3O8,False
46226,ZnB3Ir4,False
46228,Pd4Se,False
46229,Li2RuF6,False
46230,Li2P2WO8,False
46231,Na2Ti3Cl8,False
46233,YbNi2Ge2,False
46236,YbCuAs2,False
46239,Pm2ZnOs,False
46240,AsPdSe,False
46246,MgV2O4,False
46248,Co3Pt,False
46249,InS,False
46250,K3Nd,True
46252,Na3PSO3,False
46254,TbNi4P2,False
46255,AlCoO3,False
46257,LiCoSiO4,False
46258,Zr2Al3C5,False
46260,AlSb,False
46261,Th2Cu,False
46264,TlAgBr3,True
46267,NdTl,False
46268,YAl8Fe4,False
46271,BaAs2Pd2,False
46272,Al2Sb2O7,False
46275,TlIn5S7,False
46277,LiInP2O7,False
46278,CdI2,False
46279,VSi2O6,False
46280,TiMn3O8,False
46281,CeP2Ru2,False
46282,BaMoP2O8,False
46283,TmMgGa,True
46285,TmB6,False
46286,MoS2,False
46289,CaMo2O4,False
46290,Al2Sn2O7,False
46291,Sr2SmNbO6,False
46292,ZnI2,False
46293,HoBi2O6,False
46294,Nb3CoS6,False
46295,W2SeS3,False
46296,KNbAg2Se4,False
46297,Sr2Ge,True
46300,Na3Ca3AlAs4,False
46301,Li3NbO4,False
46302,AlMo4S8,False
46303,BaSi3SnO9,False
46304,Tb3CuSiS7,False
46305,Hg3Cl2O2,False
46306,Er2Pd2Pb,False
46307,Te2Mo,False
46308,MnOF,False
46311,Na3MoO3F3,False
46312,Na4SnO3,False
46313,YbS2,False
46314,Li3Fe5O12,False
46316,HoBr3,True
46318,Mo3WSe8,False
46319,FeCl2,False
46321,LiAgF2,False
46322,RbGeI3,True
46327,Y3CuSiS7,False
46328,MgNi2O4,False
46329,NaHg2IO2,True
46330,HgB4O7,False
46332,Zr3InF15,False
46333,BaV2P4O14,False
46334,BAsO4,False
46335,ZnS,False
46338,Na2CN2,False
46339,H12OsN5Cl3O,False
46340,RbI3,True
46341,KH4O2F,False
46344,CF4,False
46345,W2C,False
46346,MoSeS,False
46347,YClO,False
46349,CaSnS3,False
46350,TiCdF6,True
46352,Be4TeO7,False
46353,Tb3GaO6,False
46355,Li2AlPCO7,False
46356,Mg2FeWO6,False
46357,KMgF3,True
46358,ErFe4B,False
46359,Bi2TeSe2,False
46361,Na2BeF4,True
46362,TbFe3,False
46363,RbF,False
46366,SrMgSi,False
46369,Na3HfF7,True
46372,K3Mo2BrO7,False
46373,DyAl3,False
46375,Te4Mo3S2,False
46376,Ni3S4,False
46377,TmCdPt2,False
46378,Ta2H4O7,False
46379,LiMnP2O8,False
46380,PrB2C2,False
46381,AlFe2O4,False
46382,Nb3Ga2,False
46383,Sc11Os4,False
46384,HO,False
46385,RbCaCO3F,False
46386,AgBiSe2,False
46387,KNiAsO4,False
46388,K3LiIrO4,False
46389,KPH2O2,False
46392,CoPS3,False
46395,PrP12Ru4,False
46396,CaSnS3,False
46398,CaMg2Ni9,False
46399,Li4Ca3Si2N6,False
46400,LiMnP2O8,False
46401,K3Nb3B2O12,False
46402,LiSiNO,False
46403,Sb2Au,False
46404,TbB2C2,False
46405,Ca2CrN3,False
46407,ErGe2Ru2,False
46408,PrB3O6,False
46410,CuSe2,False
46411,Sm3Ge5,False
46414,MgO2,False
46419,BaCuAs,False
46420,BaSn5,False
46421,SnO2,False
46423,SiO2,False
46424,TiBr3,False
46426,MoWSe3S,False
46429,Sr2UNiO6,False
46430,Te2Mo3WSe6,False
46431,MgNi2S4,False
46432,ErB2C2,False
46433,Te2MoWSe2,False
46434,SiO2,False
46435,Y6FeSb2,False
46436,RbPbIO6,False
46438,VBiPbO5,False
46439,NaLiCO3,False
46441,Li10Zn4O9,False
46442,NaSbP2S6,False
46443,MgMnO2,False
46444,Ca2CrSbO6,False
46445,Nb4AlC3,False
46447,Tl2O3,False
46448,CaMgSi2O6,False
46449,MgTe2,False
46450,Er2C3,False
46451,HfAlFe2,False
46452,YSnAu,False
46453,BaGa2Te4,False
46455,Li2CuF5,False
46456,MgSnO2,False
46457,Er3Ru2,False
46458,SrPr2S4,False
46459,GaSi3,False
46460,CeAlO3,False
46461,TiBO3,False
46462,HfPd3,False
46463,SrTa4O11,False
46464,Hf2SbP,False
46465,LuGeIr,False
46466,MoW3Se4S4,False
46467,Li2CuF5,False
46470,Li2CO3,False
46471,Te6MoW3Se2,False
46472,MoW3Se6S2,False
46473,LiTiNiO4,False
46474,Pr3OsI3,False
46475,Sr3P14,False
46476,MgSn4O8,False
46477,Ta2Ni3S8,False
46481,Ca2TiSbO6,False
46482,CaB2O4,False
46483,Na2PSe3,False
46484,CaSnS3,False
46485,Te2MoW3Se4S2,False
46486,RbN3,False
46487,Ti5Si4,False
46488,MgMo2O4,False
46489,As3Ir,False
46491,In5AgS8,False
46492,CeCo4B4,False
46494,Te7Mo6S5,False
46495,Pr2Ru2O7,False
46498,Nb2Se3,False
46500,TlCr5S8,False
46502,SrCaPb,True
46504,TeH6O6,False
46505,LuAlSi,False
46507,Dy4CdRh,False
46508,Er5Mg24,True
46510,MgNi2O4,False
46511,Cr2Se3,False
46512,Li2MnSiO4,False
46514,TbAl4Ni,False
46515,Pr3Al4Si6,False
46517,AgMo6S8,False
46520,Sm3S4,False
46522,SmMgGa,True
46523,Nb3Ge,False
46524,Ti2Cu3,False
46526,NaB15,False
46527,ErCrB4,False
46528,Ni3Mo3N,False
46529,TmCr2Si2,False
46530,KY3F10,False
46532,Ta2O5,False
46533,Li2Si2O5,False
46534,KNdPdO3,False
46535,V4As3,False
46536,K3Hg,True
46537,ReCl3,False
46539,AgCSN,False
46540,CdI2,False
46541,BiTe,False
46544,AlPO4,False
46545,Pd7Se4,False
46547,PbSO3,False
46548,CuSnH12N2O6,False
46549,CaAgSb,False
46550,NbCoO4,False
46553,DyB2C2,False
46554,LiNbFeO4,False
46555,NdFeAsO,False
46556,BaZn5,True
46557,Be3Al2Si6O18,False
46559,ZnIn2Se4,False
46560,BaBPO5,False
46561,Li6FeO6,False
46562,Ta5Ge3,False
46565,NbSiPt,False
46566,KCrF6,False
46567,Cr2PO5,False
46569,LiDy2Cl5,False
46570,TmInCu2,False
46571,Y2ZnSe4,False
46572,Nb2MoO8,False
46576,NiSbS,False
46577,Li4Cr3O8,False
46578,FeSn2C6N6,False
46579,BaTaS3,False
46580,UGa5Ir,False
46582,DySCl,False
46583,Na3MnAsCO7,False
46585,K2Pd3S4,False
46586,Li4V3Cr3W2O16,False
46588,ZnSnO2,False
46589,TbCoSi,False
46590,Rb4Fe2O5,False
46591,PrSb12Os4,False
46592,Tb4Sb3,False
46593,NbPt3,False
46594,NaC3O3,False
46595,HfTe5,False
46596,NiTePd,False
46597,Te2MoWS2,False
46598,Li4Mn3V2Ni3O16,False
46599,Na2VCSO7,False
46600,ZrNi4P2,False
46601,SiO2,False
46602,ZnSb2O4,False
46603,LuSeO3F,False
46604,CaPd3O4,False
46605,Sr5Si3,False
46607,Li2ZrF6,False
46608,ZrS2O8,False
46609,Nb4CrS8,False
46610,Te2Rh,False
46611,AlAg2,False
46613,LuBO3,False
46614,MnInBr3,False
46615,TbAl7Au3,False
46616,ZnSeO3,False
46617,HfPt3,False
46618,ZrSb2,False
46620,Sr2B2O5,False
46621,P4N6O,False
46622,Y2Ge5Ru3,False
46623,AsPd5,False
46624,TbAl,False
46625,SnO2,False
46626,LiTl3Mo2O8,False
46627,Pr2Au,False
46628,RbV2CrO7,False
46630,Nb2Se9,False
46631,Na3YBr6,True
46632,Al12W,False
46634,Zr6Co23,False
46635,VS4,False
46636,Y2Al,False
46637,Ti3Ag,False
46638,Ta3SeI7,False
46639,Sm2SnS5,False
46640,Nd2HgO4,False
46641,Sm3GaO6,False
46642,Ba2Bi3,False
46643,Li2FeSnP2O8,False
46644,B3H7CO,False
46647,Ta6Co16Si7,False
46648,Er3Rh,False
46649,PuSb,False
46650,RhN3,False
46651,NdScO3,False
46652,CaNi4Sn2,False
46653,BaTiO3,False
46654,NaMgBO3,False
46655,Tl4V2O7,False
46659,HfSb2,False
46662,Ca2Bi,True
46663,Zr2Be17,False
46664,Sb3Rh,False
46665,VCdO3,False
46666,Hf5Al3,False
46667,Ca2FeSbO6,False
46668,SrMg2,False
46669,SbO2,False
46670,Ba2YCu3O6,False
46671,TiMnH12O6F6,False
46673,Nd5Ge3,False
46674,Ho5Pb3,False
46675,DyB4,False
46676,KIO3,False
46677,U2Co21B6,False
46678,MnB4O7,False
46680,TaF5,False
46682,Cu4O3,False
46683,Te4Mo3S2,False
46684,YCo3,False
46685,Zr5Al4,False
46686,Sm2Te4O11,False
46689,Na2FeAsCO7,False
46690,TiCr2,False
46692,NbSiRh,False
46694,K2PtI6,True
46695,RuC3Br2O3,False
46696,LiBiO2,False
46699,C5N4,False
46700,MgBi4O8,False
46701,PrInAu,False
46702,Nb6Co16Si7,False
46703,MnSiIr,False
46704,P4S7,False
46705,AuC5S4Cl4,False
46706,Sc2InC,False
46707,Te7Mo6S5,False
46708,P3Au2,False
46709,CrAsO4,False
46710,PrAl7Au3,False
46712,TbScO3,False
46713,TbFe3B4O12,False
46714,MgNi2,False
46715,Yb2Pb,True
46716,RuC4O4,False
46717,Zn2PdO4,False
46718,Mg2Mo3O8,False
46719,AgBi3S5,False
46720,Mg2TaBiO6,False
46721,ZnFeO2,False
46723,Zr5SiSb3,False
46724,Er5Sn3,False
46725,Zn2SnSbO6,False
46726,Er8Ga3Co,False
46727,CaTeO4,False
46728,Si2SnO6,False
46729,Ag2Hg7P8I6,False
46732,Ag2PbO2,False
46733,BaAu,True
46735,Li2SnP2O7,False
46736,Er4InRh,False
46737,ErSiPd2,False
46738,BaHfS3,False
46739,LiTiO2,False
46740,Al4B6O15,False
46742,KCaCl3,True
46744,LiIn2Ru,False
46745,MgI2O6,False
46746,Ni2Mo3N,False
46747,Li2Mn3SbO8,False
46748,Mo3Pd2N,False
46749,SnO2,False
46750,Y7FeI12,False
46752,Pr3Si2S8Br,False
46753,Ho6GaCo2,False
46755,TiGaRh,False
46756,YInAu,False
46758,Cu3BiS3,False
46760,Fe3NiN,False
46761,CeAlO3,False
46762,Dy5Sn3,False
46763,Nb3GeS6,False
46764,LiMnAsO4,False
46766,In3Ir,False
46767,Tl4SnTe3,False
46768,Te4Mo3WSe2S2,False
46769,KMnRu,False
46770,HoPO4,False
46772,RbNiCl3,True
46774,TiAl2,False
46775,InSiIr,False
46776,LiCo6Ge6,False
46777,RuOF4,False
46778,Na2Si3O7,False
46779,Tb4InRh,False
46781,Li2Cr3SbO8,False
46785,SrP6Pt4,False
46787,DyCrO4,False
46788,Lu4Ge6Ru7,False
46789,Sr3In2P4,False
46791,Sn7Ir3,False
46792,MgMnF5,False
46794,U4As6Ru7,False
46795,Y2C3,False
46796,Cd2As3I,False
46797,NbTeI3,False
46798,NbW11Se24,False
46799,Y3Pt,False
46802,Sr3Ru2O7,False
46806,NaCu3Ru4O12,False
46807,Pr2Co2I,False
46808,YbMgGe,True
46809,Cu3Mo2H2O10,False
46810,Hf5Sn4,False
46811,Te4Mo3S2,False
46813,ZnNiP2O7,False
46814,PuAl3,False
46815,Tm2S3,False
46816,MgAl2Cl8,False
46817,NaPr2RuO6,False
46818,BaMgSn4O8,False
46819,CaTi2O4,False
46822,ScRe2,False
46823,Te11Mo6S,False
46825,Fe3W3C,False
46826,Dy5Pb3,False
46827,Nb3PbS6,False
46828,Ta3Al2CoC,False
46831,Ba3NaIr2O9,False
46834,Mo3Pt2N,False
46835,Zn7Sb8Ru9,False
46836,Te2Pd3,False
46837,TiSb,False
46838,LiAg2F4,False
46839,UMn4Al8,False
46841,YB3O6,False
46842,PtI3,False
46843,K4Ru2Cl10O,False
46844,Li3Ti4O8,False
46845,Ca3Sn2S7,False
46848,Tb3Al2,False
46851,ZrAs2,False
46853,Ti3N,False
46855,Ba2ScSbO6,False
46856,ZnFe2O4,False
46858,Rh2S3,False
46859,Ti3N,False
46860,Y3Tm,False
46861,YTmMg2,False
46862,CaSbO3,False
46863,Te3Pd10,False
46864,Nd12Co6Sn,False
46865,CeAgSb2,False
46868,Na3UO4,False
46870,BaPdCl4,False
46871,YCu3Sb4O12,False
46872,Pb3SeO5,False
46873,Tb4CdCo,False
46874,Fe2P2O7,False
46878,Ce3Bi4Pd3,False
46882,HfZrO4,False
46883,CaSnS3,False
46884,Ba2CuSn2F14,True
46885,TiAl3,False
46886,MnSeO4,False
46887,Cu2Te2Cl2O5,False
46888,BaTeO4,False
46890,Hf5Ge3,False
46891,Ca4SnS6,False
46893,K2ZrF6,True
46895,YOs2,False
46896,YSbO3,False
46897,Lu2S3,False
46898,ScNi5,False
46899,Tm2Ni12P7,False
46900,Li7VN4,False
46901,Ag3SnP7,False
46903,Nd3CuSiSe7,False
46906,SbI3Cl8,False
46907,Yb2LiInGe2,True
46908,AsCl3O,False
46910,V3Si,False
46911,SnCl4,False
46912,NiSeO3,False
46913,Th2AuF11,False
46918,K2SnH6O6,False
46920,GeTe,False
46921,LiVP2O7,False
46922,ZnBiO3,False
46923,Te4Mo3S2,False
46924,LiVP2O7,False
46925,Ho3Al2Ni6,False
46926,Tm4InRh,False
46928,Rb2Se5,False
46929,Sm2Ru2O7,False
46931,SnPO4,False
46932,KBrF4,True
46935,KTl,False
46936,Pm2PtRh,False
46937,Pd7Se2,False
46938,Nd2Te3,False
46939,K3Mo2Cl9,False
46940,Pm2RuAu,False
46941,Ba5Al5Sn,False
46942,Sr3B2O6,False
46943,ErPaTc2,False
46944,CuAsPbS3,False
46945,Nd2Sn2O7,False
46948,Tm3Al2,False
46949,Mg3Si8Ir3,False
46950,ErGe2Rh2,False
46952,Er5Rh3,False
46954,PbWO4,False
46956,Ti5Re24,False
46958,Na3Mg,False
46959,ZnS,False
46960,Ho2OsAu,False
46961,CdCu2O3,False
46962,Na2Mn2Se3,False
46963,K3Ho,True
46964,Y3AlO6,False
46965,TeMoS,False
46967,TbInNi,False
46969,Ca2AgSbO6,False
46970,YFe4Cu3O12,False
46971,BaZrSe3,False
46973,Ta2Zn2SnO8,False
46975,ErBi3O6,False
46977,MgMoF5,False
46978,Sn7Os3,False
46979,Cr3AuO8,False
46980,Dy5SbAu2,False
46984,TlMo2Cl7O2,False
46985,TiInAu2,False
46987,Pr2S3,False
46988,Ba4Os6ClO18,False
46989,LaFe4P12,False
46990,TlCdBr3,True
46994,CaSmCuClO3,False
46995,Ba4I6O,True
46997,RbMo6Se7,False
46998,TlIn5Se7,False
46999,NpFe2Ge2,False
47000,CaTa4O11,False
47002,Ca2CuSbO6,False
47003,NbWSe4,False
47004,BeAl2O4,False
47006,CaCd2,False
47007,Te4Mo3S2,False
47008,NbW7Se16,False
47010,Tm2NiAs2,False
47012,TeMoS,False
47013,Nd2Si3Rh,False
47014,Rb3Nb2Br9,False
47015,DyAl8Fe4,False
47017,Na3ScBr6,True
47018,Rb6Cl4O,True
47019,Tb2Se3,False
47020,Ca4Al6TeO12,False
47021,Sc2CuAu,False
47022,Yb5Ag3,True
47024,NaSe2,False
47025,HgN,False
47026,Nb5Sb4,False
47027,Te7Mo4S,False
47028,NbWSe4,False
47029,LuOs3,False
47030,Ti2Pd3,False
47033,Ba2Ti2CuF14,False
47034,YMn2S4,False
47035,Ho2Co12P7,False
47036,MgTi2S4,False
47037,Rb3NbS4,False
47038,Ti2ZnS4,False
47039,AlCo2S4,False
47040,Te5Mo4S3,False
47041,LiCr2S4,False
47042,YCr2S4,False
47043,LiV2S4,False
47045,YSn3Se2ClO8,False
47046,Rb2V3O8,False
47047,Pr5Ge3,False
47048,Tl4CrI6,True
47049,Sr3InP3,False
47050,Te5Mo4S3,False
47051,NbW3Se8,False
47054,TlH4NCl4,False
47055,Sr5Sn2P6,False
47056,K2LiAlH6,False
47057,Rb3Os2Br9,False
47059,RbGaCl4,True
47060,Sr3B2S6,False
47061,Sr3YRhO6,False
47062,BaTl2Hg2,True
47063,K2NaAlH6,False
47065,Te4Mo3S2,False
47066,Sn3Pt2,False
47069,Ca3Si3Ag2O12,False
47070,Zn3Si3Bi2O12,False
47072,Te4Mo3S2,False
47073,NbW3Se8,False
47074,MnZnO3,False
47075,NbW17Se36,False
47078,Rb2ZnCl4,False
47079,Na2ZnCl4,True
47080,RuC4O4,False
47081,Yb2AlGe3,False
47082,HfInCo2,False
47083,Nd2Fe12P7,False
47086,Li2Ce2Ge3,False
47087,FeI3O9,False
47089,Tl7Sb2,True
47090,PW4Cl11,False
47091,K2RbBiSe3,False
47092,ThInAu2,False
47094,Te5Mo4S3,False
47097,MgZn,False
47100,SiAs3,False
47101,Na10CaSn12,True
47102,Sc5Ga3,False
47104,Rb7Au5O2,False
47105,Tb2Ti3Si4,False
47106,Te4Mo3S2,False
47107,Dy4InRh,False
47108,YbBr2,True
47110,ZnSn3O7,False
47114,Ta2Zn3O8,False
47115,Cr3O7,False
47116,Nd2GeO5,False
47117,Tb2AgPd,False
47118,Al2O3,False
47119,Er2AgOs,False
47120,CaSnS3,False
47121,Ga3Ag,False
47124,TlInO2,False
47125,ErSb3,False
47126,TaTiWC3,False
47127,Na2InCuF6,True
47129,TaVN2,False
47132,HfBeIr2,False
47133,K2NaNdBr6,True
47135,SrNdGaO4,False
47136,Hg3Cl,True
47137,K2LiSbBr6,True
47138,Rb2InAgI6,True
47140,K2LiNdCl6,True
47142,SrSi2Pt2,False
47143,AcLa3,False
47144,Li3ScCl6,False
47145,SnTe2Pb,False
47146,AcNd3,False
47147,K3InF6,True
47150,K2LiMoBr6,False
47152,HoTmPd2,False
47154,K3CrF6,True
47155,Si4MoW,False
47156,Na3PrCl6,True
47157,Li2GePt,False
47158,PrYFe4,False
47159,K2ScInI6,True
47160,Nd3Pa,False
47161,Pr2Al3Ge,False
47163,CdIn3,True
47164,K2YAuI6,True
47165,La2MgCd,False
47166,Pr2FeAs2RuO2,False
47167,DyPu3,False
47168,K2InAsCl6,True
47169,La3Cd,False
47172,La3Ti,False
47173,Yb2LiCd,True
47174,NdTl2InTe4,False
47175,Na3AuCl6,True
47176,Yb3Na,True
47178,Na3SmCl6,True
47179,Nd2Ga5Au3,False
47180,Nb2MoOs,False
47181,Rb2SbAuI6,True
47183,NaMnCuSe2,False
47184,SmMg5,True
47185,LuPaRe2,False
47186,Rb2SbAuBr6,True
47187,NaBiSe2,False
47189,TbNa2O3,False
47190,MgZn2Rh,True
47191,ZnSn3,False
47193,Rb2CuRuF6,True
47194,Mg2IrPt,False
47195,Y2Ga3Ni,False
47196,Mo2N,False
47197,KNa2SbF6,True
47199,MnVP2,False
47200,Na3PdF6,True
47201,TbCo2Ni3,False
47203,InBi3Se6,False
47205,MnNi2Sb,False
47207,KRb2LaCl6,True
47208,MnCd3Te4,False
47209,NaMgHg2,True
47210,Rb2NaPrI6,True
47211,GeBiPd6,False
47212,Li5TlIn,False
47213,Rb3AlCl6,True
47214,NaLi3,False
47216,Hf2NiS4,False
47217,Rb2YInBr6,True
47218,Bi2Sb2Te3,False
47219,La2ZnBi4,False
47221,NaTl3,True
47222,KSrBi2O6,False
47223,Rb2YHgCl6,True
47224,NaNiO2,False
47225,Nd2MgCd,False
47226,In2AsP,False
47228,Li2Ni3O3F2,False
47230,NdGaAu2,False
47231,HgPb2,False
47234,NdHg3,True
47235,HfTa,False
47236,PrSO,False
47237,HfNb,False
47239,Na2FeO2,False
47240,Pm2CdHg,False
47241,HfMoC2,False
47243,Pm3Hg,False
47245,AsNO2F6,False
47246,PmPr,False
47247,AcLa,False
47248,Fe2AsP,False
47249,Pr2MgCd,False
47250,Ac3Zr,False
47251,Pr3Dy,False
47252,GaAg3,True
47253,Ac2ZnIn,False
47256,GaSiNi6,False
47258,Sn3Bi,False
47259,AlCd3,True
47260,Fe6Ge2N,False
47261,AcY3,False
47262,SmTmIn2,False
47263,DyAgSn2,False
47264,Th3Pb,False
47265,AcSc3,False
47267,Ba3Sm,False
47268,DyPaO4,False
47269,Sn3Te,False
47272,CuCl,True
47273,Sr3Ca,False
47274,Be3Pd,False
47275,SrF3,False
47277,Cu6PdN2,False
47280,CoNiPt2,False
47281,CaZnO3,False
47282,CrMoAs2,False
47283,TaInO3,False
47284,CaYPd2,False
47285,Tb3Tm,False
47286,Co3Ir,False
47287,Cd3Te,True
47288,TbCuO3,False
47289,CeTh2O6,False
47290,CeZnCuP2,False
47291,TbNd3,False
47292,CdSn3,False
47293,CeCuPt4,False
47294,Ti2GaTc,False
47295,DyMg2Sc,False
47296,CdSnAs2,False
47297,DyErAg2,False
47301,Tm2TcAg,False
47302,Cd2InAgS4,False
47305,Tm3Al,False
47306,CaMgP2Se6,False
47308,CaLaGe4Ir4,False
47309,Y2MgCd,False
47310,CaCeN2,False
47311,Y2CuAu,False
47312,Ca2CuCO5,False
47313,ZnAgPd2,False
47315,Ba4Bi2O,False
47319,AlV6Sb,False
47321,AlVCrC,False
47323,YMgAu,False
47324,AgBiTe2,False
47328,PmSe,False
47329,CeSe2,False
47332,ErRe2SiC,False
47334,Zr6CoSn2,False
47335,CrPbN2,False
47336,YCr2Si2C,False
47338,Na2CrN2,False
47341,Li3YSb2,False
47343,CoNiO3,False
47347,Mn2SbTe,False
47348,RbNa2NiO2,False
47350,BaBiBrO2,False
47351,BaNdCo2O6,False
47352,Rb2LiRuCl6,False
47353,Rb2NaCoF6,True
47355,MnCoO4,False
47356,LaNiAs,False
47357,LaBiPd,False
47358,Ti2Sb,False
47359,NdMgIn,True
47361,HfPd2,False
47363,USn2,False
47364,ZrAlCu,False
47365,ZrAlCo4,False
47366,ZnIn3AsSe4,False
47367,ZnHgS2,False
47369,Zr3NbC4,False
47370,YbGaCu4,True
47371,TeMoS,False
47373,YBiO2F2,False
47375,Y2In3Sn3,False
47377,V4Ru,False
47378,UReSi2Ru,False
47379,TiVC2,False
47380,Ti6PtAu,False
47381,Ti2ReOs,False
47382,TiSi6Mo2,False
47383,TiFe3O6,False
47384,Ti4In2CoNi,False
47388,Na10SrSn12,True
47389,Nb3GeTe6,False
47390,Cu3SbSe3,False
47391,U3Si2C2,False
47392,Te2OsCl12,False
47394,SnCl2,False
47395,TiAgHg2,False
47397,K2SbAuCl6,True
47398,Sb4Te3Se3,False
47400,ZrFeF6,False
47401,Fe2CuS3,False
47402,ZrCuF6,False
47403,Yb3Si,False
47405,CeOF,False
47406,LiFeSi2O6,False
47407,PrEr3,False
47410,K2TlAgI6,True
47412,PrZnAgAs2,False
47415,K3Mg,True
47416,PmDy3,False
47418,K2AgBiI6,True
47419,Hf3Pb,False
47420,Pm2AlCd,False
47421,ZnO2F2,False
47422,AgAu3,False
47423,PrZnAgP2,False
47424,YbAgSn,False
47425,PmTm,False
47426,KAuF3,True
47427,PmSmTl2,False
47428,GaAgSeS,False
47431,Li2MnFeO4,False
47432,Pr2TlHg,False
47434,Ba2UBeO6,False
47436,Ac2CdHg,True
47437,K2TlAgF6,True
47438,Hf3Ni,False
47439,Ga2HgTe4,False
47440,Zr2Ga3Cu,False
47441,PrNd,False
47442,Ac3Ho,False
47443,Be4NiGe,False
47445,Sc6Te2Ru,False
47446,SrAuO3,False
47447,Zr3CoSe6,False
47448,FeCoSb4,False
47449,NdGa3Pt,False
47450,Li3MnF6,False
47451,Na2PtO6,False
47452,Na3ScBr6,False
47453,Nb2TcRu,False
47455,SrPm3,False
47456,SmMgAu,False
47457,DyZnSi,False
47458,IrRh3,False
47459,YZnSi,False
47462,GaCu3HgSe4,False
47463,NdGa3Ni,False
47467,MnGeAs2,False
47468,Sc2PdRh,False
47470,Nd2ZnHg,True
47471,YHo,False
47472,FeOF,False
47473,AcPm3,False
47474,VSnRh,False
47475,HoTmCd2,True
47476,Nd2CoSi3,False
47478,Ag3Bi,False
47479,TmCdCu4,True
47480,Dy3Mn3Ga2Si,False
47481,Na2LiIrF6,False
47482,HoPaRu2,False
47483,BaPtO3,False
47487,YCo3Ni2,False
47488,PrSmIr2,False
47489,CaIrN2,False
47490,PrSmO2,False
47492,Sn3Ge,False
47493,Nd2Mn3FeSi4,False
47495,Rb2YTlF6,True
47497,Sr2TlIn,True
47498,AsPt3,False
47499,ZnRu2W,False
47502,NdYO2,False
47503,Rb3TaF6,False
47505,V6GaSi,False
47506,KInCl3,True
47508,Nb3AlV3Sn,False
47509,SrCa3,True
47510,Yb5Mg,False
47511,Tm3Hg,False
47512,LaTmMg2,False
47513,YPOs2C,False
47516,Rb2NdCuBr6,True
47517,SrAcCd2,True
47519,Li2MnCrO4,False
47520,NaCeS2,False
47521,KRb3,False
47522,CoRu,False
47523,Ba2PrTaO6,False
47525,V3Rh5,False
47526,Rb2NaMoBr6,False
47527,NaCeS2,False
47529,YbRu3C,False
47533,NdMgTl,False
47534,Rb2NaScI6,True
47535,CaYPt2,False
47536,TbSmRh2,False
47537,Na3BrCl2,False
47538,Na2LiYF6,True
47541,LiPr2Ga,False
47543,LiV2CrO6,False
47545,Rb2AgSbCl6,True
47546,Na2BrCl,True
47547,TlIn3,False
47548,InAgI2,True
47550,Tc3Ge,False
47551,LiSiAg2,False
47553,YP2Pd2,False
47554,MoCl6,False
47555,Rb2YInI6,True
47556,Na2LiScCl6,False
47557,CrRe3,False
47558,YbKI3,True
47559,CoRh,False
47560,RbCNO,False
47561,TiNbN2,False
47563,Lu3Sc,False
47564,NdCu2O4,False
47566,NaLi2RhF6,False
47567,Cr2S2BrCl,False
47568,LiBS2O8,False
47570,Tb2CdNi2,False
47571,CdSb3,False
47573,Tc3W,False
47574,U3P2Se,False
47576,MnCrB2,False
47577,RbInBr3,True
47579,Rb2LiTaCl6,False
47581,K2LiGaF6,True
47582,CeAlNi4,False
47583,Rb2LiTaI6,False
47584,Ba2InOsO6,False
47587,Li3MnP2,False
47588,U2Si3Ni,False
47589,Li2CuSbCl6,False
47590,DyCuO3,False
47591,TmAlCu,False
47592,TiCuO3,False
47593,TbK2F6,True
47595,CdSb,False
47596,LaCd2Cu,True
47598,Rb2NaYBr6,True
47599,LaCeRu4,False
47600,MnCoB2,False
47601,TiCo2Sn,False
47602,DyHoRu2,False
47603,K2LiCoF6,True
47604,Na3Sn,False
47605,ThFe2Co3,False
47606,Tl3Cu,True
47607,Rb2YTlI6,True
47609,SrPuO3,False
47610,LiBiB2O6,False
47612,Ti2RePt,False
47614,TmLuAu2,False
47615,K3YBr6,True
47616,Mg6CdIn,True
47617,DyLuIr2,False
47618,Cd2GaCuS4,False
47620,Pr2Ge2Ru,False
47621,CdInAgTe3,True
47623,K2NaSmCl6,True
47624,LiSmS2,False
47625,NdCd3,True
47626,YbCeRh2,False
47627,CaGaSi,False
47628,K3TlI6,True
47629,TbGaAu,False
47630,Ti3VS6,False
47631,Ba2NbBiO6,False
47633,K3PrBr6,True
47634,TbBiTe3,False
47635,U3Pt,False
47636,Ca2Zn3Ag,True
47637,CeGaCu4,False
47638,Ga3Si,False
47640,BaN2O6,False
47641,Li2FeTeO6,False
47642,Ti3FeS6,False
47643,CaDy2Te4,False
47644,K2TlInF6,True
47645,YHoHg2,False
47647,SrThF6,True
47648,Tb2Al3Co,False
47649,DyClO,False
47652,AlGeMo,False
47654,Pm2TlHg,False
47655,Sr3NbO6,False
47656,ThCo2Ni3,False
47657,Tb2Al3Fe,False
47658,Yb2Al2O5,False
47659,AlCuP2Se6,False
47660,IrPt,False
47663,Fe3W,False
47664,Si2P4Ir,False
47665,Pm3Ga,False
47667,Rb2HgSbF6,True
47668,AlCuNi6,False
47669,Ta3Co2Mo,False
47670,Ba3Sb,False
47671,TaNbN2,False
47672,ErLuPd2,False
47673,K2InSbCl6,True
47674,Rb2VF6,True
47675,Sr2SnN2,False
47676,HoCu4Ni,False
47677,Zn3Si,True
47678,SrNdMnCoO6,False
47679,SrPPt,False
47680,MnNiN2,False
47681,InAgSe2,False
47683,Cr3As,False
47685,SrCeN2,False
47686,SrCo2N2,False
47687,Hf2Al3Cu,False
47688,In3Cu,True
47690,ZrUN2,False
47692,Sn2PbSe3,False
47693,Ho2ZnPd,False
47696,TbCaHg2,True
47697,CrHO2,False
47699,La2Ga7Co,False
47700,HgF3,False
47701,Sn4TeSe3,False
47702,Cd3P,True
47703,BiO2,False
47704,SmCdIn,True
47706,BaYFe2O5,False
47707,CaSmIn2,True
47708,SbO2,False
47709,SbO2,False
47710,Er4ThCN4,False
47711,Er2ZnHg,True
47712,Sm2As4O9,False
47713,Ta2NbRe,False
47714,CuGe2P3,False
47715,TlWO3,False
47716,CdS,False
47717,TaSnRh,False
47718,ZrZnNi2,False
47719,TbNa2CuCl6,True
47722,Na2InGaF6,True
47724,BiPt3,False
47725,Ce3Dy,False
47726,Co3Sn,False
47728,Ho2AlCd,False
47729,Hf3Al,False
47730,KLi3,False
47731,Li2ScIn,False
47732,LiY2Ga,False
47733,LiNpRu2,False
47734,Ta2Zn3O8,False
47735,RbTiCl3,False
47736,WS8Cl6,False
47737,HfTl4Te4,False
47738,As3W,False
47739,Ca3Sn13Rh4,False
47741,Te7Mo8S9,False
47742,Sm10S19,False
47743,NbW3Se8,False
47746,Sb2Au3F18,False
47747,B5H11,False
47748,Lu3BC3,False
47749,Tb2O3,False
47751,TlAgTe2,False
47753,NbW6Se14,False
47754,Nb2WSe6,False
47756,Ta2Te3,False
47757,WF6,False
47758,TaS2,False
47759,OsC4Cl2O4,False
47760,Mo3O7,False
47763,SnCI,False
47764,Li3VSiO5,False
47765,NaCS,False
47766,SnCI,False
47769,NaCS,False
47770,OsCO2,False
47771,ErLuB4Ru2,False
47773,PbCO2,False
47774,Ce3Hf,False
47777,SiC,False
47778,SnC,False
47779,Cu7Si2,False
47780,Cu3Ag3P2S8,False
47782,SnC2,False
47783,Cr4InCuS8,False
47784,TiC2,False
47785,CoO2,False
47786,SnC2,False
47787,BiTeIr,False
47789,CeAlNi4,False
47791,LiAgO,False
47792,CeMgRh,False
47793,Ba4Sc2Cu2O9,False
47794,CaGaO3,False
47797,CaIrO2,False
47798,LiAgO2,False
47800,RbCaN,False
47801,LaAlCuNi3,False
47802,Li2AgO2,False
47803,RbCaN,False
47805,Ba2Sr3CaMg2Si4O16,False
47807,CaSbN,False
47809,Ba2Ti4O13,False
47810,CaGeH,False
47814,Al4InAgTe8,False
47815,CaYO,False
47816,YbAlCu,False
47818,AgHgAsO4,False
47819,CaYO2,False
47820,CaN,False
47821,AlIn3Cu4Se8,False
47822,CaYO,False
47823,TbAlCu,False
47825,CaZnO,True
47828,CaRh,False
47829,TaCoNi2,False
47830,TiCrAgS4,False
47831,CaN2,False
47832,CdPdF,True
47833,KSi4Pd4,False
47834,RbAgS,False
47835,Ca3O,False
47837,RbAgS,False
47838,CoRh2O6,False
47839,VPb2N3,False
47840,CaO3,False
47841,Rb3AgS,True
47842,CaSnS,False
47847,Nd3Ti,False
47848,LiCdO,False
47849,Ba3WN3,False
47850,CaSnS3,False
47851,TbLuIn2,False
47852,RbAgSe,False
47853,SrCa3S,True
47855,YbYPt2,False
47856,Mg2Mn3MoS8,False
47858,Rb2AgSe,True
47859,Nd2CdAu2,False
47860,SrCaS,False
47866,Bi2Sb2Te3Se3,False
47867,CdMoO,False
47868,CdSiP,False
47870,CdSi2P3,False
47872,Ce3Th3Si4,False
47874,SrCdP,True
47875,AgPS,False
47876,TlCdTe,False
47877,Ag3As,False
47880,AgPS,False
47885,Tl3Ga,True
47888,ZrTiMo4,False
47889,LiICl,False
47891,AgPS4,False
47895,CaLaFeO4,False
47896,CrHF4,False
47897,IClO,False
47898,Rb2PrAgCl6,True
47900,MgCrF3,False
47902,LiFeP3O9,False
47903,PbICl,False
47904,MgCrF,False
47907,PbICl2,False
47909,PbICl,False
47910,KHg3,False
47911,GaCuO2,False
47912,PbICl,False
47913,AlB,False
47916,SnRh3,False
47917,SnICl,False
47918,AlB2,False
47919,V3OF7,False
47920,TaRu3,False
47922,RbP2Ru2,False
47924,TiNCl,False
47926,YMgCo2Ni2,False
47927,WNCl4,False
47928,AlB3,False
47929,WNCl,False
47930,SrCrHO2,False
47931,CuNO2,False
47933,PCl5,False
47934,Sc2Ga3Cu,False
47935,P2Cl,False
47937,LiFeGe2O6,False
47938,Pr2SbAu3,False
47940,PCl,False
47941,Nd2Ge3Pt,False
47942,CuNO2,False
47945,LiNdS2,False
47946,P2Cl,False
47947,CuS2N,False
47948,Cr3Fe3SiAs2,False
47951,VCuO,False
47952,PCl3,False
47953,Fe2PO5,False
47954,TiCuS,False
47956,RbPbCl,True
47957,Ba2CoN2,False
47958,GaMoS2,False
47959,Rb3MnO3,False
47960,RbPbCl,False
47961,GaMoSe4,False
47962,K2RbGdCl6,False
47963,RbPbCl,False
47964,Rb2MoI6O18,False
47965,RbPbCl3,False
47966,GaNO,False
47967,Co3Cu,False
47969,VPbCl2,False
47970,CeTmMg2,False
47971,RbPdCl2,False
47972,GaNO4,False
47973,RbPdCl,False
47974,FeRh3,False
47975,MnHO2,False
47976,GaNO,False
47977,RbPdCl,False
47978,YbCe3,False
47979,GaNO,False
47980,RbPdCl,False
47981,Li2Mn3F8,False
47982,ZrNiH,False
47983,LiCoF,False
47984,GeF3,False
47985,CrOF,False
47986,LaNi3B,False
47987,GeHO,False
47990,LiCoF4,False
47991,GeHO2,False
47992,YGaAu,False
47993,Li5VF8,False
47994,LiCoF4,False
47995,GeH2O,False
47996,TiAlNi2,False
47997,LiCoF,False
47998,LiV3O2F6,False
48000,TaW,False
48001,LiCoF4,False
48002,SrGeH,False
48003,LiMn2O3F,False
48004,SmGaSi,False
48005,MgCoF3,False
48010,AlCuSe2,False
48011,SbPd6S,False
48012,HgI,False
48013,CrH2O2,False
48017,Nb2CN,False
48018,LiVF4,False
48019,LiAlH,False
48020,CuPI,False
48022,CuSeI,False
48025,MgCdAu2,True
48026,Cu2I,False
48029,Li3FePCO7,False
48031,InS,False
48035,InS,False
48036,CdAg,False
48038,KAg,False
48040,CaGaCu,True
48042,KAg,False
48043,SrInF,True
48045,KZn,False
48047,SrInF2,True
48048,KZn,False
48050,SrInF,False
48051,KZn,False
48052,TlInF,True
48053,HfCrO3,False
48054,B2MoRu,False
48055,TlInF2,True
48056,LaH2,False
48057,LaH2,False
48058,CoReO4,False
48059,LaOF,False
48061,Li2Bi,False
48062,LaOF,True
48063,SrGeP2O8,False
48064,LiMoO,False
48066,UAs2,False
48067,Fe3O5F,False
48068,LiPW,False
48071,LiYP,False
48072,LiVSi2O6,False
48074,LiMnF,False
48075,LiYP,False
48076,SnMo6Se8,False
48077,LiY2P2,False
48078,Li4Ti3Mn2Nb3O16,False
48079,LiMnF4,False
48081,TmMo6Se8,False
48083,Li2MnF3,False
48084,MgSiN2,False
48085,Y3Ga2Ni6,False
48089,InNiAg2F7,True
48090,MgSi2N2,False
48091,ZnMoF,False
48093,BaInFe4O7,False
48094,MgSnN,False
48095,ZnMoF3,False
48096,ZnCr4CdSe8,False
48097,MgSnN2,False
48098,VOF,False
48101,Mg3N,False
48102,Na4NF,False
48104,MgN3,False
48105,NaNF2,False
48106,Sm2VFeO6,False
48108,NOF2,False
48109,Na2Cr3Se6,False
48110,MgN,False
48111,NaMgO,True
48112,MnCuO4,False
48113,NOF,False
48114,NaMgO,False
48115,TiOs2,False
48119,Ce2NCl3,False
48121,SNF,False
48123,SNF,False
48124,NaAlF4,True
48125,MgTe,False
48127,ErTiFe11C,False
48128,TiN,False
48129,Er4MnS7,False
48130,ScSiPd,False
48131,SrNF2,False
48133,Sr2NF,False
48134,ScPdO,False
48136,WOF2,False
48137,PdSeO,False
48138,Cr9FeB6,False
48139,NdIn4Ni,False
48140,YOF,False
48141,PdSeO4,False
48142,HoGaCo,False
48143,YOF,False
48144,Co2Re5B4,False
48146,YOF,False
48147,Lu2MgS4,False
48148,Y2SO2,False
48149,ThP2,False
48150,YOF,False
48153,Ho3Pt4,False
48154,YSO,False
48155,Mg2Mn3NiS8,False
48156,Y2O3F,False
48157,Y2SO2,False
48158,NaCu2S2O10,False
48161,ZnSO,False
48163,Mg2Mn3CrS8,False
48165,ZnSO,False
48167,Zn2SO2,False
48168,CaGa2S4,False
48169,TlZnF,True
48171,Zr2SO2,False
48173,ZrTlF,False
48179,ZnSnO4,False
48180,PrMo6S8,False
48182,ZnSnO,False
48183,BeCo2O4,False
48184,FeBr3,False
48186,V2O5,False
48187,Eu3B2Pt7,False
48188,SrTaO,False
48189,TbAl8Cu4,False
48190,YGaNi,False
48192,SrTaO3,False
48194,SrTaO2,False
48196,AlCdO2,False
48198,SrTeO,False
48202,Dy2CdTe4,False
48203,YZrO3,False
48204,Dy5Ge3,False
48205,RbGeS,False
48207,RbGeS,False
48208,ZrZnO2,False
48209,Zr3Fe2Si3,False
48211,CaZnSiO5,False
48213,KPH2O4,False
48214,ZrZnO4,False
48215,RbGeSe,False
48216,Mg2B2AsIr5,False
48217,Zr5CuSn3,False
48218,H3Os,False
48219,Ba4Pd3BrO6,False
48220,LiHO,False
48221,Nd2Ge5Ir3,False
48222,ZnPS,False
48225,Li5Mn3O8,False
48228,ZnPS,False
48229,In3GaN4,False
48231,LiHO,False
48232,Li7Mn2Co3O12,False
48233,ScPSe,False
48235,MnTeO3,False
48236,ScPSe,False
48239,Er2Zr2O7,False
48241,K2MgMo2H4O10,False
48242,Li2PH,False
48243,Li4MnCo3O8,False
48244,AsOF,False
48246,LiPH2,False
48247,AsSF,False
48248,TbMoC2,False
48249,Li4Mn3CoO8,False
48253,AsSF,False
48254,LiHPd,False
48255,Li3Co2O5,False
48256,AsSF,False
48258,LiHPd,False
48260,SbAsF,False
48261,Li4Mn3O7,False
48263,LiHS,False
48264,SbAsF,False
48265,Ho2Te3,False
48266,LiHS,False
48268,RbHPd,False
48269,SrAsF,False
48270,Dy3Os,False
48271,Li4MnCo2O7,False
48272,LiTeH,False
48274,SrAsF2,True
48275,LiTeH,False
48277,K2Se2O7,False
48279,HfCl,False
48280,TlAsF2,False
48281,Lu5Pt3,False
48282,HfCl2,False
48283,TlAsF3,False
48284,LiMnCoO4,False
48285,Hf2Rh,False
48286,Hf2Cl,False
48287,NiAsO4,False
48288,HgCl,False
48289,Al3Fe2Si,False
48291,LiVC2O6,False
48292,NiAsO,False
48293,Dy3MnAlS7,False
48294,Hg2Cl,False
48295,BaAuCl,False
48297,Li4Mn3CrO8,False
48298,BaAuO2,False
48299,LaPO4,False
48302,ZrIN,False
48303,BaAuO,False
48304,Sm3MnGaS7,False
48305,Li2FeBAsO7,False
48308,I2N,False
48309,SrGaH5,False
48310,Ba2AuO3,False
48311,Li2CeO3,False
48312,IN,False
48313,CaPdAu,False
48314,I2N,False
48315,BaEr2S4,False
48316,NF,False
48318,I2N,False
48320,NF,False
48322,SrMnO3,False
48323,NaIO,False
48325,NF2,False
48327,Zr3Fe3C,False
48329,NF,False
48330,NaIO3,False
48331,MgAl2P2O10,False
48332,N2F,False
48333,NaIO,False
48334,PuB2Os,False
48335,YbTiClO3,False
48337,NF2,False
48338,TmGePd2,False
48340,InH2,False
48341,K2TiO2F4,False
48342,Pr4MgRh,False
48343,InH,False
48344,LuAgSe2,False
48345,B2Br,False
48346,Pr3IrBr3,False
48347,BBr2,False
48348,InH,False
48349,B2Br,False
48351,TmFe4Cu3O12,False
48352,B2Br,False
48353,P2Ir,False
48356,LaF3,False
48358,Pr2Al2Fe15,False
48360,La2N,False
48361,LaTa2CuBrO7,False
48362,BBr,False
48363,Yb2CoTe2S2O14,False
48364,LaN3,False
48367,NaLaO2,False
48369,NaLaO2,False
48370,BaHfF6,False
48371,CaBC,False
48372,RbLaF4,True
48374,ZnCr4CuSe8,False
48375,CaBC,False
48376,NaLaSe2,False
48377,Rb2S2NO6,False
48378,Yb4Sc4Sb4O,False
48379,NaLaSe,False
48380,BCCl,False
48381,LaS,False
48382,CuNiSbS3,False
48384,La2S,False
48387,LaS2,False
48388,CuBC,False
48389,Y3SOF5,False
48390,LaS,False
48391,Dy3BeCrS7,False
48393,Y2WO6,False
48395,LiAs,False
48396,Lu2Fe12P7,False
48397,Li2As,False
48398,BCF2,False
48400,BCF,False
48403,TiCrCuSe4,False
48405,LiAs,False
48406,Ho8In3Co,False
48407,Li3As,False
48408,ThNb4O12,False
48410,Li2As,False
48411,TaTl6VS8,False
48412,Rb3InI6O18,False
48413,LiAs2,False
48414,SrPrAl3O7,False
48416,BaHo2S4,False
48419,Sm2Ga3Fe14C2,False
48420,CrBO2,False
48422,NaCaBe2B2O6F,False
48423,CrBO4,False
48424,NdGa2Co3,False
48425,MgAlO2,False
48427,NdCoSbPbO6,False
48428,MgAlO,False
48430,LaBO3,False
48432,MgAlO2,False
48433,LaBO2,False
48434,UAl10Ru2,False
48435,SrB2O3,False
48437,Nd2Co19Si3,False
48438,Sr2BO3,False
48439,Mn2Co21B6,False
48441,NaSr2LaTi4O12,False
48442,LiH,False
48443,TaBO4,False
48444,MnCr8Cu3S16,False
48447,ThB4O8,False
48448,MnFe5O8,False
48451,PtS,False
48453,Li2H,False
48456,VBO4,False
48457,Zr5Zn4Si4,False
48458,Li2FeP2S6,False
48459,LiH2,False
48460,YBO2,False
48461,CoNi5S8,False
48462,Zr9Co2P4,False
48463,YBO,False
48465,Ce2Al2PdPt,False
48466,LiH,False
48467,BiSbTe2,False
48468,Tm2MnC4,False
48469,LiH,False
48473,Tm3Fe2Ge3,False
48475,YBO4,False
48478,Tb5SbPt2,False
48480,LiMn2P2H4O10,False
48481,LiH2,False
48482,BaBiCl,False
48483,Tb5BiPt2,False
48484,Y2GaN3,False
48486,BaBiCl,False
48487,BaBiCl2,False
48489,Sm2Be2SiO7,False
48490,BaBiF,False
48491,LiH2,False
48492,BaBiF,False
48494,Sm2Ta2O9,False
48495,Li2H,False
48497,AlIn2N3,False
48498,BaIrBr,False
48499,LiH,False
48501,Sr3Ir2N4,False
48502,Nd2Al9Ir3,False
48503,BaMnBr,False
48504,Sr3Sc2N4,False
48505,BaBrN,False
48506,LiH2,False
48508,LiNiO2,False
48510,Ba2BrN,False
48511,NaVH8N2F6,False
48512,LiYSe,False
48513,Mg2Cr3CoS8,False
48514,LiYSe,False
48515,Li6NiCl8,False
48516,BaCaI,True
48518,BaCaI,False
48519,Sr5V2N6,False
48521,BaCaI,False
48523,Lu3Mg2TiS8,False
48524,BaZnCl,False
48525,Li2Se,False
48526,BaZnCl,True
48527,Li2Se,False
48528,MgSi2SnO6,False
48530,BaZnCl2,False
48531,LiSe2,False
48535,Li2Se,False
48536,Ba2Cl,False
48537,LiSe,False
48538,Ho2MnNiO6,False
48539,Ba2Cl,False
48540,AlFe4Cu3O12,False
48541,LiSe2,False
48543,Mg2Cl,True
48544,BaCl2,False
48545,DyAl3Ni2,False
48546,BaCl,False
48548,Li2V3CoO8,False
48550,MgTeO,False
48551,Er2AlGe3,False
48552,MgTeO,False
48554,BaFe2S2O,False
48555,BaCl2,False
48556,Co3P,False
48557,MgTeO2,False
48559,BaCl,False
48561,BaCl2,False
48562,BaCl2,False
48564,MgTiO3,False
48565,BaF3,False
48568,BaGeH,False
48569,Li8CoO5F,False
48570,CaAlSiO5,False
48576,Ca3Ga3Ge3O14,False
48577,BaIO,False
48578,MnF,False
48579,Ca3SbI3,True
48580,Ba2NiO,False
48581,Li2TiCo3O8,False
48582,RbAlSb,False
48583,BaO3,False
48584,Cr4AgBiO14,False
48585,Ca2Al3O8,False
48586,MoN,False
48587,BaSnTe,False
48588,BaNdCuTe3,False
48589,BaTlTe,False
48590,TiZnN2,False
48591,BaTlTe,False
48592,BaNa3P2O8,False
48594,Ti2ZnN2,False
48595,BaTlTe,True
48598,AuXeF9,True
48601,NaGe,False
48602,AsRuS,False
48603,BaYTe,False
48605,Li2Mn3CrO8,False
48607,NaOsO,False
48608,BaZnTe,False
48610,NaPO,False
48612,BaZnTe,True
48613,BaZrTe,False
48615,BaZrTe,False
48616,LiTiCoO4,False
48617,NaPO3,False
48619,Zr2TiPb3O9,False
48620,NaPO2,False
48621,Li2Si2NiO6,False
48622,NaPbO2,False
48625,RbNaSb,False
48626,Y4CrS7,False
48627,RbNa2Sb,True
48628,Li3NbV4O8,False
48629,BeAs2,False
48630,CaBeSe,False
48632,MnCSO7,False
48633,CaBeSe,False
48635,CaBeSn,False
48636,NbO2,False
48637,BaAsAu,False
48639,U2Ga10CoNi,False
48641,BeCdSe,False
48642,Co2O3F,False
48644,BeCdSe,False
48645,SbPbO3,False
48646,CaAgSb,False
48649,BeCoSi,False
48652,PbSeO,False
48653,HfBeRu,False
48654,Tb2B6Rh9,False
48656,PbSeO2,False
48657,BeInPt,False
48658,PbSeO,False
48659,AgClO,False
48660,Tb2Fe17C2,False
48661,Li4Mn3FeO8,False
48662,PbSeO,False
48664,Co3BiO8,False
48665,SiPbO2,False
48666,AgClO3,False
48667,MnPO4,False
48671,SiPbO,False
48673,Li4Ni3BiO8,False
48675,BaAgO,False
48676,SrLaAl3O7,False
48677,BaAgO,False
48678,V2FeO6,False
48679,YSiO3,False
48685,Li3Mn2Co2O8,False
48686,ZnSiO2,False
48687,SrDyCoO4,False
48688,AgPbCl,True
48691,SrCaPbO4,False
48692,CaAsO,False
48694,BaAgS,False
48695,CaAsO,False
48698,CaAsO,False
48700,BaAgS,False
48701,BeReMo,False
48702,Sr4Al6MoO16,False
48703,CaAsO2,False
48705,CaAsP,False
48706,Sr3ZrTi2O9,False
48707,BePRu,False
48708,Li4Ni3O2F6,False
48709,CdAsI,False
48710,CdAsI,False
48712,Sr2NbCoO6,False
48714,CdAsI2,False
48715,BeSbP,False
48716,Re2MoSe4,False
48721,BePSe,False
48722,RbBa3Ga5Se10Cl2,False
48723,BePSe,False
48724,Co2SbO6,False
48725,AsNO,False
48726,BeSiP,False
48727,Rb3Ag9Sb4S12,False
48729,BeTlSb,False
48730,Nb4CrC2S4,False
48733,Nb3IrSe8,False
48734,GaAgS,False
48735,H5C2NO,False
48736,Nb12ZnSe16,False
48737,GaAg3S2,False
48738,GaAgSe,False
48739,AsNO4,False
48740,H5C6SNO,False
48741,GaAgSe,False
48742,NaLaScNbO6,False
48743,SrAsN2,False
48744,RbTlBr,True
48745,Sr3AsN,False
48746,RbTlBr,False
48747,NaTmTi2O6,False
48748,CaAuF,True
48750,RbTlBr3,False
48753,CaAuF2,True
48754,SnH12C7O4,False
48757,HCI,False
48759,MnCdCu4Sn2Se8,False
48761,MgHC2,False
48762,SnH24C13O4,False
48764,MgZn4O5,False
48765,Lu2Fe4Si9,False
48768,PPbO4,False
48769,MgH2C,False
48770,Li4CoTeO6,False
48772,SnH12C7O6,False
48775,TiH16C9O4,False
48776,LaMn2BiO6,False
48777,HCN,False
48778,NaHC,False
48779,La3Si7Ni3,False
48780,FeMoP,False
48783,TiH20C11O4,False
48786,In5CuTe8,False
48787,TiBe3,False
48788,In3Cu3SiSe8,False
48789,CaH4C4O4,False
48793,Fe2CuRh3S8,False
48795,Lu3Ga8Rh3,False
48796,Dy3NiPd2,False
48797,ZnH6C5O4,False
48798,SnHC,False
48799,Sc3Cu4Si4,False
48800,Er3ScS6,False
48801,SnHC2,False
48802,H12C19O,False
48805,DyCu3S3,False
48806,ZnHC2,False
48808,H4C8SO2,False
48809,U2Si5Os3,False
48810,CoSiMo,False
48811,ZnHC,False
48812,Y3Co,False
48814,HfSnC,False
48815,CoNiSb6,False
48816,HfSnC,False
48817,CaCd2Pd,True
48818,NiCS,False
48819,H5C8SNO,False
48820,CeYCo17,False
48822,CaCdO,True
48827,CaGa,False
48831,CaTiN2,False
48835,CaZrO,False
48836,H7C8NO,False
48838,CaZrO2,False
48840,CaZrO,False
48841,Ca3Mg2FeC6O18,False
48845,Li3Mn2CoO6,False
48847,Ba3CaTa2O9,False
48848,CaZrO3,False
48849,Li3Mn2O5,False
48850,SnH26C14O4,False
48851,Ca2ZrO3,False
48852,Ba3LaNb3O12,False
48853,Li3Co2O5,False
48854,CaO,False
48855,Li4Co3O7,False
48856,Ba4BiPb3O12,False
48857,Ca2O,False
48858,CaO,False
48859,Li7Mn2Co3O12,False
48860,SnH20C11O6,False
48861,Ba3BiIrRuO9,False
48862,Ca2O,False
48863,Li4MnCo2O7,False
48864,Ba2SrP2O8,False
48865,CaO2,False
48866,Li4MnCo2O7,False
48867,AsHPbO4,False
48868,SnH24C13O6,False
48869,TlCdF,True
48871,Sm2MgSe4,False
48872,CdF2,False
48873,Li7Mn2Co3O12,False
48875,TiH20C11O4,False
48876,Cd2F,True
48877,Tb2MgSe4,False
48878,CdF,True
48879,Li7Mn2Co3O12,False
48880,TiH26C14O4,False
48881,YbSbO4,False
48882,CdF2,False
48884,Li7Mn2Co3O12,False
48886,CaH10C7O4,False
48888,CaSn2O5,False
48889,RbAgTe,False
48891,Li7Mn4CoO12,False
48892,Rb2AgTe,True
48893,SiPbN2,False
48896,Ba3ScN3,False
48897,RbAgTe2,False
48898,ZnH8C6O4,False
48899,AgPO,False
48900,MnCo4N4,False
48901,H6C13S3O,False
48902,Li3V3O8,False
48904,Mn4IrN4,False
48905,H2C6SO3,False
48907,HC3SO,False
48908,Mg4VN4,False
48909,CdP3,False
48910,Li2Cu4S3,False
48911,AgPbO,False
48912,H8C14SO,False
48916,AgSbS,False
48918,AgSbS,False
48919,KHgBr3O,True
48920,Mg2NbN3,False
48921,H3C6S2NO,False
48922,CdTe2,False
48923,BaO2,False
48924,LuMg2Mn3S8,False
48925,Cd2Te,False
48926,Sn4Rh,False
48927,H8C10SN2,False
48928,Mn5CuN4,False
48929,CdTe2,False
48930,LiNdGe2,False
48931,NCl3,False
48932,MgZn5N4,False
48933,H3C5SNO2,False
48934,Na3ClO,True
48936,CaV4Co3O12,False
48939,CuSi2N3,False
48940,NaClO,False
48941,HoB4Rh4,False
48944,Ba3NaSbO6,False
48946,RbNaCl,True
48947,Er7Te2Au2,False
48948,RbNaCl,False
48950,Li3CN2,False
48951,RbNaCl2,True
48953,NaSbCl,False
48954,Ca2AlSbO5,False
48955,NaSbCl2,False
48956,SnH9C9NO4,False
48958,NaSnCl,False
48961,NaSnCl3,False
48962,SnH22C12O6,False
48966,NaTlCl,True
48968,TiH18C11O4,False
48971,NaYCl,False
48972,Y3TaO7,False
48973,CaMn2O4,False
48974,NaYCl,False
48975,TiH22C12O4,False
48976,NaYCl,False
48977,SrLi2SiO4,False
48978,TiH2C2O6,False
48979,PdSeCl2,False
48980,Li2V3O6,False
48982,PdSeCl,False
48983,TlPdCl,False
48984,Ba2LaMn2O7,False
48985,TlPdCl,False
48986,CaH12C8O4,False
48989,ZnH4C4O4,False
48990,PtSCl,False
48991,Cr2CuO4,False
48994,PtN4Cl4O2,False
48995,PtSCl2,False
48996,ZnH10C7O4,False
48998,Li3NbV2O6,False
48999,RbSCl,False
49000,NdCo9Si2,False
49001,ZnH10C7O4,False
49002,RbS3Cl,False
49005,Mg4FeO5,False
49006,H8C13O2,False
49007,RbSbCl,False
49008,RbSbCl,False
49009,TiV3O8,False
49010,HC3SO,False
49011,RbSbCl2,False
49012,Ce6Mg23Sn,True
49013,ZnCoF3,False
49014,CoSeO,False
49015,Zr11Os4,False
49017,LiCo4O8,False
49018,H7C11S2N,False
49019,AgSe2,False
49021,VCr2O4,False
49022,AgSe,False
49023,Ag2Se,False
49024,H6C6N2O,False
49025,LiMgAlF6,True
49026,Mn3O4F2,False
49027,CrHF,False
49028,Yb2Ga9Co3,False
49029,CrHF4,False
49030,H7C11SNO,False
49031,Li3Ni4O8,False
49032,Tb6Fe23,False
49033,H6C7SN2,False
49037,Ti6Ga16Rh7,False
49038,Li2Mn3SbO8,False
49040,As2H6CO6,False
49041,SnH8C5O4,False
49043,CrNO2,False
49044,V3As2O9,False
49045,MgCoF5,True
49046,SnH10C10O4,False
49047,AlBH2,False
49048,MoH8N2O4,False
49049,LiAlB,False
49050,SnH6C4O6,False
49052,Zr5Al3N,False
49053,LiAlB,False
49054,TiH8C5O4,False
49055,LiAlB,False
49056,Zr5Si3N,False
49057,Li7Si2Ni3O12,False
49058,AlBN2,False
49059,YPd3S4,False
49060,TiH24C13O4,False
49061,NaV4Cd3O12,False
49062,AlBN2,False
49064,AlBN,False
49066,TmFeB4,False
49067,TiH18C10O4,False
49068,AlBO4,False
49070,TiAsRu,False
49073,AlH16C10ClO4,False
49075,KNiPO4,False
49076,AlBO2,False
49077,ZnH4C4O4,False
49078,Sr2CoClO3,False
49079,TaSiNi,False
49080,ZnH10C7O4,False
49081,AlBO4,False
49083,Ni2P3O10,False
49084,InCuO2,False
49085,Sr2LuTaO6,False
49086,H4C10S3O,False
49087,InCuS2,False
49088,Li2CrPO4F,False
49089,Sm2Si5Rh3,False
49090,CuSbS,False
49091,H8C15S2O,False
49093,NiPO4,False
49094,SbSeBr,False
49096,TbRbW2O8,False
49098,ZnNF2,False
49099,H6C12SO2,False
49101,Zn2NF,False
49103,H2C5SO3,False
49104,NaNbF,False
49105,PrVSb3,False
49106,NaNbF4,False
49107,Rb3DyP2O8,False
49109,NaNbF4,False
49111,NdP2,False
49112,CaCr2O4,False
49113,NaNbF4,False
49114,NdTm3S6,False
49116,H9C12NO,False
49117,FeSO3,False
49119,H5C8SNO,False
49120,SrPF2,False
49121,Ni2Mo3O8,False
49122,BaCrF5,False
49123,Sr2PF,True
49124,H2CSN2O,False
49125,VZnF3,False
49127,Nb5Si3N,False
49129,SnH12C7O4,False
49130,Ba2MnNiClF7,False
49131,Nd2Co3Ge5,False
49136,SnH16C9O4,False
49138,Ca3MnCoO6,False
49139,YGaI4,False
49140,SnH10C6O6,False
49141,Ga2I,False
49142,TlMo2Cl7O2,False
49143,NaFe2PbF9,False
49144,Ga2I,True
49145,SnH8C5O6,False
49147,Nb3Se5Br7,False
49148,Ga2I,False
49153,BaMnO3,False
49156,TiH12C7O4,False
49157,GaI2,False
49158,Li2Ce2Si3,False
49160,LiMnPO4,False
49161,GaI,True
49164,LiCoPO4,False
49165,TiH22C12O4,False
49166,InGaO2,False
49167,Lu2Al9Ir3,False
49168,AlH6C5ClO4,False
49169,LiSO4,False
49171,InGaO2,False
49172,ZnH4C4O4,False
49173,Li2VO2F,False
49175,Hg3Se2F2,True
49177,ZnH10C7O4,False
49178,Ho6InCo2,False
49179,GeC3,False
49180,Li3SiNi3O8,False
49181,RbTaGe,False
49182,AlH8C5ClO5,False
49183,GeCl,False
49184,Ho3P6Pd20,False
49185,LiVSiO4,False
49188,HoFe4Ge2,False
49189,Ge2Cl,False
49190,Li2Mn3GaO8,False
49191,Er5Ge2Sb2,False
49192,GeCl,False
49193,ZnH10C7O4,False
49194,Ge2Cl,False
49195,Li3Fe3NiO8,False
49196,Er5In4Pt2,False
49197,GeCl,False
49198,V6O11F,False
49199,Ge2Cl,False
49203,H3C3SNO,False
49206,YbBaAl3SiN4O3,False
49207,H3C2SNO,False
49208,GeCl,False
49210,NiSnO3,False
49211,TmAl6Cr6,False
49212,GeF,False
49213,H8C11SO,False
49214,Na2CoO3,False
49216,GeF,False
49217,Ti9O10,False
49219,H4C5SO2,False
49220,Tb6MgGe2S14,False
49223,Tb2HfAl9,False
49224,H6C7O2,False
49227,Li5Mn3Ni2O10,False
49230,Li3Fe4O3F9,False
49231,GeNO2,False
49232,HC3SO,False
49234,SiGeN,False
49235,Li3Fe2Co2O8,False
49236,SrCaMn2O6,False
49237,H10C17SO,False
49238,SiGeN,False
49244,WO3,False
49245,CO2,False
49246,Mn3CuO8,False
49247,Sr4LaCo5O15,False
49248,GeN,False
49249,H9C13SN,False
49250,Ge3N,False
49251,Sm2Ga2Fe12Co3C,False
49253,VGeO4,False
49255,NaGeO,False
49256,HC3SNO2,False
49257,TiMn3O8,False
49258,Pr6Cu8P8O3,False
49259,NaGeO,False
49260,NaGeO2,False
49261,PdSeS,False
49262,HCNO3,False
49263,NaGeS,False
49265,NaGeS,False
49266,Pr2Mn3Sb3O14,False
49267,NaGeS,False
49268,SnH14C8O4,False
49269,NdSm3Sb3,False
49270,NaGeSe,False
49271,Li2CoP2O7,False
49273,NaGeSe2,False
49274,SnH20C11O4,False
49275,Nb6V2C3S6,False
49276,VF5,False
49278,Nb2Co3Ge,False
49279,SrGeS,False
49280,SnH14C8O6,False
49281,Li3Mn3NiO8,False
49282,SrGeS,False
49283,NaLi3V4O12,False
49284,SrGeS2,False
49286,SnH10C6O6,False
49287,SrGeS2,False
49289,V4O3F9,False
49290,TlGeS2,False
49291,TlGeS,False
49292,TiH14C8O4,False
49294,YGeS,False
49295,LiNiP2O7,False
49296,MnCdSe4,False
49297,YGeS,False
49298,TiH16C9O4,False
49299,MnCdGa4Se8,False
49301,Li4FeNi3P4O16,False
49304,Mn2CoO4,False
49305,Li2Mn3CrO8,False
49309,AlCuO,False
49311,ZnH6C5O4,False
49312,MgHO,False
49313,LiVFe4O8,False
49316,CdH10C7O4,False
49318,Li4SiGe3O10,False
49320,CdH10C7O4,False
49321,Li3Mn2FeO6,False
49322,MgPH,False
49323,La6CoSi2S14,False
49324,MgPH,False
49325,Li2MnP2HO8,False
49326,CdH12C8O4,False
49327,La2UTe5,False
49328,MgPH2,False
49329,La4C2I5,False
49331,Mn2OF3,False
49332,MgPH,False
49333,KBa3Y2Co6O16,False
49335,LiFeOF2,False
49336,CdH14C9O4,False
49337,MgPH,False
49339,HfAs,False
49340,NaLiFe2Si4O12,False
49343,HfAlCu,False
49345,LiFeSiO4,False
49346,HfMgO,False
49347,HfGa3Ni12,False
49348,CdH18C11O4,False
49349,HfMgO3,False
49351,Fe22B6W,False
49354,VF5,False
49355,Dy4CdSe7,False
49356,CdH20C12O4,False
49357,HfMgO3,False
49358,Cr4InAgSe8,False
49359,AlGaN,False
49362,AlGaO2,False
49363,Cr2Se3,False
49364,SnH4C2F2,False
49365,NaFeBO3,False
49366,AlGaO4,False
49368,SnH4C2F2,False
49369,NdAlAu,False
49372,TbRu2,False
49373,Al5O8,False
49374,AlGaO4,False
49375,SnH12C6F2,False
49376,AgH3BrN,False
49377,Ba4ScTi4BiO15,False
49379,PrIn4Ni,False
49380,NbTeI,False
49382,Ba3ZnIrRuO9,False
49384,FeO2,False
49385,PbIO,False
49386,RbIO2,False
49387,Dy2Pt,False
49388,Ba4SrFe5O15,False
49389,H8PbC6O4,False
49390,RbIO,False
49391,RbV2FeAg2O8,False
49394,SIO,False
49395,Bi2Pt3Se2,False
49396,SIO2,False
49397,H21C11,False
49398,As4PRh10,False
49399,Mg2SiO4,False
49400,SIO,False
49401,SbIO,False
49402,SrGa2Se4,False
49403,SbIO,False
49404,MoPO5,False
49405,SbIO,False
49406,AlAg3,False
49407,H11C7,False
49409,SbIO2,False
49414,ScIO,False
49417,LiMo6Se8,False
49418,MgCu3Sn4O12,False
49420,NaCaSiO4,False
49421,ZnH14C9O4,False
49422,TmSbO4,False
49423,ScIO2,False
49424,TiCrAgS4,False
49425,ScIO,False
49427,Na3FeO3,False
49428,ZnH16C10O4,False
49429,AlGeH,False
49430,CuPS3,False
49431,Ga2FeN3,False
49432,AlGeH,False
49433,Mn7CdO12,False
49434,ZnH16C10O4,False
49435,ZnCrN2,False
49436,AlGeO,False
49437,URuS3,False
49438,InI,False
49439,MgFe10N8,False
49440,In2I,False
49442,InI2,False
49443,ZnH16C10O4,False
49444,In2I,False
49447,Mn2IrN3,False
49448,Zr2CuH5,False
49451,InI3,False
49452,LuCuS2,False
49453,Sr4SnN4,False
49454,InI,True
49455,InI,False
49456,Sc3As2,False
49457,ZnH18C11O4,False
49460,InI,False
49461,Ba3Sc2N4,False
49463,CaTi4Pd3O12,False
49466,ZnH18C11O4,False
49467,LiCeSi2,False
49468,TlIn2S2,False
49469,TlInS,False
49470,CrGa7P8,False
49472,ZnInS,False
49474,ZnH18C11O4,False
49475,Er2Si4Mo3,False
49476,Mn2RuN3,False
49477,InS2,False
49478,LiYIr,False
49480,MnPbO3,False
49481,RbGeCl3,True
49482,Sr3Sb3N5,False
49483,MgIrO2,False
49484,ZnH18C11O4,False
49486,K2Te,False
49487,Sr2AlTlCo2O7,False
49489,KTe,False
49490,ZnH18C11O4,False
49491,K2Te,False
49492,CaCr2O4,False
49493,KTe2,False
49494,Li3Mn2O5,False
49495,K2Te,False
49497,ZnH18C11O4,False
49498,Li3Co2O5,False
49499,La2Se,False
49500,Sr2LaMnCoO7,False
49501,LaSe,False
49503,ZnH20C12O4,False
49504,Li5MnCo2O8,False
49505,LiCo5O7F,False
49506,LiB2,False
49507,LiB2,False
49508,Li4Mn3CoO8,False
49509,LiV3Zn2O8,False
49511,LiB2,False
49512,Li7Co5O12,False
49513,MgH2C3O4,False
49516,Li4Co3O7,False
49518,LaMnZnFeO6,False
49519,LiB,False
49521,Sr3CaFe4O12,False
49522,MgH6C5O4,False
49524,Li4MnCo2O7,False
49525,ZrH2C3O4,False
49526,SrCaNiP2O8,False
49528,Li4MnCo2O7,False
49529,BaLi,False
49531,Li3V4FeO12,False
49532,Li2I,False
49533,LiI2,False
49534,Li4MnCo2O7,False
49535,ZrH6C5O4,False
49536,V2FeO4,False
49539,ZrH6C5O4,False
49540,Ca2Mn2O5,False
49542,LiI2,False
49545,Li2I,False
49547,Li7Mn2Co3O12,False
49548,LiI2,False
49549,Sr4Fe4O11,False
49550,LiI,True
49551,ZrH8C6O4,False
49553,Li2I,False
49555,Li3I,False
49556,K2VH2OF5,False
49557,ZrH8C6O4,False
49559,LiPS,False
49560,Li7Mn4CoO12,False
49561,MoH8N2O4,False
49562,ZrH10C7O4,False
49564,LiSbP,False
49567,LiSbP,False
49569,K2CoO2,False
49570,LiSnP,False
49571,Na3CoO3,False
49572,HfH4C4O4,False
49573,SrLiP,False
49574,Li3MnP2,False
49575,SrLiP,False
49576,LiFeF4,False
49577,HfH6C5O4,False
49579,MnVH4O2F5,False
49581,Li3TiP2,False
49583,LiTiP,False
49585,MnPbO3,False
49588,YbMoClO4,False
49589,MgMoO,False
49590,KVPbO4,False
49593,SrH16O10,False
49594,Sr2MnCu2S2O2,False
49595,MgMoO3,False
49599,BaGa2As2,False
49600,MgZrO3,False
49601,MgZrO,False
49603,HfH8C6O4,False
49604,Mg16Al12O,False
49605,MgO,False
49606,Sr2FeCuPb2O6,False
49607,CdH2C3O4,False
49608,K3Mo2BrO7,False
49609,Mg2O,False
49614,CdH2C3O4,False
49615,Ba3Fe2Cl2O5,False
49616,MgO2,False
49617,CdH2C3O4,False
49618,LiH2N,False
49619,Mg2O,False
49620,MoH2O4,False
49621,CdH2C3O4,False
49622,MgO2,False
49623,Tb5Ga3,False
49624,Li3Ti4VO8,False
49625,CdH4C4O4,False
49626,MgO2,False
49627,Fe2O3F,False
49628,Y2Ga2Fe15,False
49629,CdH4C4O4,False
49630,Mg3O,False
49631,Y7Rh3,False
49632,V6O7F5,False
49633,CdH4C4O4,False
49634,TiMnO4,False
49635,Rb2MnSe2,False
49636,V3O4F2,False
49637,BaThO3,False
49638,CdH6C5O4,False
49640,NaMoO,False
49641,CaWO4,False
49642,LiFe2OF5,False
49643,CdH6C5O4,False
49644,NaMoO,False
49645,BaSO4,False
49646,Li3V2Fe3O10,False
49647,Na2MoO2,False
49649,MgB2H8,False
49650,NaPtO,False
49651,NaPtO,False
49652,CdH6C5O4,False
49653,Li3Mn3O3F5,False
49657,CdH6C5O4,False
49658,AgClO4,False
49659,RbNaO,False
49660,LiMnPO4,False
49662,NaReO,False
49664,PrVO4,False
49665,Li3V2C4O12,False
49666,NaRhO2,False
49668,Li2In2GeS6,False
49669,NbO3,False
49670,CdH8C6O4,False
49672,Mn6O7F5,False
49673,HoCrB4,False
49675,CdH8C6O4,False
49676,BAsO,False
49677,LiDySn,False
49679,BAsO,False
49680,LiFeF3,False
49681,CdH8C6O4,False
49682,HgP2Pd2O8,False
49683,BAsO2,False
49684,Mn6O7F5,False
49686,CdH8C6O4,False
49687,Na2CoO3,False
49688,BAsO4,False
49689,YbTm2Se4,False
49690,CdH10C7O4,False
49691,Li2Fe5O5F7,False
49692,Zr9NiMo4,False
49694,CdH10C7O4,False
49695,V3Co20B6,False
49696,BAsO4,False
49697,TiMnV4O12,False
49698,B2AsP,False
49699,CdH12C8O4,False
49701,BAsP2,False
49702,Mn6O11F,False
49703,TePbO2,False
49704,CdH14C9O4,False
49705,Hf3Ni20B6,False
49706,TePbO,False
49707,MgNi2O4,False
49708,TePbO,False
49709,TePbO,False
49711,CdH14C9O4,False
49712,Mg2BP2O10,False
49714,Na3CoO3,False
49716,Zr6Al16Pd7,False
49717,VPbO2,False
49719,CdH18C11O4,False
49722,Li2TiV3O8,False
49725,YPbO,False
49726,Mg2SiS4,False
49727,Li2Mn2CrO6,False
49728,CdH18C11O4,False
49729,YPbO4,False
49730,SrLu2Se4,False
49733,Sm3Rh,False
49734,YPbO,False
49736,La4Co2Sn5,False
49737,YPbO3,False
49738,LiV2F7,False
49740,SnH4C2Cl2,False
49741,YPbO3,False
49743,SnH4C2F2,False
49744,YGa3B4O12,False
49746,Li5Co7O12,False
49747,SnH4C2F2,False
49748,Sb2SO2,False
49749,Yb2Be2SiO7,False
49753,SnSO,False
49754,Li3TiCo3O8,False
49755,SnH12C6F2,False
49756,SrSO,False
49757,Y6RhI10,False
49758,LiCr2O4,False
49759,SrSO2,False
49760,Y3Ir,False
49761,SrSO,False
49762,SrSO,False
49763,Tm5SbPt2,False
49766,H20PbC12O4,False
49767,SmCrSb3,False
49768,TeSO2,False
49771,SmAsSe,False
49772,H8PbC6O4,False
49774,TiSO2,False
49777,Nd3NbSb5,False
49780,Tl2SO2,False
49781,NdGaCo4,False
49783,H2C3,False
49784,Nd3In4Ge,False
49786,MnAg2SnSe4,False
49787,TaSnO2,False
49790,La3HfGa5O14,False
49791,TaSnO3,False
49792,CdH14C9O4,False
49793,TaSnO,False
49795,SnTeO,False
49796,SnTeO,False
49797,La5Ge3O,False
49798,CdH16C10O4,False
49800,KCdP3O9,False
49802,CdH18C11O4,False
49803,TiSnO,False
49804,LaNCl4O4,False
49805,VSnO2,False
49806,CdH18C11O4,False
49807,Ho3B7Mo,False
49808,YSnO4,False
49809,Ho4MgRh,False
49811,YSnO2,False
49812,Er2MgTiO6,False
49816,SnH4C2Cl2,False
49822,YZnO,False
49823,SnH4C2F2,False
49824,Er4CdPt,False
49827,Ca3Fe2Br2O5,False
49828,SnH12C6F2,False
49829,Ga2Os,False
49830,SrPS,False
49833,TiPS,False
49834,BaClO,True
49835,H20PbC12O4,False
49836,TiPS4,False
49838,TlPS2,False
49839,Ba3ZrIr2O9,False
49840,H8C3,False
49844,YPbS,False
49845,ZrCrFe,False
49846,H13C9,False
49847,ZrPbS3,False
49848,ZrPbS3,False
49849,ZrAlRh,False
49850,ZrPbS,False
49851,ZrPbS3,False
49852,ZrAlIr,False
49854,PbS,False
49855,Zr8Co3Cu,False
49857,SnH8C4F2,False
49858,PbS2,False
49859,Zr7V5N2,False
49860,Y2MgS4,False
49861,PbS2,False
49862,SnH12C6F2,False
49863,VPPb3O8,False
49864,Pb2S,False
49865,PbS2,False
49866,VCo3AsO8,False
49867,H20PbC12O4,False
49868,PbS,False
49870,PbS,False
49871,Sr4MnRuO8,False
49872,PdF2,False
49873,Sn3SbSe2I5,False
49874,H13C12,False
49875,PdF3,False
49877,Sm6Ge3Se14,False
49879,H11C15,False
49880,RbCoNiF6,False
49881,AsIF2,False
49883,AsNF,False
49885,Pr5S8,False
49886,AsNF2,False
49887,AsNF,False
49888,Pr6MgGe2S14,False
49889,AsOF,False
49890,CdH20C12O4,False
49891,Pr2UTe5,False
49892,ZrAsIr,False
49893,LiMgAs,False
49894,NiGeMo,False
49895,NaLiAs,False
49896,CdH20C12O4,False
49897,NaLiAs,False
49902,SnH4C2F2,False
49903,NaLi2As,False
49904,LiAsO,False
49905,NaPrTiNbO6F,False
49906,LiAsO,False
49908,SnH12C6F2,False
49912,H8PbC6SO4,False
49914,NaDy3Ti2Sb2O14,False
49916,H12PbC8O4,False
49917,NaCaMgAlSi4O12,False
49918,NaAsO,False
49919,NaAsO,False
49921,NaAsS,False
49922,H5C3,False
49923,NaAsSe,False
49924,Na3HoTi2Nb2O12,False
49926,H11C15,False
49928,NaSrAs,False
49929,NaSrAs,False
49931,MnCrCoO4,False
49932,RbAsSe,False
49933,RbAsSe,False
49934,H14C9O6,False
49935,RbAsSe2,False
49936,Li3Mn8O16,False
49937,RbSiAs,False
49938,La4BrCl3O4,False
49940,Ca2AuN,False
49941,CdH20C12O4,False
49942,CaAu2N2,False
49943,La2TiCuO6,False
49944,CaAuN,False
49947,La6MgGe2S14,False
49948,SnH4C2F2,False
49950,K8LaP4Se16,False
49951,SnH4C2F2,False
49953,Ho2As7Rh12,False
49954,MgAuO,False
49955,Ho4FeSn8,False
49956,SnH12C6F2,False
49957,Mg2AuO3,False
49958,Co5CuS8,False
49959,Cr4GaCuS8,False
49960,MgAuO2,False
49961,H8PbC6SO4,False
49962,CoNi2P2O8,False
49965,Cr2FeSeS3,False
49966,MgAuO2,False
49968,HC,False
49972,Au3S,False
49973,BaBiBr,False
49974,Ca10Ge6F,True
49975,BeBO,False
49977,LiBiB,False
49978,BaSrNdCu3O7,False
49980,Bi4O5,False
49981,BiBO,False
49982,BiBO,False
49984,BaSr4Fe5O10,False
49986,BaSrErCu3O7,False
49990,BiBO3,False
49991,AlCr4AgS8,False
49992,BI,False
49993,H12C10O,False
49994,Pr2MgSe4,False
49997,B3I,False
49998,BI3,False
49999,H4C7O2,False
50000,MgTa4O12,False
50002,BPbO2,False
50003,NbCr3Ag2S8,False
50004,BPbO2,False
50005,MgFeO2,False
50006,H4C5O2,False
50007,BPbO,False
50008,MgOsN2,False
50010,H10C8O3,False
50011,SmMgMnS4,False
50012,RbBO2,False
50013,Rb2BO2,False
50014,Mg2In3MoS8,False
50015,RbBO2,False
50016,DyMg2Ti3S8,False
50017,BSO,False
50020,Sr3Os3N5,False
50023,LiVC2O6,False
50024,B2SO2,False
50025,Li2V3O6,False
50026,BSbO,False
50027,H8C4O,False
50028,Li3Fe2O6,False
50030,H10C9O2,False
50033,BSbO4,False
50034,H10C9O2,False
50036,ScBO,False
50038,LiMnP2HO7,False
50039,H6C4O3,False
50040,ScBO3,False
50042,LiFePH2O5,False
50043,ScBO2,False
50044,LiFePO4,False
50045,H10C7O5,False
50047,NaVF4,False
50049,Li7NiO4F2,False
50050,SiBO,False
50051,H2C2O,False
50052,SiBO2,False
50055,BaBeTe,False
50057,BaBeTe,False
50061,Li2MnF4,False
50063,CrBPbO4,False
50064,BaGaBr,False
50065,V6O5F19,False
50066,BaGeBr,False
50068,BaGeBr,False
50073,V2CoP2H8O14,False
50074,BaHBr2,False
50075,LiFePO4,False
50076,H11C12O2,False
50077,BaH2Br,False
50079,LiVSiO4,False
50080,Li2MnP2O7,False
50081,BaHBr,False
50082,H8C9O3,False
50084,LiFeSiO4,False
50085,LiFeP2O7,False
50086,BaHfBr,False
50087,BaCdO,False
50088,BaCdO,True
50090,H12C11O3,False
50091,LiMnPO4,False
50092,BaTeCl,True
50094,Li3FeCu3O8,False
50098,BaTlCl2,True
50099,BaTlCl,False
50100,LiCoP2O7,False
50101,BaWCl,False
50104,H5C5O2,False
50106,BaSbF2,True
50107,Li4Nb3Co3Sn2O16,False
50109,BaMn3O6,False
50110,BaSnF,False
50111,Li2FeF5,False
50113,H6C6O,False
50114,BaSnF2,False
50115,BaSnF2,True
50119,Li4Co3Sn3Sb2O16,False
50120,CdH2C3O4,False
50121,Ba2ZrO3,False
50122,Sr2MnClO3,False
50123,BaZrO3,False
50125,LiMnPO4,False
50126,BaZrO3,False
50127,Ni2P2O7,False
50129,Li2MnCoO4,False
50130,BaZrO,False
50132,RbMoPClO5,False
50134,KMnSe2O8,False
50135,Li2FeB2O6,False
50136,CePm3,False
50137,BaZrO3,False
50138,BaCuSi2O6,False
50140,TmMgPd,False
50141,LiFeBO4,False
50142,Ba2O,False
50143,Ni6SnTe2,False
50144,KSrVO4,False
50145,BaO,False
50148,Ba2O,False
50151,La2Ga5Cu3,False
50152,BaO,False
50154,LiMnF5,False
50155,DyFeCu,False
50157,CeU2O6,False
50159,K4Na2FeH3F12,False
50162,CeCuSi2Ni,False
50163,CaBeBr,False
50164,BaSr4,True
50165,Li2Fe2OF4,False
50167,CaBeBr2,False
50168,Al6CoCu3,False
50169,BeCdBr,False
50170,Na3CoO3,False
50172,AgPt4,False
50173,BeCdBr,False
50174,WO2F2,False
50175,BeBr3,False
50176,LiFeP2O7,False
50178,Na2YCuF6,True
50179,BeCN,False
50180,Li2Co3NiO8,False
50181,ErAlPd,False
50182,HgPb3,False
50184,BeCN2,False
50185,Li5Mn3Co2O10,False
50186,Ge2SeS,False
50187,BeCN2,False
50190,Rb3YI6,True
50191,Li2CoNiO4,False
50194,YPu3,False
50196,BeC2,False
50198,Ba2YInTe5,False
50199,Li2Mn2OF6,False
50200,ZnCl3,False
50201,BeC,False
50202,Na2N2O3,False
50203,LiMn2P2O8,False
50204,CaBeRh,False
50205,NbWN3,False
50206,CaBeRh,False
50207,Li5Co3O8,False
50208,CrOF,False
50209,K3TmCl6,True
50211,K2RbTmCl6,True
50212,AgAsS,False
50213,VOF,False
50215,AgAsS,False
50216,Tl6WO12,False
50217,Rb3EuCl6,True
50218,CaAgP,False
50219,Li3MnCoO5,False
50221,HfBeP,False
50224,TbScS3,False
50225,BeTePd,False
50229,CoBiO3,False
50230,BeSnSb,False
50232,Li2CoOF3,False
50233,CsCa3,True
50234,BeSnSb,False
50235,GaAgO2,False
50236,SmFeSi2,False
50238,C3N2,False
50240,GaBiO2,False
50241,Ba2InSbSe5,False
50242,YbZnIn,True
50243,GaBiO4,False
50244,Li2Mn2CoO6,False
50245,Ti2As4W3,False
50247,Ni2ClO3,False
50248,PuZr4C5,False
50249,RbBiSe,False
50250,Fe6OF11,False
50251,LiLuSn,False
50252,BiRhS,False
50253,Li2GePd,False
50256,Li2GeSb2Te5,False
50257,IBrCl,True
50260,BrClO,False
50261,Ni6OF11,False
50262,HfNb2VC4,False
50263,BrClO,False
50264,PbBrCl,False
50266,GaGeTe2,False
50267,PbBrCl,False
50268,FeCoPt2,False
50269,LiMnAlO3,False
50270,PbBrCl2,False
50271,PbBrCl,False
50272,Nd2Ni12As7,False
50273,ErMnAl,False
50275,Li4Cr2P4H3O16,False
50278,RbGaH4,False
50279,RbBrCl,True
50280,TiV4FeO12,False
50282,InSeBr,False
50284,Cr3Te5,False
50285,Li2Co3BiO8,False
50286,InSeBr2,False
50287,Cr2Rh2C,False
50290,Li4Cr5BiO12,False
50291,CePtRh,False
50292,InSnBr,False
50293,Cu3C2O8,False
50294,Ce2Al3GaPd4,False
50298,InSnBr,False
50299,Li3VOF5,False
50300,Ce6Mg23P,True
50301,Ba2AlGa3,True
50302,InSnBr3,False
50303,LiMgBr,False
50304,Li7Cr2O8,False
50305,CdCo2N2,False
50306,Na3SbSe3,False
50307,LiMgBr,False
50308,LiMgBr,True
50309,K3GdCl6,False
50310,LiBrN,False
50311,Fe2OF3,False
50312,K2CuBiI6,True
50313,CaMn28,False
50314,LiBrN,False
50316,Li4BrN,False
50317,Li2FeCuP2O8,False
50318,LiBrO,False
50319,Zr6Ga16Ir7,False
50321,Li3MnV3O8,False
50322,Ba2GdUO6,False
50323,LiPBr,False
50324,Li4PBr,False
50325,Zn2BO4,False
50326,NdPOs2C,False
50327,PbBr3,False
50328,Li6Mn5SbO12,False
50329,RbPdBr2,False
50330,Yb3P6Pd20,False
50331,TbBa2WO6,False
50332,RbPdBr,False
50333,FePO4,False
50334,RbPdBr,False
50335,Th2SiGe,False
50336,Rb2PdBr,True
50337,Yb3Co8Sn4,False
50338,PdSeBr,False
50339,PuUSn6,False
50340,Li3Co5OF11,False
50341,PdSeBr,False
50342,Y4MgRh,False
50343,MgFeC2O6,False
50345,Tm5In4,False
50350,Rb3SBr,True
50351,Cd5Te4S,True
50354,Na3DyBr6,True
50355,Ag2SnBiSe4,False
50356,RbSbBr,False
50357,PmS,False
50359,La3BeGaS7,False
50360,RbSbBr2,False
50361,Co2CuN2,False
50363,La5SbPb3,False
50365,CaV2O6,False
50366,V2O3F,False
50368,ErNiSn4,False
50369,K2NaEuCl6,True
50371,CeW2O8,False
50372,Er3NiGe2,False
50373,LaCoO3,False
50374,CoC2N,False
50377,CoCO,False
50378,LiMnPO4,False
50380,SiGeC,False
50381,Ca3Ge2Au9,False
50382,NbGaTc2,False
50385,Nd3Hf,False
50387,ZnCN2,False
50391,ZnCN,False
50392,YbBeO3,False
50393,Zr2SiMo3,False
50394,NaCO,False
50395,Zr3Ti2Pb5O15,False
50397,NaF,False
50398,NaF2,False
50401,NaF2,False
50402,ThUBe26,False
50404,Cu3Rh,False
50405,CuBS2,False
50406,TbInGe2O7,False
50407,InBF,False
50410,LiGa3,False
50413,Lu3Th,False
50414,Li2BO3,False
50416,PmHg3,True
50418,NbAl2Ni9,False
50419,LiBO,False
50420,Tm3Ga5Ni,False
50422,Na6Zr2Si4O17,False
50425,NaCdRh4O8,False
50428,CeY4Zn5,False
50429,B2O,False
50430,Na3B2PO5F4,False
50431,CeYIn6,False
50433,MnNiP2O7,False
50434,CoO,False
50436,BO3,False
50437,MgSi2,False
50438,Mn4Si3Ni5,False
50439,LiCr4InS8,False
50440,LaPu3,False
50441,BO,False
50442,BaLiBi,False
50443,SmErFe4,False
50444,LiRuRhO4,False
50445,BaLiBi,False
50446,Nd2Ga3Cu,False
50449,MnCu2SbO4,False
50450,La2FeCoO6,False
50452,K4BaU3O12,False
50453,SN,False
50454,Dy2Ga3Fe14C2,False
50456,S2N,False
50457,Sr2Mn3Bi2O2,False
50458,Cr3Cu2NiSe8,False
50459,SN2,False
50460,Zn4FeS5,False
50461,S2N,False
50464,S2N,False
50465,VFe2Se4,False
50468,Ba2I,False
50469,BaSrMgSi2O7,False
50470,Ba2I,False
50471,NaInSn4,False
50472,BaI2,False
50473,Ba3MgTaNbO9,False
50474,Ge2Sb2Te5,False
50475,Ba2I,False
50477,BaI,True
50481,P2Cl,False
50482,ScI3,False
50484,RbCl,False
50486,RbCl,False
50487,LiCu6OF11,True
50489,PuPt3,False
50490,RbCl2,False
50491,HfCrCuS4,False
50492,RbCl,False
50493,HfCrCuS4,False
50495,LuInNi,False
50497,Li2MnN2,False
50498,Dy2GaCu3,False
50499,S2Cl,False
50500,BaSnN2,False
50501,La2Fe2Se2O3,False
50503,SiCl2,False
50504,ZrCo4N4,False
50506,Mo2HO6,False
50509,KBr3,False
50510,W2C3N6,False
50511,BaTaS3,False
50513,YbTmS2,False
50518,Lu3Mg2CrS8,False
50522,NaBeGe,False
50524,NaBeGe,False
50525,Sr3Zr3N5,False
50526,CeZnNi4,False
50527,BeGeP,False
50528,BaAlCuAgO5,False
50529,BeInSe,False
50530,BaYMnCuO5,False
50531,Ag2Cl,False
50534,TiBeP,False
50535,LiV3O4,False
50536,BeTlP,False
50537,KRb2GdCl6,False
50538,Ba2FeMoO6,False
50539,UCu3Pd2,False
50544,MnIn2Se2S2,False
50546,Mn4VSe5,False
50547,BaLaMn2O6,False
50548,RuCO2,False
50549,La2MnSb4,False
50550,RuCO,False
50551,La2CrMoO6,False
50553,CSO2,False
50555,CeY4Mg5,False
50556,LiMn2B2O6,False
50557,ScCO,False
50558,ZrCrCuS4,False
50559,SnCO,False
50560,FeOF,False
50561,LaMgFeCuO6,False
50562,SnCO2,False
50564,SnCO3,False
50565,VPO5,False
50566,CaAg,False
50567,Ga3Au,True
50568,LiAgO,False
50569,LiMn2NiO6,False
50571,LiAgSb,False
50572,LiAgSb,False
50573,U7Mo,False
50574,MnAs2F12,False
50575,Ti4WC5,False
50576,CaGeN,False
50577,SrCrO4,False
50578,Ta2Ti2NbC5,False
50579,CaGeO,False
50581,SrPrFeCoO6,False
50582,LiMn5O7F,False
50585,V4O3F5,False
50586,LiCaN,False
50587,SrEuO3,False
50588,LiCaN,False
50589,NbFeSi,False
50590,LiCaN,False
50591,K2LiLuCl6,True
50592,Li4CoOF5,False
50593,LiCaO,False
50595,Ca2N,False
50596,Na2InCuBr6,True
50597,CaN2,False
50599,CaTiS3,False
50600,Rb2AsAuF6,True
50602,TbRb2AgCl6,True
50603,LiVNiO4,False
50605,RbTlI3,True
50606,CaTiS2,False
50607,K2RbBiBr6,True
50608,CaVS3,False
50609,Rb2InAsI6,True
50610,Li2Fe3CoO8,False
50611,CaVS,False
50613,CaZrS2,False
50615,LiMnPO4,False
50616,CaZrS,False
50618,CaZrS3,False
50619,Ca2ZnPb,True
50620,Mn3CoP4O16,False
50621,CaZrS,False
50622,CaGe2Pt2,False
50623,CdGaO2,False
50624,Na2FeO2,False
50625,CdNO2,False
50627,CdNO2,False
50628,Li4Nb2Fe3Co3O16,False
50630,CrN,False
50632,LiCoSiO4,False
50633,CeAs3,False
50634,ScAgS2,False
50635,ScAgS,False
50637,V3OF11,False
50638,ScAg3S2,False
50639,AgPtO,False
50640,CoPd3,False
50642,Li5Co2Cu2P4O16,False
50644,TaAgS3,False
50646,Er3Mg,False
50647,VF5,False
50648,CoTeO,False
50652,LiFeF5,False
50653,NaCrF4,False
50654,LiFeF4,False
50655,NaCrF,False
50656,LiV6O7F5,False
50661,BaAlF,False
50663,LaErMg2,False
50664,CuN,False
50665,La2SnHg,False
50667,CuN2,False
50670,GaNO2,False
50671,CaCdPt,True
50672,SrGaN,False
50676,MgHg2,False
50678,Sc2CdSe4,False
50679,BiPd2O4,False
50680,GeH2,False
50682,GeH3,False
50686,HgI,False
50687,NaSn3,False
50688,CuSnPd2,False
50690,Er7CoI12,False
50693,Pm2NiGe,False
50695,NaAlH,False
50696,RbSnO3,False
50697,Sr3Hg,True
50699,Sm3Ni,False
50700,NaAlH,False
50702,NaAlH4,False
50705,AlHO,False
50706,Tl3Zn,True
50707,AlHO2,False
50708,Y2AgAu,False
50709,Si2WO6,False
50710,AlH2O2,False
50711,YbAg2Pb,True
50712,AlHO,False
50714,Zr3Ni,False
50715,AlHO2,False
50716,SnSe,False
50718,AlHO,False
50719,KAg,False
50720,Y2Br3,False
50721,KAg,False
50722,Li7Mn2Co3O12,False
50724,KZn,True
50725,Li4MnCo2O7,False
50726,Lu6FeBi2,False
50727,Li2Bi,False
50728,LiBi2,False
50730,K2CeCu2S4,False
50732,ZrZn2Ge,False
50734,Li2Br,False
50736,Th2N2O,False
50737,LiBr,False
50739,Li2Br,False
50743,LiZnP,False
50744,SrSi2Pt2,False
50745,LiZnP,False
50746,La3MnO7,False
50747,Er2CdCu2,False
50748,Re2Cl5O4,False
50749,LiZnP,False
50751,La2Cu2I,False
50752,AlPO,False
50753,NaBH4,False
50754,Yb4Ni,True
50755,AlPO4,False
50756,Zr5Sn3As,False
50758,AlPO2,False
50760,RbAlO2,False
50761,Nb3B2Ru5,False
50762,RbAlO,False
50763,Yb3Pd,True
50766,Y2US3O2,False
50767,RbAlO,False
50769,RbAlO2,False
50770,RbSO4,False
50772,AlSO,False
50773,Tl2Cu2SnTe4,False
50774,K2CuP2O7,False
50775,AlSO2,False
50776,Ti4C3N,False
50777,AlSO,False
50778,TbPS,False
50779,AlSO,False
50780,Bi3Te4Cl5O10,False
50781,Tc3Mo,False
50783,AlSbO,False
50784,TbMnAl,False
50785,Mg6VH16,False
50787,TaMoS4,False
50788,AlSbO,False
50790,Li8Sm7Ge10,False
50791,Sr2FeCoO6,False
50793,SnTePb4S4,False
50794,BaNpP2O8,False
50795,AlSbO3,False
50796,SnP,False
50797,SbPbBrO2,False
50798,Nd3GaNiS7,False
50799,ScAlO3,False
50800,Pr2FeSi3,False
50802,C2SNOF,False
50803,ScAlO2,False
50809,LuScB2O6,False
50811,MnTlOF4,False
50812,La6ZnCu,False
50813,KCSN,False
50814,YWN3,False
50816,SrPtO,False
50817,HfZrNb2,False
50818,SrPtO2,False
50819,SrPtO,False
50820,HfTaC2,False
50821,GeTe5Pb4,False
50822,Ga2Ni21B6,False
50823,ZrSO,False
50825,Mn2P12W,False
50826,GaSb,False
50827,SiSbO,False
50829,SrSbO,False
50831,CoAsPd,False
50832,SrSbO2,False
50833,CeSbRh,False
50834,SrSbO3,False
50836,CdSnAu,True
50837,TaSbO4,False
50838,TaSbO,False
50839,CaPb3Se4,False
50840,BaDy2Se4,False
50841,TaSbO4,False
50842,AgSnTe2,False
50843,TiAg2I6O18,False
50846,AlSnF5,True
50847,TaSbO4,False
50848,VAgOF4,False
50849,TaSbO,False
50850,FeO,False
50853,MnCu2Cl4,False
50855,NbFeF6,False
50856,Zr2InAu2,False
50857,SbTeO,False
50858,SrTeO,False
50859,TiZnBi2O6,False
50860,SrTiO,False
50862,MnH2O2,False
50865,Y2Al9Pd3,False
50867,SiOs,False
50868,TlPSe,False
50869,LiNiO2,False
50870,TlPSe,False
50871,Y2Ga9Ir3,False
50874,Na2TlCuBr6,True
50878,Ba2AuO,False
50879,Sm2Sb5,False
50881,Ba2PAu,False
50882,K2TlInBr6,True
50883,Rb6Na4Tl13,True
50884,CaSbAu,False
50885,K2ScHgCl6,True
50887,CaSbAu,False
50888,K2YCuI6,True
50889,HAuO,False
50890,K2GaAgI6,True
50892,Rb2CuBiBr6,True
50893,Na3SbBr6,True
50894,NdIn2Cu9,True
50896,Rb2AlAuF6,True
50897,HAuO2,False
50899,LaVSb3,False
50900,HAuO2,False
50902,Dy6InCo2,False
50904,Rb3RhF6,True
50905,Ba2NdCoCu2O7,False
50906,Rb2TlAsBr6,True
50907,HAuO2,False
50908,Zn3In2O6,False
50909,Rb3InCl6,True
50910,Rb2LiGaF6,True
50911,YZr2Co9,False
50912,Rb2LiRhF6,True
50913,TiNb2ZnO8,False
50914,VBi2,False
50916,TaCrNi,False
50918,Li2VFeS4,False
50920,Sr3CaSn4O12,False
50921,RbS,False
50922,LiZn2Ag,True
50924,MgNi3,False
50925,Sr2PrFe3O9,False
50926,AlCdCu3Se4,False
50928,PrNb4O12,False
50929,Sc2CoNi,False
50930,Ac3Cd,False
50932,AcY3,False
50933,NbAlCo4,False
50934,YbDyPt2,False
50935,AcSnHg2,True
50937,NaEuTi2O6,False
50938,TcBr3,False
50939,LuBiPd,False
50940,ZrWC2,False
50941,Ag3F,False
50942,Mn5SnO8,False
50943,Ba3Pm,False
50944,USi2RuRh,False
50946,Be3Si,False
50948,MnZn3Fe8O16,False
50949,SnBi,False
50950,LuTiFe11C,False
50951,BeNi3,False
50952,PrYAl6,False
50953,Ca3Sn,True
50954,InBi3,False
50955,Ca2PdPt,False
50957,LiTiFeO4,False
50958,YbCaPb2,True
50959,GaFe7N2,False
50960,LuCu3S3,False
50961,CaF3,False
50963,LiMgH14Cl3O7,False
50966,Ba2ZrInO6,False
50967,CePr3,False
50971,La2CeS4,False
50972,CeHoMg2,False
50973,AlGaNi6,False
50975,CuBiO3,False
50976,Al2O3,False
50977,DyTmHg2,True
50978,Ho2VFeO6,False
50979,Li2BN2,False
50980,Ho2AgRu,False
50981,Ho2FeMoO7,False
50982,HoAs3,False
50984,LiBN,False
50985,Hf3Pb,False
50987,LiBN,False
50988,LiBC,False
50990,Cu10Hg2Sb4S13,False
50991,MgBC,False
50996,Yb2LiAl,False
50997,Cr8Co3NiS16,False
50998,BCN2,False
50999,BCN2,False
51000,LiRh3,False
51001,Ca2Ti2SiGeO10,False
51003,Na2BC2,False
51006,NaBC2,False
51007,Mg5Sc,True
51008,NaBC2,False
51009,Ca2TiSi2SnO10,False
51011,Al5S8,False
51012,CuBN,False
51013,MnTc2Ge,False
51014,Ba3LaTa3O12,False
51015,CuBN2,False
51016,Na3Ag,True
51017,AsRhS,False
51020,Pr2MgSe4,False
51021,NbSnRu2,False
51022,Cu2BN2,False
51023,Nd2GaAg,False
51024,ErSbO4,False
51027,Mg8Fe3N8,False
51028,PaSi3,False
51029,NiGeN2,False
51031,PrDy3,False
51032,SiNiN2,False
51037,Ca9Fe2N8,False
51038,CuBS2,False
51039,Pr2ZnIn,False
51040,YBO,False
51041,InGeN2,False
51043,ZnBO,False
51044,MgGaMoS4,False
51045,Th3Mg,False
51048,SrHg2Pb,True
51049,YMg2Ti3S8,False
51050,ZrBO4,False
51051,Tb2ZnIr,False
51052,ThTi3,False
51053,VNi2N3,False
51054,ZrBO3,False
51058,YbTmZn2,True
51061,TiVO4,False
51062,Ho2Co2I,False
51063,B2O,False
51064,Sr3CoRuO6,False
51065,HoB3Mo,False
51066,BO,False
51067,Ba2HoMoO6,False
51068,BaBrO,False
51070,BaBrO,False
51071,Lu6MnBi2,False
51073,Ba2LuUO6,False
51074,SF,False
51075,Li2TiFe3O8,False
51076,HfAlPt2,False
51077,SF,False
51078,CeAl2Ni,False
51079,SF2,False
51081,SrTl3,False
51084,NdNiAs,False
51086,Hf2Se,False
51087,SF2,False
51088,Li2V3TeO8,False
51089,KPaO3,False
51090,S2F,False
51091,S2F,False
51092,Li2Al,False
51093,AuCl4,False
51094,Li2TiCr3O8,False
51095,SF2,False
51096,BaCdSe,False
51098,Ca3CoO6,False
51099,BaCdSe,False
51100,Zr2As3Se,False
51101,BaCdSe2,False
51102,BaCdSe,False
51103,CaCoGe2O6,False
51104,YMnCo,False
51105,BaGeO,False
51107,BaGeO2,False
51109,BaGeO,False
51110,NaVO3,False
51112,BaGeO,False
51113,BaIO,False
51114,LiV2O5,False
51116,BaSbI,False
51118,BaSbI,False
51119,NaNiAsO4,False
51120,Ti3Nb,False
51121,BaSbI2,True
51122,TmMoClO4,False
51123,BaSbI2,False
51124,Ti3S4,False
51126,Ti3NbAl2C2,False
51128,BaYI2,False
51129,Tb2Pr,False
51130,BaI,False
51131,Ba2I,False
51132,Tb2In3Cu,False
51134,AlCl2,False
51135,SrMn2BiO6,False
51138,BaSnS,False
51139,PrGa2Co3,False
51141,Co6O5F7,False
51142,Nd2Tm,False
51143,BaSnS2,False
51144,NaHoF4,True
51145,BaSrS,False
51146,NaBi3Cl2O4,False
51147,Li2NiP2O7,False
51148,BaSrS,False
51150,NaBi3Br2O4,False
51152,V2P2O7,False
51154,BaTe,False
51155,Na5BrCl4,True
51156,Ba2Te,False
51158,Ba2Te,False
51159,MoIr,False
51161,BaTe2,False
51162,MnNi,False
51163,LiAlNiO3,False
51165,BaTe2,False
51167,BaTe2,False
51168,LiV2Si2O8,False
51169,Ba2Te,False
51170,MnFeB,False
51172,Ba2Te,False
51173,LiInSn,False
51177,CaBeTe,False
51178,LiFeO2,False
51179,MgAgO,False
51181,MgAgO,False
51183,MgAgO3,False
51184,LaPrCo4P4,False
51185,Li2Co3NiO8,False
51186,LaUTe6,False
51187,BeGeN,False
51188,BaAgSe,False
51189,K2MgCuF6,True
51190,BaAgSe,False
51191,Li2V3FeO8,False
51192,BaAgSe,False
51193,IrRh,False
51195,In3BiTe4,False
51196,Li3FeCo4O8,False
51197,BaAgSe,False
51198,Ag2Cl,False
51199,HoAlCu4,False
51200,LiMn2F6,False
51201,AgCl2,False
51202,Hf2Se3S3,False
51203,LiVSiO4,False
51204,AgCl2,False
51205,GaGePt6,False
51207,GaFe2,False
51210,Fe4Te3S,False
51211,BeTeP,False
51212,FeOF,False
51214,CoNiGe,False
51216,CoNi,False
51219,ScBeSe,False
51221,ScBeSn,False
51222,Cr2TeSe,False
51223,Li3Co3NiO8,False
51225,CaAlGa,False
51227,CIN2,False
51228,Ni6O7,False
51230,Cd3Hg,True
51231,Ce2Fe3Rh,False
51232,Li3Mn2P2C2O14,False
51233,Cd2GaCuSe4,False
51234,CaSnHg,False
51236,Ce2NiSn4,False
51237,LiCoSiO4,False
51239,Mn8O13F3,False
51242,Tl3AsF6,True
51243,V3P2O8,False
51244,Zr4S3N2,False
51245,LiMnPO4,False
51246,MnCoO3,False
51247,Li2MnP2O8,False
51250,FeP2O7,False
51252,Li2VF6,False
51254,Dy2SnAu2,False
51255,LiCo2CuO6,False
51256,Hf5CuSb3,False
51257,Rb4TiO4,False
51258,Zr5Sb3Se,False
51259,NbVO4,False
51261,Tb3Se2NO,False
51262,Pr9Ga4,False
51268,Tm3Pt4,False
51269,TlSbP2Se6,False
51271,BHPb2O4,False
51274,LiV3O6,False
51275,La3Bi4Au3,False
51276,Tb5Rh3,False
51277,Li4V3Cr3Fe2O16,False
51278,MnGeO3,False
51280,Li4Mn3O7,False
51281,SrO6,False
51284,Mn5CrO12,False
51285,Sm2Ge5Pt3,False
51286,Mn3OF5,False
51288,LiCuHSO5,False
51289,NdSb12Ru4,False
51290,LuAl3Ni2,False
51292,Ga9Rh2,False
51293,Pr2SiCN2O4,False
51294,Th2Fe17H3,False
51296,NdCO4,False
51297,B2OsW2,False
51299,Ta3VSe6,False
51301,LiH2N,False
51302,TiNb3Se6,False
51303,La6Mg23P,True
51304,NdBS3,False
51305,U6Al8Fe5Si9,False
51308,Zr6Ga16Pt7,False
51309,K3SbS3,False
51310,Sc2Co3Si5,False
51312,PrPS,False
51314,Ti6Al16Ir7,False
51315,MnNb4Se8,False
51316,Sb2Cl7F3,False
51317,Rb2UTe3,False
51318,Tb2S3,False
51319,NaErPd6O8,False
51320,Ca3Al2P4,False
51322,CeRhC2,False
51323,LiVCdF6,True
51324,Fe2O3,False
51325,KAlCO5,False
51327,Ho2MgTiO6,False
51328,U5CrSb3,False
51329,Ho2CoPtO6,False
51331,HfAsRu,False
51333,Ce3Sn3Ge2,False
51334,Sr3Sn2S7,False
51335,NaCrP2S6,False
51336,BaAs2Xe5F22,True
51337,MgFeBO4,False
51339,AsOsS,False
51341,SrNdNiO4,False
51343,Sr6MgMo3O14,False
51344,La3NbGa5O14,False
51346,ErZnRh,False
51347,RbBi4Se7,False
51348,Cd2Mo3O8,False
51349,Pr3BiRu4O14,False
51350,CaGaH5,False
51351,NaLuTi2O6,False
51352,ZnCuP2O7,False
51353,Mn2CrAs3,False
51354,YbYAl6,False
51356,ZnCr2Se2S2,False
51359,Ho6AgGe2S14,False
51361,HoCu3S3,False
51362,TiNi4GeO8,False
51363,FeCoRh4S8,False
51364,Tb10Si3Sb3,False
51365,CdPdF4,True
51366,SrFe3Bi2O9,False
51368,Cd3In2Se6,False
51369,Sr3PrMn4O12,False
51370,TbCa3Mn4O12,False
51371,Sr2NdSmMn4O12,False
51372,AlV12Sn3,False
51373,Sm3MgTi4O14,False
51374,Na3NiN2,False
51375,SiNiW,False
51377,Rb12Sn2Sb6O,False
51379,NbW3S8,False
51380,ZnCuSi2O6,False
51381,Nb2Bi3Pb2ClO11,False
51382,Li2MnOF3,False
51384,Co3O2F4,False
51385,BaYMnCoO5,False
51386,LaNi5H6,False
51387,Li2CrO2,False
51388,Li2AlCr2SbO8,False
51389,NaMn2O4,False
51391,HoAl6Fe6,False
51392,Li2Mn3TeO8,False
51393,K3NdV2O8,False
51394,TbMnO3,False
51395,LiNiP2O7,False
51396,Li6MnO6,False
51398,Li3Fe7O12,False
51399,Mn2OF4,False
51401,Li4Fe3Co5O16,False
51403,Mg3Fe3O8,False
51405,LiCr2P2O8,False
51406,Fe3O5F,False
51407,Li3YNi2O6,False
51408,Na3CoO3,False
51410,Na4VO4,False
51411,LiMn2B2O6,False
51415,CoSn3P4O16,False
51416,LiVOF3,False
51417,LiNiPO4,False
51418,LiCoPO4,False
51419,LiNiPO4,False
51420,LiCoSiO4,False
51421,VOF,False
51422,Li4MnF7,False
51423,V3O5F3,False
51425,Li3MnF7,False
51426,LiVOF4,False
51428,Na3NiBPO7,False
51429,VOF,False
51435,LiO,False
51436,Ca7HfN6,False
51437,LiMnF4,False
51439,Li2O,False
51440,BeNbOs,False
51441,Al2FeN3,False
51442,Li2O,False
51443,BePdSe,False
51444,Co3O4F2,False
51445,Li2O,False
51446,ZrAgF2,False
51447,ZnCoN2,False
51449,ZrAgF3,False
51451,LiO,False
51452,ZrAgF,False
51454,Mg3In2N4,False
51456,ZrAgF,False
51458,LiBiF,False
51460,Zn3Ga2N4,False
51463,BiOF,False
51464,LiSb2,False
51465,Ca3Co3N5,False
51467,BiOF,False
51468,Dy3Pt,False
51469,Y4S3N2,False
51470,BiOF2,False
51472,Mg9Mn2N8,False
51473,BiOF,False
51474,Li2Sb,False
51476,Zn8Fe3N8,False
51480,NaAlO2,False
51481,Ca2CdN2,False
51483,NaBiF2,True
51484,Na2AlO2,False
51485,CuGe2N3,False
51486,SmAlO3,False
51487,RbBiF,True
51488,NaAlO2,False
51490,ScMoN3,False
51491,NaAlO,False
51493,LiCrPO4,False
51494,BiN,False
51495,NaAlP,False
51496,NbCr3Ag2S8,False
51497,NaMnAsO4,False
51498,NaAlP,False
51499,BiN2,False
51502,BiN,False
51503,Na2W2O7,False
51504,NaAlSe,False
51505,BiN3,False
51506,Ca3Y2N4,False
51508,NaAlSe2,False
51510,NaAlSe,False
51511,Ca2AlCoO5,False
51513,TiMn2O4,False
51514,NaAlSe2,False
51515,NaBiO2,False
51516,Ba2AlCu3O7,False
51519,NaBiO2,False
51521,BiTePb,False
51522,NaAlSi,False
51524,MnAlO3,False
51526,Mg2C,False
51527,C2Br,False
51528,MgC3,False
51529,Li2Mn2F7,False
51531,CaMg,False
51533,CaHBr,False
51534,Mg2Cd,False
51535,Li4Ni3SbP4O16,False
51536,CaHBr,False
51537,LiCo2O4,False
51539,CaHBr2,False
51541,Li3Fe3NiO8,False
51543,V3O4F2,False
51544,MgSO,False
51548,MnSbO4,False
51550,MgSbO,False
51553,CaSiBr,False
51554,MgSeO,False
51555,CaSiBr,False
51558,MgSeO4,False
51559,Li3MnCo3O8,False
51560,SbIBr,False
51561,MgSeO,False
51562,Li2MnP2O8,False
51563,IBr2,False
51564,MgSiO,False
51565,IBr2,False
51566,Li2VO2F,False
51567,Li5VO4F,False
51568,MgSiO3,False
51572,IBr,False
51573,MgSe3,False
51575,BBrN,False
51577,Mg3Se,True
51578,BBrN2,False
51579,I2Br,True
51580,Li3Fe2O6,False
51583,BBrN,False
51585,Mn2SO2,False
51586,BBrN,False
51588,IBr,False
51589,BBr,False
51590,MnSbO4,False
51591,IBr3,True
51592,AlV2O4,False
51593,MgInBr,False
51594,MnSiO4,False
51595,SnBO2,False
51596,MgInBr,True
51597,SnBO4,False
51598,NCl,False
51599,VO2,False
51600,YBrO2,False
51602,SnBO,False
51603,NaMoN,False
51604,BrO,False
51605,Mn3Cr3O8,False
51606,RbTeMo,False
51608,Br2O,False
51610,SrYCoO4,False
51611,Br2O,False
51612,BaBiBr2,False
51613,BrO,False
51614,BaCaBi,False
51617,BaInBr,False
51618,Li3Ni2SnO6,False
51619,SrTiN,False
51620,BrO2,False
51623,BaInBr,False
51624,LiV3O4,False
51625,BrO2,False
51626,BaYCl,False
51627,BrO2,False
51628,Na2Cu,True
51629,Mn2OF4,False
51630,BaZnCl,False
51631,Br3O,False
51632,NaF,False
51633,BaZnCl,False
51634,PSBr,False
51635,BaZnF,True
51636,NaF,True
51637,ZnNi2O4,False
51638,PBr,False
51641,V4OF11,False
51642,PBr2,False
51643,BaZnF2,True
51644,NaNiO,False
51645,BaZnF,False
51646,PBr,False
51647,NaPdS,False
51648,PBr,False
51649,BaZnF2,False
51650,NaNi2O3,False
51653,PBr2,False
51654,BaTiTe,False
51656,P2Br,False
51659,P2Br,False
51660,Li3Co4O8,False
51661,BeSbTe,False
51663,PBr5,False
51664,BeSnTe,False
51667,BeSnTe,False
51668,Li2Ni3SnO8,False
51669,CNCl,False
51670,NaSe,False
51671,RbSnBr,True
51673,NaSe3,False
51674,RbSnBr,False
51675,CNCl,False
51676,Na3Se,True
51677,RbSnBr3,False
51678,Li2VO2F,False
51679,CClO,False
51681,Na3Se,False
51684,Na3Se,False
51687,NaSi,False
51688,GeC2,False
51689,OsCCl2,False
51690,NaZn,False
51693,NaZn,False
51695,ScCCl,False
51696,NaZn,False
51697,CaGaO,False
51698,ScCCl2,False
51699,NaZn2,False
51700,Li2Fe3TeO8,False
51701,Sc2CCl2,False
51702,PbCN2,False
51703,CaGaO3,False
51704,YNbO,False
51705,CaSi2N2,False
51706,YNbO,False
51707,LiTiCoO4,False
51708,CaSiN,False
51709,RuCN,False
51710,YNbO2,False
51711,CaSiN2,False
51712,CaCu2O4,False
51713,RuCN2,False
51715,NbZnO2,False
51716,CaSnN,False
51717,RuCN,False
51718,Li7Mn4CoO12,False
51719,Ca2CuAs2,False
51720,CSN,False
51721,CaAsH,False
51722,Ca2YO3,False
51724,LiGaW2O8,False
51725,CaAsH,False
51726,CaZnO,False
51727,LiCaAs,False
51728,CaZnO,False
51729,CSN2,False
51730,LiCaAs,False
51731,NaMnCrF6,False
51734,LiCaAs,False
51735,CdSF2,False
51736,Sr2MnCuSO3,False
51738,TiCdF,False
51739,SiCN2,False
51740,CaAsN,False
51741,CdFe2O4,False
51743,SiCN,False
51745,VMoO5,False
51746,Ca3AsN,False
51747,SrCN,False
51748,CdP2,False
51749,CdP2,False
51750,VCuO4,False
51751,Mg2CuAs2,False
51752,ZnCS,False
51753,ZnNCl,False
51757,AsSI,False
51760,AsSeI,False
51762,ZrNCl,False
51763,AsSeI,False
51764,C2S,False
51765,PdSCl,False
51766,AsI,False
51767,FeP2O7,False
51768,CS,False
51769,AsI5,False
51770,PdSCl,False
51771,C2S,False
51772,As2I,False
51773,NiN2F14,False
51774,As2I,False
51777,CoSO,False
51778,As2I,False
51779,CS,False
51780,AsI2,False
51781,CuI3,False
51783,Ca2C,False
51785,AsI,False
51786,Ni2Hg2OF6,True
51787,Ca2C,False
51788,Li4NF,False
51789,AsI,False
51790,LiNF,False
51791,CaC2,False
51792,AsI2,False
51793,Ca2C,False
51794,Ti3Al2NiO,False
51798,AsI2,False
51802,CrAg2O4,False
51804,AsI2,False
51805,CaC2,False
51806,Ag6Mo2ClO7F3,False
51809,TiNF,False
51810,Ca2C,False
51813,TiNF2,False
51814,CaGaH,False
51815,LiF2,False
51816,OF3,False
51820,SbPF,False
51823,CaGaH2,False
51827,ZrTlF3,False
51828,LiFeMo2O8,False
51833,BaYFe4O7,False
51834,YVF,False
51835,CaTiO3,False
51837,FeBr2,False
51838,CaTiO,False
51839,NaCrO2,False
51840,GaPdI4,False
51841,LiN,False
51842,Ca2TiO3,False
51843,V6H4O13,False
51845,YGaI,False
51846,CdCuO2,False
51848,Ge2C,False
51850,Mn2CuO4,False
51852,NbAgS,False
51858,Cd2In,False
51859,Li2CoNi3O8,False
51860,AuCN2,False
51862,MgHN,False
51863,LiNiO2,False
51864,CdO,False
51866,CdO2,False
51867,LiMnP3HO10,False
51869,CdO,False
51870,AuC,False
51872,CdSnTe,True
51876,MgHCl2,False
51878,LiMnF5,False
51880,NbIO,False
51884,AuF3,False
51885,LiV5O7F,False
51886,InSbS,False
51888,LiGaAu,False
51889,Mg2HCl,False
51890,LiYIr,False
51891,Li2Ti4VO8,False
51892,LiGaAu,False
51893,MgH2Cl,False
51895,Li2Mn7F16,False
51900,Li2Mn2OF6,False
51901,LiAuS,False
51902,HNCl2,False
51903,LiAu2,False
51905,HNCl,False
51908,LiAuS,False
51909,H4NCl,False
51911,LiAuS2,False
51913,HNCl,False
51914,MgMoN,False
51915,RbTeAu,False
51917,H4NCl,False
51918,Rb2TeAu,True
51919,MgZnO3,False
51920,RbTeAu,False
51921,NiHCl2,False
51922,RbTeAu,False
51923,Li2V2SnO6,False
51925,H3ClO,False
51926,TaMnO4,False
51927,Zn3Mo3O8,False
51929,Li6Mn2OF11,False
51931,MoN,False
51932,HPbCl3,False
51933,TiN,False
51935,Li2MnCu3O8,False
51936,HPbCl2,False
51937,NaHg,False
51939,NaHg,False
51944,NaPbO,False
51947,NaPbO,False
51948,Tb2Ga8Fe,False
51949,Fe10O9F11,False
51953,Ba2In,True
51954,NbF3,False
51956,Li2MnF4,False
51957,Er2Al,False
51958,LiAsAu,False
51960,SnPbO2,False
51961,TmTc2,False
51962,Fe6O11F,False
51963,SbNCl,False
51964,SrPbO,False
51965,Sc2NCl2,False
51966,YAsS,False
51967,SrPbO,False
51969,ClO,False
51970,SrPbO,False
51971,VO2,False
51972,Cl2O,False
51973,Li4MnP6O18,False
51975,ClO,False
51979,ClO2,False
51980,LuAl8Cu4,False
51981,ZrSiO,False
51983,ClO,False
51985,KGdGeS4,False
51987,ZrSiO2,False
51988,Mn3O2F4,False
51989,Yb3Ga9Pt2,True
51990,ClO3,False
51991,YVO4,False
51992,OsSeCl,False
51994,LiCdAs,False
51995,Li4AlCr3O8,False
51996,TeOsCl,False
51998,Ca2FeOsO6,False
52000,Li2Mn3TeO8,False
52003,Sr4Fe3ClO8,False
52005,AsN,False
52006,MnFe3P4O16,False
52007,CaCu3O4,False
52009,As2N,False
52012,Li2CoO3,False
52013,As2N,False
52014,SrPCl,False
52015,LiV3O8,False
52016,As2N,False
52018,Sr2PCl,False
52019,Li3Mn2O5,False
52021,Li2Mn3FeO8,False
52022,YAgO,False
52023,As2Au,False
52024,YAgO,False
52025,Au2S,False
52026,V2O3F3,False
52028,CoPO,False
52029,Zn3Mo3O8,False
52030,CoPO4,False
52031,Li3MnCoO5,False
52032,Dy2Ga8Co,False
52033,Al2As,False
52035,HoSiPt,False
52036,Li7Co5O12,False
52037,Al2As,False
52038,Pr2Te5,False
52041,RbHg3NCl8O2,False
52042,AlAs2,False
52045,La5BPb3,False
52047,Li4MnCo2O7,False
52050,Li6TiNi7O16,False
52052,Li4Mn3O7,False
52054,Y3In5,False
52055,LiCoSiO4,False
52056,IOF2,False
52057,Li6Mn3CoO10,False
52058,IOF,False
52059,Tb2Co3Si5,False
52062,IO3F,False
52063,Tl3SiF7,True
52064,PbIF,False
52065,Mn3O2F5,False
52066,PbIF,False
52067,Li4MnCo2O7,False
52068,Li4MnCo2O7,False
52069,PbIF2,True
52070,Li3MnP2HO8,False
52072,Li4MnCo2O7,False
52074,Na2MnO3,False
52075,SnIF2,True
52076,SnIF,False
52077,DyWO4,False
52078,Li4Nb3Cr3Ni2O16,False
52080,LiInF4,True
52081,Li7Mn2Co3O12,False
52082,Fe4O5F3,False
52083,Li2Fe3F8,False
52084,Li7Mn4CoO12,False
52085,Cu3OF5,False
52086,Li2InF3,False
52087,Li5Co2Ni5O12,False
52088,MnInF,False
52089,Li7Mn4CoO12,False
52092,Mg16Al12Pt,False
52093,MnInF2,False
52094,Li7Mn4CoO12,False
52096,PrZn3,False
52097,InNF2,False
52098,Na2BiBAsO7,False
52099,NaCrCSO7,False
52101,La3FeCoS7,False
52102,NaFe2O4,False
52103,YMnF3,False
52104,Sm3GaCoS7,False
52105,Li5Mn2Ni5O12,False
52106,Mn2O3F,False
52108,Er3GaNiS7,False
52109,MnZnF,False
52110,V3CoP4O16,False
52112,Ag5TePO4,False
52113,MnZnF,False
52114,MnZnF3,False
52118,MnZnF2,False
52119,LiV2OF5,False
52121,ZrMnF3,False
52124,SrEr2S4,False
52125,V2O3F,False
52126,ZrMnF2,False
52129,CrO3,False
52130,Li4Fe3Ni2Sb3O16,False
52134,Li2Co4O7F,False
52135,NaMoF,False
52136,Rb3MnBr5,True
52137,Sc5Ga3,False
52138,V4OF11,False
52139,Rb2Nb3Br9,False
52140,MgO,False
52141,NaMoF2,False
52142,NaMoF,False
52143,K2RbEuV2O8,False
52147,La3Cu2S7,False
52148,La5CrPb3,False
52150,VOF2,False
52151,SiOF,False
52152,TmSiPd2,False
52153,DyAsS,False
52154,Y2TiSnO7,False
52155,SnOF2,False
52156,Er5SbAu2,False
52162,SrOF2,False
52164,SrOF,True
52165,TaVSi4,False
52166,Sr2O2F,False
52168,Dy2Si5Rh3,False
52169,Ta2Cr3Si,False
52171,KCu2S2O10,False
52172,ErB4Ir4,False
52175,TaOF,False
52178,TaO2F,False
52181,Sr3Y2FeCu3BiO12,False
52182,W3O10,False
52183,TlBi2Cl7,False
52184,TaOF,False
52187,Th3In5,False
52189,Tb2Te3,False
52194,Pr5Sn3,False
52195,MoCl6,False
52196,Tc2O3F,False
52197,Nd3Co,False
52198,Mo6PbSe4S4,False
52199,SrZnF2,False
52201,Na3NpO6,False
52202,SrZnF,False
52203,Mn2Cr3GaS8,False
52204,ZnSiAg2S4,False
52207,Nd2Zn5Sn,True
52208,Mg3Fe3P4O16,False
52210,Li4MnCo2O7,False
52211,LiLaC2N4,False
52212,CaAlH2,False
52214,CaAlN,False
52216,Li4MnCo2O7,False
52217,Tm4Ge6Os7,False
52219,CaAlN2,False
52221,Na2OsO4,False
52222,CaAlN,False
52223,Li4MnCo2O7,False
52224,Ca2AlN2,False
52225,KBa2Bi2O9,False
52226,Tb3MnB7,False
52227,Li7Mn2Co3O12,False
52228,MnGaO4,False
52229,Rb6HgS4,True
52231,InPt2,False
52232,Li5Ti2Fe3O10,False
52234,Ce3Se2NO,False
52235,Ga2P,False
52236,Fe10O9F11,False
52238,CeVO4,False
52239,La2MgSe4,False
52240,GeP2,False
52241,NbF5,False
52242,Ca8In3,True
52243,MgIn2S4,False
52245,Zn2IN,False
52246,GeP,False
52248,V2AgN3,False
52249,LiFe6Ge5,False
52251,Ta2B2Os,False
52253,Ba3Ru3N5,False
52254,GePbS,False
52255,CeIr3,False
52256,YbGe2Pd,False
52257,Ca4RhN4,False
52258,GePbS2,False
52259,Ba4Hf3S10,False
52260,Zr6FeCl15,False
52261,YMgMoS4,False
52263,TlCl3,False
52265,Nb5Si3P,False
52266,HF,False
52267,LaMnO3,False
52268,Mg2SiSe4,False
52269,U8NiSe17,False
52270,UMnB4,False
52271,Li2V3O6,False
52273,Nb8PtSe20,False
52274,Zr7As4,False
52276,TiVO4,False
52277,KHg6,True
52278,HF,False
52279,Hf6Ga16Pd7,False
52280,U8TiS17,False
52281,SrLa2Mn2O7,False
52283,Y10Cd3Ru,False
52284,HF2,False
52287,HF,False
52288,Nb4Rh2C,False
52290,CaEr2S4,False
52291,LiHI,False
52292,HIN,False
52297,Li3NbV2O6,False
52300,SrHo2Al2O7,False
52301,HIO2,False
52302,V2OF5,False
52304,SrLa2Mn3O9,False
52305,H3IO,False
52307,HIO,False
52309,RbCrS2O8,False
52311,KMnIO6,False
52312,HoFeO3,False
52314,Zn4InS6,False
52315,Nb2Ni21B6,False
52316,CaCrO3,False
52317,HPbI,False
52319,PbWO4,False
52320,HPbI2,False
52321,Y2OsC2,False
52323,FeSi2O6,False
52325,UAgF6,False
52326,HPbI,False
52327,FeMoClO4,False
52328,SiHI,False
52329,Tm2Al9Ir3,False
52330,KLaF4,True
52332,VPO4,False
52333,KLaCuTe4,False
52334,SiHI2,False
52336,Sr2Co2O5,False
52337,K2BaAs5,False
52338,SnHI,False
52339,SrHI2,False
52340,TeRh2O6,False
52341,Co2TeCl2O3,False
52342,SrHI,False
52344,SrHI,False
52348,InHN,False
52349,RbHO,False
52350,LiV2PO7,False
52351,Ti5Cu2,False
52354,Tb2Al5Ge2,False
52355,RbHO,False
52356,CeRhO3,False
52357,Li2VOF3,False
52358,RbHO,False
52359,SmAs2Pd3,False
52360,ReHO,False
52361,BaZn2Cu2As3,False
52362,HSO,False
52365,LiNiOF,False
52366,Ti4FeCoS8,False
52367,SmWO5,False
52368,HSO,False
52369,Li2VCrO4,False
52371,SbHO,False
52374,SbHO2,False
52375,Co3SbP4O16,False
52376,PrNCl4O4,False
52377,SbHO,False
52378,LiMn2Si2O7,False
52380,SbHO,False
52381,Fe3O2F4,False
52382,ScHO,False
52383,NpF6,False
52385,ScHO,False
52386,NdSiPd2,False
52388,MnCrO4,False
52389,ScHO2,False
52390,RbBa2Fe2F9,False
52391,ScHO,False
52394,ScHO2,False
52395,NaHoTi2O6,False
52398,PrCu9Sn4,True
52399,MnVGa5,False
52402,ScH2O2,False
52404,HSeO,False
52406,TbNa5O6,False
52407,HSeO2,False
52408,Li7Ni5O12,False
52409,Li2Al2Si4O13,False
52410,Li2MnVO4,False
52411,Mg3B2Rh5,False
52412,KMg3AlGe3O10F2,False
52413,H2S,False
52414,Mg2MnGa3,False
52416,HS3,False
52417,HfPt4,False
52422,La3Al4Si6,False
52423,Dy2MnSbO7,False
52424,ZnHSe,False
52425,LiVP2O7,False
52426,Yb3Ca8Se12,False
52430,Li2Cr2CoO6,False
52431,Ba4Y2Cu6O13,False
52432,K3Mo3C3Se4N2,False
52433,SrSiH2,False
52434,Li6MnFe2O6,False
52436,SrSiH2,False
52439,Ba2CuAg3Sn2S8,False
52440,Mn2O3F,False
52442,SrSnH4,False
52443,Mn2C3N6,False
52444,ErTeAs,False
52446,V3OF11,False
52447,Ga5CuSe8,False
52448,Ca5Rh2N6,False
52450,FePH3CO7,False
52451,SrTaH,False
52453,Mg3Cr2N4,False
52454,Dy3Fe2Si7,False
52455,HfO2,False
52457,Bi4Te3N2,False
52458,HfO,False
52459,Er2Al9Pd3,False
52460,Mg2ScCr3S8,False
52461,Li5Mn5Sn2O12,False
52463,Er2Si5Rh3,False
52464,Ca2AlAgO5,False
52466,Na5Ni2P2C2O14,False
52467,DyMoO5,False
52468,InIO,False
52471,Er6InCo2,False
52472,InIO,False
52474,Zn2Sb2O5,False
52475,CeLuO3,False
52477,SrInI,False
52479,SrInI,True
52481,BaNaB,False
52482,Ba2YMn3O7,False
52483,SrInI2,True
52484,Ce2Al9Rh3,False
52485,BaNaB,False
52486,LiIN,False
52487,BaBO,False
52489,LiCo3O2F6,False
52490,LiIO,False
52491,BaBO2,False
52492,LiPI,False
52494,CrSbP2O8,False
52495,BaBO,False
52497,BaBP,False
52499,MgIO,False
52500,BaBP,False
52502,BaBSe,False
52503,Zr2Cr3Si,False
52504,BaBSe2,False
52505,LaMgFeNiO6,False
52506,MgIO2,False
52507,YbCuPbS3,False
52508,TiI3,False
52509,NdCoO3,False
52510,KSe,False
52511,Zr3TiPb4O12,False
52513,V4HgO10,False
52514,KSe,False
52515,Y3Sn4BiO14,False
52516,KSe2,False
52517,VHO3,False
52518,Y4US7,False
52519,K3Se,True
52521,Fe4OF7,False
52522,Y4Ti2Nb2O15,False
52523,KSn,False
52526,Li2CrSi2O6,False
52527,LiAlO,False
52528,Y4Co16B3C,False
52531,BH,False
52532,V3Cr3B8,False
52533,LiAlO,False
52534,Li2MnPCO7,False
52535,B2H,False
52537,LiV6O7F5,False
52538,BH2,False
52539,Li2AlO2,False
52541,TiNbGaO6,False
52542,LiNbTe,False
52543,Li2CrP2O7,False
52544,LiNbTe2,False
52545,BH2,False
52546,Tm2B6Rh9,False
52548,TlBiF4,False
52549,Li3Mn2VO6,False
52550,LiZnO,False
52551,UAl6Fe6,False
52553,LiZr2O3,False
52555,Ti4Cu2O,False
52556,Mn5SnO12,False
52559,NaMnO4,False
52560,Ti2Al2CrCuS8,False
52562,B2H,False
52563,VOF3,False
52564,SrYGa3O7,False
52568,Li2VC2O6,False
52569,Ta3AlCr8,False
52570,B2H,False
52571,Ta3In2S6,False
52573,Ta6MnC3S6,False
52574,TiCo3O8,False
52575,B3H,False
52577,SrLaGa3O7,False
52578,B3Se,False
52580,Sr3NdMn2O8,False
52581,BSe3,False
52582,ErGaIr,False
52583,SrCaTi2O6,False
52586,BaBeIr,False
52587,CuTe2,False
52588,SrCa2Fe3O6,False
52589,BaBeO,False
52591,SrCa3Ru4O12,False
52592,BaCdBr2,True
52593,BaBrCl,False
52594,ErCo3Si2,False
52595,Sr12Sn4N3,False
52596,BaBrCl,False
52597,YbP4Rh6,False
52598,BaBrCl2,False
52600,BaBrCl,False
52601,Cu5Sn2Se7,False
52602,Ba2BrCl3,True
52603,Sm2Co16Ag,False
52604,BaBrCl4,False
52605,Sb6O13,False
52606,BaC,False
52607,FeSO4F,False
52608,Sb4Se3S3,False
52609,BaC2,False
52610,Dy3Ga8Ir3,False
52611,BaC,False
52613,BaC2,False
52614,CdMo6S8,False
52615,BaRuCl,False
52616,Nd3HoZr4O14,False
52617,CeLu3S6,False
52618,BaSbCl,False
52622,BaSbCl2,False
52623,Nd10Si3Ge3,False
52624,BaSeCl2,False
52625,BaSeCl,False
52626,Nb6TlS8,False
52627,Li3MnCoO5,False
52629,Nd2CuTe4,False
52630,BaSiCl,False
52631,BaSiCl,False
52634,BaSiCl,False
52635,Nb4H3S8,False
52636,MnF3,False
52638,BaSnCl,False
52641,LiCo2P2O8,False
52642,Na6Cd7S10,False
52643,BaSrCl,True
52644,BaIF,False
52645,BaIF2,False
52646,NaScTiO4,False
52647,Li6Ti2O7,False
52648,BaInF,True
52649,NaCaGaSi2O7,False
52650,BaInF2,True
52651,Li5MnF8,False
52652,BaSr2I6,True
52653,BaInF2,False
52655,Mn5Nb7N2,False
52656,SiHg2O2F6,False
52657,BaMgSe,True
52658,NaTi6Se8,False
52659,BaMgSe,False
52660,BaMgSe2,False
52663,BaMgSe2,False
52667,BaYO,False
52668,MgAg2P2S6,False
52669,BaYO,False
52671,BaYO,False
52672,MgCd3C4O12,False
52673,PrP12Os4,False
52674,BaPdS,False
52675,Tb3Os,False
52676,BaSe2,False
52677,LiAlSi3O8,False
52678,Li2La3NdSb2O12,False
52679,GdH9C5N2O8,False
52680,BaSe2,False
52682,La3YSc4O12,False
52684,Er2Mn12P7,False
52686,KFe4Si3O12,False
52687,BaSe3,False
52688,NdP3H6O12,False
52691,BeTlBr,False
52692,K3Ag9Sb4S12,False
52693,BeVBr,False
52695,YBeBr,False
52696,InGaS3,False
52697,YBeBr,False
52698,K2SO4,False
52699,La6Zn4Pd13,False
52700,Na2AgAs,False
52701,NaAgAs,False
52702,Mg7VH16,False
52703,Hf2ScGa3,False
52706,GaH6N2F3,False
52708,NbPb2Se2ClO8,False
52709,CaBeO,False
52710,GaSb3Pb4O13,False
52711,CaBeP,False
52712,Nb4FeS8,False
52714,GaFe19N5,False
52716,CuSeS,False
52717,Co5NiS8,False
52718,Zr2FeB2Ru5,False
52719,Cr5InS8,False
52720,AgAsO4,False
52721,CoMo,False
52722,AgAsO2,False
52723,Sm2Ga9Ir3,False
52724,AgAsO2,False
52726,YbRbZnTe3,True
52727,AgAsO2,False
52729,Pr3AsBr3,False
52730,BeTlCl,False
52731,Cr2B3Os,False
52732,Rb2MnFeC6N6,False
52734,CeTh3O8,False
52738,AgB2,False
52739,LiGdS2O8,False
52741,Ce4S4Cl2O,False
52742,LiAlPO5,False
52743,Ca2La2Ti3CuO12,False
52744,Er4OsBr4,False
52746,BaSrPdF6,True
52748,Ca3YTi4O12,False
52749,Tb2ZrAl9,False
52750,Al8BC5,False
52751,TaNbCu3O8,False
52752,Ta4AgS8,False
52754,SrPrFeRuO6,False
52755,Ba2NdTlCu2O7,False
52756,Ba2YCu3O6,False
52757,Nb12Ga3Ge,False
52758,Ba2Pr2Co4O11,False
52759,Na2Nd2PtO6,False
52760,Ba4Na2W2O11,False
52761,Mn3Fe9C4,False
52763,Mn4Ga3Cu2,False
52764,As2SeS2,False
52765,Tm2MgSe4,False
52766,LiFe2Rh3O8,False
52767,Ce2MgS4,False
52769,CaHf8N8O4,False
52770,KIn5S8,False
52771,HgAsO4,False
52772,KMn8O16,False
52773,TiCrAgS4,False
52775,Ce4H11,False
52776,CaMn2Cu3Ru2O12,False
52777,Ba6Ca2TaRu3O18,False
52778,Ba4CaCu2CO9,False
52779,AlCuSnS4,False
52780,Ag3PO4,False
52781,Tb2MgS4,False
52782,Pr2MgSe4,False
52783,Hf8MgN8O4,False
52784,Tl2PO4,False
52786,Sr2IrN3,False
52787,CrCo3N3,False
52788,TaSeN,False
52789,MgVGaS4,False
52792,Mg2Cr3FeS8,False
52793,YMgTiS4,False
52795,Ca5Pt2N6,False
52798,Li2CrCoO4,False
52799,Li2CrO2,False
52800,CoAgO3,False
52801,V3O4F2,False
52802,Sr2MnGaO5,False
52804,LiFe2O3,False
52806,Fe4OF6,False
52807,TmCrO4,False
52808,La2MoO6,False
52810,Fe4As2O11,False
52812,Li4Mo3O8,False
52813,Sm2Mo2O7,False
52815,V2CdP2O10,False
52818,ScCr2AgH4O10,False
52819,CrP3O9,False
52820,Li3Mn5O10,False
52821,Li4VCr3O8,False
52822,LiMn2O3F,False
52823,Li2TiCo2O5,False
52824,Na2FeO3,False
52825,Li7FeO5F,False
52826,Co3O2F4,False
52830,Li4VTe3O12,False
52831,LiMnF4,False
52832,TiV4CuO12,False
52834,LiVO2,False
52836,LiCoSiO4,False
52837,Co6O7F5,False
52838,VOF2,False
52839,Na3Li3Mn2P2C2O14,False
52840,LiVNiO4,False
52842,Li2MnF4,False
52843,ZnHCl,False
52844,CaNb2CuBrO7,False
52845,BiPSe4,False
52846,BiP,False
52848,Zn2H3Cl,False
52850,Na3La5Cl18,False
52851,CBrN,False
52852,SNCl,False
52853,RuCBr,False
52855,ScNCl,False
52856,ScNCl,False
52857,YCBr2,False
52858,Mg2Si,False
52860,ScNCl,False
52861,C2Br,False
52862,USiRu,False
52866,Li4MnCo2O7,False
52868,Dy2Al,False
52870,H4BrN,False
52873,SeNCl,False
52874,Li4MnCo2O7,False
52875,YbGa6Fe6,False
52876,SrNCl,False
52878,SrNCl,False
52879,SbMo6S8,False
52880,Sr2NCl,False
52881,H3BrO,False
52883,Cl2O,False
52884,Li7Mn4CoO12,False
52886,ClO,False
52889,ClO2,False
52891,HBrO,False
52893,Tb5Pb3,False
52896,BaLa2Cl8,False
52897,SmCo4B4,False
52898,HfBrN,False
52901,TmB4Ir4,False
52903,NaVF3,False
52904,TiPCl,False
52905,HfBrN,False
52906,Pr3CBr5,False
52907,PWCl,False
52908,WBrO,False
52910,PCl2,False
52911,YBrO,False
52913,HoWC2,False
52914,K2NaNbO2F4,False
52915,PCl,False
52917,ZnAgO,False
52918,Y6NiI10,False
52923,CClF2,False
52925,Y3MnAu5,False
52926,HCCl,False
52927,Li4MnCo2O7,False
52928,NaCl3,False
52930,HCCl2,False
52931,CuIO,False
52932,PbCl2O7,False
52934,HCCl,False
52935,Li4MnCo2O7,False
52936,CNO2,False
52940,Li7Mn2Co3O12,False
52941,InNF,False
52942,OsCN,False
52944,InNF,False
52945,K2AlOF5,True
52946,InNF,False
52950,In2N3F,False
52951,InNF3,False
52954,SnCS,False
52955,NaInF,False
52956,SnCS,False
52957,Li2Mn3F8,False
52958,CaBr2,True
52959,NaInF2,True
52960,Ti2Co,False
52961,CaBr2,False
52962,NaInF,True
52963,CaBr,True
52964,TlAsO4,False
52965,CaInTe,False
52966,NaInF,False
52967,Sm2Mn3Cu9P7,False
52968,CaInTe,False
52969,Pr2MgIrO6,False
52972,CaTaO2,False
52973,La3Sb4Au3,False
52974,InOF2,False
52976,Ca2TaO3,False
52977,NaAgO,False
52979,Cu2SnSe3,False
52980,ZrCdO2,False
52981,BAsH4NO4F,False
52984,ZrCdO4,False
52986,Dy8In3Co,False
52987,Ag2TeH4O6,False
52988,ZrCdO,False
52990,GaTeCl,False
52991,Li4MnGe2S7,False
52992,In2O3F,False
52993,GaTeCl2,False
52994,Ta4Co2N,False
52996,GaTeCl,False
52997,InO2F,False
52998,InGeCl2,False
53000,InPF,False
53001,Yb6Al7Cu16,False
53003,TiMnSn4,False
53005,InGeCl,False
53006,RbInF,False
53007,InGeCl,False
53008,TbGa4Co8,False
53009,RbInF2,True
53010,Er6Al7Cu16,False
53011,InGeCl3,False
53012,NbSeBr,False
53013,RbInF,True
53014,InGeCl3,False
53015,NaMoF4,False
53016,TlGeCl,False
53018,LuCoB4,False
53019,TlGeCl3,False
53021,MoOF4,False
53022,LiEuW2O8,False
53023,Sc3Si3Pt,False
53024,TlGeCl3,False
53025,RbMoF3,False
53026,Ho4MgNi,False
53027,TlGeCl3,False
53028,RbMoF,False
53029,TlMoCl2,False
53030,RbMoF2,False
53031,Ti6Ga16Os7,False
53032,TlMoCl,False
53033,Ba2Y2Co4O11,False
53034,TlMoF,False
53035,TlMoCl3,False
53036,TaOF2,False
53037,TlMoCl,False
53038,U3Bi4Rh3,False
53039,Y6CrGe2S14,False
53041,NClO,False
53042,VPO5,False
53043,TcO2F,False
53045,TeOF,False
53046,YClO,False
53047,TeOF,False
53051,TmAl10Fe2,False
53052,ZnClO,False
53053,Sr4Zr3TiO12,False
53055,ZnClO,False
53057,TiOF,False
53059,TiOF,False
53061,TiOF,False
53063,ZnClO3,False
53065,TiOF,False
53067,ZnClO,False
53072,CoNO,False
53073,FeSnPt,False
53074,Tb6Co2Sn,False
53075,TiOF4,False
53076,NaAlAs,False
53077,CuBi12Ir3,False
53078,AlAsO,False
53080,CaSmAl3O7,False
53081,AlAsO2,False
53082,Ti2O3F,False
53083,RbDyBr3,True
53084,BaPbS2O8,False
53085,AlAsO4,False
53086,TiO2F,False
53087,AlAsO,False
53089,BaBe2P2O8,False
53091,NdAl10Ru2,False
53092,HfCrAgS4,False
53093,Nd4MgPt,False
53094,MgFeH3,False
53095,AlAsO4,False
53096,CaAlO2,False
53097,AlAs,False
53099,CaAlO,False
53100,KLiAl2Si4O10F2,False
53102,DyMgMnS4,False
53105,SiHF,False
53106,V3O5,False
53107,KDy3F10,True
53109,CaAlS3,False
53110,Dy5Co2Bi,False
53111,CaAlS,False
53112,SnHF3,False
53113,LiV3Zn2O8,False
53115,Er4MgRh,False
53116,SnHF2,False
53117,CaAlSb,False
53118,SnHF,False
53120,Li3Co4O8,False
53121,NaHfF,False
53122,GaP2,False
53123,CaMgPO4F,False
53124,NaHfF2,False
53126,MnV2TeO7,False
53131,Mn5O8,False
53132,Zr5AlNi4,False
53133,GeP,False
53135,Yb4CdS7,False
53136,MnTlF3,False
53137,Li4Ti3Fe3O12,False
53138,TiCrCuS4,False
53139,SnHI,False
53140,MnTlF3,False
53141,InHO,False
53142,MnTlF,False
53143,TaSi4Mo,False
53144,Li2MnO2F,False
53145,MnTlF2,False
53148,Sr4PrMn5O15,False
53149,MnTlF4,False
53151,LaHO2,False
53152,SbTeRh,False
53153,YMnF,False
53154,LaHO,False
53155,LiMn3OF5,False
53156,SbTePt,False
53158,LiHN,False
53159,LiMnCSO7,False
53163,Nb4CuSe8,False
53165,Li2HN,False
53166,Li3V4FeO8,False
53167,ScOF,False
53168,ScOF,False
53169,Nd2Co17N2,False
53171,ScOF,False
53172,LiH2N,False
53173,Na4Ca2SiP4,False
53174,CoO2,False
53176,ScOF,False
53178,Li2FeF4,False
53179,Li2HN,False
53181,Fe3Co3Sb2O16,False
53183,LiH2N,False
53184,LiVF4,False
53185,LiCo2O4,False
53186,ScOF4,False
53187,Li2VCoO5,False
53188,LaFe2PbO6,False
53189,Li2VCrO4,False
53190,Sc2O3F,False
53195,LiH2N,False
53197,TlSnF,False
53199,NaLiH,False
53200,LiFeF3,False
53201,NaLiH,False
53202,TlSnF,True
53203,KU2SbSe8,False
53204,ScHO,False
53205,TlSnF3,False
53207,KMg3AlSi3O11F,False
53209,SiHO2,False
53210,YSnF,False
53211,SiHO,False
53212,K2Ag3Sb3S7,False
53213,LiMnSbO4,False
53214,YSnF,False
53215,YSnF3,False
53216,SiHO,False
53217,Fe2Cu10Sb4S13,False
53218,Mn4O7F,False
53219,YSnF2,False
53221,Li2VF6,False
53222,SiH2O,False
53223,ZnSnF,True
53224,SiHO2,False
53225,ZnSnF2,True
53226,Er2Mn3Sb3O14,False
53227,SrZnF,True
53230,Be4CrMo,False
53232,Zr5CuBi3,False
53234,SnHO2,False
53235,CaAlF,False
53237,Y5Tl3,False
53238,CaAlF,False
53239,HfC3,False
53242,LiHfO,False
53243,Ba6Ho2Al2Rh2O15,False
53245,Np2C3,False
53246,GaP,False
53247,Ba2BO3,False
53248,Ba2SrB18,False
53249,LiHf2O3,False
53250,BaB2P2,False
53254,GeSbTe,False
53255,Li2HfO2,False
53257,B2H,False
53259,Ba2FeCoClF7,False
53260,SrGeP,False
53261,B2I,False
53265,Hf2Si,False
53266,B2I,False
53267,H3C,False
53269,B2I,False
53270,HCl,False
53272,HgC,False
53273,BI,False
53275,Ag3AsO4,False
53276,HgC3,False
53278,HgCl,False
53279,H2Cl,False
53280,Ag4Hg4S4BrCl3,True
53281,B2I,False
53283,BI2,False
53285,Nb4O9,False
53286,INO2,False
53288,RbIN,False
53289,HCl,False
53290,RbIN,False
53291,BI2,False
53292,SIN,False
53294,TiCrCuS4,False
53295,HCl2,False
53296,TiIN,False
53297,AsIr,False
53299,HCl,False
53301,HCl,False
53302,ZnAgN,False
53304,HCl2,False
53306,LaF2,True
53308,LaN,False
53309,MgRuN2,False
53311,BPO,False
53312,LaN2,False
53313,NiH2O2,False
53314,Ba5Sn2N6,False
53315,HPbO,False
53316,LaN2,False
53317,MgCuN,False
53319,HPbO2,False
53320,BPO4,False
53321,BTe,False
53322,SmMg2Cr3S8,False
53323,Li2Ag,False
53324,BTe,False
53325,HS2,False
53326,Ba3Al3N5,False
53327,LiAg2,False
53329,HS,False
53331,Li2NiO2,False
53332,TiAlW2O8,False
53333,B2Te,False
53334,LiZrO,False
53335,H2S,False
53337,BaCdBr,False
53338,Rb2CoO3,False
53340,LiO2,False
53341,BaCuBr2,False
53342,BaBrF,True
53345,H2S,False
53348,NaNiO2,False
53349,BaC,False
53350,HS,False
53351,RbLiS,False
53352,NaAlO,False
53354,BaSiCl,False
53355,Li2CrO2,False
53358,BaSrCl,False
53359,HS2,False
53361,BaCoO3,False
53362,NaAlTe,False
53363,BaTcCl,False
53364,NaAlTe,False
53366,HfZrO4,False
53367,BaTeCl,False
53368,NaAlTe2,False
53372,HfO2,False
53373,BaNF,False
53374,NbAlO3,False
53375,HfSe,False
53376,YbFeO3,False
53378,NbAlO4,False
53380,HfSe,False
53381,HfSe2,False
53382,BaOF,False
53383,Mg2Cd,False
53384,Ca2MnGaO5,False
53385,BaOF,False
53386,BaOF,False
53388,CdTeMoO6,False
53389,BaPbF,False
53390,MgCl,True
53391,BaPbF2,True
53392,MgCl,False
53393,HfSiTe,False
53395,BaPbF,False
53396,HfSiTe,False
53398,BaPdF,False
53399,Mg2Cl,False
53401,Ge2I,False
53403,BaMgTe,False
53405,BaMgTe,False
53408,MgCl2,False
53410,BaMgTe2,False
53412,MgCl,False
53414,Li4Ti3V3O12,False
53416,BaZnO,True
53417,MgCl2,False
53418,BaZnO,False
53419,GeI3,True
53420,MgCl2,False
53421,BaSiTe,False
53422,InIO,False
53423,MgCl,False
53424,Li4CrF6,False
53426,InIO,False
53427,MgRuO,False
53432,CaBeBr,False
53433,MgSbO,False
53436,K2Se,False
53437,MgSiO,False
53438,Fe6O5F7,False
53439,LaAlO2,False
53440,BeZnBr,False
53442,LaAlO,False
53443,LiV6O7F5,False
53445,Be2Br,False
53446,LiAlN,False
53447,BeBr2,False
53448,BeBr2,False
53449,MgSnO3,False
53450,VSO4,False
53453,MgSnO2,False
53454,CaAgO,False
53455,SrMgO,True
53456,CaAgO,False
53457,LiCu,False
53458,LiVF4,False
53460,AgAsS,False
53463,AgAsS2,False
53464,MgTaO,False
53465,LiCu,False
53467,LiF3,False
53468,Li3Fe5Co2O12,False
53469,BeCdP,False
53471,BeCdPd,False
53472,Li3F,False
53473,MgTaO3,False
53475,Li2CoBO4,False
53476,MgTaO,False
53478,MgTaO,False
53479,BeZnCl,False
53480,LiNbS3,False
53482,LiNbSe,False
53483,Be2Cl,False
53484,LiNbSe2,False
53485,BeCl2,False
53487,LiNbSe2,False
53488,MgTaSn,False
53489,LiVSiO4,False
53490,BeCl,False
53493,BeCl2,False
53494,MnF2,False
53495,LiBeTe,False
53496,LiYO,False
53497,Li3Fe3O8,False
53498,LiBeTe,False
53500,V2O3F3,False
53503,MnF2,False
53504,BeS2,False
53506,LiVOF3,False
53508,LiZnO,False
53509,MnSiO2,False
53510,V2OF7,False
53511,BeS2,False
53514,BeS2,False
53515,LiZnO,False
53516,MoBr2,False
53517,Be2S,False
53518,RbAlN,False
53519,MoBr,False
53520,RbAlN2,False
53521,Li4Nb2Ni3Sn3O16,False
53523,MoNO,False
53524,RbAlN,False
53525,BeS2,False
53526,TiAlN,False
53527,BiOF2,False
53528,Li4MnFe3P4O16,False
53529,TiAlN2,False
53531,TlBiF2,True
53534,VF4,False
53535,Sr2TiN2,False
53537,YBiF,False
53539,YBiF,False
53540,LiV4O5F7,False
53541,NaSe2,False
53542,Li2Sb,False
53544,LiSb,False
53545,NaSi,False
53548,Fe10O9F11,False
53549,Li2Sb,False
53550,NaBiO,False
53552,TeO2,False
53555,NbZnO,False
53556,RbBiS,False
53557,MgBr2,False
53558,Sr3Ta2ZnO9,False
53559,RbBiSe,False
53560,MgBr,False
53561,RbBiSe,False
53562,Li2Nd2Ge3,False
53564,NbZnO4,False
53565,RbBiSe2,False
53567,RbCaBr2,True
53568,Tb4Sb6Rh7,False
53569,RbCdBr,False
53570,Mg2C,False
53571,Rb2CdBr,True
53573,RbCdBr,True
53574,Li3MnCoO5,False
53576,CdSBr,False
53577,MgC2,False
53579,Li7Mn4CoO12,False
53581,MgC2,False
53582,CdSbBr,False
53583,As2C,False
53584,Mg2C,False
53585,CdSbBr,True
53586,Ta2H4O7,False
53588,AsC3,False
53589,CdSeBr,False
53592,YbLiW2O8,False
53593,MgSe,False
53594,CdSeBr2,True
53596,I2Br,False
53598,Sr2HoTaO6,False
53599,CaAsH2,False
53601,MgSe,False
53602,CaAsN,False
53603,TmSiPt2,False
53604,MnInBr3,False
53606,NaCaAs,False
53607,InBrO,False
53608,Mg2Se,False
53609,NaCaAs,False
53610,Ir2Pb2O7,False
53611,InBr2O,False
53612,MgSe2,False
53613,InBrO,False
53615,MgSe2,False
53617,NaCaAs,False
53619,MgSe2,False
53620,InBr4O,False
53623,CaNd3Mn4O12,False
53624,NaCaAs2,False
53625,InBrO,False
53629,Cd4SnN4,False
53631,RbInBr,False
53632,RbInBr2,True
53633,Sr2TaN2,False
53634,Rb2InBr,True
53635,Li2VCrO4,False
53636,RbInBr3,False
53638,CuAsO4,False
53641,InSbBr,False
53643,InAsSe2,False
53646,YBr4O,False
53647,NaZnSe2,False
53648,SrMn7O12,False
53649,LiN2,False
53650,PBr2,False
53651,Na2Se,False
53653,Zr5Ga3,False
53656,Na2Se,False
53657,P3Br,False
53659,Na2Se,False
53660,PBr3,False
53661,Na2Se,False
53663,MgN,False
53664,Li4Mn3CoO8,False
53665,RbPbBr,False
53666,MgN2,False
53667,RbPbBr3,False
53669,Li2FeCoO4,False
53670,AuCS,False
53671,PbSeBr,False
53673,Mg2N,False
53674,PbSeBr2,False
53675,AsC,False
53676,Mg2N,False
53678,PbSeBr,False
53679,AsC,False
53681,MgN2,False
53683,PbBr2,False
53686,AsC,False
53691,Li2AuS2,False
53692,BaLu2Se4,False
53694,As2C,False
53695,PbBr,False
53698,PbBr,False
53699,AuS2,False
53700,Bi3As2O10,False
53701,Pb2Br,False
53702,PbBr2,False
53703,Au2S,False
53704,Na5Cu3P4O16,False
53705,MoAsO4,False
53707,CNCl,False
53708,Te6RhBr3,False
53710,SiCCl,False
53711,AsP,False
53712,BaBN,False
53713,ZrCCl2,False
53714,AsP2,False
53715,BaPdSe2O6,False
53716,BaBN2,False
53718,ZrCCl,False
53719,RbCuTeS3,False
53720,NaBH2,False
53721,C2Cl,False
53723,As2P,False
53724,PrIn2Cu9,True
53725,NaBH4,False
53726,AsP,False
53727,CCl2,False
53728,CCl2,False
53730,KLa2Ag3Te8,False
53732,As2P,False
53735,AsPbS,False
53736,PbCN,False
53737,AuBr3,False
53738,BHO2,False
53739,Dy2Si3Pd,False
53740,BHO2,False
53741,AuCCl,False
53742,PbCN2,False
53743,AuCN2,False
53745,Ba3CoIr2O9,False
53746,RuC2N,False
53749,SnCN,False
53750,Y4FeS7,False
53751,SrCN,False
53752,AuCN,False
53753,BH2O2,False
53754,USi3Ni2,False
53755,TlCN,False
53756,PHPbO4,False
53757,BHO2,False
53759,TlC2N,False
53760,TlCN2,False
53761,RbBH2,False
53763,SbAuF2,False
53764,RbBH,False
53765,TlCN2,False
53767,YCN,False
53768,RbBH4,False
53769,MgCoSiO4,False
53770,YCN2,False
53773,SrBH,False
53774,Li2AuO2,False
53775,LaNdCo10,False
53776,BSe2,False
53777,YCN,False
53778,RbAuSe2,False
53779,RbAuSe,False
53781,ZnBSe,False
53782,YCN,False
53783,RbAuSe,False
53784,ZnBSe,False
53785,YCN,False
53786,Li2AlCoO4,False
53787,ZnBSe,False
53789,BaCaBr,False
53790,YC2N,False
53793,ZnCN,False
53795,LiMn5Cu2O12,False
53796,BaCaBr,False
53798,ZnCN2,False
53799,BaCdBr,True
53800,C2S,False
53801,Mn4NiO8,False
53802,BaCN2,False
53804,Tb2Al3Ge4,False
53805,BaCO,False
53807,CS2,False
53809,SiC,False
53810,Li4Cr3CoP4O16,False
53811,BaCO2,False
53812,BiPtSe,False
53814,SiC2,False
53815,SiC,False
53816,Zn2SnO4,False
53817,LiCoPO4,False
53818,BaCO3,False
53820,BaSiC2,False
53821,Ca2C,False
53823,Dy5Mo2O12,False
53824,CaC,False
53825,BaCdCl,True
53826,LiNiPO4,False
53827,Ca3C,False
53828,BaCrF2,False
53831,CaC3,False
53832,BaHfTe,False
53833,CaGaN,False
53834,Li2VO2F2,False
53835,CaGaN,False
53836,BaMgSb,False
53837,CaGaN,False
53838,Li4Co3O7,False
53839,Li2NiP4O12,False
53840,BaMgSb,False
53841,BaMoO,False
53842,CaGaN,False
53843,CaNO,False
53844,BaVO,False
53845,Li5Mn2CoO8,False
53846,Li8FeO5F,False
53847,CaNO,False
53848,BaVO3,False
53849,BaRh,False
53850,CaNO2,False
53852,CaPN,False
53854,Li4MnFe3B4O12,False
53855,Li4MnCo2O7,False
53856,Ba2Se,False
53857,CaPN2,False
53858,BaSe,False
53860,CaVO,False
53863,Ba2Se,False
53864,CaVO3,False
53866,BaSe2,False
53867,NbAgS,False
53868,B3As,False
53869,Ba2Se,False
53871,BHI2,False
53872,Li4Nb3V3Fe2O16,False
53873,CdO2,False
53874,MgBH,False
53876,BeTeBr,False
53877,BaPbCl2,True
53878,BiCO3,False
53879,BeTeBr,False
53880,CdO3,False
53881,BaHfSe,False
53882,AgAsF,False
53884,CdPS4,False
53885,AgAsF2,False
53889,BaTiO2,False
53890,NiHCl,False
53893,HPbCl,False
53894,Cr2B2Ir,False
53895,LiBeSb,False
53896,BaTlO,False
53897,HPbCl,False
53898,LiBeSb,False
53899,BaZnSe,True
53900,HPdCl,False
53901,LiBeSb,False
53903,TmH9C5N2O8,False
53908,PdHCl,False
53910,SbHCl,False
53911,Y3AlCoS7,False
53912,BeSiTe,False
53913,AgOF2,False
53915,BeSiTe,False
53916,SnHCl,False
53917,AgO4F,False
53918,Sr3InNiO6,False
53919,BiO,False
53920,SnHCl,False
53921,TlAgF4,True
53922,BiO2,False
53923,SnHCl3,False
53925,BiO,False
53926,SnHCl2,False
53927,ZnAgF,True
53929,BiO,False
53930,SrCu9Sn4,True
53931,ZnAgF,False
53933,SnHCl,False
53934,ZnAgF3,False
53936,SrHCl,False
53937,GeBr,False
53938,BiO3,False
53939,SrHCl2,False
53941,La3IrBr3,False
53943,BiPS2,False
53945,TlBrO,False
53947,BiPS4,False
53948,Sr2HCl,False
53950,ZnHCl,False
53952,CdCN2,False
53956,Li3Fe2Si2O8,False
53958,CaCrO2,False
53959,CaTaO3,False
53960,Co5BiO12,False
53963,TlCdO,True
53965,RbMoCl2,False
53967,VAgO4,False
53968,Li3Ti2MnO6,False
53969,NaHF2,True
53970,NaHF2,False
53971,Fe2H4O2F5,False
53972,HOF,False
53973,Li4Ni3O6F,False
53976,Li3FePCO7,False
53979,GaAsO4,False
53980,H3OF,False
53981,TbNb6Sn6,False
53982,HOF,False
53983,RbMnF,False
53985,RbMnF2,False
53986,RbMnF3,False
53987,MnV4Cu3O12,False
53988,RuOF,False
53990,SrSeF,False
53991,CeB4Rh4,False
53992,SrSeF2,True
53993,AlC3,False
53995,SrGaH2,False
53998,MnGeO4,False
54003,GeO,False
54004,GeO,False
54005,NbH2O,False
54006,Nb2HO3,False
54007,NbHO2,False
54008,RbZnH2,False
54009,RbZnH,False
54011,HfZnO4,False
54012,HfZnO2,False
54014,I3Cl,True
54015,IF2,True
54016,IF,True
54017,I2F,False
54019,I2F,True
54021,NaInS,False
54022,NaInS3,False
54023,NaInS,False
54024,LiVO,False
54025,Li2VO3,False
54026,AlNO,False
54028,Li2S,False
54029,LiS2,False
54030,LiTe,False
54032,Li2Te,False
54033,LiTe2,False
54034,LiTe2,False
54035,Li2Te,False
54037,LiTe2,False
54038,MgPO,False
54039,MgPO,False
54041,MgSc,False
54044,SrSiN2,False
54045,SrSiN,False
54046,NaNbS,False
54047,NaNbS3,False
54048,NaNbS,False
54049,NaP2,False
54050,NaP,False
54051,Na2P,False
54053,AsSBr,False
54054,AsSBr,False
54055,AsSBr2,False
54056,AsSeBr,False
54057,AsSeBr,False
54059,AuBr2,False
54060,Zn3Mo3O8,False
54062,Li7Mn4CoO12,False
54064,NdAs2Au,False
54066,Ta4AlN3,False
54067,Ba3UAgS6,False
54068,Mn2BrO3,False
54069,Tb6OsI10,False
54070,TbZn3P3,False
54071,N2F,False
54072,Er4MgCo,False
54074,Yb2B6Rh9,False
54075,NdMn5Cu2O12,False
54077,Li2Zr6MnCl15,False
54078,KBa3Bi4O12,False
54079,MgRhN2,False
54081,Rb8SbO3,False
54082,HfAg3,False
54083,PrSe2,False
54084,Ag3Hg,True
54085,HoAg3,False
54087,Ag3I,True
54089,InAg3,True
54091,Ag3Ir,False
54092,Li2H6PtO6,False
54094,KAg3,True
54096,Ag3Kr,True
54098,K2Fe4O7,False
54100,Dy3NiGe2,False
54104,ZrTiO4,False
54105,Ag3N,False
54106,BaMn2P2O9,False
54110,Li6PBrO5,False
54111,Ag3Os,False
54112,V10Si3Ge3,False
54113,EuGe7Rh3,False
54116,PaAg3,False
54119,PmAg3,False
54123,Sr7CaIr2O12,False
54125,Nd3Al11,False
54126,LiV4O10,False
54128,ScAg3,False
54129,Ag3Se,False
54131,Ho3Ga9Pt2,False
54133,SmAg3,False
54134,BaBF,False
54135,Nb2TlO7,False
54136,Ag3Sn,False
54137,Cu2AgSe2O10,False
54139,ThAg3,False
54141,Pr3Pd4,False
54142,NaCa3MgFeSi4O14,False
54143,TmAg3,False
54144,MgBH,False
54147,MgFe4CoO8,False
54148,MgBH,False
54149,VAg3,False
54150,ErAl8Cu4,False
54151,Ag3Xe,True
54152,MgBH,False
54153,YAg3,False
54156,ZnAg3,True
54157,MgBH3,False
54158,TiMo6Se8,False
54159,ZrAg3,False
54160,BHN,False
54161,ZrAg,False
54162,LaCuPbS3,False
54164,ArZr,False
54165,Nb5SnSe8,False
54166,BHN,False
54167,ZrAs,False
54168,Ho2FeSbO7,False
54170,VMo6Se8,False
54171,Er5Ga2As,False
54172,BaZr,False
54174,ZrBe,False
54175,BHN2,False
54176,Cu3PSe2S2,False
54177,ZrBr,False
54178,TlBSe,False
54179,CaZr,False
54180,Ca3Ru4O14,False
54182,ZrCo,False
54183,BSe,False
54187,BSe,False
54188,DyZr,False
54189,Ba2CaCu2MoO8,False
54191,PrCo12B6,False
54192,ZrGa,False
54193,B2Se,False
54195,NdScS3,False
54197,Ba2YCo3O8,False
54201,BaCdCl,False
54204,BaCdCl,False
54205,ZrI,False
54206,BaPdCl,False
54209,BaMgP,False
54210,LiNiAsO4,False
54212,BaTlO2,False
54213,Nb3VSe6,False
54214,BaZrSe,False
54216,LaZr,False
54217,BaZrSe,False
54218,MgZr,False
54219,SrBeBi,False
54220,La5Sn3,False
54221,HoMoO4F,False
54222,ZrMn,False
54223,SrBeBr2,False
54224,ZrMo,False
54226,ErAl3B4O12,False
54227,NaZr,False
54228,TbMoO4F,False
54229,AgSbF2,False
54230,NdZr,False
54232,ZrNi,False
54233,AgSbF,False
54235,K4CaW3O12,False
54236,ZrOs,False
54238,CoC2O6,False
54239,ZrPa,False
54241,ZrPb,False
54242,MgTiSi2O6,False
54243,ZrPd,False
54246,PrZr,False
54247,Sm3TaO7,False
54248,BiO,False
54249,PuZr,False
54250,Mn3O5F,False
54251,BiO2,False
54253,Nb3NiS6,False
54256,ZrRu,False
54257,GeBr,False
54258,ZrSc,False
54259,Li2CoO3,False
54260,GeBr3,False
54261,LuWO4,False
54264,MnHBr,False
54265,ZrSn,False
54266,CrO3,False
54267,Li3Mn2CoO6,False
54268,TbZr,False
54269,VBrO2,False
54270,VBr2O,False
54271,Li3CrClO4,False
54272,ZrTe,False
54274,Li5MnCo2O8,False
54275,CdC2N,False
54276,ZrTl,False
54277,Li3MnCoO5,False
54278,CdCO,False
54280,LiFeSiO4,False
54283,AcSn7,False
54284,CaBr,False
54285,ZrW,False
54286,Sn7B,False
54287,Ca2Br,False
54288,Li5Mn2CoO8,False
54289,ZrXe,False
54290,ArSn7,False
54291,Ca2Br,False
54292,YbZr,False
54293,Sn7As,False
54294,Ca2Br,False
54295,Li7Co5O12,False
54296,CaBr2,False
54297,HeSn7,False
54298,U3Be,False
54300,BeSn7,False
54301,CaTaO,False
54302,U3Bi,False
54303,Sn7C,False
54304,Li4MnCo2O7,False
54306,CeU3,False
54307,CaSn7,False
54309,DyU3,False
54310,CdSn7,False
54311,NaAgO,False
54312,CeSn7,False
54313,ErU3,False
54315,Li4MnCo2O7,False
54316,CoSn7,False
54318,LiGaCl,True
54319,CrSn7,False
54320,HfU3,False
54321,LiGaCl,False
54322,CuSn7,False
54323,HoU3,False
54324,DySn7,False
54325,RbMoCl,False
54326,Li4MnCo2O7,False
54327,ErSn7,False
54328,RbMoCl,False
54331,WCl2O,False
54332,U3Ir,False
54335,WClO,False
54336,LuU3,False
54337,GaSn7,False
54338,YClO,False
54339,Sn7Pt,False
54341,YClO,False
54342,RbSn7,False
54343,YClO,False
54344,Li7Mn2Co3O12,False
54345,U3Nb,False
54346,HoSn7,False
54347,U3O,False
54349,Sn7I,False
54350,CaAlAs,False
54353,Li7Mn2Co3O12,False
54354,Sn7Ir,False
54355,U3Sb,False
54357,Sn7Kr,False
54358,ScU3,False
54359,CaAl2As2,False
54360,Li7Mn2Co3O12,False
54361,LaSn7,False
54362,CaAl2As2,False
54363,U3Si,False
54364,LiSn7,False
54365,NaAlAs,False
54366,LuSn7,False
54367,SmU3,False
54368,NaAlAs,False
54369,MgSn7,False
54370,U3Ta,False
54371,TlCuF4,True
54372,Sn7Rh,False
54374,TbU3,False
54378,U3Tc,False
54379,Sn7N,False
54381,NaSn7,False
54382,ThU3,False
54383,PHF,False
54384,NbSn7,False
54385,U3Ti,False
54387,PHF2,False
54389,TmU3,False
54394,Sn7Os,False
54395,U3W,False
54397,Li3Cr5O8,False
54398,Sn7P,False
54399,YU3,False
54400,HPbF,False
54401,PaSn7,False
54404,RuO2F,False
54405,AcP3,False
54406,Li2FeB2O6,False
54407,Sn7Pd,False
54409,SOF,False
54410,PmSn7,False
54411,AlP3,False
54412,Sn7Ru,False
54413,SOF2,False
54414,AsP3,False
54415,La3AlO6,False
54416,Sn7S,False
54418,BP3,False
54420,Sn7Sb,False
54421,BiP3,False
54423,YSeF,False
54424,Cu3SnP4O16,False
54425,P3Br,False
54426,Sn7Se,False
54428,P3C,False
54429,SiSn7,False
54430,SrO2,False
54431,SrSnF,False
54432,CaP3,False
54433,SmSn7,False
54434,SrSnF,False
54435,CoP3,False
54436,SrSn7,False
54440,TbSn7,False
54441,TcSn7,False
54442,ErP3,False
54443,P3F,False
54444,Sn7Te,False
54445,HeP3,False
54447,GaPS4,False
54449,HfP3,False
54450,TlSn7,False
54451,GaPS4,False
54453,HoP3,False
54454,GaPS,False
54455,LaP3,False
54456,USn7,False
54457,CeZn3,False
54458,VSn7,False
54460,GeO2,False
54463,Sm2Mn2Fe15,False
54464,YbSn7,False
54465,P3N,False
54466,PH3,False
54467,ZrSn7,False
54468,NdP3,False
54469,NbAs5,False
54470,SmVO3,False
54471,P3H,False
54473,As5Pt,False
54474,P3O,False
54476,AlGa3,False
54477,PmP3,False
54478,BeGa3,False
54479,P3Pt,False
54480,DyGa3,False
54481,Tb2Ge5Rh3,False
54485,P3Rh,False
54486,Bi2O3,False
54488,P3Ru,False
54489,HoGa3,False
54490,P3S,False
54491,InHO2,False
54492,KGa3,False
54493,SbP3,False
54494,NbGa3,False
54495,H2C,False
54497,Ga3S,False
54498,Ho2SnAu2,False
54501,SiP3,False
54502,Ga3Rh,False
54503,TbGa3,False
54504,SmP3,False
54505,H2C,False
54506,VGa3,False
54509,NpPd3,False
54511,AcSm3,False
54512,H2C,False
54515,ArSm3,False
54516,ScB2Os,False
54518,Sm3Au,False
54520,Tm2Se3,False
54521,Sm3B,False
54523,BaSm3,False
54525,AlSe2,False
54527,ArSe2,False
54529,LiH2N,False
54530,AuSe2,False
54531,Sm3Br,False
54532,H2C,False
54533,BaSe2,False
54534,CeSm3,False
54535,BeSe2,False
54538,PrSm3,False
54539,Se2Br,False
54540,HC,False
54541,Sm3Dy,False
54542,Na2In2GeS6,False
54543,CSe2,False
54544,Sm3Er,False
54545,CaSe2,False
54549,Sm3H,False
54552,HeSm3,False
54553,Se2Cl,False
54554,Sm3Hg,False
54555,CoSe2,False
54556,HC,False
54557,Sm3Ho,False
54558,CrSe2,False
54560,Sm3I,False
54561,CuSe2,False
54565,NdHO,False
54566,LaSm3,False
54570,NbHO,False
54572,Sm3Mg,False
54573,Dy8Ga3Co,False
54575,HSe2,False
54577,HgBr3,True
54578,HeSe2,False
54579,Sm3N,False
54580,HfSe2,False
54581,NaSm3,False
54582,NaNb6O16,False
54585,NdSm3,False
54586,HoSe2,False
54587,Te2H2O3F4,False
54588,NeSm3,False
54589,IF2,False
54591,Ca2Mg,False
